title,resource_category,description,catalog_title,govt_type,ministry_department,state_department,published_date,changed,created,sector,sector_resource,field_resource_type,datafile,datafile_url,file_format,file_size,frequency,granularity,field_from_api,is_api_available,is_visualized,api_request_count,field_high_value_dataset,field_show_export,cdos_state_ministry,is_rated,external_api_reference,note,node_alias,ogdp_download_count,ogdp_view_count,domain
Variety-wise Daily Market Prices Data of Commodity,Dataset,"The data refers to prices of variety wise agricultural commodities. It has the wholesale maximum price, minimum price and modal price on daily basis. This dataset is generated through the AGMARKNET Portal (http://agmarknet.gov.in), which disseminates daily market information of various commodities.",Current daily price of various commodities from various markets (Mandi),Central,Ministry of Agriculture and Farmers Welfare;Department of Agriculture and Farmers Welfare;Directorate of Marketing and Inspection (DMI),,02-06-2024,27-06-2025,21-05-2024,Agriculture;Agricultural Marketing,,5,,https://api.data.gov.in/resource/35985678-0d79-46b4-9ed6-6f13308a1d24?api-key=579b464db66ec23bdd000001cdc3b564546246a772a26393094f5645&offset=0&limit=all&format=csv,text/csv,1464,Daily,Daily,1,1,,,1,TRUE,Directorate of Marketing and Inspection (DMI),1,6622308,,/resource/variety-wise-daily-market-prices-data-commodity,394032,167942,data.gov.in
Kisan Call Centre (KCC) - Transcripts of farmers queries & answers,Dataset,"This dataset comprises transcripts of farmers' queries and Kisan Call Centre (KCC) agent responses collected across India. It documents daily helpline interactions aimed at resolving agricultural queries and improving public service delivery. Each record typically includes call date and time, caller location (where available), issue category, farmer question, and the corresponding agent response. The data supports farmer outreach, service quality monitoring, and policy analysis by the Ministry of Agriculture and Farmers Welfare. Updated daily, it covers ongoing interactions and evolving information needs of farmers.",District wise and month wise queries of farmers in Kisan Call Centre (KCC) ,Central,Ministry of Agriculture and Farmers Welfare;Department of Agriculture and Farmers Welfare,,12-07-2024,27-06-2025,12-07-2024,Agriculture,,5,,https://api.data.gov.in/resource/cef25fe2-9231-4128-8aec-2c948fedd43f?api-key=579b464db66ec23bdd000001cdc3b564546246a772a26393094f5645&offset=0&limit=all&format=csv,text/json,,Daily,Daily,1,1,,,1,TRUE,Department of Agriculture and Farmers Welfare,1,6622307,,/resource/kisan-call-centre-kcc-transcripts-farmers-queries-answers,219561,241962,data.gov.in
All India Pincode Directory till last month,Dataset,"All India Pincode Directory through Webservice which contains all the pincode list across India with relevant information like Circle Name, Region Name, Division Name, Office Name, Pincode, Office Type, Delivery, District, State Name. Postal Index Number (PIN or PIN Code) is a 6 digit code of Post Office numbering used by India Post. The PIN was introduced on August 15, 1972. There are 9 PIN regions in the country. The first 8 are geographical regions and the digit 9 is reserved for the Army Postal Service. The first digit indicates one of the regions. The first 2 digits together indicate the sub region or one of the postal circles. The first 3 digits together indicate a sorting or revenue district. The last 3 digits refer to the delivery Post Office.",All India Pincode Directory (Through WebService),Central,Ministry of Communications;Department of Posts,,04-12-2020,27-06-2025,04-12-2020,Information and Communications;Post,Post,4,https://data.gov.in/files/ogdpv2dms/s3fs-public/dataurl03122020/pincode.csv,https://api.data.gov.in/resource/5c2f62fe-5afa-4119-a499-fec9d604d5bd?api-key=579b464db66ec23bdd000001cdc3b564546246a772a26393094f5645&offset=0&limit=all&format=csv,text/csv,23760720,Monthly,Monthly,1,1,0,9,0,TRUE,Department of Posts,1,6818292,Data will be updated on monthly basis.,/resource/all-india-pincode-directory-till-last-month,105072,177619,data.gov.in
Registrars of Companies (RoC)-wise Company Master Data,Dataset,"This dataset provides monthly RoC-wise master data for registered companies across India, compiled from the Registrar of Companies records maintained by the Ministry of Corporate Affairs (MCA). It aggregates company-level records by RoC jurisdiction, published as a CSV for regulatory, compliance, and analytics use. Typical fields include company name, Corporate Identity Number (CIN), company status, incorporation date, RoC jurisdiction, and registered address, enabling investigators and policymakers to monitor corporate activity, performance, and market dynamics. The data reflects official MCA records and is updated monthly, supporting both state-wise and RoC-wise comparisons and dashboards.",Company Master Data,Central,Ministry of Corporate Affairs,,24-04-2024,27-06-2025,15-09-2015,Commerce;Companies,Commerce;Companies,5,https://data.gov.in/files/ogdpv2dms/s3fs-public/dataurl15092015/company_master_data_upto_Mar_2015_Goa.csv,https://data.gov.in/sites/default/files/dataurl15092015/company_master_data_upto_Mar_2015_Goa.csv,text/csv,996505,Monthly,Monthly,1,1,1,,1,TRUE,Ministry of Corporate Affairs,1,603037492,Figures Authorized Capital and Paid up Capital are in INR; NA: Not Available The data upto 3rd November 2023.,/resource/registrars-companies-roc-wise-company-master-data,39682,9035,data.gov.in
Current Daily Price of Various Commodities from Various Markets (Mandi),Dataset,"This dataset records daily wholesale price observations for a range of agricultural commodities across Indian APMC mandis (Agricultural Produce Market Committees). It includes price data reported by markets, with date and price unit, and may provide maximum, minimum, or modal values where reported. The data is collected from central government marketing networks and is updated daily to support price discovery, market monitoring, and policy analysis. It supports district- or state-level analyses where available and can be used to track price trends, inflation, and regional market performance across time.",Current daily price of various commodities from various markets (Mandi),Central,Ministry of Agriculture and Farmers Welfare;Department of Agriculture and Farmers Welfare;Directorate of Marketing and Inspection (DMI),,23-05-2013,27-06-2025,23-05-2013,Agriculture;Agricultural Marketing,Agriculture;Agricultural Marketing,4,https://data.gov.in/files/ogdpv2dms/s3fs-public/Date-Wise-Prices-all-Commodity.xml,https://api.data.gov.in/resource/9ef84268-d588-465a-a308-a864a43d0070?api-key=579b464db66ec23bdd000001cdc3b564546246a772a26393094f5645&offset=0&limit=all&format=csv,text/csv,112,Daily,Daily,,1,1,2,1,TRUE,Directorate of Marketing and Inspection (DMI),1,3670701,,/resource/current-daily-price-various-commodities-various-markets-mandi,37549,59612,data.gov.in
List of MSME Registered Units under UDYAM,Dataset,"This dataset provides a daily-updated list of Micro, Small and Medium Enterprises (MSME) registered under Udyam Registration across India. It enumerates unit-level attributes such as the Udyam registration number, enterprise name, state and district, industry sector, MSME category, and current registration status. The data supports policy analysis, supplier verification, and market research by offering a centralized view of registered units and their geographic distribution. Updates are sourced from the Udyam Registration portal maintained by the Ministry of Micro, Small and Medium Enterprises (MoMSME) and reflect new registrations and status changes. The feed is available in CSV format with district- and state-level granularity to enable integration with analytics workflows.", UDYAM Registration (MSME Registration),Central,"Ministry of Micro, Small and Medium Enterprises",,29-05-2024,27-06-2025,22-05-2024,Industries;Medium;Micro;Small Scale,,5,https://data.gov.in/files/ogdpv2dms/s3fs-public/udyamsampledata.csv,https://api.data.gov.in/resource/8b68ae56-84cf-4728-a0a6-1be11028dea7?api-key=579b464db66ec23bdd000001cdc3b564546246a772a26393094f5645&offset=0&limit=all&format=csv,text/csv,3681,Daily,Daily,1,1,,,1,TRUE,"Ministry of Micro, Small and Medium Enterprises",1,6878785,,/resource/list-msme-registered-units-under-udyam,22700,12701,data.gov.in
Health indicator-wise monthly datasets at sub district level from HMIS,Dataset,"This dataset provides monthly health indicator values at the sub-district level across India, derived from the Health Management Information System (HMIS). It includes indicator-wise measures reported by health facilities and aggregated to sub-districts, with the reporting month and units. The data supports planning, monitoring, and evaluation of public health programs by the Ministry of Health and Family Welfare (MoHFW) and state health departments. Updated monthly, it captures ongoing HMIS reporting cycles and enables trend analysis, district and sub-district comparisons, and targeted resource allocation. The structure typically includes administrative identifiers (state, district, sub-district), month, indicator name, value, unit, and data origin.",Health indicator-wise monthly datasets at sub district level from HMIS ,Central,Ministry of Health and Family Welfare;Department of Health and Family Welfare,,18-03-2020,12-02-2025,11-03-2020,Health and Family welfare;Family Welfare;Health,Health and Family welfare;Family Welfare;Health;Health and Family welfare;Family Welfare;Health;Health and Family welfare;Family Welfare;Health;Health and Family welfare;Family Welfare;Health;Health and Family welfare;Family Welfare;Health;Health and Family welfare;Family Welfare;Health;Health and Family welfare;Family Welfare;Health;Health and Family welfare;Family Welfare;Health;Health and Family welfare;Family Welfare;Health;Health and Family welfare;Family Welfare;Health;Health and Family welfare;Family Welfare;Health;Health and Family welfare;Family Welfare;Health;Health and Family welfare;Family Welfare;Health;Health and Family welfare;Family Welfare;Health;Health and Family welfare;Family Welfare;Health;Health and Family welfare;Family Welfare;Health;Health and Family welfare;Family Welfare;Health;Health and Family welfare;Family Welfare;Health;Health and Family welfare;Family Welfare;Health;Health and Family welfare;Family Welfare;Health;Health and Family welfare;Family Welfare;Health;Health and Family welfare;Family Welfare;Health;Health and Family welfare;Family Welfare;Health;Health and Family welfare;Family Welfare;Health;Health and Family welfare;Family Welfare;Health;Health and Family welfare;Family Welfare;Health;Health and Family welfare;Family Welfare;Health;Health and Family welfare;Family Welfare;Health;Health and Family welfare;Family Welfare;Health;Health and Family welfare;Family Welfare;Health;Health and Family welfare;Family Welfare;Health,5,https://data.gov.in/files/ogdpv2dms/s3fs-public/dataurl11032020/HMIS-Assam-Cachar-Apr-2019-20.csv,https://api.data.gov.in/resource/0c2d45a3-d0b5-4053-bf9a-e00395319472?api-key=579b464db66ec23bdd000001cdc3b564546246a772a26393094f5645&offset=0&limit=all&format=csv,text/csv,422373,Monthly,Monthly,1,1,0,,0,TRUE,Department of Health and Family Welfare,1,6737060,NA: Not Available/Not Applicable; The data is as reported by health facilities of respective States/UTs of India.,/resource/health-indicator-wise-monthly-datasets-sub-district-level-hmis,22486,52094,data.gov.in
Real time Air Quality Index from various locations,Dataset,"This dataset provides hourly real-time Air Quality Index (AQI) readings from multiple monitoring locations across India. It captures AQI values and available pollutant indicators such as PM2.5, PM10, NO2, SO2, O3, and CO, enabling assessment of current air quality and exposure risk. Measurements are collected from a national network of central and state monitoring stations and published for public access through the data portal. The data supports public health advisories, environmental research, and policy analysis, with geographic coverage at the location level (city or station) and temporal resolution of hourly updates. Records typically include timestamp, location, AQI category, dominant pollutant, and, where available, coordinates. The update cadence is hourly, aligning with near real-time monitoring.",Real time Air Quality Index,Central,"Ministry of Environment, Forest and Climate Change;Central Pollution Control Board",,04-08-2016,27-06-2025,25-07-2016,Environment and Forest;Industrial Air Pollution;Residential Air Pollution;Vehicular Air Pollution,Environment and Forest;Industrial Air Pollution;Residential Air Pollution;Vehicular Air Pollution,4,https://data.gov.in/files/ogdpv2dms/s3fs-public/datafile/data_aqi_cpcb.xml,https://api.data.gov.in/resource/3b01bcb8-0b14-4abf-b6f2-c1bfd384ba69?api-key=579b464db66ec23bdd000001cdc3b564546246a772a26393094f5645&offset=0&limit=all,text/csv,17084,Hourly,Hourly,1,1,1,12,1,TRUE,Central Pollution Control Board,1,3630781,The real-time data as collected from the field instruments is displayed live without human intervention from CPCB. It is likely that the live data may display some errors or abnormal values. Any abnormal value may be due to any episode or instrumental error at any particular time.,/resource/real-time-air-quality-index-various-locations,22293,102119,data.gov.in
Wholesale Price Index (Base Year 2011-12) till last month,Dataset,"This dataset provides the monthly Wholesale Price Index (WPI) with base year 2011-12 for India. It includes index values for major commodity groups and selected items, reflecting price movements at the national level. Published by the Office of the Economic Adviser under the Ministry of Commerce and Industry, the data support inflation monitoring, economic research, and policy analysis. The series are updated monthly and enable trend analysis, cross-period comparisons, and assessment of price dynamics relative to the 2011-12 base. Data are presented as time-series indices suitable for visualization and aggregated analyses.",Wholesale Price Index,Central,Ministry of Commerce and Industry;Department for Promotion of industry and Internal Trade;Office of the Economic Adviser,,24-08-2017,27-06-2025,18-08-2017,Economy;Prices;Finance;Economy,Economy;Prices;Finance;Economy,4,https://data.gov.in/files/ogd20/ogdpv2dms/s3fs-public/dataurl30082017/wpi_monthly_data.csv,https://api.data.gov.in/resource/239ac3d0-f08d-40d0-b03c-9b7a426a62d5?api-key=579b464db66ec23bdd000001cdc3b564546246a772a26393094f5645&offset=0&limit=all&format=csv,text/csv,555273,Monthly,Monthly,1,1,1,12,0,TRUE,Office of the Economic Adviser,1,3630501,Data for last two months are provisional; NA: Not Applicable/Available,/resource/wholesale-price-index-base-year-2011-12-till-last-month,8915,5321,data.gov.in
Daily data of reservoir level of Central Water Commission (CWC),Dataset,"This dataset presents daily reservoir water level readings reported by the Central Water Commission (CWC) for reservoirs across India. It supports hydrological monitoring, water resources planning, flood forecasting, and dam safety management by providing time-stamped measurements and reservoir identifiers. The data is published on a monthly update cycle and may include additional metrics such as storage volume or stage height where available. The structure typically comprises reservoir name or code, location (state/district), observation date, and the observed water level. Source is the CWC reservoir data system; provenance follows established data collection procedures with routine quality checks. Geographic scope is national (India), with potential granularity at reservoir or dam level and temporal coverage spanning multiple years as recorded by CWC.",Reservoir,Central,"Department of Water Resources, River Development & Ganga Rejuvenation;Ministry of Jal Shakti;National Water Informatics Centre",,24-08-2022,15-06-2025,17-05-2022,Water Resources,,5,https://data.gov.in/files/ogdpv2dms/s3fs-public/reservoir-cwc-jan22_1.csv,https://api.data.gov.in/resource/1fc2148c-fc41-46f5-a364-bdc03f77053f?api-key=579b464db66ec23bdd000001cdc3b564546246a772a26393094f5645&offset=0&limit=all&format=csv,text/csv,756303,Monthly,Monthly,1,1,,,1,TRUE,National Water Informatics Centre,0,7210814,,/resource/daily-data-reservoir-level-central-water-commission-cwc,8311,3393,data.gov.in
"All India and State/UT-wise Factsheets of National Family Health Survey (NFHS) - 5, 2019-2021",Dataset,"This dataset provides India-level and state/Union Territory factsheets from the National Family Health Survey-5 (NFHS-5) conducted during 2019–2021. It summarizes core health, demographic, and population indicators for India and its states/UTs, enabling comparative analysis, monitoring, and policy planning. Each factsheet includes indicator estimates, coverage notes, and methodological context, with irregular updates reflecting NFHS data releases. The data supports policymakers, researchers, and program managers in tracking maternal and child health, family planning, nutrition, and related outcomes; content is organized by geography (India, states/UTs) and the 2019–2021 period.",National Family Health Survey (NFHS) - 5,Central,Ministry of Health and Family Welfare;Department of Health and Family Welfare;International Institute for Population Sciences (IIPS),,15-02-2022,02-06-2025,12-02-2022,Health and Family welfare;Family Welfare,Health and Family welfare;Health and Family welfare;Health and Family welfare;Health and Family welfare;Health and Family welfare;Health and Family welfare,1,https://data.gov.in/files/ogdpv2dms/s3fs-public/datafile/NFHS_5_Factsheets_Data.xls,,application/vnd.ms-excel,179712,Others,Others,0,0,0,35,0,TRUE,International Institute for Population Sciences (IIPS),1,," For all indicators except infant and child mortality rates, figures in ( ) are based on 25-49 unweighted cases and  * denotes percentage not shown based on fewer than 25 unweighted cases. 
For infant and child mortality indicators, figures in ( ) are based on 250-499 unweighted person years of exposure to the risk of death and * denotes figures not given based on fewer than 250 unweighted person years of exposure to the risk of death.

For more details please, visit  to URL http://rchiips.org/nfhs/NFHS-5_FCTS/COMPENDIUM/NFHS-5%20State%20Factsheet%20Compendium_Phase-I.pdf  and http://rchiips.org/nfhs/NFHS-5_FCTS/Final%20Compendium%20of%20fact%20sheets_India%20and%2014%20States_UTs%20(Phase-II).pdf",/resource/all-india-and-stateut-wise-factsheets-national-family-health-survey-nfhs-5-2019-2021,7634,2881,data.gov.in
FDI Equity Inflows from the year 2000 till last quarter,Dataset,"This dataset presents quarterly figures for Foreign Direct Investment (FDI) equity inflows into India, covering the period from 2000 through the most recent quarter. It provides aggregated inflow values suitable for trend analysis, economic forecasting, and policy review. The data supports monitoring of capital participation, investor sentiment, and evolving sectoral dynamics over time, with updates on a quarterly cadence. The structure typically includes a temporal dimension (quarter and year) and the corresponding inflow amounts, with potential breakdowns where available. The series aligns with central government statistics on FDI and informs stakeholders about India's investment climate.",Foreign Direct Investment (FDI) Equity Inflows,Central,Ministry of Commerce and Industry;Department for Promotion of industry and Internal Trade,,14-06-2017,18-06-2025,14-06-2017,Commerce,Commerce,4,https://data.gov.in/files/ogdpv2dms/s3fs-public/dataurl13062017/dipp.csv,http://data.gov.in/sites/default/files/dataurl13062017/dipp.csv,text/csv,5498,Quarterly,Quarterly,,1,1,,0,TRUE,Department for Promotion of industry and Internal Trade,1,3630701,"Data are being updated quarterly basic, it contains data till last quarter of the current year.",/resource/fdi-equity-inflows-year-2000-till-last-quarter,5633,2827,data.gov.in
"India Districts Factsheets of National Family Health Survey (NFHS) - 5, 2019-2021 (Provisional)",Dataset,"District-level summaries from the National Family Health Survey-5 (NFHS-5) for all districts of India covering the 2019–2021 survey cycle. The dataset presents key health indicators across districts and states, including fertility, maternal and child health, nutrition, immunization, and basic health service coverage. It is intended for health planning, program monitoring, and policy analysis at sub-national levels, with district-wise data and associated weights and methodological notes as defined by NFHS-5. The data is published by the Ministry of Health and Family Welfare in collaboration with IIPS and ICF and is updated irregularly as new NFHS rounds are released. Spatial scope: India; temporal scope: 2019–2021; granularity: district-level.",National Family Health Survey-5 (NFHS-5) - India Districts Factsheet Data,Central,Ministry of Health and Family Welfare;Department of Health and Family Welfare;International Institute for Population Sciences (IIPS),,04-03-2022,03-06-2025,02-03-2022,All;Health and Family welfare,All;Family Welfare,1,https://data.gov.in/files/ogdpv2dms/s3fs-public/datafile/NFHS_5_India_Districts_Factsheet_Data.xls,,application/vnd.ms-excel,757248,Others,Others,0,1,0,25,0,TRUE,International Institute for Population Sciences (IIPS),0,,"Figures in ( ) are based on 25-49 unweighted cases and * denotes percentage not shown based on fewer than 25 unweighted cases. For more details please, visit to URL 
http://rchiips.org/nfhs/districtfactsheet_NFHS-5.shtml",/resource/india-districts-factsheets-national-family-health-survey-nfhs-5-2019-2021,5529,5054,data.gov.in
Month-wise All India Crowdsourced Mobile Data Speed Measurement,Dataset,"This dataset contains monthly measurements of mobile data speeds collected from crowdsourced participants across India. Speeds are reported by users via a measurement app or testing workflow and are aggregated to provide a national picture of mobile connectivity. The data captures temporal trends and geographic coverage at available levels (national, state or district where reported) and is updated on a monthly cadence. It reflects network conditions, technology (2G/3G/4G/5G) and operator context as provided by participants, enabling analysis of performance, digital inclusion, and policy impact. Data fields, collection methodology, and quality controls are described in the source documentation; the dataset is suitable for researchers, policymakers, and practitioners monitoring telecommunications infrastructure and consumer experiences.",MySpeed (Crowdsourced Mobile Data Speeds),Central,Ministry of Communications;Department of Telecommunications (DOT);Telecom Regulatory Authority of India (TRAI),,23-04-2018,25-01-2025,20-04-2018,Information and Communications;Telecom,Information and Communications;Telecom;Information and Communications;Telecom;Information and Communications;Telecom;Information and Communications;Telecom;Information and Communications;Telecom;Information and Communications;Telecom;Information and Communications;Telecom;Information and Communications;Telecom,5,https://data.gov.in/files/ogdpv2dms/s3fs-public/dataurl23042018/march18_myspeed.csv,https://api.data.gov.in/resource/ade6e644-91b8-4d27-97ba-e8c42c48f278?api-key=579b464db66ec23bdd000001cdc3b564546246a772a26393094f5645&offset=0&limit=all&format=csv,text/csv,7345405,Monthly,Monthly,0,1,1,1,1,TRUE,Telecom Regulatory Authority of India (TRAI),1,6622353,"if You are not able to find speeds mentioned for a TSP/ State, this is due to insufficient samples in your selection ""na"" = ""not available"" owing to device unable to capture signal level LSA : Licensed_Service_Area, Signal_Strength : signal strength refers to the Transmitter power output as received by a reference antenna, TEST_TYPE : Upload /Download represent whether speed is for Download test or Upload Test, Technology : Network generation technology of wireless technology, TSP: Telecom Service Provider which provide service to users in a specific LSA
",/resource/month-wise-all-india-crowdsourced-mobile-data-speed-measurement,4911,7000,data.gov.in
Sub Divisional Monthly Rainfall from 1901 to 2017,Dataset,"This dataset contains monthly rainfall totals at the sub-divisional level across India for the period 1901–2017. It consolidates measurements from state meteorological departments and national weather stations to produce standardized monthly rainfall totals (millimeters) for each sub-division, with state and district identifiers where available. The data enables historical climate trend analysis, rainfall variability assessment, and water-resource planning from district to national scales. Updated annually as new records are reconciled in the central repository, this series supports hydrological research, agricultural planning, and policy development related to drought risk and climate resilience.",Rainfall in India,Central,"Ministry of Earth Sciences;India Meteorological Department (IMD);India Meteorological Department (IMD), Pune",,18-12-2018,12-12-2021,04-12-2018,Science and Technology;Atmospheric Science;Earth Sciences,Earth Sciences;Earth Sciences,1,https://data.gov.in/files/ogdpv2dms/s3fs-public/datafile/Sub_Division_IMD_2017.csv,,text/csv,445369,Annual,Annual,0,1,1,1,0,TRUE,"India Meteorological Department (IMD), Pune",1,,"All values are in MMS; NA: Not Available.
",/resource/sub-divisional-monthly-rainfall-1901-2017,4900,13151,data.gov.in
Voice Call Quality Customer Experience till last month,Dataset,"This dataset provides monthly observations of voice call quality and customer experience across India at a national scope. It aggregates performance indicators and user feedback related to telecom services, with updates published on a monthly cycle. The data support monitoring of service reliability, user satisfaction, and policy impact, and are typically organized as a time-series by month, with clarity on the period ending in the most recently completed month. The temporal scope is centered on the latest complete month, enabling trend analysis for regulators, operators, and policymakers.",Voice Call Quality Customer Experience ,Central,Ministry of Communications;Department of Telecommunications (DOT);Telecom Regulatory Authority of India (TRAI),,01-12-2017,25-03-2025,30-11-2017,Information and Communications;Telecom,Information and Communications;Telecom;Information and Communications;Telecom;Information and Communications;Telecom;Information and Communications;Telecom;Information and Communications;Telecom;Information and Communications;Telecom;Information and Communications;Telecom;Information and Communications;Telecom,5,https://data.gov.in/files/ogdpv2dms/s3fs-public/datafile/my_calls_1.csv,https://api.data.gov.in/resource/98e76922-ab13-474e-9bce-78942583cd0e?api-key=579b464db66ec23bdd000001cdc3b564546246a772a26393094f5645&offset=0&limit=all&format=csv,text/csv,1233,Monthly,Others,0,1,0,3,1,TRUE,Telecom Regulatory Authority of India (TRAI),1,4206541,,/resource/voice-call-quality-customer-experience-till-last-month,4422,4835,data.gov.in
Wholesale Price Index (Base Year 2011-12) till last financial year,,"This dataset presents annual Wholesale Price Index values with the base year 2011-12, covering the all-India WPI series up to the most recent financial year. It provides the primary inflation indicator used for policy decisions, price monitoring, and economic analysis. The data includes annual index values and, where applicable, subgroup indices reflecting price movements across commodity groups as published by the National Statistical Office under the Ministry of Statistics and Programme Implementation (MoSPI). The series is updated annually and aligns with the official WPI release cadence. Data users can perform trend analyses, cross-year comparisons, and inflation benchmarking for policy research and planning.",Wholesale Price Index,Central,Ministry of Commerce and Industry;Department for Promotion of industry and Internal Trade;Office of the Economic Adviser,,20-11-2017,27-06-2025,14-09-2017,Economy;Prices;Finance;Economy,,1,,http://data.gov.in/sites/default/files/dataurl30082017/wpi_yearly_data.csv,text/csv,120266,Annual,Annual,1,0,0,14,0,TRUE,Office of the Economic Adviser,1,,NA: Not Applicable/Available,/resource/wholesale-price-index-base-year-2011-12-till-last-financial-year,4247,2266,data.gov.in
Indian Railways Time Table for trains available for reservation as on 01.11.2017,Dataset,"This dataset provides a historical snapshot of trains open for reservation across the Indian Railways network as of 1 November 2017. It lists trains with timetable details, including routes, source and destination stations, and scheduled departure and arrival times, along with reservation status. Published by the Ministry of Railways (Indian Railways), the data supports travel planning, timetable analysis, and policy research. The information is national in scope, updated irregularly, and reflects the timetable publication practices in place at the time of capture. Fields typically include train numbers, names, service days, and basic availability information as published in official timetable sources.",Indian Railways Train Time Table,Central,Ministry of Railways,,24-01-2018,02-06-2025,24-04-2018,Transport;Railways,Transport;Railways,1,https://data.gov.in/files/ogdpv2dms/s3fs-public/dataurl10012018/Train_details_22122017.csv,https://data.gov.in/sites/default/files/dataurl10012018/Train_details_22122017.csv,text/csv,16704995,Others,Others,0,1,1,,0,TRUE,Ministry of Railways,1,,,/resource/indian-railways-time-table-trains-available-reservation-01112017,4131,5092,data.gov.in
Daily data of Soil Moisture,Dataset,"This dataset provides daily observations of soil moisture across India and is published on a monthly update cycle. It records moisture levels at available locations with associated dates and geographic identifiers, enabling trend analysis, irrigation planning, and drought monitoring. The exact schema may vary by release, but typical fields include date, location (state or district where reported), and the soil moisture measurement. The data are intended for researchers, policymakers, and practitioners needing country-wide soil moisture insights and support agricultural decision-making within central government data programs.",Soil Moisture,Central,"Department of Water Resources, River Development & Ganga Rejuvenation;Ministry of Jal Shakti;National Water Informatics Centre",,24-08-2022,15-06-2025,17-05-2022,Water Resources,,5,https://data.gov.in/files/ogdpv2dms/s3fs-public/soil_moisture-jan22_0.csv,https://api.data.gov.in/resource/4554a3c8-74e3-4f93-8727-8fd92161e345?api-key=579b464db66ec23bdd000001cdc3b564546246a772a26393094f5645&offset=0&limit=all&format=csv,text/csv,1431363,Monthly,Monthly,1,1,,1,1,TRUE,National Water Informatics Centre,1,7210812,,/resource/daily-data-soil-moisture,3903,4865,data.gov.in
Seasonal and Annual Mean Temperature Series for the period 1901-2021,Dataset,"This dataset provides long-term mean temperature series for India, summarizing seasonal and annual averages from 1901 through 2021. It consists of year- and season-level mean temperature records intended for trend analysis and climate variability studies across the country. The data supports research, policymaking, and risk assessment related to temperature patterns, with annual update cadence. Temporal coverage spans 1901–2021 and spatial coverage is India. The data structure typically includes fields such as year, season, and mean temperature, derived from national meteorological observations and harmonized for consistency.",All India Seasonal and Annual Temperature Series,Central,"Ministry of Earth Sciences;India Meteorological Department (IMD);India Meteorological Department (IMD), Pune",,16-01-2023,02-06-2025,01-08-2022,Science and Technology;Earth Sciences,Earth Sciences,1,https://data.gov.in/files/ogdpv2dms/s3fs-public/TEMP_ANNUAL_SEASONAL_MEAN.csv,,text/csv,4359,Annual,Annual,0,0,,8,1,TRUE,"India Meteorological Department (IMD), Pune",0,,,/resource/seasonal-and-annual-mean-temperature-series-period-1901-2021,3667,1581,data.gov.in
"District-wise, season-wise crop production statistics from 1997",Dataset,"This dataset provides a district-wise and season-wise time series of crop production across India, starting from 1997 and updated annually. Compiled by the Directorate of Economics and Statistics (DES) for the Government of India, it covers major crops across states and union territories, with records typically including production quantities, area harvested, and yield indicators by district and season. The data support policy planning, agricultural development planning, and market analysis, enabling localized trend analysis and governance assessments. Temporal coverage begins in 1997 and continues through the most recent completed year, with annual updates published as CSV files for easy integration with statistical tools. Publisher: DES (Directorate of Economics and Statistics), MoA&FW.","District-wise, season-wise crop production statistics",Central,Ministry of Agriculture and Farmers Welfare;Department of Agriculture and Farmers Welfare;Directorate of Economics and Statistics (DES),,20-05-2013,16-10-2024,20-05-2013,Agriculture;Agricultural Produces,Agriculture;Agricultural Produces,2,,https://aps.dac.gov.in/APY/apy.csv,text/csv,15316741,Annual,Annual,,1,1,251,0,FALSE,Directorate of Economics and Statistics (DES),1,,,/resource/district-wise-season-wise-crop-production-statistics-1997,3667,33857,data.gov.in
"Global Youth Tobacco Survey (GYTS-4), India and States, 2019",Dataset,"This dataset contains the Global Youth Tobacco Survey (GYTS) data for India and its states collected in 2019. It provides state-wise indicators of youth tobacco use and related factors, enabling cross-state comparisons and monitoring of tobacco control progress. Generated under the standardized GYTS framework by IIPS, the Excel workbook supports public health planning, research, and policy evaluation. The data are released irregularly and cover the 2019 calendar year.",Global Youth Tobacco Survey (GYTS-4),Central,Ministry of Health and Family Welfare;Department of Health and Family Welfare;International Institute for Population Sciences (IIPS),,01-09-2022,01-09-2022,02-08-2022,Health;Health and Family welfare,Health and Family welfare;Family Welfare,1,https://data.gov.in/files/ogd20/ogdpv2dms/s3fs-public/GYTS4.xls,https://www.iipsindia.ac.in/sites/default/files/other_files/GYTS4_India_Fact_Sheet.pdf,application/vnd.ms-excel,93184,Others,Others,0,0,,10,1,TRUE,International Institute for Population Sciences (IIPS),0,,"Notes: 1. Use of any form of tobacco, i.e. smoking, smokeless, and any other form of tobacco products; 2. Ever tried or experimented any form of tobacco even once; 3. Use of any form of tobacco in past 30 days; 4. Includes other form of smoking products in addition to cigarette and bidi such as hookah, cigars, cheroots, cigarillos, water pipe, chillum, chutta, dhumti, 5. Use of paan masala together with tobacco was asked directly as one of the categories of smokeless tobacco; 6.  Susceptibility to future cigarette use includes those who answered Yes, or maybe to using tobacco products if one of their best friends offered it to them; 7. E-cigarette is part of Electronic Nicotine Delivery System (ENDS) and includes like devices and other emerging products; 8. Stopped using tobacco in past 12 months; 9. Refers to current tobacco users only;  10. Secondhand smoking or passive smoking refers to exposure to other peoples smoking in past 7 days; 11. Refers to schools, hostels, shops, restaurants, movie theatres, public conveyances, gyms, sports arenas, airports, auditorium, hospital building, railway waiting room, public toilets, public offices, educational institutions, libraries, etc.; 12. Refers to playgrounds, sidewalks, entrances to buildings, parks, beaches, bus stops, market places, etc.; #. the value 0.0 represent prevalence of less than 0.05. 13. Refers to source of obtaining tobacco products by current users at the time of  last use in past 30 days and the two major sources are given here, therefore, these two figures may not add upto 100% as there are other sources; 14. Includes any form of mass media, fairs, concerts, sporting, community events or social gatherings, tobacco products packages and taught in class; 15. Mass media includes television, radio, internet, billboards, posters, newspapers, magazines, movies, etc.; 16. Social events include sports events, fairs, concerts, community events, social gatherings etc.; 17. Includes any form of media or point of sale; 18. Point of Sale includes any stores, grocery shops, paan shops etc.; 19.Unit of analysis is the school (unweighted); 20. Cigarettes and Other Tobacco Products (Prohibition of Advertisement and Regulation of Trade and Commerce, Production, Supply and Distribution) Act, 2003.",/resource/global-youth-tobacco-survey-gyts-4-india-and-states-2019,3002,1162,data.gov.in
Local Government Directory (LGD) - Villages with PIN Codes,Dataset,"This dataset provides village-level mappings of India to their Local Government Directory (LGD) PIN codes, maintained by the Ministry of Panchayati Raj. It supports address verification, targeted service delivery, and planning for local governance schemes. Covering villages across all states and union territories, the data is updated monthly and includes village name, district, state, and associated PIN code, suitable for integration with GIS, mail routing, and beneficiary outreach. The LGD records are compiled from official postal mappings and government records, released to support open data and transparent governance.",Local Government Directory (LGD),Central,Ministry of Panchayati Raj,,22-09-2022,01-06-2025,22-09-2022,Panchayati Raj,,5,https://data.gov.in/files/ogd20/ogdpv2dms/s3fs-public/dataurl22092022/rural.csv,https://api.data.gov.in/resource/f17a1608-5f10-4610-bb50-a63c80d83974?api-key=579b464db66ec23bdd000001cdc3b564546246a772a26393094f5645&offset=0&limit=all&format=csv,text/csv,16537702,Monthly,Monthly,1,1,,7,1,TRUE,Ministry of Panchayati Raj,1,7246503,This Dataset contains LGD codes for Villages with PIN Codes. This dataset will be updated on 1st day of every month.,/resource/local-government-directory-lgd-villages-pin-codes,2870,3152,data.gov.in
Local Government Directory (LGD) - Local Bodies with PIN Codes,Dataset,"This dataset enumerates Indian local government bodies listed in the Local Government Directory (LGD) and associates each entity with its official PIN code. It covers municipalities, panchayats, and other local bodies across India, detailing identifiers, geographic placement (state and district), and administrative category. Maintained by the Ministry of Panchayati Raj (MoPR), the data is provided as a CSV and updated monthly to reflect PIN code assignments and jurisdictional changes. The catalog supports address verification, governance planning, service delivery, and policy analysis by enabling location-based queries at state, district, and local levels. Users can combine this with other LGD fields for granular locality mapping.",Local Government Directory (LGD),Central,Ministry of Panchayati Raj,,22-09-2022,01-06-2025,22-09-2022,Panchayati Raj,,4,https://data.gov.in/files/ogd20/ogdpv2dms/s3fs-public/urban_0.csv,https://api.data.gov.in/resource/71818d1a-c114-46cb-aa9b-56ed70d4bc4a?api-key=579b464db66ec23bdd000001cdc3b564546246a772a26393094f5645&offset=0&limit=all&format=csv,text/csv,137527,Monthly,Monthly,1,1,1,,1,TRUE,Ministry of Panchayati Raj,1,7246652,This Dataset contains LGD codes for Local Bodies with PIN Codes. This dataset will be updated on 1st day of every month. ,/resource/local-government-directory-lgd-local-bodies-pin-codes,2629,2184,data.gov.in
"Industry, State and Year wise Startups Recognized by DPIIT till last week",Dataset,"This dataset provides national counts of DPIIT-registered startups, broken down by industry sector, state, and year since 2016. It supports analysis of sectoral growth, geographic distribution, and regional entrepreneurship dynamics across India. Each record presents a numeric count for a sector–state–year combination, enabling trend analysis and policy evaluation under the Startup India program. The data is updated weekly and organized with annual temporal granularity, reflecting year-end counts and ongoing registrations. The CSV is published by the Department for Promotion of Industry and Internal Trade (DPIIT) and aligns with the official startup registry classifications. Geographic coverage is India with state-wise granularity; temporal coverage spans 2016 to present.",Startup Recognized by DPIIT ,Central,Ministry of Commerce and Industry;Department for Promotion of industry and Internal Trade,,01-09-2022,17-02-2025,30-08-2022,All,,2,,https://www.startupindia.gov.in/srf/data-gov-in/gov-data-final.csv,text/csv,,Weekly,Annual,1,0,,18,1,TRUE,Department for Promotion of industry and Internal Trade,0,7221413,DPIIT - Department for Promotion of Industry and Internal Trade.,/resource/industry-state-and-year-wise-startups-recognized-dpiit-till-last-week,2617,2083,data.gov.in
Crime Head-wise Police Disposal of IPC Crime Cases (Crime Head-wise) during 2019,Dataset,"This India-wide dataset provides the number of police disposals for Indian Penal Code (IPC) crime cases, broken down by crime head for the year 2019. The figures are compiled by the National Crime Records Bureau (NCRB) from police disposal records and published as part of the NCRB Crime Statistics. It enables trend analysis of disposal efficiency by crime category, supports policy assessment and resource planning, and can be used for state-level comparisons where available. Data are provided in CSV format with annual temporal coverage across India.",Crime in India - 2019,Central,Ministry of Home Affairs;Department of States;National Crime Records Bureau (NCRB),,09-03-2021,09-03-2021,05-03-2021,Home Affairs and Enforcement;Police,Police,1,https://data.gov.in/files/ogd20/ogdpv2dms/s3fs-public/dataurl05032021/NCRB_CII-2019_Table_17A.1.csv,https://data.gov.in/sites/default/files/dataurl05032021/NCRB_CII-2019_Table_17A.1.csv,text/csv,18087,Annual,Annual,0,1,1,,0,TRUE,National Crime Records Bureau (NCRB),1,,"As per data provided by States/UTs; Due to non-receipt of data from West Bengal in time for 2019, Data furnished for 2018 has been used.",/resource/crime-head-wise-police-disposal-ipc-crime-cases-crime-head-wise-during-2019,2612,1333,data.gov.in
District Wise Total MSME Registered Enterprises under UDYAM Registration till last date,Dataset,"This dataset provides district-level counts of Micro, Small and Medium Enterprises registered under Udyam Registration across India. It aggregates registrations reported to the Ministry of Micro, Small and Medium Enterprises and is intended to support policy analysis, regional planning, and MSME ecosystem mapping. The data is updated daily, reflecting the latest registrations and revisions, and is suitable for tracking district-level growth, identifying regional disparities, and informing targeted interventions. The dataset includes district identifiers and corresponding totals, with geographic coverage spanning all states and union territories, and is published by MoMSME in alignment with the data.gov.in open data framework.", UDYAM Registration (MSME Registration),Central,"Ministry of Micro, Small and Medium Enterprises",,01-11-2021,27-06-2025,26-10-2021,Industries;Medium;Micro;Small Scale,Medium;Micro;Small Scale;Medium;Micro;Small Scale;Medium;Micro;Small Scale;Medium;Micro;Small Scale;Medium;Micro;Small Scale,4,https://data.gov.in/files/ogd20/ogdpv2dms/s3fs-public/datafile/district_level_total_Registered_msme.csv?VersionId=105172500341441,https://api.data.gov.in/resource/f8cd85a1-f9b8-4ff1-b195-9f75c10eb338?api-key=579b464db66ec23bdd000001cdc3b564546246a772a26393094f5645&offset=0&limit=all&format=csv ,text/csv,38424,Daily,Daily,1,1,1,19,1,TRUE,"Ministry of Micro, Small and Medium Enterprises",1,7159067,,/resource/district-wise-total-msme-registered-enterprises-under-udyam-registration-till-last-date,2447,1567,data.gov.in
Shapefile of Rivers,Dataset,"This dataset provides a geospatial shapefile representing the river network across India, produced by the National Water Informatics Centre (NWIC). The ZIP package includes standard GIS shapefile components (SHP, SHX, DBF, PRJ) and accompanying metadata detailing the coordinate system and attribute schema. It supports GIS-based analyses for water resources planning, hydrology, flood risk assessment, and environmental management at national, state, and district scales. The release is one-time with no scheduled updates, and temporal coverage is not time-bounded. Spatial coverage includes all Indian states and union territories; users should review the documentation to confirm the coordinate reference system and attribute fields before analysis.",Boundaries of Water Resources Projects,Central,"Department of Water Resources, River Development & Ganga Rejuvenation;Ministry of Jal Shakti;National Water Informatics Centre",,28-09-2022,28-09-2022,16-09-2022,Ground Water;Surface Water,Ground Water;Surface Water,2,,https://data.gov.in/files/ogdpv2dms/s3fs-public/dataurl15092022/Rivers.zip,application/zip,,One-time,One-time,0,0,,,1,TRUE,National Water Informatics Centre,0,,"This zip contains the various formats i.e .shp, .shx,.dbf,.prj,.sbn, .cpg,.dbf. This zip contains the information of all all the major and minor rivers  of entire country. It is a line .",/resource/shapefile-rivers,2410,2637,data.gov.in
Rainfall in all India and its departure from normal during Monsoon session (June-Sept) from 1901 to 2019,Dataset,"This dataset provides an annual time series of rainfall for Northeast India and its departure from the long-term normal during the Monsoon season, spanning 1901 to 2021. It consolidates rainfall observations from the India Meteorological Department (IMD) across the region and presents annual rainfall totals along with anomaly values relative to the historical normal. The data supports climate trend analysis, drought risk assessment, and validation of climate models, as well as policy planning for water resources and agriculture. The geographic scope is regional within India (Northeast), with annual temporal resolution and a central government jurisdiction. The data are published as a CSV file and updated on an annual basis, reflecting standard IMD observation protocols and quality control procedures.",Rainfall in India,Central,"Ministry of Earth Sciences;India Meteorological Department (IMD);India Meteorological Department (IMD), Pune",,20-05-2021,20-05-2021,02-11-2020,Science and Technology;Atmospheric Science;Earth Sciences,Earth Sciences;Earth Sciences;Earth Sciences;Earth Sciences,1,https://data.gov.in/files/ogd20/ogdpv2dms/s3fs-public/datafile/All-India-Rainfall-Act_Dep_1901_to_2019_0.csv,,text/csv,4192,Annual,Annual,0,1,1,,0,TRUE,"India Meteorological Department (IMD), Pune",0,,Actual Rainfall in MM.,/resource/rainfall-all-india-and-its-departure-normal-during-monsoon-session-june-sept-1901-2019,2044,2631,data.gov.in
Enrolment by Age and Class (UDISE plus) during 2012-13,Dataset,"This dataset provides district-level enrolment counts by age and class for the 2012-13 academic year, compiled under the Unified District Information System for Education Plus (UDISE Plus) initiative in India. It encompasses enrolment across public, aided, and other institutions, detailing the distribution of students by age groups and grades. The data supports policy planning, resource allocation, enrollment trend analysis, and equity assessments, including age-grade alignment and gender considerations. Published as a CSV, it adheres to the annual UDISE Plus data collection cycle and enables district- and state-level comparisons. The publisher is the Department of School Education and Literacy, Ministry of Education (Government of India).",Enrolment by Age and Class (UDISE plus),Central,Ministry of Education;Department of School Education and Literacy,,14-09-2023,14-09-2023,13-01-2022,Education,,1,https://data.gov.in/files/ogd20/ogdpv2dms/s3fs-public/datafile/enrolment_age_2012_13.csv?VersionId=105166644224513,,text/csv,1372069,Annual,Annual,0,0,0,0,0,TRUE,Department of School Education and Literacy,0,,,/resource/enrolment-age-and-class-udise-plus-during-2012-13,2005,1216,data.gov.in
District wise Services MSME Registered Enterprises under UDYAM Registration till last date,Dataset,"This dataset provides district-level counts of Micro, Small and Medium Enterprises (MSMEs) registered in the services sector under the Udyam Registration framework across India. It summarizes the number of service-sector MSMEs per district, updated daily from the Ministry of Micro, Small and Medium Enterprises (MSME) Udyam data portal, enabling policymakers, researchers, and business analysts to track regional MSME growth and service sector dynamics. The data spans all states and union territories and is structured to support trend analysis, district-level planning, and monitoring of entrepreneurship within the services sector. Typical fields include district, state, date of latest update, and the corresponding service-sector MSME counts.", UDYAM Registration (MSME Registration),Central,"Ministry of Micro, Small and Medium Enterprises",,01-11-2021,27-06-2025,26-10-2021,Industries;Medium;Micro;Small Scale,Medium;Micro;Small Scale;Medium;Micro;Small Scale;Medium;Micro;Small Scale;Medium;Micro;Small Scale;Medium;Micro;Small Scale,4,https://data.gov.in/files/ogd20/ogdpv2dms/s3fs-public/datafile/district_level_service_msme.csv?VersionId=105172390466305,https://api.data.gov.in/resource/c3dfe7e6-0cfd-4ddb-8f79-9cb3695d9866?api-key=579b464db66ec23bdd000001cdc3b564546246a772a26393094f5645&offset=0&limit=all&format=csv,text/csv,37790,Daily,Daily,1,1,1,11,1,TRUE,"Ministry of Micro, Small and Medium Enterprises",1,7159069,,/resource/district-wise-services-msme-registered-enterprises-under-udyam-registration-till-last-date,1960,1349,data.gov.in
Seasonal and Annual Min/Max Temp Series - India from 1901 to 2017,Dataset,"This dataset provides historical records of seasonal and annual minimum and maximum temperatures across India from 1901 to 2017, compiled by the India Meteorological Department (IMD). It draws on IMD's meteorological observations from a network of stations and national analyses, enabling long-term climate trend assessment, seasonal variability studies, and impact analyses for agriculture and planning. The data are published as a CSV file and updated annually, reflecting IMD quality-controlled observations with nationwide coverage. Temporal resolution is annual, with seasonal data where available, supporting time-series analysis and regional climate comparisons. Units are degrees Celsius where indicated. Data governance follows IMD procedures under MoES supervision.",All India Seasonal and Annual Min/Max Temperature Series,Central,"Ministry of Earth Sciences;India Meteorological Department (IMD);India Meteorological Department (IMD), Pune",,18-12-2018,12-12-2021,04-12-2018,Science and Technology;Atmospheric Science;Earth Sciences,Earth Sciences;Earth Sciences;Earth Sciences;Earth Sciences,1,https://data.gov.in/files/ogdpv2dms/s3fs-public/datafile/Min_Max_Seasonal_IMD_2017.csv,,text/csv,7866,Annual,Annual,0,1,1,,0,TRUE,"India Meteorological Department (IMD), Pune",1,,"Data values are in degree Celsius.
",/resource/seasonal-and-annual-minmax-temp-series-india-1901-2017,1851,4954,data.gov.in
Daily data of Evapotranspiration of NRSC,Dataset,"This monthly dataset provides evapotranspiration (ET) estimates across India, derived from satellite-based products produced by the National Remote Sensing Centre (NRSC) and consolidated by the National Water Informatics Centre (NWIC). The data are available at district-wise and grid-level resolution, with ET expressed in millimeters per month and time-stamped by month. The resource supports water resources planning, crop-water management, drought monitoring, and hydrological modeling. It describes its source from NRSC satellite data and NWIC processing, and is intended for integration into hydrology dashboards, research, and policy analysis. The coverage is nationwide with ongoing monthly updates.",Daily Data of Evapo-transpiration,Central,"Department of Water Resources, River Development & Ganga Rejuvenation;Ministry of Jal Shakti;National Water Informatics Centre",,04-10-2022,15-06-2025,04-10-2022,Ground Water,,5,https://data.gov.in/files/ogdpv2dms/s3fs-public/datafile/Daily_data_of_Evapotranspiration_of_NRSC_Agency_during_August_2022.csv,https://api.data.gov.in/resource/98c433b1-9c86-40c7-baf4-d4eca5385698?api-key=579b464db66ec23bdd000001cdc3b564546246a772a26393094f5645&offset=0&limit=all&format=csv,text/csv,1846333,Monthly,Monthly,1,1,,,1,TRUE,National Water Informatics Centre,0,7257813,,/resource/daily-data-evapotranspiration-nrsc,1816,3394,data.gov.in
"District wise, Disability wise, Age group wise , Gender wise Unique Disability ID (UDID) data as on 11.06.2024",Dataset,"This dataset provides district-level, disability-wise, age-group-wise, and gender-wise counts of Unique Disability ID (UDID) records across India. It aggregates individuals by district and demographic category to support disability statistics, policy planning, and inclusive program implementation. The data are maintained by the Department of Empowerment of Persons with Disabilities (DEPwD) under the Ministry of Social Justice and Empowerment and are published as a quarterly snapshot. Updated as of 11 June 2024, the Excel workbook (application/vnd.ms-excel) enables demographic analysis, monitoring of enrollment trends, and targeted interventions with district-level granularity and standardized category definitions to facilitate cross-state comparisons.",Unique Disability ID (UDID) ,Central,Ministry of Social Justice and Empowerment;Department of Empowerment of Persons with Disabilities,,11-09-2023,11-06-2024,06-09-2023,Social Development,Social Development,1,https://data.gov.in/files/ogd20/ogdpv2dms/s3fs-public/UDIDDATA_0.csv,,application/vnd.ms-excel,3085379,Quarterly,Quarterly,0,1,,,1,TRUE,Department of Empowerment of Persons with Disabilities,0,,"Title of dataset: UDID Card data (www.swavlambancard.gov.in) updated: 11/06/2024.  Department:  (Department of Empowerment of Persons with Disabilities)  File formats Databases: .csv Format   Field Name: 1: State/UT Name(state_name), 2: District (district_name), 3: Disability Name (disability_type_name)  4: Age Group (age_group),    5: Gender: male_count (No of male Count in UDID), 6:Gender Female_count (No of Female Count in UDID), 7: Total Number (total_count)(Male Count ) + (Female count).                                                                                                                                         Department  will update data on quarterly basis. ",/resource/district-wise-disability-wise-age-group-wise-gender-wise-unique-disability-id-udid-data,1799,1603,data.gov.in
All India Consumer Price Index (Rural/Urban) upto May 2023,Dataset,"This dataset presents the All-India Consumer Price Index (CPI) values for the Rural and Urban segments, compiled monthly for India up to May 2023. Published by the Ministry of Statistics and Programme Implementation (MOSPI), the series provides month-by-month index values that reflect inflation dynamics across rural and urban communities, enabling inflation monitoring and macroeconomic analysis. The Excel file contains separate indices for Rural and Urban components as well as an overall All-India index, with monthly updates that support time-series analysis, trend assessment, and policy-relevant inflation monitoring at the national level.",All India Consumer Price Index (Rural/Urban),Central,Ministry of Statistics and Programme Implementation,,18-09-2023,18-09-2023,17-07-2023,Economy;Prices;Finance;Economy;Statistics,,1,https://data.gov.in/files/ogd20/ogdpv2dms/s3fs-public/All_India_Index_Upto_April23.csv,,application/vnd.ms-excel,66022,Monthly,Monthly,0,1,,1,1,TRUE,Ministry of Statistics and Programme Implementation,0,,,/resource/all-india-consumer-price-index-ruralurban-upto-may-2023,1737,1934,data.gov.in
"All India area weighted monthly, seasonal and annual rainfall (in mm) from 1901-2015",Dataset,"This historical dataset from the India Meteorological Department (IMD) provides area-weighted rainfall totals for 36 IMD meteorological subdivisions across India, spanning 1901 to 2015. It includes monthly rainfall values as well as aggregated seasonal and annual totals, expressed in millimeters. The data support climate analysis, hydrology, and trend assessment by enabling examination of spatial and temporal rainfall patterns, monsoon variability, and regional drought risk. Published as a CSV, it reflects IMD’s data collection and area-weighting methodology, with annual updates limited to historical coverage up to 2015.",Rainfall in India,Central,"Ministry of Earth Sciences;India Meteorological Department (IMD);India Meteorological Department (IMD), Pune",,30-03-2017,10-12-2021,02-01-2017,Science and Technology;Atmospheric Science;Earth Sciences,Science and Technology;Atmospheric Science;Earth Sciences,1,https://data.gov.in/files/ogd20/ogdpv2dms/s3fs-public/datafile/rainfall_area-wt_India_1901-2015.csv,,text/csv,14160,Annual,Annual,,1,1,,0,TRUE,"India Meteorological Department (IMD), Pune",1,,Monthly rainfall series contains monthly rainfall data for the period 1901- 2012 from delayed mode computation using all available stations and 2013-2015 from real time data series; NA: Not Available,/resource/all-india-area-weighted-monthly-seasonal-and-annual-rainfall-mm-1901-2015,1733,2023,data.gov.in
Crime Head-wise Police Disposal of IPC Crime Cases during 2021,Dataset,"This dataset from the National Crime Records Bureau (NCRB) presents the annual counts of IPC (Indian Penal Code) crime cases disposed by police authorities, broken down by the police head category for the year 2021 across India. It supports analysis of disposal efficiency and crime resolution at national and state levels, enabling policymakers, researchers, and law enforcement to identify trends in case clearance. The data are published annually by NCRB and reflect the central jurisdiction with nationwide coverage. Temporal scope is the calendar year 2021; spatial scope is India. The dataset is provided in CSV format and may include state-wise or district-wise breakdowns and IPC sections as reported by NCRB.",Crime in India - 2021,Central,Ministry of Home Affairs;Department of States;National Crime Records Bureau (NCRB),,18-10-2022,18-10-2022,17-10-2022,Police,Army,1,https://data.gov.in/files/ogd20/ogdpv2dms/s3fs-public/NCRB-2021_Table_17A.1.csv,,text/csv,18547,Annual,Annual,0,1,,1,0,TRUE,National Crime Records Bureau (NCRB),0,0,As per data provided by States/UTs,/resource/crime-head-wise-police-disposal-ipc-crime-cases-during-2021,1683,1629,data.gov.in
"Foreign Tourist Arrivals (FTAs), Arrivals of Non-Resident Indians (NRIs) and International Tourist Arrival (ITAs) from 1981 to 2017",Dataset,"This time-series dataset provides annual counts of inbound tourism to India, differentiating Foreign Tourist Arrivals (FTAs), Arrivals of Non-Resident Indians (NRIs), and International Tourist Arrivals (ITAs) for the period 1981 through 2017. Sourced from official statistics published by the Ministry of Tourism (MoT), Government of India, the data support trend analysis, policy assessment, and tourism planning. Records are organized by year and residency status, enabling national-level comparisons and longitudinal insights. The dataset is updated annually and reflects standard MoT classifications used in Indian tourism statistics.",India Tourism Statistics,Central,Ministry of Tourism,,28-10-2022,28-10-2022,02-05-2019,Travel and Tourism,,1,https://data.gov.in/files/ogdpv2dms/s3fs-public/datafile/Tourism_In_India_Statistics_2018-Table_2.1.1_1.csv,,text/csv,875,Annual,Annual,0,0,0,5,0,TRUE,Ministry of Tourism,0,,"Source: Bureau of Immigration, Govt. of India; NA: Not Available; Data for '2018' is provisional; Value of 'FTAs in India - Percentage change over previous year' for 2018 is Growth Rate over same period of previous year.
",/resource/foreign-tourist-arrivals-ftas-arrivals-non-resident-indians-nris-and-international-0,1673,1754,data.gov.in
Enrolment by Age and Class (UDISE plus) during 2019-20,Dataset,"This dataset presents annual enrolment counts by age group and class level from the UDISE+ data system for the 2019-20 academic year across India. It captures student headcounts by age categories and by grade bands (Primary, Upper Primary, Secondary, and Higher Secondary) to support policy analysis, planning, and monitoring of universal access to education. The data are published by the Department of School Education and Literacy (Ministry of Education) and are updated annually. Coverage is nationwide with the possibility of state-level breakdowns where available, and the dataset is provided as a CSV file with consistent identifiers and metadata.",Enrolment by Age and Class (UDISE plus),Central,Ministry of Education;Department of School Education and Literacy,,13-01-2022,27-01-2022,13-01-2022,Education,Education,1,https://data.gov.in/files/ogd20/ogdpv2dms/s3fs-public/datafile/enrolment_age_2019_20.csv?VersionId=105166644598849,,text/csv,1543548,Annual,Annual,0,1,1,,0,TRUE,Department of School Education and Literacy,1,,,/resource/enrolment-age-and-class-udise-plus-during-2019-20,1656,1125,data.gov.in
Year-wise retail inflation rate based on Consumer Price Index-Combined (CPI-C) from 2017-18 to 2022-23,Dataset,"This dataset provides year-wise retail inflation rates derived from the Consumer Price Index-Combined (CPI-C) for India, spanning 2017-18 through 2022-23. The data is published as CSV and compiled by Rajya Sabha for economic monitoring and policy analysis. Each record represents the annual CPI-C based inflation rate for the corresponding year, with quarterly updates that may revise historical figures as CPI-C series are updated. The national scope and quarterly cadence make the data suitable for trend analysis, cross-year comparisons, and context for finance-related oversight. Data fields typically include year and inflation rate (%), enabling integration with other finance indicators published by Rajya Sabha. The dataset supports researchers, policymakers, and legislative staff evaluating inflation dynamics.",Answers Data of Rajya Sabha Questions for Session 259,Central,Rajya Sabha,,30-05-2023,30-05-2023,29-05-2023,All,Finance,1,https://data.gov.in/files/ogd20/ogdpv2dms/s3fs-public/RS_Session_259_AU_3106.csv,,text/csv,137,Quarterly,Quarterly,0,1,1,,0,TRUE,Rajya Sabha,0,0,"Source - RAJYA SABHA SESSION - 259 UNSTARRED QUESTION No 3106. ANSWERED ON, 28TH MARCH 2023. Data Figures are in Percentage. FY 2022-23 (April-February). Source - MOSPI. Note - Data for February 2023 is provisional.",/resource/year-wise-retail-inflation-rate-based-consumer-price-index-combined-cpi-c-2017-18-2022-23,1643,3102,data.gov.in
GSVA by Economic Activity at Current Prices for Tamil Nadu from 2011-12 to 2016-17 (as on 31.03.2017),Dataset,"This dataset presents Tamil Nadu’s Gross State Value Added (GSVA) by economic activity at current prices for the period 2011-12 through 2016-17, with annual observations. It enables sector-level analysis of the state’s economic composition and growth by major activity categories. The data are published by the Ministry of Statistics and Programme Implementation (MoSPI) and reflect state-accounts estimates used for planning and policy. Values are expressed at current prices, supporting year-over-year comparisons and policy-relevant insights for Tamil Nadu, India.",Gross State Domestic Product at Current Prices,Central,Ministry of Statistics and Programme Implementation,,01-08-2017,01-08-2017,18-07-2017,Finance;Economy;Statistics,,1,https://data.gov.in/files/ogd20/ogdpv2dms/s3fs-public/dataurl18072017/NAD-Tamil_Nadu-GSVA_cur_2016-17.csv,http://data.gov.in/sites/default/files/dataurl18072017/NAD-Tamil_Nadu-GSVA_cur_2016-17.csv,text/csv,2564,Annual,Annual,,1,0,,0,TRUE,Ministry of Statistics and Programme Implementation,1,,Data values are Rs. in lakh.,/resource/gsva-economic-activity-current-prices-tamil-nadu-2011-12-2016-17-31032017,1639,1771,data.gov.in
District-wise Demographic Data of Unorganised Workers registered on eShram as on Previous Day,Dataset,"This dataset provides district-wise demographic counts of unorganised workers registered on the e-Shram portal as of the previous day, covering all districts across India. It supports labour market analysis, social security outreach, and policy planning by state and central authorities. The CSV captures district-level tallies and geographic identifiers, with daily updates reflecting the latest registrations. The data is published by the Ministry of Labour and Employment and sourced from the e-Shram registration system, enabling near real-time monitoring of coverage, trends, and regional disparities.",Demographic Data of Unorganised Workers registered on eShram portal,Central,Ministry of Labour and Employment,,21-12-2023,27-06-2025,19-12-2023,Unorganized Sector Workers,Labour and Employment,5,https://data.gov.in/files/ogdpv2dms/s3fs-public/eshram_sample_0.csv,,text/csv,51573,Daily,Daily,1,1,,,1,TRUE,Ministry of Labour and Employment,1,7844104,The data is based on self declaration.,/resource/district-wise-demographic-data-unorganised-workers-registered-eshram-previous-day,1553,595880,data.gov.in
Monthly Crude Oil Processed by Refineries,Dataset,"This dataset provides monthly measurements of crude oil processed by refineries in India, as reported to the Petroleum Planning & Analysis Cell (PPAC). It enables tracking of refinery throughput and energy supply dynamics at the national level, supporting policy analysis, market forecasting, and capacity utilization assessment. The data is published monthly in CSV format and reflects India’s refining activity within the central government’s energy statistics program. Spatial coverage is India and the dataset is produced by PPAC under the Ministry of Petroleum and Natural Gas (MoPNG). Users can apply the data to monitor trends, seasonal variations, and energy security planning.",Crude Oil Processed by Refineries,Central,Ministry of Petroleum and Natural Gas;Petroleum Planning & Analysis Cell (PPAC),,14-06-2023,27-06-2025,13-06-2023,Non Renewable,Non Renewable,4,https://data.gov.in/files/ogdpv2dms/s3fs-public/CrudeOilProcessing.csv,https://api.data.gov.in/resource/8d3b6596-b09e-4077-aebf-425193185a5b?api-key=579b464db66ec23bdd000001cdc3b564546246a772a26393094f5645&offset=0&limit=all&format=csv,text/csv,41184,Monthly,Monthly,1,1,,,1,TRUE,Petroleum Planning & Analysis Cell (PPAC),0,7526649,"Source: Oil Companies, Some of the data may be provisional. For reference / details, please visit PPAC website (https://ppac.gov.in/)",/resource/monthly-crude-oil-processed-refineries,1541,2299,data.gov.in
Statistics of Road Accidents in India From 2013 to 2016,Dataset,"This dataset presents national statistics on road accidents in India for the years 2013 through 2016. It typically includes annual counts of road traffic accidents, fatalities, and injuries, compiled from the Ministry of Road Transport and Highways (MoRTH) and state traffic authorities. The data support trend analysis, safety planning, and policy evaluation by researchers, planners, and policymakers. The records are provided as a CSV dataset and reflect year-wise national totals with potential state-level breakdowns where available. Updates occur annually, aligning with official road safety reporting cycles, and cover India-wide geography.",State/UT wise total no of road accidents,Central,Ministry of Road Transport and Highways,,14-12-2017,14-02-2025,13-12-2017,Transport;Road Transport,Transport;Road Transport;Transport;Road Transport;Transport;Road Transport;Transport;Road Transport,1,https://data.gov.in/files/ogdpv2dms/s3fs-public/datafile/stat-road-ac-2013-2016.csv,,text/csv,4783,Annual,Annual,0,1,1,,0,TRUE,Ministry of Road Transport and Highways,1,,NA: Not Available,/resource/statistics-road-accidents-india-2013-2016,1480,11011,data.gov.in
CBSE Result Statistics Class XII - 2023,Dataset,"This dataset provides annual statistics of the Central Board of Secondary Education (CBSE) Class XII examination results for the year 2023 across India. It summarizes key performance indicators such as total examinees, pass percentage, and subject-wise outcomes, with regional or school-level breakdowns where released. The data support policymakers, educators, students, and researchers in tracking trends, planning interventions, and benchmarking performance at national and regional levels. Published by the Central Board of Secondary Education (CBSE) and updated yearly, the release covers the 2023 examination cycle. The CSV structure is designed to accommodate district- and school-level granularity where available, with fields such as centre code, school name, district, state, candidate counts, and pass/fail status.",CBSE Result Statistics Class XII,Central,Ministry of Education;Department of School Education and Literacy;Central Board of Secondary Education (CBSE),,13-06-2023,13-06-2023,13-06-2023,Education,,1,https://data.gov.in/files/ogd20/ogdpv2dms/s3fs-public/class12-2023.csv,,text/csv,1625,Annual,Annual,0,1,,,0,TRUE,Central Board of Secondary Education (CBSE),0,,"Regd.: Registered. Appd.: Appeared, CTSA: Central Tibetan School Administration. JNV: Jawahar Navodaya Vidyalaya. KV: Kendriya Vidyalaya. Data figures are in numbers.",/resource/cbse-result-statistics-class-xii-2023,1449,565,data.gov.in
"District-wise availability of health centres in India as on 31st March, 2017",Dataset,"This dataset provides district-level counts of health centres across India as of 31 March 2017. It aggregates health facility data by district to enable geographic comparison and infrastructure assessment. Published by the Department of Health and Family Welfare (MoHFW), this CSV dataset supports policy planning, resource allocation, and monitoring of health infrastructure, with annual update cycles. The data typically includes district and state identifiers along with the count of health centres and basic facility attributes as available in source records from the department.",Rural Health Statistics - 2017,Central,Ministry of Health and Family Welfare;Department of Health and Family Welfare,,04-04-2018,12-02-2025,04-04-2018,Health and Family welfare;Family Welfare;Health,Health and Family welfare;Health;Health and Family welfare;Health;Health and Family welfare;Health;Health and Family welfare;Health;Health and Family welfare;Health;Health and Family welfare;Health;Health and Family welfare;Health;Health and Family welfare;Health;Health and Family welfare;Health;Health and Family welfare;Health,1,https://data.gov.in/files/ogdpv2dms/s3fs-public/datafile/District-wise_Health_Care_Infrastructure-2017_1.csv,,text/csv,27285,Annual,Annual,0,1,1,,0,TRUE,Department of Health and Family Welfare,1,,"For Arunachal Pradesh, Out of 588  total 312 Sub Centres are functional in the State; For Tamil Nadu, Out of Total 1835 PHCs 1362 PHCs are functioning in Rural areas, while 473 are in urban areas;  Old name of district Gurugram was Gurgaon;  Old name of district Nuh was Mewat; NA: Not Available",/resource/district-wise-availability-health-centres-india-31st-march-2017,1444,2891,data.gov.in
"Area weighted monthly, seasonal and annual rainfall ( in mm) for 36 meteorological subdivisions from 1901-2015",Dataset,"This historical dataset provides all-India area-weighted rainfall totals for each month, for standard Indian seasons, and for annual totals over the period 1901 to 2015. Rainfall is expressed in millimeters and is derived from IMD records using area-weighting to reflect nationwide spatial variability. The CSV file supports climate analysis, trend assessment, and policy planning, offering a consistent national time series. Temporal resolutions include monthly, seasonal, and annual aggregations, with coverage limited to 1901–2015. The data is published by the India Meteorological Department (IMD) and can be used for long-term climate research and resource planning.",Rainfall in India,Central,"Ministry of Earth Sciences;India Meteorological Department (IMD);India Meteorological Department (IMD), Pune",,30-03-2017,10-12-2021,02-01-2017,Science and Technology;Atmospheric Science;Earth Sciences,Science and Technology;Atmospheric Science;Earth Sciences,1,https://data.gov.in/files/ogd20/ogdpv2dms/s3fs-public/datafile/rainfall_area-wt_sd_1901-2015.csv,,text/csv,528115,Annual,Annual,,1,1,,0,TRUE,"India Meteorological Department (IMD), Pune",1,,Monthly rainfall series contains monthly rainfall data for the period 1901- 2012 from delayed mode computation using all available stations and 2013-2015 from real time data series; NA: Not Available,/resource/area-weighted-monthly-seasonal-and-annual-rainfall-mm-36-meteorological-subdivisions-1901,1380,1782,data.gov.in
Monthly mean maximum & minimum temperature and total rainfall based upon 1901-2000 data,Dataset,"This dataset provides annual records of India's monthly climatological metrics, including the mean maximum temperature, mean minimum temperature, and total rainfall, derived from the 1901–2000 climatology baseline. It captures seasonal patterns across the country and supports climate monitoring, agricultural planning, and research. The data are organized by year and month, with national scope and central publication by the India Meteorological Department (IMD) in Pune. The temporal resolution reflects monthly climatology, while the update frequency is yearly, and the files are distributed in CSV format for easy integration with statistical tools.",Climatology data of Important Cities,Central,"Ministry of Earth Sciences;India Meteorological Department (IMD);India Meteorological Department (IMD), Pune",,30-09-2016,10-12-2021,26-10-2015,Science and Technology;Earth Sciences,Science and Technology;Earth Sciences,1,https://data.gov.in/files/ogd20/ogdpv2dms/s3fs-public/datafile/climate_change_upto_2000_1.csv,,text/csv,62833,Annual,Annual,,1,1,1,0,TRUE,"India Meteorological Department (IMD), Pune",1,,,/resource/monthly-mean-maximum-minimum-temperature-and-total-rainfall-based-upon-1901-2000-data-3,1320,5345,data.gov.in
Monthly Consumption of Petroleum Products,Dataset,"This dataset provides month-wise consumption figures for major petroleum products in India, compiled by the Petroleum Planning and Analysis Cell (PPAC) under the Ministry of Petroleum and Natural Gas. It includes national totals and product-specific volumes for key fuels such as Petrol, Diesel, LPG, Kerosene, Naphtha, and Aviation Turbine Fuel, enabling trend analysis, demand forecasting, and policy assessment. Updated with each monthly release, the data support energy planning and market monitoring and may include state-level disaggregation where available. Data fields typically cover month, product category, unit of measure, and consumption value, with PPAC identified as the primary source of the statistics.",Consumption of Petroleum Products,Central,Ministry of Petroleum and Natural Gas;Petroleum Planning & Analysis Cell (PPAC),,19-05-2023,27-06-2025,19-05-2023,Power and Energy,,1,https://data.gov.in/files/ogd20/ogdpv2dms/s3fs-public/productconsumption.csv,,text/csv,23660,Daily,Monthly,1,1,,,1,TRUE,Petroleum Planning & Analysis Cell (PPAC),0,7492382,"i) Part of the data may be provisional. For details kindly refer to PPAC website ( https://ppac.gov.in )ii) The source of information includes Oil Companies, DGCIS & online SEZ data.",/resource/monthly-consumption-petroleum-products,1264,1010,data.gov.in
"State-wise Population, Decadal Population Growth Rate and Population Density - 2011",Dataset,"This dataset provides state-level population counts, decadal growth rates, and population density for India for the year 2011. It supports demographic analysis, planning, and policy development at national and state levels. Maintained by the Department of Health and Family Welfare, the data is published as a CSV file and updated annually where revisions are available. The spatial scope covers all Indian states, with temporal emphasis on the 2011 year. Primary variables include state name, total population, growth rate since the previous census, and population density per square kilometer, enabling straightforward comparison and trend analysis across states.",Rural Health Statistics - 2015,Central,Ministry of Health and Family Welfare;Department of Health and Family Welfare,,13-07-2016,10-12-2021,12-07-2016,Health and Family welfare;Family Welfare;Health,Health and Family welfare;Family Welfare;Health,1,https://data.gov.in/files/ogd20/ogdpv2dms/s3fs-public/dataurl12072016/RHS_2015_ch-1_table_2a.csv,http://data.gov.in/sites/default/files/dataurl12072016/RHS_2015_ch-1_table_2a.csv,text/csv,1322,Annual,Annual,,1,0,,0,TRUE,Department of Health and Family Welfare,1,,"For Manipur: Updated population of Manipur as per the order (9/25/2013-CD(Cen.) dtd 07-01-2014) of RGI; For Andhra Pradesh and Telangana: Data collected from the States; NA: Not Available; Source: Population Census of India, Office of the Registrar General & Census Commissioner, India",/resource/state-wise-population-decadal-population-growth-rate-and-population-density-2011,1261,747,data.gov.in
District Wise Total  MSME Registered Manufacturing Enterprises till last date,Dataset,"This dataset presents district-level totals of Micro, Small and Medium Enterprises (MSME) registered manufacturing enterprises across India, compiled from official MSME registration records maintained by the Ministry of Micro, Small and Medium Enterprises. Each record provides the count of MSME-registered manufacturing units within a district, enabling regional entrepreneurship analysis and policy monitoring. The data is released as a one-time compilation with daily temporal resolution, capturing the latest date covered by the source records. It supports state- and district-level planning, market analysis, and monitoring of manufacturing activity under MSMEs. The structure typically includes district name, state, total MSME-registered manufacturing units, and a last-updated timestamp; methodology relies on official registration data and may be revised with future updates.",Udyog Aadhaar Memorandum  ( MSME Registration ),Central,"Ministry of Micro, Small and Medium Enterprises",,24-07-2019,07-08-2019,23-07-2019,Medium;Micro;Small Scale,Medium;Micro;Small Scale,1,https://data.gov.in/files/ogdpv2dms/s3fs-public/datafile/uam_msme_total_manufacturing_unit.csv,,text/csv,55955,One-time,Daily,1,1,1,,0,TRUE,"Ministry of Micro, Small and Medium Enterprises",1,6667162,,/resource/district-wise-total-msme-registered-manufacturing-enterprises-till-last-date,1250,2092,data.gov.in
District-wise MGNREGA Data at a Glance,Dataset,"This dataset provides district-level, daily snapshots of Mahatma Gandhi National Rural Employment Guarantee Act (MGNREGA) activity across India. It captures indicators related to employment generation and works sanctioned at the district level, enabling monitoring of geographic variations, temporal trends, and program reach across states and districts. Published by the Department of Rural Development (DRD) and updated daily, the CSV files are organized by district, state, and date, and are intended to support policy analysis, monitoring, and transparency initiatives.",Mahatma Gandhi National Rural Employment Guarantee Act (MGNREGA),Central,Ministry of Rural Development;Department of Rural Development (DRD),,13-09-2023,27-06-2025,11-09-2023,Development,Development,5,https://data.gov.in/files/ogd20/ogdpv2dms/s3fs-public/NREGA.csv,https://api.data.gov.in/resource/ee03643a-ee4c-48c2-ac30-9f2ff26ab722?api-key=579b464db66ec23bdd000001cdc3b564546246a772a26393094f5645&offset=0&limit=all,text/csv,153388,Daily,Daily,1,1,,1,1,TRUE,Department of Rural Development (DRD),1,603001422,,/resource/district-wise-mgnrega-data-glance,1235,1748,data.gov.in
District Level Manufacturing MSME Registered Enterprises under UDYAM Registration till last date,Dataset,"This dataset provides district-level counts of manufacturing micro, small and medium enterprises (MSMEs) registered under the Udyam Registration system across India. It captures the number of manufacturing enterprises registered per district (and state where applicable) and is updated daily to reflect new registrations and amendments. The data supports district-wise analysis of MSME activity, policy planning, and program monitoring by the Ministry of Micro, Small and Medium Enterprises (MoMSME). Temporal resolution is daily, with nationwide geographic coverage. Derived from the Udyam Registration portal and aggregated for dissemination, it complements broader MoMSME statistics and can be used to track district-level growth in the manufacturing sector.", UDYAM Registration (MSME Registration),Central,"Ministry of Micro, Small and Medium Enterprises",,01-11-2021,27-06-2025,26-10-2021,Industries;Medium;Micro;Small Scale,Medium;Micro;Small Scale;Medium;Micro;Small Scale;Medium;Micro;Small Scale;Medium;Micro;Small Scale;Medium;Micro;Small Scale,4,https://data.gov.in/files/ogd20/ogdpv2dms/s3fs-public/datafile/district_level_manufacturing_msme.csv?VersionId=105172500356481,https://api.data.gov.in/resource/ae789703-638a-4942-b79e-17868103dec8?api-key=579b464db66ec23bdd000001cdc3b564546246a772a26393094f5645&offset=0&limit=all&format=csv,text/csv,37346,Daily,Daily,1,1,1,11,1,TRUE,"Ministry of Micro, Small and Medium Enterprises",0,7159068,,/resource/district-level-manufacturing-msme-registered-enterprises-under-udyam-registration-till,1181,835,data.gov.in
Indian Sign Language Dictionary till January 2024,Dataset,"This dataset provides a nationwide index of Indian Sign Language signs with their meanings and descriptions, compiled by the Department of Empowerment of Persons with Disabilities (DEPwD), Government of India. It covers entries up to January 2024 and supports learning, interpretation, accessibility initiatives, and policy analysis. The file is published as an Excel spreadsheet and is updated annually, with geographic coverage across India. Data fields typically include sign term, gloss/meaning, and descriptive metadata, enabling use in educational resources, sign-language applications, and related services.",Indian Sign Language Dictionary,Central,Ministry of Social Justice and Empowerment;Department of Empowerment of Persons with Disabilities,,07-02-2024,18-02-2025,06-02-2024,Disabled,Disabled,1,https://data.gov.in/files/ogdpv2dms/s3fs-public/ISL_Dictionary_words.csv,,application/vnd.ms-excel,2661,Annual,Annual,0,0,,73,0,TRUE,Department of Empowerment of Persons with Disabilities,0,,,/resource/indian-sign-language-dictionary-till-january-2024,1163,680,data.gov.in
"Percentage of households having electricity, Improved source of drinking water, Having access to improved toilet facility, Use clean fuel for cooking - DLHS IV",Dataset,"This dataset presents national-level percentages of households in India with electricity, access to improved drinking water sources, access to improved toilet facilities, and use of clean cooking fuel, as surveyed in DLHS-IV. It aggregates household-level indicators to administrative units where available, enabling monitoring of essential service coverage and progress toward universal access. The data are collected through the District Level Household and Facility Survey (DLHS) conducted by the Department of Health and Family Welfare and the Ministry of Health and Family Welfare, with irregular updates and annual temporal resolution. The table includes indicator values by geography (state/district where reported) and year, forming a basis for trend analysis and policy evaluation.",District Level Household and Facility Survey (DLHS-4),Central,Ministry of Health and Family Welfare;Department of Health and Family Welfare,,29-12-2014,09-12-2021,24-12-2014,Health and Family welfare;Family Welfare;Health,Health and Family welfare;Family Welfare;Health,1,https://data.gov.in/files/ogdpv2dms/s3fs-public/Percentage_of_households_DLHS4.csv,https://data.gov.in/sites/default/files/Percentage_of_households_DLHS4.csv,text/csv,12256,Others,Annual,,1,0,,0,TRUE,Department of Health and Family Welfare,1,,NA :Percentage not shown for below 20 cases; The data of 21 states have been provided,/resource/percentage-households-having-electricity-improved-source-drinking-water-having-access,1144,498,data.gov.in
"District Rainfall Normal (in mm) Monthly, Seasonal And Annual : Data Period 1951-2000",Dataset,"District-level rainfall normals for India, expressed in millimetres, covering monthly, seasonal, and annual averages calculated from historical observations for the period 1951–2000. The dataset enables analysis of spatial rainfall patterns, drought risk assessment, and water resource planning across districts. Published by the India Meteorological Department (IMD) as an Excel workbook, it provides district-wise normals suitable for hydrological modelling and climate research. Temporal resolution includes monthly values with aggregated seasonal and annual normals; spatial coverage encompasses all districts in India. This historical reference dataset has no planned updates beyond its initial publication.","District Rainfall Normal (in mm) Monthly, Seasonal And Annual : Data Period 1951-2000",Central,Ministry of Earth Sciences;India Meteorological Department (IMD),,31-05-2013,17-04-2014,31-05-2013,Science and Technology;Atmospheric Science,Science and Technology;Atmospheric Science,1,https://data.gov.in/files/ogd20/ogdpv2dms/s3fs-public/datafile/District_Rainfall_Normal_0.xls,,application/vnd.ms-excel,167936,One-time,Monthly,,1,1,,0,TRUE,India Meteorological Department (IMD),1,,,/resource/district-rainfall-normal-mm-monthly-seasonal-and-annual-data-period-1951-2000,1141,6634,data.gov.in
Location wise daily Ambient Air Quality of Tamil Nadu for the year 2014,Dataset,"This dataset comprises daily ambient air quality observations from monitoring stations across Tamil Nadu for the calendar year 2014. Compiled by the Central Pollution Control Board (CPCB), it enables location-wise comparison and trend analysis of air quality in urban and industrial areas. Each record captures daily pollutant concentrations and related metrics at a given location, supporting research, regulatory review, and policy assessment. The data are provided as a CSV file and reflect the published annual snapshot of Tamil Nadu's air quality for 2014, suitable for state-level environmental planning and public awareness.",Historical Daily Ambient Air Quality Data,Central,"Ministry of Environment, Forest and Climate Change;Central Pollution Control Board",,17-10-2016,10-12-2021,06-10-2016,Environment and Forest;Industrial Air Pollution;Residential Air Pollution;Vehicular Air Pollution,Environment and Forest;Industrial Air Pollution;Residential Air Pollution;Vehicular Air Pollution,1,https://data.gov.in/files/ogd20/ogdpv2dms/s3fs-public/dataurl06102016/cpcb_dly_aq_tamil_nadu-2014.csv,http://data.gov.in/sites/default/files/dataurl06102016/cpcb_dly_aq_tamil_nadu-2014.csv,text/csv,433708,Annual,Daily,,1,0,,0,TRUE,Central Pollution Control Board,1,,"Data has been collected from the field instruments, It is likely that the data may display some errors or abnormal values. Any abnormal value may be due to any episode or instrumental error at any particular time; NA: Not Available/Not Applicable; Figures are in micrograms (one-millionth of a gram) per cubic meter.",/resource/location-wise-daily-ambient-air-quality-tamil-nadu-year-2014,1081,198,data.gov.in
"District wise Number of Poultry Farms and Poultry Birds in Farms, 2007  - Tamil Nadu",Dataset,"This dataset provides district-level counts of poultry farms and the number of poultry birds within each farm in Tamil Nadu for the year 2007. It enables district-wise comparisons and supports state-level planning for the poultry sector by quantifying farm prevalence and stock levels. The data are collected on a quinquennial update cycle by the Ministry of Fisheries, Animal Husbandry and Dairying and delivered as a CSV file suitable for statistical analysis. Geographic scope is Tamil Nadu, India, with district-level granularity and temporal coverage of 2007. This resource is useful for policymakers, researchers, and industry stakeholders to assess poultry density, plan farm infrastructure, allocate resources, and monitor changes over successive five-year periods.",Details of Poultry Farms and Poultry Birds in Farms,Central,"Department of Animal Husbandry and Dairying;Ministry of Fisheries, Animal Husbandry and Dairying",,12-11-2015,12-11-2015,03-11-2015,Agriculture;Animal Husbandry,Agriculture;Animal Husbandry,1,https://data.gov.in/files/ogd20/ogdpv2dms/s3fs-public/datafile/Tamilnadu-Table-12_33_liv_stk_cns_2007_1.csv,http://data.gov.in/sites/default/files/dataurl02112015/TamilNadu-Table12_33_liv_stk_cns_2007.csv,text/csv,4951,Five Yearly,Five Yearly,,1,1,,0,TRUE,"Ministry of Fisheries, Animal Husbandry and Dairying",1,,18th Livestock census. All values are in number.,/resource/district-wise-number-poultry-farms-and-poultry-birds-farms-2007-tamil-nadu,1018,1158,data.gov.in
"Longitudinal Ageing Study in India (LASI), Wave  I, 2017-18",Dataset,"This dataset provides cross-sectional health, economic, and social indicators from the Longitudinal Ageing Study in India (LASI) Wave I conducted in 2017–2018. It includes respondent-level measures of health status, chronic conditions, functional abilities, healthcare utilization, income and expenditures, social support, and living arrangements, collected through a nationwide survey coordinated by the International Institute for Population Sciences (IIPS). The data are published with standard weights and sampling design variables to support state- and district-level analyses where feasible. Temporal coverage is 2017–2018, and update frequency is irregular as subsequent LASI waves are released. It is suitable for research on aging trajectories, policy impact, and health system planning.",Longitudinal Ageing Study in India (LASI),Central,Ministry of Health and Family Welfare;Department of Health and Family Welfare;International Institute for Population Sciences (IIPS),,26-08-2022,26-08-2022,10-05-2022,Health and Family welfare;Health,Health,1,https://data.gov.in/files/ogd20/ogdpv2dms/s3fs-public/LASI_India_State_UT_Factsheet-Final%20Checked%2023.08.22.xls,,application/vnd.ms-excel,107520,Others,Others,0,0,,3,1,TRUE,International Institute for Population Sciences (IIPS),0,,"* Including spouse irrespective of age, - indicates less number of cases/ no cases.This factsheet data is based on LASI state factsheets. This information is based on LASI eligible respondents (45+) ** Sikkim state data collection was carried out in 2020-21, this factsheet was release in 2022.While preparing this datasheet, two indicators from India factsheet - 167 & 168 are omitted to match with state/Uts factsheet indicators for detailed footnote refer to https://www.iipsindia.ac.in/sites/default/files/LASI_India_Factsheet.pdfhttps://www.iipsindia.ac.in/sites/default/files/other_files/LASI-Compendium_of_Factsheets%20_All_States_%26_UTs1.pdf",/resource/longitudinal-ageing-study-india-lasi-wave-i-2017-18,972,436,data.gov.in
State Level Consumer Price Index (Rural/Urban)  upto November 2021,Dataset,"This dataset presents state-level Consumer Price Index (CPI) data for Rural and Urban components across India, with monthly observations through November 2021. It provides inflation indicators at the state level suitable for trend analysis, policy assessment, and macroeconomic monitoring. Published by the Ministry of Statistics and Programme Implementation (MoSPI), the series are updated monthly and reflect the CPI compilation methodology used by MOSPI. The data are organized at the state level with separate Rural and Urban indices, enabling cross-state comparisons, urban-rural price dynamics, and year-over-year inflation assessments.",State Level Consumer Price Index (Rural/Urban),Central,Ministry of Statistics and Programme Implementation,,25-01-2022,27-01-2022,17-01-2022,Economy;Prices;Finance;Economy;Statistics,,1,https://data.gov.in/files/ogd20/ogdpv2dms/s3fs-public/datafile/Statewise_General_Index_july2019_20Aug2020_dec20_2_2.csv?VersionId=105166644746369,,text/csv,81597,Monthly,Monthly,0,1,1,1,0,TRUE,Ministry of Statistics and Programme Implementation,0,,,/resource/state-level-consumer-price-index-ruralurban-upto-november-2021,937,1941,data.gov.in
Number of Newly Registered Motor Vehicles in 2009-10 and 2010-11 and Number of Registered Motor Vehicles as on 31st March 2010 and as on 31st March 2011 in Tamil Nadu,Dataset,"This dataset provides official counts of motor vehicle activity for Tamil Nadu, including newly registered motor vehicles for the financial years 2009-10 and 2010-11, and the total number of registered vehicles as of 31 March 2010 and 31 March 2011. Figures are drawn from MoRTH transport statistics and VAHAN registration data. The data support trend analysis of vehicle growth, inform transport planning and policy evaluation at the state level, and are suitable for state dashboards and comparative mobility studies. The update frequency is annual, with data covering Tamil Nadu for the specified dates and figures published as CSV-ready tallies.",Number of Newly Registered Motor Vehicles and Number of Registered Motor Vehicles in Tamil Nadu,Central,Ministry of Road Transport and Highways,,08-05-2014,01-09-2016,28-04-2014,Transport;Road Transport,Transport;Road Transport,1,https://data.gov.in/files/ogd20/ogdpv2dms/s3fs-public/datafile/2.3.24_Tamil_Nadu_rtyb_2010_11_1.csv,,text/csv,2541,Annual,Annual,,1,1,,0,TRUE,Ministry of Road Transport and Highways,1,,All figures are in numbers; Source: Offices of State Transport Commissioners/UT Administrations; The data has been sourced from Road Transport Year Book-2009-10 & 2010-11.,/resource/number-newly-registered-motor-vehicles-2009-10-and-2010-11-and-number-registered-motor-22,920,344,data.gov.in
State/UT-wise District Score during 2021-22,Dataset,"This dataset provides district-level scores for every state and Union Territory in India for the 2021-22 academic year. It enables comparative analysis of district performance across states/UTs and supports policy planning for education outcomes. The data is published by the Department of School Education and Literacy (DoSEL) and is available as a CSV on the data.gov.in platform, covering district identifiers, state/UT names, and the composite district score for 2021-22.",Performance Grading Index (PGI),Central,Ministry of Education;Department of School Education and Literacy,,14-09-2023,14-09-2023,10-09-2023,Education,Army,1,https://data.gov.in/files/ogdpv2dms/s3fs-public/District_PGI_Table_1.csv,,text/csv,43549,,,0,0,,1,0,TRUE,Department of School Education and Literacy,0,0,,/resource/stateut-wise-district-score-during-2021-22,915,442,data.gov.in
Seasonal and Annual Minimum / Maximum Temperature series for the period 1901-2021,Dataset,"This dataset presents annual and seasonal minimum and maximum temperatures for India, spanning 1901 to 2021. Compiled by the India Meteorological Department (IMD) from nationwide weather stations, the series enable climate trend analysis and long-term planning. Each record represents a year–season pair with the corresponding min and max values, with national annual aggregates where available. The data support historical climate monitoring, research on warming patterns, and policy planning for agriculture, water resources, and disaster risk management. Published as a text/csv file with annual updates and a clearly defined temporal scope.",All India Seasonal and Annual Temperature Series,Central,"Ministry of Earth Sciences;India Meteorological Department (IMD);India Meteorological Department (IMD), Pune",,16-01-2023,16-01-2023,01-08-2022,Science and Technology;Earth Sciences,Earth Sciences,1,https://data.gov.in/files/ogd20/ogdpv2dms/s3fs-public/TEMP_ANNUAL_MIN_MAX_1901-2021.csv,,text/csv,8040,Annual,Annual,0,0,,,1,TRUE,"India Meteorological Department (IMD), Pune",0,,,/resource/seasonal-and-annual-minimum-maximum-temperature-series-period-1901-2021,913,598,data.gov.in
Shape of Watershed Boundaries of India,Dataset,"This one-time GIS dataset provides delineated watershed boundaries across India. It comprises vector boundary layers that partition the national drainage network into individual watershed units, enabling hydrological analysis for groundwater and surface water management. Published by the National Water Informatics Centre (NWIC), the data support planning, flood risk assessment, and water resource decision-making. As a snapshot, there are no ongoing updates; the dataset is delivered as a ZIP package containing GIS-ready files and metadata. Geographic scope covers the entire country with national-scale watershed delineations.",Hydrological Boundaries,Central,"Department of Water Resources, River Development & Ganga Rejuvenation;Ministry of Jal Shakti;National Water Informatics Centre",,28-09-2022,28-09-2022,16-09-2022,Surface Water;Ground Water,Ground Water;Surface Water,2,,https://data.gov.in/files/ogdpv2dms/s3fs-public/dataurl15092022/Watershed.zip,application/zip,,One-time,One-time,0,0,,,1,TRUE,National Water Informatics Centre,0,,"This zip contains the various formats i.e .shp, .shx,.dbf,.prj,.sbn, .cpg,.dbf",/resource/shape-watershed-boundaries-india,912,896,data.gov.in
"Number of Newly Registered Motor Vehicles in 2011-12 and Number of Registered Motor Vehicles as on 31st March, 2012 in Delhi",Dataset,"This dataset provides counts of motor vehicle registrations for the National Capital Territory of Delhi, detailing the number of newly registered motor vehicles in the financial year 2011-12 and the total number of registered vehicles as of 31 March 2012. It supports analysis of vehicle growth, transport demand, and planning for Delhi's road network. The data is compiled from records maintained by the Ministry of Road Transport and Highways (MoRTH) and Delhi's Regional Transport Office (RTO), with annual updates. Provided in CSV format, the dataset enables policymakers, researchers, and planners to track trends in vehicle registration at the Delhi level and facilitates comparisons across jurisdictions at state and national levels. The temporal scope covers 2011-12 and the year-end total; geographic scope is Delhi, India.",Number of Newly Registered Motor Vehicles and Number of Registered Motor Vehicles in Delhi,Central,Ministry of Road Transport and Highways,,07-05-2014,07-05-2014,13-02-2014,Transport;Road Transport,Transport;Road Transport,1,https://data.gov.in/files/ogd20/ogdpv2dms/s3fs-public/datafile/rtyb_2011_12tab2.2.33_Delhi.csv,,text/csv,2022,Annual,Annual,,1,1,,0,TRUE,Ministry of Road Transport and Highways,1,,All figures are in numbers; Source: Offices of State Transport Commissioners/UT Administrations; NA-Not Reported; The data has been sourced from Road Transport Year Book-2011-12.,/resource/number-newly-registered-motor-vehicles-2011-12-and-number-registered-motor-vehicles-31st-7,901,172,data.gov.in
Total Number of Registered Motor Vehicles in India during 1951-2013,Dataset,"This dataset provides annual counts of all registered motor vehicles in India for each year from 1951 through 2013. Prepared by the Ministry of Road Transport and Highways (MoRT&H) from state and union territory motor vehicle registries, it enables historical trend analysis of India’s motor vehicle growth. The data are published as a CSV and are suitable for transportation planning, policy research, and infrastructure analysis. The temporal resolution is annual, with nationwide scope, and the dataset complements other mobility indicators published by MoRT&H. Primary fields include yearly totals of registered vehicles, reflecting national-scale trends in vehicle registration.",Total Number of Registered Motor Vehicles in India,Central,Ministry of Road Transport and Highways,,03-06-2016,10-12-2021,18-05-2016,Transport;Road Transport,Transport;Road Transport,1,https://data.gov.in/files/ogd20/ogdpv2dms/s3fs-public/datafile/Registered_Motor_Vehicles_in_India_1951-2013.csv,,text/csv,2042,Annual,Annual,,1,1,,0,TRUE,Ministry of Road Transport and Highways,1,,"All figures are in thousands; *: Two-wheelers include auto-rickshaws for the years ending 31st March 1959, 1960, 1962, 1963, 1964, 1965, 1967, 1968 and 1969. For the remaining years, auto-rickshaws are included in Others; **: Others include tractors, trailers, three wheelers (passenger vehicles)/LMV and other miscellaneous vehicles which are not classified separately; @: Includes Omni buses since 2001; Totals may not tally due to rounding off of data; Source: Offices of State Transport Commissioners/UT Administration",/resource/total-number-registered-motor-vehicles-india-during-1951-2013,891,6151,data.gov.in
Year-wise Annual frequency of cyclones (34 knots or more) and severe cyclones (48 knots or more) crossing different coastal states of India from 1891 to 2017,Dataset,"This dataset records annual counts of tropical cyclones crossing India’s coastal states, with two intensity thresholds: =34 knots and =48 knots. Sourced from the India Meteorological Department (IMD) historical cyclone records, the time series spans 1891 through 2017 and is provided in CSV format. It supports historical trend analysis, risk assessment, and climate research by offering year-wise totals for both categories. Spatial coverage is India and the temporal resolution is annual, making it suitable for long-term comparisons, state-level impact studies, and policy planning at national and subnational levels.",Yearly and Seasonal Frequency of Cyclones and Depressions,Central,"Ministry of Earth Sciences;India Meteorological Department (IMD);India Meteorological Department (IMD), Pune",,18-12-2018,17-02-2025,04-12-2018,Science and Technology;Atmospheric Science;Earth Sciences,Earth Sciences;Earth Sciences;Earth Sciences,1,https://data.gov.in/files/ogdpv2dms/s3fs-public/datafile/Cyclone_Details_IMD_2017.csv,,text/csv,5631,Annual,Others,0,1,1,,0,TRUE,"India Meteorological Department (IMD), Pune",1,,Source: India Meteorological Department; WB: West Bengal; OD: Odisha; AP: Andhra Pradesh; TN: Tamil Nadu; GJ: Gujarat; MH/GA: Maharashtra & Goa; KK: Karnataka; KR: Kerala.,/resource/year-wise-annual-frequency-cyclones-34-knots-or-more-and-severe-cyclones-48-knots-or-more,881,1300,data.gov.in
Weekly Patent Application Granted,Dataset,"This dataset provides weekly counts of patent applications granted in India, compiled by the Department for Promotion of Industry and Internal Trade (DPIT). It records the number of patent grants for each week across India, enabling trend analysis of intellectual property activity. The data supports policymakers, researchers, and industry stakeholders in monitoring innovation, discovering sectoral patterns, and assessing patent grant momentum. The records are updated weekly and reflect nationwide grants, with weekly temporal resolution. The data is published as CSV and sourced from DPIT's official patent grant records.",Patent Application,Central,Ministry of Commerce and Industry;Department for Promotion of industry and Internal Trade,,03-03-2023,27-06-2025,29-12-2022,Industries,,5,https://data.gov.in/files/ogd20/ogdpv2dms/s3fs-public/datafile/application_details_granted_2019.csv,https://api.data.gov.in/resource/7a444d4c-319a-41e5-a6cc-6b1ff681c7c6?api-key=579b464db66ec23bdd000001cdc3b564546246a772a26393094f5645&offset=0&limit=all&format=csv,text/csv,3623778,Weekly,Weekly,1,1,,4,1,TRUE,Department for Promotion of industry and Internal Trade,0,7412118,,/resource/weekly-patent-application-granted,868,458,data.gov.in
"Monthly, Seasonal and Annual Mean Temperature Series for the period 1901-2021",Dataset,"This national climate dataset provides annual and seasonal mean temperature values across India for 1901–2021, compiled by the India Meteorological Department (IMD). The CSV records include year and seasonal mean temperatures (where applicable), with values expressed in degrees Celsius. The data support climate trend analysis, historical climatology, and policy planning, enabling researchers and decision-makers to assess long-term temperature variability and regional patterns. Geographic coverage is India; temporal coverage spans 1901–2021, and the data are updated on an annual basis as IMD reprocesses observations from its surface networks. The dataset is suitable for state- or district-level aggregation when combined with regional metadata.",All India Seasonal and Annual Temperature Series,Central,"Ministry of Earth Sciences;India Meteorological Department (IMD);India Meteorological Department (IMD), Pune",,16-01-2023,16-01-2023,01-08-2022,Science and Technology;Earth Sciences,Earth Sciences,1,https://data.gov.in/files/ogd20/ogdpv2dms/s3fs-public/TEMP_ANNUAL_MEAN_1901-2021.csv,,text/csv,13423,Annual,Annual,0,0,,1,1,TRUE,"India Meteorological Department (IMD), Pune",0,,,/resource/monthly-seasonal-and-annual-mean-temperature-series-period-1901-2021,866,651,data.gov.in
Eight Core Industries (Base Year 2011-12) till last financial year,Dataset,"This dataset presents annual index values for India's Eight Core Industries, using a base year of 2011-12, spanning from the base year through the most recently completed financial year. It covers the eight core sectors—Coal, Crude Oil, Natural Gas, Refinery Products, Fertilizers, Steel, Cement, and Electricity—and provides a national-level indicator of industrial activity. Published by the Office of the Economic Adviser (OEA) under the Ministry of Finance, Government of India, the index supports trend analysis, policy assessment, and macroeconomic research. Data are provided in CSV format and are updated on an annual basis, enabling year-over-year comparisons and sectoral contribution analysis. Structure typically includes year, sector, and index values (with an overall index where available), suitable for researchers, policymakers, and industry stakeholders.",Eight Core Industries,Central,Ministry of Commerce and Industry;Department for Promotion of industry and Internal Trade;Office of the Economic Adviser,,21-09-2017,27-06-2025,14-09-2017,Industries;Manufacturing,Industries;Manufacturing,4,https://data.gov.in/files/ogdpv2dms/s3fs-public/dataurl30082017/EightCoreData_yearly.csv,https://api.data.gov.in/resource/7b054340-590c-4135-8797-71a160d0d240?api-key=579b464db66ec23bdd000001cdc3b564546246a772a26393094f5645&offset=0&limit=all&format=csv,text/csv,3167,Annual,Annual,1,1,1,,0,TRUE,Office of the Economic Adviser,1,4260981,"Since October, 2016, Electricity generation data from Renewable sources is also included; NA: Not Applicable/Available",/resource/eight-core-industries-base-year-2011-12-till-last-financial-year,866,814,data.gov.in
List of all Startups from Meity Startup Hub,Dataset,"This dataset enumerates startups registered with the MeitY Startup Hub program under the Ministry of Electronics and Information Technology (MeitY) in India. Delivered as a CSV, it represents the latest semiannual update of startups participating in the MeitY Startup Hub initiative, enabling stakeholders to identify program participants, their focus domains, onboarding timelines, and related attributes. The collection supports ecosystem mapping, policy oversight, and informed decision-making by government and industry. It covers India-wide entries with an annual temporal granularity and semiannual refresh cadence, and may include fields such as startup name, onboarding date, sector, location, and eligibility category.",Startup Hub,Central,Ministry of Electronics and Information Technology (MeitY),,23-11-2021,27-01-2022,09-11-2021,Information and Communications;Information and Technology,Information and Broadcasting;Information and Technology;Information and Broadcasting;Information and Technology;Information and Broadcasting;Information and Technology;Information and Broadcasting;Information and Technology;Information and Broadcasting;Information and Technology;Information and Broadcasting;Information and Technology;Information and Broadcasting;Information and Technology;Information and Broadcasting;Information and Technology,1,https://data.gov.in/files/ogd20/ogdpv2dms/s3fs-public/datafile/Listofstartups.csv?VersionId=105172390599553,,text/csv,95723,Biannual,Annual,0,1,1,4,0,TRUE,Ministry of Electronics and Information Technology (MeitY),0,,"India is home to one of the most vibrant startup ecosystems with close to 8000 tech startups, making it the 2nd largest startup ecosystem in the world. Hence, innovation and entrepreneurship is the emerging focus area that is being aggressively promoted to give fillip to the Indian economy. Ministry of Electronics & Information Technology, Government of India is leading and facilitating a gamut of Innovation and IPR related activities across the country towards expansion of this ecosystem. In order to facilitate MeitY vision of promoting technology innovation, startups and creation of Intellectual Properties, a nodal entity called MeitY Startup Hub has been setup under its aegis. MSH will act as a national coordination, facilitation and monitoring center that will integrate all the incubation centers, startups and innovation related activities of MeitY.",/resource/list-all-startups-meity-startup-hub,861,509,data.gov.in
List of MSME Registered Units under Udyog Aadhaar Memorandum - Maharashtra,Dataset,"This dataset provides a unit-level list of Micro, Small and Medium Enterprises registered under the Udyog Aadhaar Memorandum (UAM) in the state of Andhra Pradesh. It identifies MSMEs registered with the Ministry of Micro, Small and Medium Enterprises (MoMSME) for official recognition and access to government schemes. Updated daily, the dataset supports state-level policy analysis, entrepreneurship monitoring, and market insights by illustrating the distribution of MSMEs across sectors and districts where available. The data is published as JSON and reflects current registrations, deactivations, and status changes from the UAM registry, enabling integration into dashboards and analytics workflows. The temporal scope corresponds to daily updates, and users should consider potential schema changes over time.",List of MSME Registered Units  under Udyog Aadhaar Memorandum till last date,Central,"Ministry of Micro, Small and Medium Enterprises",,21-11-2019,02-01-2020,19-11-2019,Medium;Micro;Small Scale,Medium;Micro;Small Scale,2,,https://api.data.gov.in/catalog/2c895ab9-8042-4653-bfeb-7dc71281fd57?api-key=579b464db66ec23bdd000001cdd3946e44ce4aad7209ff7b23ac571b&format=json&offset=0&limit=10&filters[State]=MAHARASHTRA,application/json,11698,Daily,Daily,1,0,0,52,1,FALSE,"Ministry of Micro, Small and Medium Enterprises",1,6714764,"Dataset can be downloaded in csv format by using the provided URL and passing appropriate parameter options such as:- api-Key: Generate your personal API key (sample key returns maximum of 10 records at a time) and use that key to consume more than 10 records at a time (Example: api-key=Your API Key); format: Fill format as 'csv' to download the dataset in csv format (Example: format=csv); offset: User can download the dataset from 1st record onwards by setting offset (Example: offset=0), If user wants to download more records than the limit set then they can use the previously set limit as the new offset; limit: User can download maximum of 10000 records in one go (Example: limit=10000).",/resource/list-msme-registered-units-under-udyog-aadhaar-memorandum-maharashtra,843,1790,data.gov.in
Imports of Major Chemical - Product-wise / Group-wise from 2014-15 to 2021-22,Dataset,"This dataset provides annual, India-wide statistics on imports of major chemical products, categorized by product level and by group. Covering 2014–2015 through 2021–2022, it supports trade analysis, policy assessment, and market intelligence for government and industry stakeholders. Each record typically indicates the year, the chemical product or group designation, and import metrics such as value and quantity where available. The data are compiled by the Department of Chemicals and Petrochemicals under the Ministry of Chemicals and Fertilizers and are intended to facilitate monitoring of import dependence, diversification of suppliers, and performance of the chemical sector. Data are updated on an annual cycle and reflect the inter-year variation in India's chemical imports across the period.",Import of Major Chemicals - Product-wise / Group-wise,Central,Ministry of Chemicals and Fertilizers;Department of Chemicals and Petrochemicals,,24-01-2023,24-01-2023,24-01-2023,Industries;Chemicals and Petrochemicals,,1,https://data.gov.in/files/ogd20/ogdpv2dms/s3fs-public/Imports_of_Major_Chemicals_Product_Wise_or_Group_Wise_2014-15_to_2021-22.csv,,text/csv,7692,Annual,Annual,0,1,,,0,TRUE,Department of Chemicals and Petrochemicals,0,,"Data Figure Quantity in MT and Values in Rs Lakh. Data source in respect of Imports of Chemicals is Directorate General of Commercial Intelligence and Statistics (DGCIS), Kolkata. Product - It includes those chemical products which are being monitored by S&M Division of D/o Chemicals & Petrochemicals.",/resource/imports-major-chemical-product-wise-group-wise-2014-15-2021-22,841,437,data.gov.in
Subdivision wise Rainfall and its departure from 1901 to 2015,Dataset,"Produced by the India Meteorological Department (IMD), Pune, this dataset provides annual rainfall departures (anomalies) at the subdivision level across India for the period 1901–2015. It records each year’s rainfall deviation from the long-term normal for every meteorological subdivision, enabling historical climate analysis, regional variability assessment, and drought or flood risk evaluation. The data are formatted as a CSV file and are intended for climate research, policy planning, and trend analysis. Spatial coverage is nationwide (India) with yearly temporal resolution, and the update pattern is annual.",Rainfall in India,Central,"Ministry of Earth Sciences;India Meteorological Department (IMD);India Meteorological Department (IMD), Pune",,18-12-2017,10-12-2021,13-11-2017,Science and Technology;Atmospheric Science;Earth Sciences,Science and Technology;Atmospheric Science;Earth Sciences,1,https://data.gov.in/files/ogd20/ogdpv2dms/s3fs-public/datafile/sub-division_rainfall_act_dep_1901-2015.csv,,text/csv,1388437,Annual,Annual,0,1,1,,0,TRUE,"India Meteorological Department (IMD), Pune",1,,"Figures of  Actual, Percentage departure, Mean and Standard deviation are in mm; NA: Not Applicable/Not Available.",/resource/subdivision-wise-rainfall-and-its-departure-1901-2015,836,6133,data.gov.in
Daily Rainfall data from India Meteorological Department (IMD GRID MODEL) Agency during July 2023,Dataset,"This dataset provides daily rainfall observations across India based on the India Meteorological Department GRID Model, published by the National Water Informatics Centre (NWIC). It covers daily rainfall amounts for July 2023, available as a CSV file. The data consist of grid-cell rainfall values (in millimeters) with corresponding dates and geographic locations, enabling rainfall monitoring, flood risk assessment, agricultural planning, and climate research. The data are updated daily, with a central jurisdiction, and can be aggregated to state or district levels for analysis and decision support.",Rainfall,Central,"Department of Water Resources, River Development & Ganga Rejuvenation;Ministry of Jal Shakti;National Water Informatics Centre",,25-07-2023,06-12-2023,25-07-2023,Water Resources,,1,https://data.gov.in/files/ogd20/ogdpv2dms/s3fs-public/datafile/Daily_Rainfall_data_from_India_Meteorological_Department_Agency_during_July_2023.csv,,text/csv,1358234,Daily,Daily,1,1,,2,1,TRUE,National Water Informatics Centre,0,7210754,Average rainfall in millimetre (MM),/resource/daily-rainfall-data-india-meteorological-department-imd-grid-model-agency-during-july-2023,826,2178,data.gov.in
Elephant Population from 1993 to 2017,Dataset,"This dataset presents national and state-level estimates of elephant populations in India at five-year intervals from 1993 through 2017. Population counts are compiled through the national wildlife census coordinated by the Ministry of Environment, Forest and Climate Change (MoEFCC) in collaboration with state forest departments and wildlife authorities. It supports trend analysis, conservation planning, and policy assessment for decision-makers, researchers, and conservation organizations. Data are organized by year and geographic area and may include population estimates, survey methodologies, and confidence intervals where available. Updates occur quinquennially, reflecting known changes in habitat, mortality, and detection efficiency, grounded in standardized census protocols to ensure cross-state comparability.",Elephant Reserve and Population Status,Central,"Ministry of Environment, Forest and Climate Change",,15-06-2023,15-06-2023,13-06-2023,Environment and Forest,,1,https://data.gov.in/files/ogd20/ogdpv2dms/s3fs-public/Elephantpopulation1993to2017.csv,,text/csv,1794,Five Yearly,,0,0,,2,0,TRUE,"Ministry of Environment, Forest and Climate Change",0,,,/resource/elephant-population-1993-2017,811,721,data.gov.in
Web Map Service from  362 OSM Topo Sheets  of  Survey of India and Panchromatic imagery of Bhuvan  in Andhra Pradesh,Dataset,"This Web Map Service provides access to 362 Survey of India topographic sheets and Panchromatic imagery from the ISRO Bhuvan platform for Andhra Pradesh, India. It serves map layers through standard WMS endpoints, enabling GIS users to view, analyze, and integrate official topographic data with high-resolution imagery. The dataset supports planning, infrastructure development, environmental assessment, and disaster-response activities by providing consistent geographic coverage across the region. Daily updates reflect newly captured or revised map features and imagery, and the service is published by the National Spatial Data Infrastructure (NSDI) under central government governance for nationwide accessibility. End users should be aware that data originate from government sources and are intended for planning and public information purposes.",Web Map Service (WMS) from Survey of India OSM Data and Bhuvan for Andhra Pradesh,Central,"Ministry of Science and Technology;Department of Science and Technology (DST);NSDI India GEO Portal, National Spatial Data Infrastructure (NSDI)",,13-03-2014,10-12-2021,13-03-2014,All;Agriculture;Water and Sanitation;Information and Communications;Defence;Environment and Forest;Water Resources;Governance and Administration;Infrastructure;Social Development;Transport;Travel and Tourism,All;Agriculture;Water and Sanitation;Information and Communications;Defence;Environment and Forest;Water Resources;Governance and Administration;Infrastructure;Social Development;Transport;Travel and Tourism,2,,https://nsdiindia.gov.in/nsdi-portal/AccessControl?data=Bhuvan-Andhra,WMS,0,Daily,Daily,,0,0,30,0,FALSE,"NSDI India GEO Portal, National Spatial Data Infrastructure (NSDI)",1,6622464,,/resource/web-map-service-362-osm-topo-sheets-survey-india-and-panchromatic-imagery-bhuvan-andhra,808,2178,data.gov.in
"Inbound Tourism Foreign Tourist Arrivals, Arrivals of Non-Resident Indians and International Tourist Arrivals 1981-2020",Dataset,"This dataset provides a historical time series of India’s inbound tourism indicators for 1981 through 2020, capturing Foreign Tourist Arrivals (FTA), Arrivals of Non-Resident Indians (NRIs), and International Tourist Arrivals. Published by the Ministry of Tourism, Government of India, the data supports trend analysis, market sizing, and policy evaluation for inbound tourism. Each record corresponds to a calendar year and includes counts for the three metrics, enabling year-on-year comparisons and analysis of travel demand in relation to national events and tourism policies. The geographic scope is national (India); temporal resolution is annual, with data structured around yearly counts suitable for state and national level insights. This dataset underpins planning, forecasting, and monitoring of inbound tourism performance.",India Tourism Statistics,Central,Ministry of Tourism,,26-07-2022,26-07-2022,10-05-2022,Travel and Tourism,,1,https://data.gov.in/files/ogd20/ogdpv2dms/s3fs-public/India-Tourism-Statistics-2021-Table-2.1.1.csv,,text/csv,996,Annual,Annual,0,1,1,,0,TRUE,Ministry of Tourism,0,,"Source - Bureau of Immigration, GOI, NA - Not Available.",/resource/inbound-tourism-foreign-tourist-arrivals-arrivals-non-resident-indians-and-international,807,649,data.gov.in
State Level Consumer Price Index (Rural/Urban) upto May 2023,Dataset,"This dataset provides state-level Consumer Price Index (CPI) values for rural and urban areas across India, with monthly updates up to May 2023. It contains state-wise CPI indices for Rural and Urban components, enabling inflation monitoring and price-level trend analysis at the sub-national level. The data are published by the Ministry of Statistics and Programme Implementation (MOSPI) and are provided here in Excel format for convenient analysis. Users can compare state performance, support policy assessment, and track monthly inflation dynamics. Temporal coverage includes monthly observations through May 2023.",State Level Consumer Price Index (Rural/Urban),Central,Ministry of Statistics and Programme Implementation,,18-09-2023,18-09-2023,17-07-2023,Economy;Prices;Finance;Economy;Statistics,,1,https://data.gov.in/files/ogd20/ogdpv2dms/s3fs-public/Statewise_General_Index_Upto_April23.csv,,application/vnd.ms-excel,93919,Monthly,Monthly,0,1,,2,1,TRUE,Ministry of Statistics and Programme Implementation,0,,,/resource/state-level-consumer-price-index-ruralurban-upto-may-2023,799,860,data.gov.in
Delivery Post office Pincode Boundary,Dataset,"Geographic boundaries for every post office in India are provided as GeoJSON features in CRS84. Each feature includes the post office pincode, office name, GPO, division region, and circle, enabling detailed spatial analysis of the nationwide postal network. The dataset supports GIS mapping, route optimization, service-area delineation, and policy evaluation. It is updated semi-annually, covering the period from 2025-05-09 to 2025-11-09, and is published by the Department of Posts (Central Government). Data granularity is per post office, suitable for district or city-level analysis when integrated with other geospatial datasets.",All India Pincode Boundary Geo JSON,Central,Ministry of Communications;Department of Posts,,09-05-2025,03-06-2025,09-05-2025,All,,2,,https://data.gov.in/files/ogdpv2dms/s3fs-public/dataurl02052025/All_India_pincode_Boundary-19312.geojson,application/geo+json,,Half yearly,Half yearly,0,0,,,1,TRUE,Department of Posts,0,,,/resource/delivery-post-office-pincode-boundary,798,245,data.gov.in
District-wise Tele-Law Case Registration and Advice Enabled Data from FY 2021-22 to 2022-23,Dataset,"This dataset provides district-wise records of Tele-Law case registrations and advice interactions across India for FY 2021-22 to 2022-23. It enumerates the number of registered Tele-Law cases and advisory interactions at each district, enabling analysis of access to justice, outreach effectiveness, and regional utilization of the Tele-Law service. The data is published by the Department of Justice (GoI) and compiled from district Tele-Law centers, with annual updates. The dataset supports district-level trend analysis, policy monitoring, and program planning, and is available in Excel format for easy reuse.",Tele-Law Program under Designing Innovative Solution for Holistic Access to Justice (DISHA),Central,Ministry of Law and Justice;Department of Justice,,24-02-2023,24-02-2023,24-02-2023,Judiciary,,1,https://data.gov.in/files/ogd20/ogdpv2dms/s3fs-public/TeleLawData20222023.csv,,application/vnd.ms-excel,59081,Annual,Annual,0,0,,7,0,TRUE,Department of Justice,0,,Data is upto 31st January 2023 for the FY 2022-23.,/resource/district-wise-tele-law-case-registration-and-advice-enabled-data-fy-2021-22-2022-23,776,894,data.gov.in
State/UT-wise Details of the Rainfall Observed During the Monsoon Season from 2020 to 2022,Dataset,"This dataset provides state- and Union Territory–wise rainfall observations recorded during India's monsoon seasons for the years 2020 through 2022. It consolidates quarterly precipitation data from official meteorological sources across the country and presents summaries by administrative unit to support climate analysis, water resource planning, and agricultural decision-making. The records indicate the geographic coverage (state/UT), temporal coverage (2020–2022, quarterly), and the measurement scale (precipitation in millimeters) and are published by Rajya Sabha. Data structure is organized as a CSV with fields such as state/UT, year, quarter, and rainfall amount, enabling trend analysis and comparison across states and seasons.",Answers Data of Rajya Sabha Questions for Session 260,Central,Rajya Sabha,,23-01-2024,23-01-2024,18-01-2024,All,Science and Technology,1,https://data.gov.in/files/ogd20/ogdpv2dms/s3fs-public/RS_Session_260_AU_25_B.csv,,text/csv,2174,Quarterly,Quarterly,0,0,,9,0,TRUE,Rajya Sabha,0,0,"Source - RAJYA SABHA SESSION - 260 UNSTARRED QUESTION No 25. ANSWERED ON, 20TH JULY 2023. HRF - Heavy Rainfall. VHRF - Very Heavy Rainfall. EHRF - Extremely Heavy Rainfall. UT - Union Territory.",/resource/stateut-wise-details-rainfall-observed-during-monsoon-season-2020-2022,774,863,data.gov.in
Eight Core Industries (Base Year 2011-12) till last month,Dataset,"This dataset provides monthly index values for India's Eight Core Industries, using the base year 2011-12, and covers the industrial sectors that drive core output. Released by the Office of the Economic Adviser, these indices reflect month-to-month performance and support trend analysis, policy assessment, and economic forecasting. The data are updated monthly and pertain to India, with the latest month included. The CSV contains index values by sector, percentage changes from the previous month, and the overall composite index, enabling analysis of industrial activity over time for researchers, policymakers, and industry stakeholders.",Eight Core Industries,Central,Ministry of Commerce and Industry;Department for Promotion of industry and Internal Trade;Office of the Economic Adviser,,21-09-2017,27-06-2025,14-09-2017,Industries;Manufacturing,Industries;Manufacturing,4,https://data.gov.in/files/ogdpv2dms/s3fs-public/dataurl30082017/EightCoreData.csv,https://api.data.gov.in/resource/cc473f03-4db1-4c34-949e-481bdb3da490?api-key=579b464db66ec23bdd000001cdc3b564546246a772a26393094f5645&offset=0&limit=all&format=csv,text/csv,20087,Monthly,Monthly,1,1,1,2,0,TRUE,Office of the Economic Adviser,1,3630481,"Data of latest month is provisional. Revision has been made based on revised data received for corresponding month of previous year in respect of Coal, Crude Oil, Refinery Products, Fertilizer, Steel, Cement and Electricity. Accordingly, indices for the month of previous year have been revised.; Since October, 2016, Electricity generation data from Renewable sources is also included; NA: Not Applicable/Available",/resource/eight-core-industries-base-year-2011-12-till-last-month,770,753,data.gov.in
State/UT-wise Number of UDID Card Generated as on 28.07.2021,Dataset,"This dataset provides a state- and Union Territory-wise snapshot of Unique Disability Identity (UDID) cards generated across India as of 28 July 2021. It supports policy analysis and monitoring of disability inclusion initiatives by presenting the total UDID counts at the state/UT level. The data is published as a CSV file and is updated on a quarterly basis. It includes the geographic scope (India), temporal reference (July 2021), and the data structure (state/UT name paired with UDID card counts) to enable quick integration into dashboards and analyses.",Answers Data of Rajya Sabha Questions for Session 254,Central,Rajya Sabha,,30-03-2022,30-03-2022,25-03-2022,All,Social Development,1,https://data.gov.in/files/ogd20/ogdpv2dms/s3fs-public/RS_Session_254_AU_1917.csv,,text/csv,840,Quarterly,Others,0,1,1,,0,TRUE,Rajya Sabha,0,0,Source: RAJYA SABHA SESSION - 254 UNSTARRED QUESTION No 1917.,/resource/stateut-wise-number-udid-card-generated-28072021,766,474,data.gov.in
State-wise Details of Youth Hostels - 2023,Dataset,"This dataset presents state-wise listings of youth hostels across India for the year 2023, maintained by the Department of Youth Affairs under the Ministry of Youth Affairs and Sports. It captures hostel-level attributes such as location (state and district where available), hostel name, capacity, and facility indicators, and operational status as recorded in government records. Updated annually, the dataset supports planning, monitoring, and policy evaluation of youth accommodation programs, mobility, and welfare initiatives. Data are provided in CSV format and reflect hostel records from central and state government facilities.",Youth Hostel Scheme,Central,Ministry of Youth Affairs and Sports;Department of Youth Affairs,,28-06-2023,14-02-2025,30-05-2023,Youth and Sports,Youth and Sports,1,https://data.gov.in/files/ogdpv2dms/s3fs-public/youth-hostel.csv,,text/csv,8425,Annual,Annual,0,0,,3,0,TRUE,Department of Youth Affairs,0,,okk added,/resource/state-wise-details-youth-hostels-2023,760,851,data.gov.in
Import & Export of Petroleum Products - Volumes for Year - 2022-23,Dataset,"This dataset provides monthly volumes of imports and exports for petroleum products in India during the financial year 2022–23 (April 2022 to March 2023). Generated by the Petroleum Planning and Analysis Cell (PPAC) under the Ministry of Petroleum and Natural Gas (MoPNG), it consolidates trade quantities across product categories to support energy policy, market monitoring, and economic analysis. The CSV file captures monthly movement by direction and product category, with volumes suitable for time-series analysis and trend assessment at the national level. Data originate from PPAC’s official trade and refinery records and are updated monthly.",Import & Export of Petroleum Products,Central,Ministry of Petroleum and Natural Gas;Petroleum Planning & Analysis Cell (PPAC),,27-04-2023,27-04-2023,27-04-2023,Non Renewable,,1,https://data.gov.in/files/ogd20/ogdpv2dms/s3fs-public/importexport202223_0.csv,,text/csv,1996,Monthly,Monthly,0,1,1,,0,TRUE,Petroleum Planning & Analysis Cell (PPAC),0,,"Source: Oil Companies & DGCIS , All Figures are provisionalNotes:RIL SEZ imports/exports included in country's import/export data^LNG import not included& Others in import include Paraffin wax, Petroleum Jelly, Aviation Gas, MTBE, Reformate etc.@ Nepal sales by IOCL, Nepal and Bhutan sales by BPCL are considered in total exports with average Rupee-US$ exchange rate! RIL SEZ's MS export includes export of Alkylates# ATF exports by RIL does not include ATF sales to foreign going airlines% Others in export include Benzene, Hexane, MTO, Sulphur etc. Import & Export Quantity in '000 Metric Tonnes.",/resource/import-export-petroleum-products-volumes-year-2022-23,755,783,data.gov.in
Quarterly Estimates of GDP at Constant (2011-12) Prices from 2011-12 to 2022-23,Dataset,"This dataset provides quarterly estimates of India’s Gross Domestic Product (GDP) and Gross Value Added (GVA) measured at constant prices using the 2011-12 base year, covering 2011-12 Q1 through 2022-23 Q1. It presents real growth indicators, including quarter-on-quarter and year-on-year changes, and related ratios for the overall economy and major sectors. Compiled by the Ministry of Statistics and Programme Implementation (MoSPI) from official national accounts, the series enables time-series analysis of long-run growth, business cycles, and sectoral contributions. The data are organized at the national level with quarterly updates and are suitable for macroeconomic analysis, policy assessment, and economic forecasting.",Quarterly Estimates of GDP at Constant Prices,Central,Ministry of Statistics and Programme Implementation,,05-04-2022,09-06-2022,04-04-2022,Finance;Economy;Statistics,Macro Economy,1,https://data.gov.in/files/ogd20/ogdpv2dms/s3fs-public/GDP_QE_Constant_2011-12_Prices.csv,,text/csv,20034,Quarterly,Quarterly,0,1,,,1,TRUE,Ministry of Statistics and Programme Implementation,0,,,/resource/quarterly-estimates-gdp-constant-2011-12-prices-2011-12-2022-23,747,783,data.gov.in
State/UT-wise Number of Indian Penal Code (IPC) Crimes from 2020 to 2022,Dataset,"This dataset provides annual counts of Indian Penal Code (IPC) crimes reported at the state and Union Territory level across India for the years 2020, 2021, and 2022. It offers a granular view of crime incidence by jurisdiction, enabling policymakers, researchers, and law-enforcement analysts to compare and analyze trends over time. The data originate from the National Crime Records Bureau (NCRB) and are published as official statistics in Crime in India reports. Updated annually, the file supports time-series analysis and state-wise crime comparisons, with fields typically including State/UT name, Year, and IPC Crime Count. The dataset is structured for straightforward aggregation and visualization.",Crime in India - 2022,Central,Ministry of Home Affairs;Department of States;National Crime Records Bureau (NCRB),,12-04-2024,02-06-2025,10-04-2024,Police,Army,1,https://data.gov.in/files/ogdpv2dms/s3fs-public/NCRB_Table_1A.1.csv,,text/csv,2077,Annual,Annual,0,1,,,0,TRUE,National Crime Records Bureau (NCRB),0,0,"Crime Rate is calculated as Crime per one lakh of population. Population Source - Report of Technical group on Population Projections(July, 2020) National Commission on Population, MoHFW. As per data provided by States/Uts. Clarifications are pending from Nagaland. States/UTs may not be compared purely on the basis of crime figures.",/resource/stateut-wise-number-indian-penal-code-ipc-crimes-2020-2022,732,325,data.gov.in
List of MSME Registered Units under Udyog Aadhaar Memorandum - Andhra Pradesh,Dataset,"This dataset enumerates Micro, Small and Medium Enterprises registered under the Udyog Aadhaar Memorandum in the state of Maharashtra, India. It aggregates unit-level records that reflect basic enterprise attributes and registration identifiers, updated daily from the MSME registration stream and published by the Ministry of Micro, Small and Medium Enterprises (MSME). The collection supports policy analysis, market monitoring, and program targeting by providing visibility into the micro, small, and medium sector presence within Maharashtra. It covers geographic scope at the state level with district-level detail where available and is provided in JSON format for time-series tracking of unit registrations and changes over time. Users should consider data completeness and cross-reference with Registrars of Companies (RoC) as needed.",List of MSME Registered Units  under Udyog Aadhaar Memorandum till last date,Central,"Ministry of Micro, Small and Medium Enterprises",,21-11-2019,02-01-2020,19-11-2019,Medium;Micro;Small Scale,Medium;Micro;Small Scale,2,,https://api.data.gov.in/catalog/2c895ab9-8042-4653-bfeb-7dc71281fd57?api-key=579b464db66ec23bdd000001cdd3946e44ce4aad7209ff7b23ac571b&format=json&offset=0&limit=10&filters[State]=ANDHRA%20PRADESH,application/json,11686,Daily,Daily,1,0,0,19,1,FALSE,"Ministry of Micro, Small and Medium Enterprises",1,6714764,"Dataset can be downloaded in csv format by using the provided URL and passing appropriate parameter options such as:- api-Key: Generate your personal API key (sample key returns maximum of 10 records at a time) and use that key to consume more than 10 records at a time (Example: api-key=Your API Key); format: Fill format as 'csv' to download the dataset in csv format (Example: format=csv); offset: User can download the dataset from 1st record onwards by setting offset (Example: offset=0), If user wants to download more records than the limit set then they can use the previously set limit as the new offset; limit: User can download maximum of 10000 records in one go (Example: limit=10000).",/resource/list-msme-registered-units-under-udyog-aadhaar-memorandum-andhra-pradesh,727,1407,data.gov.in
Rainfall in NE India and its departure from normal for Monsoon session from 1901-2021,Dataset,"This dataset provides an annual series of all-India rainfall departures from normal for the South Asian monsoon season (June–September) spanning 1901 to 2019. Derived from India Meteorological Department (IMD) observations, it quantifies how each year's monsoon rainfall deviated from a long-term baseline, enabling analysis of trends, variability, and climate risk. The records are organized on a single-year granularity and delivered as a CSV file containing year and departure-from-normal values (and related metrics as present in the source). The geographic scope is India; temporal scope is 1901–2019; update frequency is annual. This dataset supports researchers, policymakers, and educators in monitoring monsoon performance, drought risk, agricultural planning, and climate resilience initiatives.",Departure of Rainfall data,Central,"Ministry of Earth Sciences;India Meteorological Department (IMD);India Meteorological Department (IMD), Pune",,16-01-2023,16-01-2023,01-08-2022,Science and Technology;Earth Sciences,Earth Sciences,1,https://data.gov.in/files/ogd20/ogdpv2dms/s3fs-public/RF_NE_1901-2021.csv,,text/csv,4363,Annual,Annual,0,0,,3,1,TRUE,"India Meteorological Department (IMD), Pune",0,,,/resource/rainfall-ne-india-and-its-departure-normal-monsoon-session-1901-2021,710,508,data.gov.in
Digital Seismotectonic Atlas of India and its Environs,Dataset,"Digital Seismotectonic Atlas of India and Its Environs is a one-time Web Map Service (WMS) dataset produced by the Geological Survey of India. It presents seismotectonic maps detailing crustal structures, major faults, plate boundaries, and seismicity patterns across India and adjacent regions. Intended for geological research, seismic hazard assessment, and educational use, the atlas offers georeferenced map layers that can be integrated into GIS workflows. The data is static, not regularly updated, and was released to support regional tectonic interpretation and hazard planning.",BHUKOSH,Central,Ministry of Mines;Geological Survey of India,,12-05-2022,12-05-2022,09-05-2022,Governance and Administration;Union/State Government Administration;Union/State Government Administration;Mining;Mining;Coastal & Island;Earth Sciences;Marine Science;Polar Science;Research & Development,Earth Sciences,2,,https://bhukosh.gsi.gov.in/arcgis/services/Seismotectonic/Seismotectonic/MapServer/WMSServer?request=GetCapabilities&service=WMS,WMS,,One-time,One-time,1,0,,5,1,TRUE,Geological Survey of India,0,7073635,,/resource/digital-seismotectonic-atlas-india-and-its-environs-0,702,902,data.gov.in
Disclosed Ground Water Level Data under Atal Bhujal Yojana from 2015 to 2022,Dataset,"This dataset provides time-series groundwater level measurements collected under the Atal Bhujal Yojana (ABY) program across India from 2015 to 2022. It comprises observations of groundwater depth at monitoring wells, with biannual reporting and semiannual publication in CSV format. The data support groundwater resource assessment, policy monitoring, and water security planning, and are published by the Ministry of Jal Shakti. Spatial coverage includes India, with district- and state-level detail where available, enabling regional analysis and trend detection over the ABY period.",Ground Water Level Data under Atal Bhujal Yojana,Central,"Department of Water Resources, River Development & Ganga Rejuvenation;Ministry of Jal Shakti",,31-05-2023,31-05-2023,30-05-2023,Ground Water,,1,https://data.gov.in/files/ogd20/ogdpv2dms/s3fs-public/Atal_Jal_Disclosed_Ground_Water_Level-2015-2022.csv,,text/csv,1162976,Biannual,Biannual,0,0,,5,0,TRUE,Ministry of Jal Shakti,0,,,/resource/disclosed-ground-water-level-data-under-atal-bhujal-yojana-2015-2022,680,153,data.gov.in
Digital Seismotectonic Atlas of India and its Environs,Dataset,"This static, one-time seismotectonic atlas provides a digital depiction of India’s crustal structures, tectonic boundaries, major fault lines, and seismic zones across India and surrounding regions. Created by the Geological Survey of India, it is delivered as a Web Map Service (WMS) with multiple layers representing tectonic features, geology, and seismic indicators to support Earth science research, hazard assessment, and educational activities. The dataset enables visualization and analysis of regional geodynamics, crustal thickness, and plate interactions, and is intended as a reference map for planners, researchers, and policymakers. Geographic scope covers India with adjacent regions for comparative context; temporal coverage is a one-time compilation with no routine updates.",Digital Seismotectonic Atlas of India and its Environs,Central,Ministry of Mines;Geological Survey of India,,08-08-2013,12-08-2021,08-08-2013,Mining;Others,Mining;Others,2,,https://bhukosh.gsi.gov.in/arcgis/services/Seismotectonic/Seismotectonic/MapServer/WMSServer?request=GetCapabilities&service=WMS,WMS,163,One-time,One-time,0,0,0,59,0,FALSE,Geological Survey of India,1,,Seismotectonic Atlas of India and its Environs on scale 1:1 million published in 2000,/resource/digital-seismotectonic-atlas-india-and-its-environs,676,1553,data.gov.in
Number of Newly Registered Motor Vehicles in 2009-10 and 2010-11 and Number of Registered Motor Vehicles as on 31st March 2010 and as on 31st March 2011 in Uttar Pradesh,Dataset,"This state-level dataset presents motor vehicle registration statistics for Uttar Pradesh, covering two periods: newly registered vehicles in 2009-10 and 2010-11, and the total number of registered motor vehicles as of 31 March 2010 and 31 March 2011. It enables trend analysis of vehicle growth, infrastructure demand, and transport planning at the state level. The figures are compiled from Regional Transport Office records and consolidated by the Ministry of Road Transport and Highways, with annual updates. The data can support researchers, policymakers, and planners assessing mobility, road demand, and policy outcomes in Uttar Pradesh, India.",Number of Newly Registered Motor Vehicles and Number of Registered Motor Vehicles in Uttar Pradesh,Central,Ministry of Road Transport and Highways,,08-05-2014,01-09-2016,28-04-2014,Transport;Road Transport,Transport;Road Transport,1,https://data.gov.in/files/ogd20/ogdpv2dms/s3fs-public/datafile/2.3.27_Uttarpradesh_rtyb_2010_11_1.csv,,text/csv,2516,Annual,Annual,,1,1,,0,TRUE,Ministry of Road Transport and Highways,1,,All figures are in numbers; Source: Offices of State Transport Commissioners/UT Administrations; NA-Not Reported; The data has been sourced from Road Transport Year Book-2009-10 & 2010-11.,/resource/number-newly-registered-motor-vehicles-2009-10-and-2010-11-and-number-registered-motor-25,675,305,data.gov.in
"Quarterly Estimates of GDP at Current Prices, 2011-12 Series From 2011-12 to 2022-23",Dataset,"This dataset provides quarterly estimates of India's Gross Domestic Product (GDP) and Gross Value Added (GVA) at current prices, based on the 2011-12 base year. It spans 2011-12 Q1 to 2022-23 Q1 and presents quarter-on-quarter (QoQ) and year-on-year (YoY) growth rates and GDP ratios across major sectors. The data support macroeconomic analysis, policy assessment, and trend forecasting, with sectoral breakdowns for Agriculture, Industry, and Services. Published by the Ministry of Statistics and Programme Implementation (MoSPI) in accordance with National Accounts methodology, the series enable time-series analysis at the national level using quarterly temporal resolution.",Quarterly Estimates of GDP at Current Prices,Central,Ministry of Statistics and Programme Implementation,,05-04-2022,02-06-2025,04-04-2022,Economy;Macro Economy;Finance;Economy,Macro Economy,1,https://data.gov.in/files/ogdpv2dms/s3fs-public/GDP_QE_Current_Prices_2011-12_Series.csv,,text/csv,20283,Quarterly,Quarterly,0,1,,1,1,TRUE,Ministry of Statistics and Programme Implementation,1,,,/resource/quarterly-estimates-gdp-current-prices-2011-12-series-2011-12-2022-23,670,817,data.gov.in
Boundaries of Agro-climatic regions,Dataset,"This one-time geospatial dataset provides the boundaries and zone identifiers for agro-climatic regions across India, developed by the National Water Informatics Centre. It supports planning and analysis in water resources management and agricultural policy by establishing a national-scale agro-climatic zoning framework. Delivered as a ZIP package containing geospatial features (polygons) and related attributes, it represents a fixed snapshot rather than a time-series. Spatial coverage is national (India) and the data is suitable for integration with hydrological, climate, and land-use analyses.",Boundaries of Region,Central,"Department of Water Resources, River Development & Ganga Rejuvenation;Ministry of Jal Shakti;National Water Informatics Centre",,28-09-2022,28-09-2022,16-09-2022,Ground Water;Surface Water,Ground Water;Surface Water,2,,https://data.gov.in/files/ogdpv2dms/s3fs-public/dataurl15092022/Agroclimatic_regions.zip,application/zip,,One-time,One-time,0,0,,,1,TRUE,National Water Informatics Centre,0,,"This zip contains the various formats i.e .shp, .shx,.dbf,.prj,.sbn, .cpg,.dbf, This zip contains all the information of all agro-climatic regions of entire country",/resource/boundaries-agro-climatic-regions,663,769,data.gov.in
"State-wise Population, Decadal Population Growth rate and Population Density - 2011",Dataset,"This dataset provides state-wise demographic indicators for India as of 2011, including total population, decadal growth rate for 2001–2011, and population density. It consolidates Census of India 2011 statistics compiled by the Department of Health and Family Welfare for planning, policy analysis, and health resource allocation. The data are updated annually to support state-level comparisons and trend analysis, with granularity at the state level and applicability to health and policy planning.",Rural Health Statistics - 2016,Central,Ministry of Health and Family Welfare;Department of Health and Family Welfare,,28-03-2017,10-12-2021,10-02-2017,Health and Family welfare;Family Welfare;Health,Health and Family welfare;Family Welfare;Health,1,https://data.gov.in/files/ogd20/ogdpv2dms/s3fs-public/datafile/Table_2A_State_Uts.csv,,text/csv,1506,Annual,Annual,,1,1,,0,TRUE,Department of Health and Family Welfare,1,,"For Manipur: Updated population of Manipur as per the order (9/25/2013-CD(Cen.) dtd 07-01-2014) of RGI; For Andhra Pradesh and Telangana: Data collected from the states; Source: Population Census of india, 2011; office of Registrar General & Census Commissioner, India",/resource/state-wise-population-decadal-population-growth-rate-and-population-density-2011-0,658,3956,data.gov.in
"State-wise Details of the Infant Mortality Rate, Institutional Delivery and Prevalence of Under Weight Children under five years of Age (in Reply to Unstarred Question on 07 December, 2022)",Dataset,"This India-wide, state-wise dataset presents key child health indicators: infant mortality rate (IMR), institutional delivery rates, and the prevalence of underweight children under five years of age. The data are organized quarterly by state, enabling trend analysis, cross-state comparisons, and policy assessment of maternal and child health initiatives. Provided as a CSV file, the dataset reflects official figures accompanying a Rajya Sabha Unstarred Question dated 07 December 2022, with quarterly updates. Geographic coverage is India with state-level granularity, supporting health planning, program evaluation, and evidence-based policymaking.",Answers Data of Rajya Sabha Questions for Session 258,Central,Rajya Sabha,,19-05-2023,19-05-2023,17-05-2023,All,Social Development,1,https://data.gov.in/files/ogd20/ogdpv2dms/s3fs-public/RS_Session_258_AU_142_A_and_B.iii_.csv,,text/csv,745,Quarterly,Quarterly,0,1,,,0,TRUE,Rajya Sabha,0,0,"Source - Rajya Sabha Session - 258 Unstarred Question No. 142 Answered on 07 December, 2022. NA - Not Available. Source - National Family Health Survey-5 (2019-21). Data of West Bengal for Infant Mortality Rate - ST is based on 250-499 unweighted person-years of exposure to the risk of death.",/resource/state-wise-details-infant-mortality-rate-institutional-delivery-and-prevalence-under,657,2206,data.gov.in
Sector wise Estimated Number of Workers under Fourth Round of Quarterly Employment Survey from Jan to March 2022,Dataset,"This dataset provides sector-wise estimates of the number of workers recorded in the Fourth Round of the Quarterly Employment Survey (QES) for the January–March 2022 quarter across India. It presents worker counts by economic sector, enabling analysis of how employment is distributed among sectors and how it trends during the surveyed quarter. Published by the Ministry of Labour and Employment, the data support policy planning, workforce development, and labour market monitoring. The file is released as a CSV and reflects the latest survey cycle, with clear geographic scope (India) and temporal coverage (January–March 2022). Users can perform sectoral comparisons and monitor employment patterns at the national level.",Quarterly Employment Survey (QES),Central,Ministry of Labour and Employment,,25-03-2023,18-02-2025,20-03-2023,Employment,,1,https://data.gov.in/files/ogdpv2dms/s3fs-public/QES.csv,,text/csv,296,Quarterly,Quarterly,0,1,,3,0,TRUE,Ministry of Labour and Employment,0,,,/resource/sector-wise-estimated-number-workers-under-fourth-round-quarterly-employment-survey-jan,644,486,data.gov.in
Shape file of reservoir,Dataset,"This GIS dataset provides a vector shapefile package of reservoir boundaries across India, enabling integrated groundwater and surface water resource planning and analysis. The package is distributed as a ZIP archive containing polygon features with reservoir-level attributes and location information. Published by the National Water Informatics Centre, the data supports spatial mapping for water resource management, policy planning, and hydrological studies. It is a one-time release with national coverage and is not a time-series dataset; the publication represents the baseline reservoir boundaries at the time of release.",Boundaries of Water Resources Projects,Central,"Department of Water Resources, River Development & Ganga Rejuvenation;Ministry of Jal Shakti;National Water Informatics Centre",,28-09-2022,28-09-2022,16-09-2022,Ground Water;Surface Water,Ground Water;Surface Water,2,,https://data.gov.in/files/ogdpv2dms/s3fs-public/dataurl15092022/Reservoir.zip,application/zip,,One-time,One-time,0,0,,,1,TRUE,National Water Informatics Centre,0,,"This zip contains the various formats i.e .shp, .shx,.dbf,.prj,.sbn, .cpg,.dbf. This zip contains the information of all major and minor reservoir of entire country. This is a point layer",/resource/shape-file-reservoir,640,568,data.gov.in
