filename,uuid,batch,status,detail
e16c75b6-7ee6-4ade-8e1f-2cd3043ff4c9.6,e16c75b6-7ee6-4ade-8e1f-2cd3043ff4c9,N/A,failed,UUID not found in batch mapping
f893dd9e-5362-4faf-b17b-87c3566d3314.xls,f893dd9e-5362-4faf-b17b-87c3566d3314,1,success,
0578a6c3-056e-4182-af7a-4307f1e0c2a7.6,0578a6c3-056e-4182-af7a-4307f1e0c2a7,N/A,failed,UUID not found in batch mapping
251f1362-2a30-431d-82e5-3e8c4ef2782d.xls,251f1362-2a30-431d-82e5-3e8c4ef2782d,1,success,
5327de14-1c10-4e64-a361-ee6e31dd3aed.xls,5327de14-1c10-4e64-a361-ee6e31dd3aed,1,success,
7d208ae4-5d65-47ec-8cb8-2a7a7ac89f8c.6,7d208ae4-5d65-47ec-8cb8-2a7a7ac89f8c,1,success,
d78e4544-5310-4430-b8ac-29a6ed4f52ab.xml,d78e4544-5310-4430-b8ac-29a6ed4f52ab,1,success,
0578a6c3-056e-4182-af7a-4307f1e0c2a7.6,0578a6c3-056e-4182-af7a-4307f1e0c2a7,N/A,failed,UUID not found in batch mapping
7e642fdf-84ea-4777-9ecd-e55089e4ffdb.csv,7e642fdf-84ea-4777-9ecd-e55089e4ffdb,4,success,
39db2785-b9ce-4029-8ca1-93866bcb4748.csv,39db2785-b9ce-4029-8ca1-93866bcb4748,4,success,
9336af5d-7aa4-47b8-8835-a52c32a2e2b6.csv,9336af5d-7aa4-47b8-8835-a52c32a2e2b6,2,success,
0d8ac41f-fe67-4cab-b25c-85a93b123b77.csv,0d8ac41f-fe67-4cab-b25c-85a93b123b77,2,success,
692d725d-5bba-4059-81fc-df64f7cba076.csv,692d725d-5bba-4059-81fc-df64f7cba076,4,success,
537707e8-7bc8-40b0-8eac-80b1adaee6e2.csv,537707e8-7bc8-40b0-8eac-80b1adaee6e2,3,success,
dfc8ca6e-89a8-4030-ae82-cfbb940aa382.csv,dfc8ca6e-89a8-4030-ae82-cfbb940aa382,7,success,
733fc0b5-49e3-441a-bb24-b210aad5f016.csv,733fc0b5-49e3-441a-bb24-b210aad5f016,2,success,
bd77430c-eff9-4c72-bc8f-aecb78b07832.csv,bd77430c-eff9-4c72-bc8f-aecb78b07832,11,success,
73410176-f8cb-4712-9d40-932fab70e5b4.csv,73410176-f8cb-4712-9d40-932fab70e5b4,10,success,
b0e0dc92-3435-4231-9bcc-ba331a42a7d4.csv,b0e0dc92-3435-4231-9bcc-ba331a42a7d4,9,success,
84640c44-b773-4c75-913e-e1a322537011.csv,84640c44-b773-4c75-913e-e1a322537011,2,success,
1428a283-8040-4f66-ad3d-b3f965c3a955.csv,1428a283-8040-4f66-ad3d-b3f965c3a955,2,success,
71285fb7-e660-4cf2-b2f3-4ba132862f2c.csv,71285fb7-e660-4cf2-b2f3-4ba132862f2c,7,success,
bdef60ae-3e53-4bed-acb7-5e1da9bc3d33.csv,bdef60ae-3e53-4bed-acb7-5e1da9bc3d33,3,success,
cf3d3c5c-dd6c-4e03-8222-ce96708178da.csv,cf3d3c5c-dd6c-4e03-8222-ce96708178da,5,success,
1cf4479f-c706-4693-aba1-b4a98163b4c7.csv,1cf4479f-c706-4693-aba1-b4a98163b4c7,10,success,
00dc8a82-b2f2-4862-b715-3a367c0490db.csv,00dc8a82-b2f2-4862-b715-3a367c0490db,2,success,
e3103bd9-e298-4669-8a17-f7322bbe385b.csv,e3103bd9-e298-4669-8a17-f7322bbe385b,10,success,
144fcc76-71fa-4afe-b821-269411d6fc46.csv,144fcc76-71fa-4afe-b821-269411d6fc46,2,success,
cc61e306-18d3-4608-b8fb-68d6662c4318.csv,cc61e306-18d3-4608-b8fb-68d6662c4318,8,success,
3cbe74a3-f4b2-40ea-b3d9-ff1603e92be7.csv,3cbe74a3-f4b2-40ea-b3d9-ff1603e92be7,8,success,
ed07c872-40a6-44f4-bddf-69f6deab4d68.csv,ed07c872-40a6-44f4-bddf-69f6deab4d68,10,success,
cd0c38f2-3fd9-4387-bc11-3036f05dc899.csv,cd0c38f2-3fd9-4387-bc11-3036f05dc899,1,success,
ca9145e9-8487-45e8-aef6-d0d0f9f6cceb.csv,ca9145e9-8487-45e8-aef6-d0d0f9f6cceb,5,success,
70640ad6-c6dd-422a-8baa-7912bf4979f2.csv,70640ad6-c6dd-422a-8baa-7912bf4979f2,2,success,
e6dfcddf-6e8b-4753-8b04-b89dcc11e94f.csv,e6dfcddf-6e8b-4753-8b04-b89dcc11e94f,2,success,
2c1e6270-1bda-4b5a-98fe-92e3c60deae8.csv,2c1e6270-1bda-4b5a-98fe-92e3c60deae8,8,success,
2f7b9190-c588-4378-8b64-df3518e429e5.csv,2f7b9190-c588-4378-8b64-df3518e429e5,10,success,
f58a70da-35ef-4f68-be36-342d0ce61c5d.csv,f58a70da-35ef-4f68-be36-342d0ce61c5d,8,success,
aa6fe32b-5743-4074-a7af-2b559858fe23.csv,aa6fe32b-5743-4074-a7af-2b559858fe23,7,success,
b5b3e1b1-dcb5-4118-8058-c8584a6d71ce.csv,b5b3e1b1-dcb5-4118-8058-c8584a6d71ce,4,success,
3adda24e-0dfe-4327-9f4a-1c56d5ea11e3.csv,3adda24e-0dfe-4327-9f4a-1c56d5ea11e3,1,success,
0a60fd76-c225-474b-aacb-faf0d85c70f4.csv,0a60fd76-c225-474b-aacb-faf0d85c70f4,5,success,
7fd0be0f-aa4a-4173-b0b7-0de886ba0927.csv,7fd0be0f-aa4a-4173-b0b7-0de886ba0927,9,success,
f1a241dd-6bcc-4181-85d6-d6613abc15c7.csv,f1a241dd-6bcc-4181-85d6-d6613abc15c7,2,success,
448088cc-3e90-4374-9c23-078ffd312869.csv,448088cc-3e90-4374-9c23-078ffd312869,10,success,
eb0f794c-c578-4dca-ac2d-a69fbb6721d1.csv,eb0f794c-c578-4dca-ac2d-a69fbb6721d1,5,success,
16acbdbf-b1ec-454c-89e4-eca2109c446e.csv,16acbdbf-b1ec-454c-89e4-eca2109c446e,4,success,
b3f779f5-2e20-4c07-91a3-4631e7e1675d.csv,b3f779f5-2e20-4c07-91a3-4631e7e1675d,7,success,
b19a7db0-d070-42a4-97c8-b30577c1fc26.csv,b19a7db0-d070-42a4-97c8-b30577c1fc26,5,success,
23e6b0d4-634d-40c4-857e-1ad0744d6c8a.csv,23e6b0d4-634d-40c4-857e-1ad0744d6c8a,9,success,
7f6a63f8-cc41-4cd2-940f-88e9730b64d5.csv,7f6a63f8-cc41-4cd2-940f-88e9730b64d5,7,success,
ad8a8565-516f-43fd-a889-9b8d184ab674.csv,ad8a8565-516f-43fd-a889-9b8d184ab674,4,success,
5673bfc1-dff0-4a41-974f-014532f09c10.csv,5673bfc1-dff0-4a41-974f-014532f09c10,3,success,
22794048-395b-4568-8e30-fe078705ef02.csv,22794048-395b-4568-8e30-fe078705ef02,2,success,
e6179465-dcbc-43a6-ae0b-db002562658b.csv,e6179465-dcbc-43a6-ae0b-db002562658b,8,success,
da19774f-6649-42fe-8581-8aff2394c0ae.csv,da19774f-6649-42fe-8581-8aff2394c0ae,9,success,
c14eb26a-0137-4147-8de8-db61f63f498a.csv,c14eb26a-0137-4147-8de8-db61f63f498a,6,success,
0c0fa6ac-101c-4aa5-ba0c-1b356dda0b90.csv,0c0fa6ac-101c-4aa5-ba0c-1b356dda0b90,6,success,
63a05e0c-dd73-4b35-8622-a054fd51a1ed.csv,63a05e0c-dd73-4b35-8622-a054fd51a1ed,1,success,
35e23218-56ae-40b2-91b4-16bf20604225.csv,35e23218-56ae-40b2-91b4-16bf20604225,11,success,
c0c491fe-0e35-499d-8a8a-4f49c0dea518.csv,c0c491fe-0e35-499d-8a8a-4f49c0dea518,4,success,
d1d8e9fd-dfb7-478c-bb92-d0dfb1cc6a23.csv,d1d8e9fd-dfb7-478c-bb92-d0dfb1cc6a23,1,success,
3f6d6e9c-0ca3-4555-9f57-913992d894be.csv,3f6d6e9c-0ca3-4555-9f57-913992d894be,3,success,
fdd46232-0cd0-4174-a959-4e76a1cb97aa.csv,fdd46232-0cd0-4174-a959-4e76a1cb97aa,5,success,
2c52d3f6-fdd2-47e1-8571-59b78efb80eb.csv,2c52d3f6-fdd2-47e1-8571-59b78efb80eb,6,success,
c326d72e-27e4-4bf8-81ad-a3d487e26199.csv,c326d72e-27e4-4bf8-81ad-a3d487e26199,8,success,
a351138e-ce88-484a-b946-49296bd1f049.csv,a351138e-ce88-484a-b946-49296bd1f049,9,success,
10331bb2-6b20-4801-b7d3-c5e97689a0ff.csv,10331bb2-6b20-4801-b7d3-c5e97689a0ff,5,success,
3fa663b3-ccf7-465a-acf8-16d5907be468.csv,3fa663b3-ccf7-465a-acf8-16d5907be468,4,success,
97c49445-6449-436c-bf15-18641cdeb475.csv,97c49445-6449-436c-bf15-18641cdeb475,3,success,
621b84f5-68bf-4857-ad53-142260cd1c78.csv,621b84f5-68bf-4857-ad53-142260cd1c78,2,success,
2eaa78ac-c7ba-44d5-a6f9-0c843374a9ac.csv,2eaa78ac-c7ba-44d5-a6f9-0c843374a9ac,1,success,
f5c57f0a-8235-4a1a-9ab7-e5c950847d6d.csv,f5c57f0a-8235-4a1a-9ab7-e5c950847d6d,1,success,
d6bb87ce-b3c1-4c69-aff8-d1a40ac2daea.csv,d6bb87ce-b3c1-4c69-aff8-d1a40ac2daea,2,success,
9fc1ab14-a412-4730-a7fd-70491e180949.csv,9fc1ab14-a412-4730-a7fd-70491e180949,3,success,
59595076-a476-4d48-bc58-cff3bf9b0eba.csv,59595076-a476-4d48-bc58-cff3bf9b0eba,10,success,
49f7469a-d831-47dd-83fb-d8fba420eb66.csv,49f7469a-d831-47dd-83fb-d8fba420eb66,4,success,
b2a0eebe-ed9c-4cec-893e-8db025db01fa.csv,b2a0eebe-ed9c-4cec-893e-8db025db01fa,9,success,
b55df179-384f-4ebf-86d4-be53f421ecda.csv,b55df179-384f-4ebf-86d4-be53f421ecda,4,success,
9e2c8a9f-1d5c-47f4-8452-3649a5836ac0.csv,9e2c8a9f-1d5c-47f4-8452-3649a5836ac0,6,success,
9ba77cb3-be04-46a8-8f2f-d9c89ef0074e.csv,9ba77cb3-be04-46a8-8f2f-d9c89ef0074e,8,success,
a79573ab-82dc-4581-a3bd-611c76b14bad.csv,a79573ab-82dc-4581-a3bd-611c76b14bad,3,success,
d041f979-fa89-4186-8fd9-b5ba11bc9e32.csv,d041f979-fa89-4186-8fd9-b5ba11bc9e32,8,success,
0c60e567-8058-4392-9607-02fd691d429e.csv,0c60e567-8058-4392-9607-02fd691d429e,2,success,
b10adae3-e20c-4ed4-84e2-357f71175bda.csv,b10adae3-e20c-4ed4-84e2-357f71175bda,2,success,
374b3dff-dcde-417a-b69e-d7ed35bff143.csv,374b3dff-dcde-417a-b69e-d7ed35bff143,9,success,
d7736fee-a192-4142-aae7-bebf97f5771a.csv,d7736fee-a192-4142-aae7-bebf97f5771a,9,success,
b0f97559-d72e-48f0-b544-7aa36fd443b6.csv,b0f97559-d72e-48f0-b544-7aa36fd443b6,2,success,
5b4d32d3-a64f-4db9-87e5-2cada6d840e5.csv,5b4d32d3-a64f-4db9-87e5-2cada6d840e5,8,success,
85fff377-f786-4925-9621-d39d00e1b4be.csv,85fff377-f786-4925-9621-d39d00e1b4be,6,success,
608ce899-0571-479f-a668-e67d329955e0.csv,608ce899-0571-479f-a668-e67d329955e0,1,success,
0b141c52-5c10-4973-b201-3b88d3cabc4f.csv,0b141c52-5c10-4973-b201-3b88d3cabc4f,5,success,
5194e537-7b8f-4dd3-b132-4014aae54337.csv,5194e537-7b8f-4dd3-b132-4014aae54337,6,success,
f1d630dc-c6e6-4e20-b100-3acf115cfb40.csv,f1d630dc-c6e6-4e20-b100-3acf115cfb40,6,success,
7ee21652-b01e-4704-94d7-c85b4e32105c.csv,7ee21652-b01e-4704-94d7-c85b4e32105c,7,success,
3e12fda0-c274-48e4-895f-2942c2d7a89e.csv,3e12fda0-c274-48e4-895f-2942c2d7a89e,8,success,
94e1bf2a-bd08-4495-a06b-ea1d4b32a2e9.csv,94e1bf2a-bd08-4495-a06b-ea1d4b32a2e9,1,success,
67b02f9a-ea92-4acc-bc3c-c209df4a5f78.csv,67b02f9a-ea92-4acc-bc3c-c209df4a5f78,4,success,
bfc0bc08-fb4e-4bc1-97d1-452693dbbc56.csv,bfc0bc08-fb4e-4bc1-97d1-452693dbbc56,4,success,
72b5ea9a-0a30-4ce3-bc82-d73cdb2d9f31.csv,72b5ea9a-0a30-4ce3-bc82-d73cdb2d9f31,1,success,
b357c01b-5cc2-48b7-a422-cab62604fde6.csv,b357c01b-5cc2-48b7-a422-cab62604fde6,6,success,
aa50cf4b-c989-45aa-ae94-929ae5738057.csv,aa50cf4b-c989-45aa-ae94-929ae5738057,4,success,
0b6434e6-ffd3-4791-abd7-6934310dd01f.csv,0b6434e6-ffd3-4791-abd7-6934310dd01f,1,success,
1534095e-2708-4151-98e7-7206976d8edf.csv,1534095e-2708-4151-98e7-7206976d8edf,8,success,
ecc6affd-ba57-4dc2-a23d-285da3c36f62.csv,ecc6affd-ba57-4dc2-a23d-285da3c36f62,3,success,
3b3c2e4c-d9d1-4f66-b018-99e34491570a.csv,3b3c2e4c-d9d1-4f66-b018-99e34491570a,2,success,
075ed7dd-4d4e-4444-a711-9a1091fbb37d.csv,075ed7dd-4d4e-4444-a711-9a1091fbb37d,3,success,
d612e17e-2bcc-4f60-9789-377da759d3fe.csv,d612e17e-2bcc-4f60-9789-377da759d3fe,7,success,
0527981f-ac1f-4655-8fe0-dc92ba362a16.csv,0527981f-ac1f-4655-8fe0-dc92ba362a16,8,success,
0f3867a4-c31a-4679-a707-1a3752642603.csv,0f3867a4-c31a-4679-a707-1a3752642603,5,success,
a117cbc3-7442-4c6d-a6f9-9720ce9eeb77.csv,a117cbc3-7442-4c6d-a6f9-9720ce9eeb77,6,success,
1b1256ac-4780-45d6-bb07-4f4e2338ec51.csv,1b1256ac-4780-45d6-bb07-4f4e2338ec51,8,success,
c8d4430b-7700-431d-bf31-0f169117b816.csv,c8d4430b-7700-431d-bf31-0f169117b816,10,success,
07b1740a-7f51-4c54-9f0a-6e86f0e49c4b.csv,07b1740a-7f51-4c54-9f0a-6e86f0e49c4b,4,success,
4c32afcd-8ef6-4443-9a0e-b28c9bb8cb53.csv,4c32afcd-8ef6-4443-9a0e-b28c9bb8cb53,4,success,
84f0017c-8244-4f0c-b903-6f96f8cd7871.csv,84f0017c-8244-4f0c-b903-6f96f8cd7871,11,success,
decef30b-806e-4ef8-9f27-292e13256798.csv,decef30b-806e-4ef8-9f27-292e13256798,9,success,
bd023508-c606-4c99-adae-bd4e0210eb42.csv,bd023508-c606-4c99-adae-bd4e0210eb42,9,success,
a977a09e-3adc-4b9b-acc5-63f315b4c0f6.csv,a977a09e-3adc-4b9b-acc5-63f315b4c0f6,6,success,
6a76ed3e-6b5c-4b00-b478-b313aa1e3565.csv,6a76ed3e-6b5c-4b00-b478-b313aa1e3565,9,success,
8c4416f6-f303-4f47-b5a8-95c8fea01619.csv,8c4416f6-f303-4f47-b5a8-95c8fea01619,10,success,
0bce71d8-3620-4e57-8e4c-d5b6abab0879.csv,0bce71d8-3620-4e57-8e4c-d5b6abab0879,7,success,
640275fe-a082-40af-b15e-4601b8955c91.csv,640275fe-a082-40af-b15e-4601b8955c91,3,success,
f3e2850d-7c56-4298-9c44-4b924fa402df.csv,f3e2850d-7c56-4298-9c44-4b924fa402df,7,success,
6fadf0db-2b89-4694-99cb-8bf99b7697e1.csv,6fadf0db-2b89-4694-99cb-8bf99b7697e1,7,success,
c3dfe800-dfb4-4f43-86a2-27d141adebf5.csv,c3dfe800-dfb4-4f43-86a2-27d141adebf5,9,success,
3b0b018e-af6c-4801-902f-f651effdac29.csv,3b0b018e-af6c-4801-902f-f651effdac29,1,success,
529e4985-fa38-46d8-953b-cab90d4146d9.csv,529e4985-fa38-46d8-953b-cab90d4146d9,10,success,
cc57908a-c644-48a8-8490-94544000d2fb.csv,cc57908a-c644-48a8-8490-94544000d2fb,4,success,
ea4a572b-0e67-4ba4-b8dd-1c56db4af816.csv,ea4a572b-0e67-4ba4-b8dd-1c56db4af816,10,success,
4ca47ac9-c94a-4673-938c-6c6e41f37247.csv,4ca47ac9-c94a-4673-938c-6c6e41f37247,10,success,
3ffe2f58-ff2b-4786-9192-ef32bce5d916.csv,3ffe2f58-ff2b-4786-9192-ef32bce5d916,5,success,
2b2ae46e-cb3e-4ff9-bfde-42333c24ac33.csv,2b2ae46e-cb3e-4ff9-bfde-42333c24ac33,4,success,
ae6a9cab-043a-4753-a883-e5a7718052e7.csv,ae6a9cab-043a-4753-a883-e5a7718052e7,9,success,
1a6c31ed-fc14-46ce-8c44-026bcfd1b43c.csv,1a6c31ed-fc14-46ce-8c44-026bcfd1b43c,7,success,
587e7f8c-893d-465f-86bf-0be8641ad1b8.csv,587e7f8c-893d-465f-86bf-0be8641ad1b8,8,success,
d30f5ec9-ed07-4cb9-9374-e6e5dc61f86c.csv,d30f5ec9-ed07-4cb9-9374-e6e5dc61f86c,2,success,
91d073c6-31f0-41d9-9779-1e6565e588c3.csv,91d073c6-31f0-41d9-9779-1e6565e588c3,1,success,
3f85f0af-d042-47e1-bc50-0e27f0eaed40.csv,3f85f0af-d042-47e1-bc50-0e27f0eaed40,5,success,
db4690d2-14d7-4f89-bb3b-403bb7b7f41f.csv,db4690d2-14d7-4f89-bb3b-403bb7b7f41f,11,success,
924abb01-1c98-4d06-aff7-e8546728cb7f.csv,924abb01-1c98-4d06-aff7-e8546728cb7f,9,success,
a427fd85-a1a7-4a42-92a6-fedd7ad59696.csv,a427fd85-a1a7-4a42-92a6-fedd7ad59696,7,success,
30b8a8a2-6781-4c2a-a6bd-0c9cb44360aa.csv,30b8a8a2-6781-4c2a-a6bd-0c9cb44360aa,7,success,
6f1613ff-8340-44c2-a37a-dab565083832.csv,6f1613ff-8340-44c2-a37a-dab565083832,9,success,
e9b34211-af0f-431b-b14f-0552ea2d0dbe.csv,e9b34211-af0f-431b-b14f-0552ea2d0dbe,9,success,
0757140e-b85c-4cee-bb40-8d73965723f6.csv,0757140e-b85c-4cee-bb40-8d73965723f6,4,success,
9665be65-98c7-401b-9f2d-0ca70dcffceb.csv,9665be65-98c7-401b-9f2d-0ca70dcffceb,3,success,
0dc66ad0-ffe1-4633-a8ea-091974353dcd.csv,0dc66ad0-ffe1-4633-a8ea-091974353dcd,3,success,
394e8867-ca30-4a40-a48b-a98e7fd6ba19.csv,394e8867-ca30-4a40-a48b-a98e7fd6ba19,1,success,
d6a73ed4-ac4b-473b-bf87-539a12d9e45b.csv,d6a73ed4-ac4b-473b-bf87-539a12d9e45b,8,success,
9d4a78e4-bdfd-484d-b3e5-f7cafaa64ce6.csv,9d4a78e4-bdfd-484d-b3e5-f7cafaa64ce6,5,success,
60a547d4-6fda-471b-9a19-9d2c93e60e70.csv,60a547d4-6fda-471b-9a19-9d2c93e60e70,5,success,
11c51797-9179-448b-8fb3-6e2b429e152f.csv,11c51797-9179-448b-8fb3-6e2b429e152f,9,success,
fb9f4cf8-fda9-4387-953c-9cd49727d12e.csv,fb9f4cf8-fda9-4387-953c-9cd49727d12e,10,success,
8299535e-8046-4661-9d5b-56b7e95a6192.csv,8299535e-8046-4661-9d5b-56b7e95a6192,7,success,
6a82db30-1b2c-4807-8a4d-42a943810c94.csv,6a82db30-1b2c-4807-8a4d-42a943810c94,5,success,
082b5308-fb9d-40e5-bfc1-17cfb65dbc55.csv,082b5308-fb9d-40e5-bfc1-17cfb65dbc55,7,success,
7d6bb0e5-2803-42d2-938c-2e522f19ca49.csv,7d6bb0e5-2803-42d2-938c-2e522f19ca49,8,success,
65b623d5-94d6-43c7-b6f9-c90028c95b23.csv,65b623d5-94d6-43c7-b6f9-c90028c95b23,7,success,
62a0684c-86fd-4930-a41c-954848670711.csv,62a0684c-86fd-4930-a41c-954848670711,8,success,
3f23653e-8bc6-4aa1-be42-28bdad0081b2.csv,3f23653e-8bc6-4aa1-be42-28bdad0081b2,8,success,
30be958f-8a25-4142-a25f-bcff3a5062a3.csv,30be958f-8a25-4142-a25f-bcff3a5062a3,10,success,
fbbb8fe0-1cb2-483d-a992-5fbd1bf44464.csv,fbbb8fe0-1cb2-483d-a992-5fbd1bf44464,5,success,
aa543576-3c09-4a31-a622-c5aabfe5c94e.csv,aa543576-3c09-4a31-a622-c5aabfe5c94e,2,success,
e8f520f6-d0fa-4e25-8448-2e2d2d37b5d1.csv,e8f520f6-d0fa-4e25-8448-2e2d2d37b5d1,9,success,
9eb14600-dcb9-4576-bf72-af7fce6fd294.csv,9eb14600-dcb9-4576-bf72-af7fce6fd294,4,success,
a63e46d2-af18-4876-a7ce-1f94b3aa6645.csv,a63e46d2-af18-4876-a7ce-1f94b3aa6645,9,success,
099c71bc-1ba8-4096-99b1-4e15417374e9.csv,099c71bc-1ba8-4096-99b1-4e15417374e9,3,success,
366ac74f-8f78-447b-875e-bb1975e7f878.csv,366ac74f-8f78-447b-875e-bb1975e7f878,5,success,
868a7431-1ce2-4129-80b2-37195ba767ce.csv,868a7431-1ce2-4129-80b2-37195ba767ce,4,success,
5ed23548-2b48-436c-b4ee-2bfc17cebf75.csv,5ed23548-2b48-436c-b4ee-2bfc17cebf75,9,success,
a7660b1e-e535-4333-8c3f-8a19f21b5a81.csv,a7660b1e-e535-4333-8c3f-8a19f21b5a81,8,success,
db11f432-2b42-410c-a574-3a29ba1436cc.csv,db11f432-2b42-410c-a574-3a29ba1436cc,5,success,
bf61af19-b49f-4f81-9b6a-87325a8a2d04.csv,bf61af19-b49f-4f81-9b6a-87325a8a2d04,4,success,
ae1b8414-3f8a-4703-8b2b-db8c2698555c.csv,ae1b8414-3f8a-4703-8b2b-db8c2698555c,5,success,
8736dcae-237a-4dcf-b85f-c436086b4564.csv,8736dcae-237a-4dcf-b85f-c436086b4564,5,success,
03b33bd8-5893-4427-a119-61e4835e62b4.csv,03b33bd8-5893-4427-a119-61e4835e62b4,8,success,
e44395ee-1c1b-4ff2-9bc7-f406dbc4dc8f.csv,e44395ee-1c1b-4ff2-9bc7-f406dbc4dc8f,8,success,
590b2b0f-9d98-46ec-87a5-665cf0ff27b7.csv,590b2b0f-9d98-46ec-87a5-665cf0ff27b7,3,success,
8dd03b01-33be-4aed-a21c-75b6373c1664.csv,8dd03b01-33be-4aed-a21c-75b6373c1664,11,success,
46c84ea6-73a1-42a8-a883-e73628d8e46e.csv,46c84ea6-73a1-42a8-a883-e73628d8e46e,1,success,
4f6429a2-f473-4b57-9823-eb1dd1e4b3a4.csv,4f6429a2-f473-4b57-9823-eb1dd1e4b3a4,2,success,
79ca84f8-d750-474f-8cfb-d71daa02de3a.csv,79ca84f8-d750-474f-8cfb-d71daa02de3a,7,success,
1e066539-297e-44a0-9c5b-78700dbafb40.csv,1e066539-297e-44a0-9c5b-78700dbafb40,9,success,
343da42a-9b17-45dc-8fa6-dad4437ab825.csv,343da42a-9b17-45dc-8fa6-dad4437ab825,6,success,
5c9b90bc-3151-4242-80c2-62ca96ab064a.csv,5c9b90bc-3151-4242-80c2-62ca96ab064a,2,success,
827c8238-6ae4-4d99-b8d0-7c84f5eb9c1c.csv,827c8238-6ae4-4d99-b8d0-7c84f5eb9c1c,3,success,
ec3fff52-6281-4b3d-8d0e-51ecb838e5b9.csv,ec3fff52-6281-4b3d-8d0e-51ecb838e5b9,8,success,
45055a5d-4e01-4419-8cc4-268f95981ce3.csv,45055a5d-4e01-4419-8cc4-268f95981ce3,5,success,
6e625fd1-f85e-4ff0-b773-5fcbb741111e.csv,6e625fd1-f85e-4ff0-b773-5fcbb741111e,2,success,
6f881443-a253-4075-a6c4-1faa84f6b3ae.csv,6f881443-a253-4075-a6c4-1faa84f6b3ae,4,success,
9cb47e34-58ce-414f-942d-a8b2bcbf3fa2.csv,9cb47e34-58ce-414f-942d-a8b2bcbf3fa2,9,success,
65e5b0bd-e6d0-408b-8cb2-5f0501bae1dd.csv,65e5b0bd-e6d0-408b-8cb2-5f0501bae1dd,6,success,
f5cb0dd6-6543-40d7-8a11-980095fec79b.csv,f5cb0dd6-6543-40d7-8a11-980095fec79b,4,success,
36890527-f73a-4ff1-a5e0-ac22f5406355.csv,36890527-f73a-4ff1-a5e0-ac22f5406355,4,success,
faa65bda-d173-40a8-af26-0ee7e0f95662.csv,faa65bda-d173-40a8-af26-0ee7e0f95662,9,success,
f421cfe6-3fd9-4793-abd2-43ea583db124.csv,f421cfe6-3fd9-4793-abd2-43ea583db124,4,success,
1b0eb359-ae24-480b-a4df-dd5cea77b462.csv,1b0eb359-ae24-480b-a4df-dd5cea77b462,11,success,
8273fa87-7eb2-4a83-a67a-47794bc8c99e.csv,8273fa87-7eb2-4a83-a67a-47794bc8c99e,11,success,
1949461d-e3df-4519-bad8-98c3b917e9ac.csv,1949461d-e3df-4519-bad8-98c3b917e9ac,7,success,
aa51d6ae-7b88-431a-b3ec-fb137d85a05b.csv,aa51d6ae-7b88-431a-b3ec-fb137d85a05b,10,success,
150a66e3-607f-41d4-bc27-1ad118bd804f.csv,150a66e3-607f-41d4-bc27-1ad118bd804f,5,success,
3d277c5b-751b-4c5d-84dc-b200047e5a83.csv,3d277c5b-751b-4c5d-84dc-b200047e5a83,3,success,
c77661ff-8663-472d-91a8-34e564101fdc.csv,c77661ff-8663-472d-91a8-34e564101fdc,9,success,
441cc802-2be0-4ddd-b882-1b6213bf1078.csv,441cc802-2be0-4ddd-b882-1b6213bf1078,5,success,
95917443-cd7c-4f98-a4a4-4646c2853be9.csv,95917443-cd7c-4f98-a4a4-4646c2853be9,3,success,
a904134b-164d-4558-8748-65520033bc9f.csv,a904134b-164d-4558-8748-65520033bc9f,5,success,
4bb2d315-ccfd-4c7d-9fb5-01040b0c6263.csv,4bb2d315-ccfd-4c7d-9fb5-01040b0c6263,2,success,
3b15d6b5-b234-4c45-ba6c-0d9c49b82d32.csv,3b15d6b5-b234-4c45-ba6c-0d9c49b82d32,9,success,
49366f47-348a-42e7-8d31-49dd159e5fac.csv,49366f47-348a-42e7-8d31-49dd159e5fac,10,success,
3c4d1150-0d81-4a90-8675-c74a6011e350.csv,3c4d1150-0d81-4a90-8675-c74a6011e350,1,success,
dc4e48fc-e1a6-4aa5-94ae-a633b54466a0.csv,dc4e48fc-e1a6-4aa5-94ae-a633b54466a0,3,success,
ffe66d88-1d3c-4b05-b572-45d8730c4150.csv,ffe66d88-1d3c-4b05-b572-45d8730c4150,9,success,
8425f4a3-490a-4c70-b644-4bb4cbafb243.csv,8425f4a3-490a-4c70-b644-4bb4cbafb243,4,success,
daf1760b-73d9-4eb7-afad-1ac200e7c695.csv,daf1760b-73d9-4eb7-afad-1ac200e7c695,10,success,
78bbf359-9d66-41cb-b6ae-0fb1fabc0732.csv,78bbf359-9d66-41cb-b6ae-0fb1fabc0732,5,success,
f0ecc025-6a60-41d6-b1bc-3c48d37d20a9.csv,f0ecc025-6a60-41d6-b1bc-3c48d37d20a9,6,success,
ea918f75-6ce5-45cd-b574-6771cb797236.csv,ea918f75-6ce5-45cd-b574-6771cb797236,9,success,
3dd8dd32-78d2-4834-aa11-c1144ee5813a.csv,3dd8dd32-78d2-4834-aa11-c1144ee5813a,3,success,
52fcc94d-e947-4768-aeb0-e53ceb7c26d1.csv,52fcc94d-e947-4768-aeb0-e53ceb7c26d1,3,success,
99a10dc2-b6a6-4772-81ad-0c53d7d7facb.csv,99a10dc2-b6a6-4772-81ad-0c53d7d7facb,8,success,
dd9f40e3-f0dd-406e-b9a2-6ed2e8a921d7.csv,dd9f40e3-f0dd-406e-b9a2-6ed2e8a921d7,9,success,
cdb22656-269a-49ad-81c0-fbb5ac3aab45.csv,cdb22656-269a-49ad-81c0-fbb5ac3aab45,6,success,
9d78060e-7f0f-45c3-920c-7bdccc8d3db3.csv,9d78060e-7f0f-45c3-920c-7bdccc8d3db3,6,success,
252ac13b-b296-4219-a222-4a4b15534509.csv,252ac13b-b296-4219-a222-4a4b15534509,6,success,
37c382eb-0d4f-43fb-8efc-bd2821158618.csv,37c382eb-0d4f-43fb-8efc-bd2821158618,6,success,
3bce5bf9-a0fc-4cf1-97af-f4cd0c3e4f74.csv,3bce5bf9-a0fc-4cf1-97af-f4cd0c3e4f74,11,success,
979e9f97-7d9e-47f6-90ec-6d8cc26ff155.csv,979e9f97-7d9e-47f6-90ec-6d8cc26ff155,10,success,
d4949d20-e572-45e8-9b8a-f23828a2ba2f.csv,d4949d20-e572-45e8-9b8a-f23828a2ba2f,7,success,
1ca4ed69-d7e9-4f72-83d1-ed2adc6f0a5a.csv,1ca4ed69-d7e9-4f72-83d1-ed2adc6f0a5a,9,success,
6f3b1aea-9aa8-4034-84a1-38732d16a36f.csv,6f3b1aea-9aa8-4034-84a1-38732d16a36f,3,success,
abe1d2c1-ad08-4fe3-9f71-d644061e1f59.csv,abe1d2c1-ad08-4fe3-9f71-d644061e1f59,2,success,
55e2be41-5ffa-435e-a447-6b3a5687cd33.csv,55e2be41-5ffa-435e-a447-6b3a5687cd33,10,success,
d1612328-8284-4c5d-872d-145a37ad6dd1.csv,d1612328-8284-4c5d-872d-145a37ad6dd1,6,success,
95121ae0-5a61-46ba-a2e8-dde319f335fe.csv,95121ae0-5a61-46ba-a2e8-dde319f335fe,4,success,
3252d0f0-0b64-4bca-ada2-429b7f41b131.csv,3252d0f0-0b64-4bca-ada2-429b7f41b131,4,success,
30517fb6-261a-4564-b88c-6f653d7820be.csv,30517fb6-261a-4564-b88c-6f653d7820be,7,success,
66733628-4c1a-44b6-9ca4-8510a68dd07c.csv,66733628-4c1a-44b6-9ca4-8510a68dd07c,3,success,
e585aa06-c6ff-46c9-acdc-41cb6502bdfe.csv,e585aa06-c6ff-46c9-acdc-41cb6502bdfe,5,success,
f722c659-5e89-4fe5-a649-d71aef157089.csv,f722c659-5e89-4fe5-a649-d71aef157089,4,success,
6910189d-68a3-4dd3-986b-b4a12bc6f962.csv,6910189d-68a3-4dd3-986b-b4a12bc6f962,5,success,
2763396d-b8d2-4085-a701-d1d6b99e8b48.csv,2763396d-b8d2-4085-a701-d1d6b99e8b48,10,success,
a07b7b3b-79ad-4514-81dd-4d0a7210f5f3.csv,a07b7b3b-79ad-4514-81dd-4d0a7210f5f3,5,success,
7f5d73e0-b8ac-4357-a4bf-9b2129662b1c.csv,7f5d73e0-b8ac-4357-a4bf-9b2129662b1c,2,success,
d9fee1db-a64e-4c04-a466-f82c33c6b735.csv,d9fee1db-a64e-4c04-a466-f82c33c6b735,3,success,
274d847a-aeac-4350-b046-effd5d468d60.csv,274d847a-aeac-4350-b046-effd5d468d60,3,success,
e6a814b9-5bfe-48c7-920b-d054659c7a42.csv,e6a814b9-5bfe-48c7-920b-d054659c7a42,4,success,
3ed9f60c-40c5-4668-9365-3fbc99ca8e95.csv,3ed9f60c-40c5-4668-9365-3fbc99ca8e95,6,success,
f827beb7-71f3-4374-a71f-10d92c365eb0.csv,f827beb7-71f3-4374-a71f-10d92c365eb0,4,success,
75e74f00-e422-423d-8ac3-cca7e4d76624.csv,75e74f00-e422-423d-8ac3-cca7e4d76624,4,success,
f3e94996-8961-4c7d-a0f0-acc4b264e1a8.csv,f3e94996-8961-4c7d-a0f0-acc4b264e1a8,1,success,
48832574-47d1-4971-bd26-80458fe2ab87.csv,48832574-47d1-4971-bd26-80458fe2ab87,4,success,
d23d9a70-3a9e-484a-affd-cd570ebf6fcc.csv,d23d9a70-3a9e-484a-affd-cd570ebf6fcc,6,success,
c464b1eb-8653-4bd6-b282-cc0bc701ca63.csv,c464b1eb-8653-4bd6-b282-cc0bc701ca63,10,success,
58df461d-9fe4-4159-afc4-ef2e17d51c8f.csv,58df461d-9fe4-4159-afc4-ef2e17d51c8f,1,success,
32afb123-571a-48bf-80ac-fd3f24718911.csv,32afb123-571a-48bf-80ac-fd3f24718911,6,success,
97986cec-26c8-47f6-854c-18f923cce338.csv,97986cec-26c8-47f6-854c-18f923cce338,3,success,
b5d03e2f-9fe9-4293-839c-40b26a0ff46e.csv,b5d03e2f-9fe9-4293-839c-40b26a0ff46e,10,success,
c801c9ed-b10f-410a-abb3-d89344bd745a.csv,c801c9ed-b10f-410a-abb3-d89344bd745a,1,success,
24864bbf-e4a4-4529-9532-bebfc45c7970.csv,24864bbf-e4a4-4529-9532-bebfc45c7970,4,success,
346f0dff-2180-4001-bd45-c4dc94413ba4.csv,346f0dff-2180-4001-bd45-c4dc94413ba4,6,success,
43c2fbd4-48db-49f0-9311-655370826b34.csv,43c2fbd4-48db-49f0-9311-655370826b34,11,success,
690ef4b0-8585-43d3-b812-90d2204d5c5d.csv,690ef4b0-8585-43d3-b812-90d2204d5c5d,3,success,
cde5c9bd-974e-495b-98ca-4db91045fa0b.csv,cde5c9bd-974e-495b-98ca-4db91045fa0b,4,success,
63356f93-fbec-420b-8278-24911c4f11e0.csv,63356f93-fbec-420b-8278-24911c4f11e0,9,success,
56c8806d-4479-48cd-b7a3-da51205a8d1c.csv,56c8806d-4479-48cd-b7a3-da51205a8d1c,6,success,
33f91966-260f-410c-9361-0c178eafb675.csv,33f91966-260f-410c-9361-0c178eafb675,2,success,
837a3cb4-eb0c-4c74-ab7a-547364f50c22.csv,837a3cb4-eb0c-4c74-ab7a-547364f50c22,3,success,
bca68f8e-9c49-4d81-ba3c-f96ac1a5e27e.csv,bca68f8e-9c49-4d81-ba3c-f96ac1a5e27e,2,success,
b1ff4383-0b83-4c34-8314-83cb32b400c4.csv,b1ff4383-0b83-4c34-8314-83cb32b400c4,5,success,
74f8296d-08e9-4298-9b4e-9d9a39abf2ee.csv,74f8296d-08e9-4298-9b4e-9d9a39abf2ee,2,success,
3165b86c-11a2-450f-93a2-1c5b5f8efb29.csv,3165b86c-11a2-450f-93a2-1c5b5f8efb29,8,success,
336a3592-329b-46a4-bec7-1d0b68a487d8.csv,336a3592-329b-46a4-bec7-1d0b68a487d8,9,success,
9c0215e8-bc44-4727-8549-ea4d7760bc13.csv,9c0215e8-bc44-4727-8549-ea4d7760bc13,3,success,
902fa4c1-41c0-4d31-9e80-6a00c3b40856.csv,902fa4c1-41c0-4d31-9e80-6a00c3b40856,1,success,
f4e066de-86c6-45ef-9da1-5b7e23698e07.csv,f4e066de-86c6-45ef-9da1-5b7e23698e07,2,success,
7189b9ba-a8ac-4b8f-8575-33f3d0af6f95.csv,7189b9ba-a8ac-4b8f-8575-33f3d0af6f95,7,success,
c4cc8053-5205-4e45-9f14-b3a5f0f08440.csv,c4cc8053-5205-4e45-9f14-b3a5f0f08440,6,success,
0771042f-af8f-41d4-ba79-bad9336f8667.csv,0771042f-af8f-41d4-ba79-bad9336f8667,9,success,
7bb2c3cb-f950-45d7-a008-2512767196a9.csv,7bb2c3cb-f950-45d7-a008-2512767196a9,7,success,
07825d64-6c91-4170-bf24-e190a75b7268.csv,07825d64-6c91-4170-bf24-e190a75b7268,6,success,
6cee28d1-424a-4886-b7eb-787b4098f17f.csv,6cee28d1-424a-4886-b7eb-787b4098f17f,10,success,
52837933-9184-4d01-9417-61bb33e1d552.csv,52837933-9184-4d01-9417-61bb33e1d552,11,success,
8f71a616-53c4-443c-afdb-6456919a4521.csv,8f71a616-53c4-443c-afdb-6456919a4521,6,success,
8f58463d-c9ab-4fcd-9a4e-e81b91c624d9.csv,8f58463d-c9ab-4fcd-9a4e-e81b91c624d9,4,success,
6464fe7e-3f6e-4e08-82a7-42ba9f59b72d.csv,6464fe7e-3f6e-4e08-82a7-42ba9f59b72d,5,success,
65d9494f-dfc5-41a8-904a-7a5ac0334268.csv,65d9494f-dfc5-41a8-904a-7a5ac0334268,6,success,
4197f277-2e7e-4b75-9d13-b5fcc1a203f8.csv,4197f277-2e7e-4b75-9d13-b5fcc1a203f8,7,success,
485f5367-0cd5-4de8-884a-17b81647dc42.csv,485f5367-0cd5-4de8-884a-17b81647dc42,3,success,
af6f4cc4-7843-4b7a-9ea5-f91ff3183a50.csv,af6f4cc4-7843-4b7a-9ea5-f91ff3183a50,6,success,
150d8a6f-f53e-44c7-88e4-a66132df36b5.csv,150d8a6f-f53e-44c7-88e4-a66132df36b5,5,success,
70568df3-34ec-41a7-bd1c-1463db078702.csv,70568df3-34ec-41a7-bd1c-1463db078702,2,success,
8346a475-9242-4b2f-b4d2-22fef16854cd.csv,8346a475-9242-4b2f-b4d2-22fef16854cd,6,success,
14f9c559-4646-4e54-a874-df3f078eabd2.csv,14f9c559-4646-4e54-a874-df3f078eabd2,5,success,
a1c8485f-df3a-4bde-b6fb-fb7ca4984ead.csv,a1c8485f-df3a-4bde-b6fb-fb7ca4984ead,9,success,
10e27086-9ef7-47a4-8c23-e0eb5ad01eff.csv,10e27086-9ef7-47a4-8c23-e0eb5ad01eff,8,success,
9d44f2c7-d7f6-4623-984e-6519c0c9ad8e.csv,9d44f2c7-d7f6-4623-984e-6519c0c9ad8e,9,success,
816f2524-c26b-41d3-897f-d92be5973b94.csv,816f2524-c26b-41d3-897f-d92be5973b94,8,success,
2eca103b-b23e-4f1e-b7bc-d9f2e27b208a.csv,2eca103b-b23e-4f1e-b7bc-d9f2e27b208a,9,success,
a27e1971-4c63-43e6-8e04-024e5f8e429d.csv,a27e1971-4c63-43e6-8e04-024e5f8e429d,8,success,
48289559-4c27-4f8c-a654-db520298faac.csv,48289559-4c27-4f8c-a654-db520298faac,10,success,
d65079d3-5b1e-4223-b195-803c79f8193e.csv,d65079d3-5b1e-4223-b195-803c79f8193e,11,success,
79f0c144-3ad3-417f-8405-b26ebab38ce8.csv,79f0c144-3ad3-417f-8405-b26ebab38ce8,4,success,
2f242722-088e-4e36-8ce8-7445db48f9d6.csv,2f242722-088e-4e36-8ce8-7445db48f9d6,3,success,
9163ef0a-55db-4830-a02c-9468a221b7b7.csv,9163ef0a-55db-4830-a02c-9468a221b7b7,1,success,
a49900ba-7f5a-4b7d-884b-dce3d5db3a56.csv,a49900ba-7f5a-4b7d-884b-dce3d5db3a56,8,success,
e3b01d91-3fd4-4c7c-9418-9ddfa2bad132.csv,e3b01d91-3fd4-4c7c-9418-9ddfa2bad132,10,success,
8596eb68-04d4-4cdd-b4ea-20e5d8d175bb.csv,8596eb68-04d4-4cdd-b4ea-20e5d8d175bb,1,success,
1514ca2a-8711-4513-af22-0619441ba36b.csv,1514ca2a-8711-4513-af22-0619441ba36b,7,success,
49bb7db4-54e6-461b-b62a-6dabf23bc724.csv,49bb7db4-54e6-461b-b62a-6dabf23bc724,1,success,
f3a8c5db-bba1-46ef-80aa-2520cce039c6.csv,f3a8c5db-bba1-46ef-80aa-2520cce039c6,8,success,
7d4cb585-7de6-45da-a54e-c1a9532e9907.csv,7d4cb585-7de6-45da-a54e-c1a9532e9907,2,success,
7ede28e8-4343-446b-92c0-13a2e5a36b42.csv,7ede28e8-4343-446b-92c0-13a2e5a36b42,4,success,
d568f294-86dd-425d-ac05-5956f4c1a860.csv,d568f294-86dd-425d-ac05-5956f4c1a860,8,success,
c9e12ef9-9a14-4466-976e-a99962b34b29.csv,c9e12ef9-9a14-4466-976e-a99962b34b29,1,success,
facdaa50-bac1-4250-9a3e-e9fe9ab4d92b.csv,facdaa50-bac1-4250-9a3e-e9fe9ab4d92b,10,success,
22ce5e6f-9354-4381-b9e4-f9acc33ffb5f.csv,22ce5e6f-9354-4381-b9e4-f9acc33ffb5f,7,success,
826d93f9-e0bd-4652-8ca5-ff53c2ab6600.csv,826d93f9-e0bd-4652-8ca5-ff53c2ab6600,3,success,
00928b55-2f46-46cc-9985-29d0b891982e.csv,00928b55-2f46-46cc-9985-29d0b891982e,4,success,
97d8f0e8-71da-42a7-8fc0-f26ea22cb492.csv,97d8f0e8-71da-42a7-8fc0-f26ea22cb492,4,success,
fec39cfd-1884-4146-a05a-326c0b1861a2.csv,fec39cfd-1884-4146-a05a-326c0b1861a2,2,success,
a73efd17-6591-4edc-a0b2-7d86776e1d14.csv,a73efd17-6591-4edc-a0b2-7d86776e1d14,6,success,
2523141c-b638-42fc-81cd-d302a372b323.csv,2523141c-b638-42fc-81cd-d302a372b323,1,success,
170f9e70-fb0d-4570-81d4-40473c673958.csv,170f9e70-fb0d-4570-81d4-40473c673958,8,success,
f9dea9ff-2f84-4ad2-b528-381e5121c7c4.csv,f9dea9ff-2f84-4ad2-b528-381e5121c7c4,8,success,
18f9cf78-13b6-41bf-8167-803ea8aff4eb.csv,18f9cf78-13b6-41bf-8167-803ea8aff4eb,8,success,
c945219e-cda0-43ea-b4d5-c6da49c4211c.csv,c945219e-cda0-43ea-b4d5-c6da49c4211c,7,success,
44943532-3f94-4f05-9e1e-595880ca816c.csv,44943532-3f94-4f05-9e1e-595880ca816c,7,success,
631fe3b6-2d2c-4851-aa73-4bacdfac721b.csv,631fe3b6-2d2c-4851-aa73-4bacdfac721b,11,success,
87e6e455-06d3-424d-acca-bb33a4563b03.csv,87e6e455-06d3-424d-acca-bb33a4563b03,5,success,
7689e7e1-e488-44e5-89df-c79ed41edde0.csv,7689e7e1-e488-44e5-89df-c79ed41edde0,6,success,
34222bac-54e8-4901-9f49-adee7e8af46e.csv,34222bac-54e8-4901-9f49-adee7e8af46e,9,success,
9b8cb46b-b743-4441-b953-cbffb1562e9b.csv,9b8cb46b-b743-4441-b953-cbffb1562e9b,10,success,
7f0c8026-d485-4851-bfb3-054c89bf7691.csv,7f0c8026-d485-4851-bfb3-054c89bf7691,3,success,
81ccf11b-1fd5-427c-b74a-4dd9393fe8b5.csv,81ccf11b-1fd5-427c-b74a-4dd9393fe8b5,9,success,
b03506da-4e89-4ce2-b4a9-773176fb1869.csv,b03506da-4e89-4ce2-b4a9-773176fb1869,1,success,
ad7e2f30-d95d-4a96-ac8c-d6f411f4a3bd.csv,ad7e2f30-d95d-4a96-ac8c-d6f411f4a3bd,10,success,
84318f60-3abe-41bf-ba41-e6b558fccdf5.csv,84318f60-3abe-41bf-ba41-e6b558fccdf5,6,success,
498f031e-45f1-4682-b569-e3a2658e6baf.csv,498f031e-45f1-4682-b569-e3a2658e6baf,2,success,
354fdc87-6713-4037-955e-8877c3b34fa9.csv,354fdc87-6713-4037-955e-8877c3b34fa9,4,success,
e7a8b340-f04d-47bb-937e-3b078c4aa691.csv,e7a8b340-f04d-47bb-937e-3b078c4aa691,9,success,
e9f0b57c-edc0-48d9-ae5a-9e3e7508773e.csv,e9f0b57c-edc0-48d9-ae5a-9e3e7508773e,10,success,
470f426f-6407-454e-9161-cd1a6d09025e.csv,470f426f-6407-454e-9161-cd1a6d09025e,10,success,
ef45e73f-db98-41e2-9b85-49e0e2d99368.csv,ef45e73f-db98-41e2-9b85-49e0e2d99368,1,success,
f952ceab-c539-4ef4-b1d2-9e8bf22035e8.csv,f952ceab-c539-4ef4-b1d2-9e8bf22035e8,9,success,
c2f22c0a-9a00-4cd9-97aa-3c29b187244e.csv,c2f22c0a-9a00-4cd9-97aa-3c29b187244e,4,success,
72d56e36-6c05-4e9e-a82a-fcf0351c6c5c.csv,72d56e36-6c05-4e9e-a82a-fcf0351c6c5c,2,success,
cbd364b1-6e91-486c-9c08-258ab5e5f5d0.csv,cbd364b1-6e91-486c-9c08-258ab5e5f5d0,3,success,
27afd104-cb48-4eb9-9f14-4c8033d97c81.csv,27afd104-cb48-4eb9-9f14-4c8033d97c81,11,success,
7f95ee11-5be5-40c1-86ca-faf48f8d6fc5.csv,7f95ee11-5be5-40c1-86ca-faf48f8d6fc5,3,success,
18eb3191-cf06-46f6-9731-5783784e4af2.csv,18eb3191-cf06-46f6-9731-5783784e4af2,6,success,
c25fa13b-5699-4e2f-9f23-36ffdb3448ba.csv,c25fa13b-5699-4e2f-9f23-36ffdb3448ba,6,success,
cb5210ca-e8f1-46cd-882b-bd40dcd71db3.csv,cb5210ca-e8f1-46cd-882b-bd40dcd71db3,5,success,
63d75373-4c10-4338-9629-3da695ebda46.csv,63d75373-4c10-4338-9629-3da695ebda46,7,success,
7ae11933-ba31-4558-b83e-3808c275378a.csv,7ae11933-ba31-4558-b83e-3808c275378a,7,success,
58b74a30-54e4-41e1-9e8d-e76ba3d3667d.csv,58b74a30-54e4-41e1-9e8d-e76ba3d3667d,5,success,
6ee66ffb-9308-4336-a5fc-ead7b7a06d16.csv,6ee66ffb-9308-4336-a5fc-ead7b7a06d16,3,success,
e3ce7f6c-3278-4a89-ac32-0fd8756b210d.csv,e3ce7f6c-3278-4a89-ac32-0fd8756b210d,2,success,
ce998d8b-e05c-4498-a4ed-eede0a9b8c0c.csv,ce998d8b-e05c-4498-a4ed-eede0a9b8c0c,1,success,
5adc88bc-c5ef-421f-bce7-adc2c272a1e0.csv,5adc88bc-c5ef-421f-bce7-adc2c272a1e0,7,success,
0142abbb-c31a-48c4-8699-718ba4ec713d.csv,0142abbb-c31a-48c4-8699-718ba4ec713d,1,success,
4edf404f-8c3e-47d9-b962-07474bd71be7.csv,4edf404f-8c3e-47d9-b962-07474bd71be7,6,success,
5ee40299-8990-4949-921e-3eee127a5682.csv,5ee40299-8990-4949-921e-3eee127a5682,1,success,
72149d5d-489c-4fd0-b015-41a8ae724ca6.csv,72149d5d-489c-4fd0-b015-41a8ae724ca6,2,success,
6af00737-af1f-481e-a6e5-0e4d1b38ad6a.csv,6af00737-af1f-481e-a6e5-0e4d1b38ad6a,4,success,
6db9b556-5dbb-4156-ad07-3d7a90b9b081.csv,6db9b556-5dbb-4156-ad07-3d7a90b9b081,11,success,
338c722d-cd90-4656-938a-42ab0230695b.csv,338c722d-cd90-4656-938a-42ab0230695b,11,success,
4e698a5f-4652-4e88-8bce-c96389b07161.csv,4e698a5f-4652-4e88-8bce-c96389b07161,7,success,
0d9707e5-18ae-4933-a5fd-db84e1bd9dda.csv,0d9707e5-18ae-4933-a5fd-db84e1bd9dda,9,success,
1b570a6e-3680-4ed9-bd8e-c39f4c777190.csv,1b570a6e-3680-4ed9-bd8e-c39f4c777190,11,success,
27bb2598-25ac-4cf5-90c5-a054f3d6ad71.csv,27bb2598-25ac-4cf5-90c5-a054f3d6ad71,2,success,
842dff04-c929-425c-b5e9-e42a4e98c783.csv,842dff04-c929-425c-b5e9-e42a4e98c783,6,success,
c8057ce4-5237-445f-90f8-ac8e6a8feecd.csv,c8057ce4-5237-445f-90f8-ac8e6a8feecd,7,success,
1fde9b7b-cc96-4250-9926-768daff667ec.csv,1fde9b7b-cc96-4250-9926-768daff667ec,6,success,
603ebae0-acdb-4aaf-a9c0-64660cd569f6.csv,603ebae0-acdb-4aaf-a9c0-64660cd569f6,7,success,
7d8c005d-731e-4235-abaa-51c1d6b9419e.csv,7d8c005d-731e-4235-abaa-51c1d6b9419e,1,success,
842b11b8-c29d-4c1d-84ba-4a2e184c59d9.csv,842b11b8-c29d-4c1d-84ba-4a2e184c59d9,9,success,
a6d3fb36-4f09-4554-b444-eb884c88f5e7.csv,a6d3fb36-4f09-4554-b444-eb884c88f5e7,8,success,
0085fa37-24e0-4210-8a06-a21742a6b629.csv,0085fa37-24e0-4210-8a06-a21742a6b629,9,success,
1bce0f6a-928f-4ef3-9863-2278d04e1d82.csv,1bce0f6a-928f-4ef3-9863-2278d04e1d82,2,success,
237a9010-ba25-40f3-871c-3bb392097dea.csv,237a9010-ba25-40f3-871c-3bb392097dea,8,success,
8174999a-bc9f-4f1c-b23b-7c0d4703f53e.csv,8174999a-bc9f-4f1c-b23b-7c0d4703f53e,10,success,
addbb37b-aaa5-43c7-85aa-28e8e193c32f.csv,addbb37b-aaa5-43c7-85aa-28e8e193c32f,2,success,
87016a79-6104-4a57-8895-05e3d22535a0.csv,87016a79-6104-4a57-8895-05e3d22535a0,3,success,
5ee3343c-e8fd-44de-9565-b844606ca670.csv,5ee3343c-e8fd-44de-9565-b844606ca670,8,success,
a1bccc90-3f37-4de8-abad-11cb5b187f49.csv,a1bccc90-3f37-4de8-abad-11cb5b187f49,8,success,
754c04f7-8ec9-4dfc-bb7c-4864b4d4f2d7.csv,754c04f7-8ec9-4dfc-bb7c-4864b4d4f2d7,2,success,
8cb20b3f-71d9-4ed8-b866-ed01e97f14f7.csv,8cb20b3f-71d9-4ed8-b866-ed01e97f14f7,1,success,
c345d547-f6f1-4d17-8026-6f501092c6ef.csv,c345d547-f6f1-4d17-8026-6f501092c6ef,7,success,
152e2f1b-3102-499c-a5a7-0371e71742e2.csv,152e2f1b-3102-499c-a5a7-0371e71742e2,4,success,
90aedb27-d68a-47fc-ba54-c19e1ffb3d74.csv,90aedb27-d68a-47fc-ba54-c19e1ffb3d74,8,success,
b31f937e-f7c1-403e-aedc-03428cbbcf44.csv,b31f937e-f7c1-403e-aedc-03428cbbcf44,7,success,
9cb17fa3-02ed-4ad1-ab9b-7aa928e81424.csv,9cb17fa3-02ed-4ad1-ab9b-7aa928e81424,3,success,
9fc6e52d-3269-4c81-8bef-a4afdcdd79ca.csv,9fc6e52d-3269-4c81-8bef-a4afdcdd79ca,10,success,
8af5b1f5-44df-42ff-b3c4-577147bcad89.csv,8af5b1f5-44df-42ff-b3c4-577147bcad89,8,success,
6b358195-f5dd-4538-a493-b3765cded53f.csv,6b358195-f5dd-4538-a493-b3765cded53f,5,success,
bd00c61f-435c-41eb-bb5e-5d99fc50249b.csv,bd00c61f-435c-41eb-bb5e-5d99fc50249b,7,success,
1fc17782-acb6-4d2d-937c-f06113193825.csv,1fc17782-acb6-4d2d-937c-f06113193825,3,success,
97548ff0-6a85-4da9-8346-4165953337df.csv,97548ff0-6a85-4da9-8346-4165953337df,3,success,
4f7680e6-ffe6-4644-8341-47617f5d687b.csv,4f7680e6-ffe6-4644-8341-47617f5d687b,5,success,
7d5712f3-e830-4c10-8d85-1f2e3edb90fc.csv,7d5712f3-e830-4c10-8d85-1f2e3edb90fc,9,success,
c9af7311-f0ae-4072-9f6f-76d36f15e595.csv,c9af7311-f0ae-4072-9f6f-76d36f15e595,3,success,
87123f8c-9d56-4302-acec-5b2a986449df.csv,87123f8c-9d56-4302-acec-5b2a986449df,8,success,
9ddbdc84-cdf9-4007-966d-7331fe5a1334.csv,9ddbdc84-cdf9-4007-966d-7331fe5a1334,1,success,
b024bec3-1a69-45ce-b052-debd73613365.csv,b024bec3-1a69-45ce-b052-debd73613365,7,success,
20078e01-65ad-46a7-aa66-5a7824422c73.csv,20078e01-65ad-46a7-aa66-5a7824422c73,11,success,
8b00c365-4be6-45c4-80c2-61ef00bf0708.csv,8b00c365-4be6-45c4-80c2-61ef00bf0708,10,success,
a11949ac-5e95-434b-b502-949d29175283.csv,a11949ac-5e95-434b-b502-949d29175283,7,success,
326be7ce-c401-47c1-a6fe-c40c25596063.csv,326be7ce-c401-47c1-a6fe-c40c25596063,6,success,
95cd98f8-3731-4bcd-acac-5aa666ca9fff.csv,95cd98f8-3731-4bcd-acac-5aa666ca9fff,8,success,
9f6ca7be-6291-4334-b679-a97b1fbc4437.csv,9f6ca7be-6291-4334-b679-a97b1fbc4437,2,success,
1b349598-e0bc-43f3-81ea-0c15c4fb2a87.csv,1b349598-e0bc-43f3-81ea-0c15c4fb2a87,8,success,
a0da9887-a592-4263-a593-3f0fc794c76a.csv,a0da9887-a592-4263-a593-3f0fc794c76a,4,success,
44f6872e-9bba-4e5c-af77-7e064e7dd0d5.csv,44f6872e-9bba-4e5c-af77-7e064e7dd0d5,3,success,
bb28338b-9315-46f1-ba2c-10b61ec27980.csv,bb28338b-9315-46f1-ba2c-10b61ec27980,5,success,
2d399bdd-7cd3-4ece-90f1-74d5bbf973ca.csv,2d399bdd-7cd3-4ece-90f1-74d5bbf973ca,9,success,
b884f348-1eb0-482e-91da-f409de445ce5.csv,b884f348-1eb0-482e-91da-f409de445ce5,7,success,
8a862cb6-a97d-4813-8941-c106e944905a.csv,8a862cb6-a97d-4813-8941-c106e944905a,2,success,
6fda4212-6bd7-4af1-8ac8-f26d6237b07b.csv,6fda4212-6bd7-4af1-8ac8-f26d6237b07b,10,success,
c914664d-a0cf-4ddc-a62a-957b08e698b9.csv,c914664d-a0cf-4ddc-a62a-957b08e698b9,1,success,
c5864b5a-724c-48ae-bfdf-d3856bdbc172.csv,c5864b5a-724c-48ae-bfdf-d3856bdbc172,7,success,
9ac7272e-e8b0-4d08-a20d-5e46231f8c54.csv,9ac7272e-e8b0-4d08-a20d-5e46231f8c54,8,success,
41dda04d-8866-4a28-a6d7-ad16e78ca9cd.csv,41dda04d-8866-4a28-a6d7-ad16e78ca9cd,10,success,
674fd66a-ad66-4382-917d-6936623077f8.csv,674fd66a-ad66-4382-917d-6936623077f8,2,success,
feede085-f0f8-468c-8aaf-7bf50d419384.csv,feede085-f0f8-468c-8aaf-7bf50d419384,2,success,
73b80d76-3352-436d-bcf3-3f5a630eae06.csv,73b80d76-3352-436d-bcf3-3f5a630eae06,3,success,
e44e8664-5a70-4550-83b3-34f4174d99e8.csv,e44e8664-5a70-4550-83b3-34f4174d99e8,7,success,
df84ae7f-316d-4345-aa9a-7aaba6671b7b.csv,df84ae7f-316d-4345-aa9a-7aaba6671b7b,7,success,
d283743f-a618-4249-86be-17ac42b83616.csv,d283743f-a618-4249-86be-17ac42b83616,9,success,
c13f6a5d-335f-4a37-8028-9a81915e44d1.csv,c13f6a5d-335f-4a37-8028-9a81915e44d1,8,success,
0999e411-ec89-436f-89d6-43dd776139cf.csv,0999e411-ec89-436f-89d6-43dd776139cf,6,success,
d5e98db3-2dee-4458-95b2-ed15c2658628.csv,d5e98db3-2dee-4458-95b2-ed15c2658628,2,success,
e5caed3c-c99a-4342-a1e3-23dd4af5c80f.csv,e5caed3c-c99a-4342-a1e3-23dd4af5c80f,1,success,
740143bb-8455-418d-b529-5e3b12522e73.csv,740143bb-8455-418d-b529-5e3b12522e73,2,success,
68f95d33-6c0b-4fb2-97fc-28d68aa83939.csv,68f95d33-6c0b-4fb2-97fc-28d68aa83939,5,success,
eb8bd0e4-f537-4efd-828f-8f4543829975.csv,eb8bd0e4-f537-4efd-828f-8f4543829975,8,success,
817128bd-b348-447a-84fd-f32cfc08687d.csv,817128bd-b348-447a-84fd-f32cfc08687d,10,success,
46bc311f-1697-4371-b403-1a1161502f7c.csv,46bc311f-1697-4371-b403-1a1161502f7c,10,success,
5fc4be47-8d6d-496b-be5c-0460f06a4c2d.csv,5fc4be47-8d6d-496b-be5c-0460f06a4c2d,4,success,
a47ebf38-c6e3-461d-99a6-91dcda9cb9e3.csv,a47ebf38-c6e3-461d-99a6-91dcda9cb9e3,2,success,
00f449ef-52c5-4164-be30-c72c4bcbaaad.csv,00f449ef-52c5-4164-be30-c72c4bcbaaad,7,success,
17841ff9-0c4a-45ff-ae93-c1e375d62de3.csv,17841ff9-0c4a-45ff-ae93-c1e375d62de3,8,success,
9b069956-777a-4618-9eb4-96e762a2557f.csv,9b069956-777a-4618-9eb4-96e762a2557f,10,success,
f71e12d2-54cc-496f-9c45-ee9ef82d7387.csv,f71e12d2-54cc-496f-9c45-ee9ef82d7387,4,success,
191f5c75-b8b6-4c43-aa1f-714e07d57c80.csv,191f5c75-b8b6-4c43-aa1f-714e07d57c80,6,success,
9be1ef05-418e-4cf9-867e-530127ab5f40.csv,9be1ef05-418e-4cf9-867e-530127ab5f40,7,success,
9a533a9a-1b3d-4ca1-b86d-15636d0b5180.csv,9a533a9a-1b3d-4ca1-b86d-15636d0b5180,7,success,
0ab8f0d7-7ad6-475a-b7bf-c6b77b402e7f.csv,0ab8f0d7-7ad6-475a-b7bf-c6b77b402e7f,2,success,
6582fa1a-e04a-416c-861d-fc820944e5e1.csv,6582fa1a-e04a-416c-861d-fc820944e5e1,7,success,
ae070ff4-855d-446a-bb39-de34f581c969.csv,ae070ff4-855d-446a-bb39-de34f581c969,11,success,
cd935910-9320-4d95-ba65-a1764a3053a7.csv,cd935910-9320-4d95-ba65-a1764a3053a7,5,success,
4cb2e05b-b362-4e7a-93c5-ac6d0c339097.csv,4cb2e05b-b362-4e7a-93c5-ac6d0c339097,1,success,
f7d0e8fd-4876-4035-b0c2-6ae88ade717b.csv,f7d0e8fd-4876-4035-b0c2-6ae88ade717b,11,success,
3c796bc4-e836-4a1e-aa78-3aa8f7cbd3ae.csv,3c796bc4-e836-4a1e-aa78-3aa8f7cbd3ae,10,success,
db08c913-32dc-450b-b7b6-797ae5a90c99.csv,db08c913-32dc-450b-b7b6-797ae5a90c99,8,success,
bef5d7ed-3e80-4ce0-88bb-ade50c00bfc3.csv,bef5d7ed-3e80-4ce0-88bb-ade50c00bfc3,2,success,
6a514cbd-b9bf-49bc-8945-52dd43901afd.csv,6a514cbd-b9bf-49bc-8945-52dd43901afd,2,success,
127ebd6e-c0c7-4a1c-b76c-ea126394dd80.csv,127ebd6e-c0c7-4a1c-b76c-ea126394dd80,8,success,
143c30f1-7ee1-4dbe-8398-5567ee446ebf.csv,143c30f1-7ee1-4dbe-8398-5567ee446ebf,9,success,
efefdef9-622d-4fb2-a568-cf8636d63dad.csv,efefdef9-622d-4fb2-a568-cf8636d63dad,10,success,
cd79d149-d352-4e2e-9f7a-65f812eb746a.csv,cd79d149-d352-4e2e-9f7a-65f812eb746a,7,success,
4dfca33e-59d5-4f56-8514-836166d3fa36.csv,4dfca33e-59d5-4f56-8514-836166d3fa36,3,success,
8ad1dcb8-a7f6-4010-9e58-c2f8476e85db.csv,8ad1dcb8-a7f6-4010-9e58-c2f8476e85db,7,success,
9265bd70-f111-4b9e-bd6a-4e669bb59e44.csv,9265bd70-f111-4b9e-bd6a-4e669bb59e44,4,success,
a8e44845-d84d-4285-9936-a9116d550be6.csv,a8e44845-d84d-4285-9936-a9116d550be6,3,success,
fcd732ce-5671-4eba-ba07-4d109c2aba7b.csv,fcd732ce-5671-4eba-ba07-4d109c2aba7b,4,success,
229ab299-37a8-4419-95c4-0ff90b5bc9be.csv,229ab299-37a8-4419-95c4-0ff90b5bc9be,1,success,
f6df8d54-aee3-480d-960b-802b57ed88a4.csv,f6df8d54-aee3-480d-960b-802b57ed88a4,8,success,
63a0fa6f-7149-4595-a65d-9c0b35763115.csv,63a0fa6f-7149-4595-a65d-9c0b35763115,6,success,
17c4a322-132e-4931-8fcd-fecf85de85a1.csv,17c4a322-132e-4931-8fcd-fecf85de85a1,1,success,
89be0213-6a77-4e48-bc22-3bbc71705cb7.csv,89be0213-6a77-4e48-bc22-3bbc71705cb7,8,success,
6d08793e-4fc9-4d49-9f02-2a45bb22d90a.csv,6d08793e-4fc9-4d49-9f02-2a45bb22d90a,9,success,
ac12fe1c-5141-41d5-b652-b84a1d981b31.csv,ac12fe1c-5141-41d5-b652-b84a1d981b31,1,success,
79af336d-8443-490c-bb37-2a1f0bba74b3.csv,79af336d-8443-490c-bb37-2a1f0bba74b3,3,success,
4b86716e-fc54-4d9f-8055-0096deaf9246.csv,4b86716e-fc54-4d9f-8055-0096deaf9246,6,success,
eca219c0-33ea-4e95-80de-673464ee81e2.csv,eca219c0-33ea-4e95-80de-673464ee81e2,6,success,
0d10b18d-b90b-4e22-9176-a04fde8d2753.csv,0d10b18d-b90b-4e22-9176-a04fde8d2753,4,success,
eac3eec1-52f4-4950-83fc-56b4cf76c2dd.csv,eac3eec1-52f4-4950-83fc-56b4cf76c2dd,9,success,
797fa5f8-9e17-411f-8020-ba8b4eb28503.csv,797fa5f8-9e17-411f-8020-ba8b4eb28503,4,success,
9084c789-a6db-4794-8e07-9a4055e26b1e.csv,9084c789-a6db-4794-8e07-9a4055e26b1e,2,success,
3facd5f6-b8f2-4233-870b-c320a96ec23c.csv,3facd5f6-b8f2-4233-870b-c320a96ec23c,11,success,
a4a393e7-1779-4c2a-9277-0d60b02a85cd.csv,a4a393e7-1779-4c2a-9277-0d60b02a85cd,11,success,
714e8616-977b-4bf5-b7d5-cc4db6ab606e.csv,714e8616-977b-4bf5-b7d5-cc4db6ab606e,1,success,
cd7bcb40-dcc8-4e12-a4fd-709c7310affe.csv,cd7bcb40-dcc8-4e12-a4fd-709c7310affe,2,success,
0aa44609-3f86-4e5c-805d-7c4315f41877.csv,0aa44609-3f86-4e5c-805d-7c4315f41877,5,success,
00292c46-66ab-450b-b8d0-e9c2eb1d77e3.csv,00292c46-66ab-450b-b8d0-e9c2eb1d77e3,5,success,
f34e3618-54ac-4480-8024-8a3172f8fee1.csv,f34e3618-54ac-4480-8024-8a3172f8fee1,6,success,
8dd926a2-a6d7-42f3-97cb-a2233fcd011e.csv,8dd926a2-a6d7-42f3-97cb-a2233fcd011e,6,success,
aa60498f-fa39-45ef-93d4-a09bcd6ff99c.csv,aa60498f-fa39-45ef-93d4-a09bcd6ff99c,5,success,
d9a2c198-ce73-433c-9c82-8a1e6dfaf168.csv,d9a2c198-ce73-433c-9c82-8a1e6dfaf168,3,success,
59b30487-11bf-40b7-a38b-f118a87e66c0.csv,59b30487-11bf-40b7-a38b-f118a87e66c0,2,success,
c827f288-13b6-492e-96fa-13acc26f7cc7.csv,c827f288-13b6-492e-96fa-13acc26f7cc7,2,success,
c643806b-1c3a-4bc4-919d-8baf8f65adc7.csv,c643806b-1c3a-4bc4-919d-8baf8f65adc7,10,success,
d8b9be3a-c666-4501-86f3-a62c6bca01cd.csv,d8b9be3a-c666-4501-86f3-a62c6bca01cd,2,success,
342a751c-fb96-442e-ad2c-15f356195357.csv,342a751c-fb96-442e-ad2c-15f356195357,3,success,
26fb3d93-8461-4055-be56-13de9c9767e9.csv,26fb3d93-8461-4055-be56-13de9c9767e9,4,success,
0fbeb97c-d4cc-4916-adc2-b20d9edd3d58.csv,0fbeb97c-d4cc-4916-adc2-b20d9edd3d58,3,success,
0538dfa7-e8f7-459b-b959-d52b36aff5bc.csv,0538dfa7-e8f7-459b-b959-d52b36aff5bc,3,success,
a4ed8e72-80eb-426d-8f76-9a12bd96131d.csv,a4ed8e72-80eb-426d-8f76-9a12bd96131d,1,success,
0e81fb78-6aa7-44b2-af17-9381932c726b.csv,0e81fb78-6aa7-44b2-af17-9381932c726b,1,success,
ef1fb9e1-2685-4d12-acee-6ad028fd5ad5.csv,ef1fb9e1-2685-4d12-acee-6ad028fd5ad5,9,success,
b7b0d3b5-ec50-49d3-9adf-320fffbde0c2.csv,b7b0d3b5-ec50-49d3-9adf-320fffbde0c2,9,success,
2b491533-30fb-4324-82a5-10ced3f2d186.csv,2b491533-30fb-4324-82a5-10ced3f2d186,3,success,
252a2154-8112-4727-85e6-42d50a7c3afa.csv,252a2154-8112-4727-85e6-42d50a7c3afa,10,success,
136d4d68-5b9e-4316-8ad3-af7cf75f140f.csv,136d4d68-5b9e-4316-8ad3-af7cf75f140f,8,success,
2560968e-5e5a-4929-9b45-1bded82e93d0.csv,2560968e-5e5a-4929-9b45-1bded82e93d0,4,success,
4b00ba6f-a05d-41fd-8126-cc36a98693c5.csv,4b00ba6f-a05d-41fd-8126-cc36a98693c5,9,success,
84379035-b6f2-4781-8a02-5589c6ddc0e7.csv,84379035-b6f2-4781-8a02-5589c6ddc0e7,8,success,
f6199c7c-c2f9-439b-b36d-ec60637d6217.csv,f6199c7c-c2f9-439b-b36d-ec60637d6217,5,success,
e1ec0cc9-956e-4e3f-88c4-8fcc3c400dc4.csv,e1ec0cc9-956e-4e3f-88c4-8fcc3c400dc4,6,success,
872dc7f9-d0f8-4876-88f6-9d211dd31973.csv,872dc7f9-d0f8-4876-88f6-9d211dd31973,7,success,
b47eee2c-3e66-4e3a-b858-1ef117f38d0f.csv,b47eee2c-3e66-4e3a-b858-1ef117f38d0f,2,success,
5b731a3e-150e-4967-b9f0-ae0d139c61ab.csv,5b731a3e-150e-4967-b9f0-ae0d139c61ab,4,success,
c57a02af-299c-4676-9ce6-3908099ed7dd.csv,c57a02af-299c-4676-9ce6-3908099ed7dd,8,success,
73874e21-be80-424b-bc2a-c131355cec73.csv,73874e21-be80-424b-bc2a-c131355cec73,4,success,
c64df90a-e894-47ad-ab76-653ba9287add.csv,c64df90a-e894-47ad-ab76-653ba9287add,3,success,
33b19c6d-beb9-46ea-8d3a-0e0586ecc5be.csv,33b19c6d-beb9-46ea-8d3a-0e0586ecc5be,3,success,
bc878486-630b-441d-9151-83b2388ef3fd.csv,bc878486-630b-441d-9151-83b2388ef3fd,7,success,
e00f0000-bf40-4db0-8d3a-c70fd71b3ed3.csv,e00f0000-bf40-4db0-8d3a-c70fd71b3ed3,8,success,
92e5a86e-1c6d-440e-a9b9-7d364ad3eeb6.csv,92e5a86e-1c6d-440e-a9b9-7d364ad3eeb6,6,success,
519f5d56-972e-4dcf-ba65-e13777bc8452.csv,519f5d56-972e-4dcf-ba65-e13777bc8452,3,success,
23dea93b-9fbe-498d-ac44-0a911241731f.csv,23dea93b-9fbe-498d-ac44-0a911241731f,8,success,
610e3f20-6957-4009-900e-8eeaf0bb61a8.csv,610e3f20-6957-4009-900e-8eeaf0bb61a8,4,success,
b3562a4a-dcc5-470a-9811-02c394db1966.csv,b3562a4a-dcc5-470a-9811-02c394db1966,9,success,
811dc49a-9b12-48a2-9d64-af6ba29902f8.csv,811dc49a-9b12-48a2-9d64-af6ba29902f8,1,success,
5edfd641-8d81-49b5-a35a-a8d559b8e9d3.csv,5edfd641-8d81-49b5-a35a-a8d559b8e9d3,5,success,
b93a64c1-71a8-41b9-80d5-4e3e1449671f.csv,b93a64c1-71a8-41b9-80d5-4e3e1449671f,5,success,
f1347e1f-dd9e-44b7-a637-b90bcec5dae6.csv,f1347e1f-dd9e-44b7-a637-b90bcec5dae6,10,success,
f6269189-3865-4c48-bfe2-ab38ab4ae8b9.csv,f6269189-3865-4c48-bfe2-ab38ab4ae8b9,1,success,
4da34779-7a28-458b-94f3-2c056a23c714.csv,4da34779-7a28-458b-94f3-2c056a23c714,9,success,
11322fc5-e06a-41e2-bcfb-3288ba8ca5e3.csv,11322fc5-e06a-41e2-bcfb-3288ba8ca5e3,9,success,
67b1369c-6e9a-47d8-8095-edd60b73eae0.csv,67b1369c-6e9a-47d8-8095-edd60b73eae0,2,success,
d7ce8e7c-d695-431e-9794-4a2e976e8d90.csv,d7ce8e7c-d695-431e-9794-4a2e976e8d90,1,success,
a6b351d3-fb5b-4640-ad6c-654004eb484b.csv,a6b351d3-fb5b-4640-ad6c-654004eb484b,10,success,
4dd75b5f-6c08-4d3d-8192-0f2d664f9ed3.csv,4dd75b5f-6c08-4d3d-8192-0f2d664f9ed3,7,success,
172fbf54-a60b-473a-a1dd-6f3219c6ddc8.csv,172fbf54-a60b-473a-a1dd-6f3219c6ddc8,9,success,
e58c5b5f-7991-4487-88e6-cbd10f5fe478.csv,e58c5b5f-7991-4487-88e6-cbd10f5fe478,1,success,
1d5865e2-0a3b-44b6-af5a-47459b45948f.csv,1d5865e2-0a3b-44b6-af5a-47459b45948f,2,success,
62de2a4b-98bc-45fa-a50c-e1992eb3d3f5.csv,62de2a4b-98bc-45fa-a50c-e1992eb3d3f5,3,success,
3640d471-bf04-4497-98e5-00bb1179d6bd.csv,3640d471-bf04-4497-98e5-00bb1179d6bd,3,success,
a078d147-3cb4-4271-9833-a91702a2ea35.csv,a078d147-3cb4-4271-9833-a91702a2ea35,8,success,
b6ac2812-62c7-481e-bf47-4b9bef622de0.csv,b6ac2812-62c7-481e-bf47-4b9bef622de0,11,success,
052fcd2b-9c5e-427f-98e4-d70aa7181db7.csv,052fcd2b-9c5e-427f-98e4-d70aa7181db7,6,success,
4b568d47-c35a-49f0-9de2-08ae5585909a.csv,4b568d47-c35a-49f0-9de2-08ae5585909a,5,success,
d98a7cf2-3190-4519-8d28-eae61fc579d8.csv,d98a7cf2-3190-4519-8d28-eae61fc579d8,6,success,
780a95f1-1b37-455b-ba27-6b28287dd93f.csv,780a95f1-1b37-455b-ba27-6b28287dd93f,3,success,
af42c9f5-b11d-4c1a-931d-07258e9ed6bf.csv,af42c9f5-b11d-4c1a-931d-07258e9ed6bf,10,success,
aabf5187-a2eb-4c84-8294-11a3524a5383.csv,aabf5187-a2eb-4c84-8294-11a3524a5383,4,success,
c1a03031-7c3c-4c0c-95f4-6b6940d201f0.csv,c1a03031-7c3c-4c0c-95f4-6b6940d201f0,9,success,
fe199827-a2e9-44fb-83b1-5f1bec4c6f51.csv,fe199827-a2e9-44fb-83b1-5f1bec4c6f51,5,success,
4f6739f2-8c62-41ac-a7e6-967a330b1fcb.csv,4f6739f2-8c62-41ac-a7e6-967a330b1fcb,1,success,
0abbf853-05f0-4638-8081-c79e1c33bb28.csv,0abbf853-05f0-4638-8081-c79e1c33bb28,2,success,
f7dfd926-e002-4c7e-80ad-de7bc5d4431e.csv,f7dfd926-e002-4c7e-80ad-de7bc5d4431e,4,success,
c6e02839-96ac-4229-9049-32ed74290484.csv,c6e02839-96ac-4229-9049-32ed74290484,4,success,
079b75c8-170c-4820-b0fe-ae1203277ab9.csv,079b75c8-170c-4820-b0fe-ae1203277ab9,6,success,
af26d5e9-5754-4483-9ea6-d978ce60c9c4.csv,af26d5e9-5754-4483-9ea6-d978ce60c9c4,2,success,
bfa21706-411e-4ba2-afba-de239662c0b5.csv,bfa21706-411e-4ba2-afba-de239662c0b5,4,success,
731d52dc-4282-442a-8a56-0856c4a5d8cb.csv,731d52dc-4282-442a-8a56-0856c4a5d8cb,3,success,
7bcebcd2-5fc0-4c06-8101-550c9a76fc9a.csv,7bcebcd2-5fc0-4c06-8101-550c9a76fc9a,9,success,
d8d38f6b-d620-4eca-8b21-68c0298b6f13.csv,d8d38f6b-d620-4eca-8b21-68c0298b6f13,3,success,
73916fc7-ed4c-41ad-be26-e954c6258426.csv,73916fc7-ed4c-41ad-be26-e954c6258426,5,success,
63aae49e-6d35-4d2c-9f96-f712c7ea116c.csv,63aae49e-6d35-4d2c-9f96-f712c7ea116c,2,success,
5c389d03-342a-458e-9fd9-c4c05c8cfdbc.csv,5c389d03-342a-458e-9fd9-c4c05c8cfdbc,6,success,
3ac7202c-e076-4395-8bbc-002b7956bb49.csv,3ac7202c-e076-4395-8bbc-002b7956bb49,3,success,
08c71196-359b-4159-b05c-aa5d324133f7.csv,08c71196-359b-4159-b05c-aa5d324133f7,3,success,
b126c784-4094-4352-bc9a-d6cd1164270a.csv,b126c784-4094-4352-bc9a-d6cd1164270a,8,success,
788fb4e3-708f-40c8-9a90-87bf77f456f6.csv,788fb4e3-708f-40c8-9a90-87bf77f456f6,4,success,
1281e609-8d99-48aa-8124-013aa03debfe.csv,1281e609-8d99-48aa-8124-013aa03debfe,3,success,
9e762808-fb48-4d03-af7c-27b47181c8c5.csv,9e762808-fb48-4d03-af7c-27b47181c8c5,2,success,
a18d96ce-1893-4603-a703-78b876ce97e3.csv,a18d96ce-1893-4603-a703-78b876ce97e3,8,success,
3b04a6fc-6194-4534-bf25-ce3f5f4ff8c9.csv,3b04a6fc-6194-4534-bf25-ce3f5f4ff8c9,8,success,
7d81cc57-e997-4c36-af58-fedef618ddd2.csv,7d81cc57-e997-4c36-af58-fedef618ddd2,3,success,
e47abccf-b51a-4a7d-a07a-bda48eba04c9.csv,e47abccf-b51a-4a7d-a07a-bda48eba04c9,9,success,
b6cdcd0b-a608-4341-abd0-150684d269b0.csv,b6cdcd0b-a608-4341-abd0-150684d269b0,9,success,
19cc1f9a-82e8-4b36-82cd-aab97f46d9ad.csv,19cc1f9a-82e8-4b36-82cd-aab97f46d9ad,9,success,
aadc5300-b889-4d99-8a27-d8509c833c9c.csv,aadc5300-b889-4d99-8a27-d8509c833c9c,10,success,
1e6158cc-5a71-4d44-a815-e0786eb6fb5f.csv,1e6158cc-5a71-4d44-a815-e0786eb6fb5f,3,success,
1e4d490f-1a73-4e11-8cb7-cc40b43e0003.csv,1e4d490f-1a73-4e11-8cb7-cc40b43e0003,2,success,
ae3b7763-90bd-4629-a434-c8c94e815569.csv,ae3b7763-90bd-4629-a434-c8c94e815569,2,success,
064561e5-6632-4e1b-a149-5f41ea88d46a.csv,064561e5-6632-4e1b-a149-5f41ea88d46a,10,success,
df0e897d-3db3-42e7-9134-d629d49d4809.csv,df0e897d-3db3-42e7-9134-d629d49d4809,9,success,
276b2b86-29f0-4446-8567-2097d184c707.csv,276b2b86-29f0-4446-8567-2097d184c707,6,success,
2c17c355-dd44-4e78-a59b-ee6d3ab24136.csv,2c17c355-dd44-4e78-a59b-ee6d3ab24136,2,success,
d6499aa0-df1d-44af-8f8e-d1b10e6641af.csv,d6499aa0-df1d-44af-8f8e-d1b10e6641af,8,success,
dd835d43-ad88-4481-8799-7387ad5d1765.csv,dd835d43-ad88-4481-8799-7387ad5d1765,9,success,
1071c8e1-8232-45a5-b5d9-2a969478ad2d.csv,1071c8e1-8232-45a5-b5d9-2a969478ad2d,5,success,
fe1b8c40-cb9e-4ee9-b632-91fd25a89c02.csv,fe1b8c40-cb9e-4ee9-b632-91fd25a89c02,3,success,
8d57b9b3-3371-4ceb-b680-51a35f2484f0.csv,8d57b9b3-3371-4ceb-b680-51a35f2484f0,10,success,
0d16f149-506a-4707-b021-3defa54e0635.csv,0d16f149-506a-4707-b021-3defa54e0635,5,success,
7c9cb374-1f2f-447c-8383-722bb9457f39.csv,7c9cb374-1f2f-447c-8383-722bb9457f39,8,success,
fee806ad-2059-4a30-99a2-a44b67743572.csv,fee806ad-2059-4a30-99a2-a44b67743572,3,success,
c5609059-f559-4463-a3b0-23227ded9794.csv,c5609059-f559-4463-a3b0-23227ded9794,4,success,
b83ba9be-e513-40b5-99ee-d15cdcf5f896.csv,b83ba9be-e513-40b5-99ee-d15cdcf5f896,5,success,
70487b73-363c-4529-9ed0-2c76cedd69df.csv,70487b73-363c-4529-9ed0-2c76cedd69df,7,success,
cd7cef59-6c55-420a-9d9c-79721182fdf9.csv,cd7cef59-6c55-420a-9d9c-79721182fdf9,4,success,
d869af48-434e-4217-bf72-ff12ead801b3.csv,d869af48-434e-4217-bf72-ff12ead801b3,3,success,
4a0e8dc9-f9ad-423b-a154-86920d796c1d.csv,4a0e8dc9-f9ad-423b-a154-86920d796c1d,3,success,
0e30a2b1-db49-48ff-9c8f-7a61f98c6a27.csv,0e30a2b1-db49-48ff-9c8f-7a61f98c6a27,2,success,
dc03b64a-dadd-4042-8bb5-d57d187d9ff9.csv,dc03b64a-dadd-4042-8bb5-d57d187d9ff9,3,success,
5e9e2ec7-8217-4a57-9da7-3d91183313dc.csv,5e9e2ec7-8217-4a57-9da7-3d91183313dc,9,success,
830f559e-d467-4ddc-bb4e-75ac7bd9afd5.csv,830f559e-d467-4ddc-bb4e-75ac7bd9afd5,4,success,
0cf640a6-f0f5-470e-85dc-593a3e29365b.csv,0cf640a6-f0f5-470e-85dc-593a3e29365b,1,success,
8e33142e-5dfd-4821-aefb-185c1ac3c319.csv,8e33142e-5dfd-4821-aefb-185c1ac3c319,9,success,
a562a558-3366-423d-b58e-9ca7d6850058.csv,a562a558-3366-423d-b58e-9ca7d6850058,5,success,
67f14999-00ef-4048-8120-375f03a299ba.csv,67f14999-00ef-4048-8120-375f03a299ba,3,success,
fb9bdc59-d0e9-45ee-8456-35b57673cc87.csv,fb9bdc59-d0e9-45ee-8456-35b57673cc87,6,success,
b487fb09-788f-4d42-856f-4ed1951d8d2e.csv,b487fb09-788f-4d42-856f-4ed1951d8d2e,6,success,
1dc7e34f-0599-4225-8e70-43057358c7ff.csv,1dc7e34f-0599-4225-8e70-43057358c7ff,11,success,
92aeae74-ca79-4f54-a6ae-5e21ca60a815.csv,92aeae74-ca79-4f54-a6ae-5e21ca60a815,1,success,
20294a4b-7cf5-42ad-930d-93fddcd3416b.csv,20294a4b-7cf5-42ad-930d-93fddcd3416b,9,success,
f047d50c-aa42-4a6b-b3ba-ba1f669762e2.csv,f047d50c-aa42-4a6b-b3ba-ba1f669762e2,9,success,
d830a264-235f-4b2f-b7ad-3667a9851e28.csv,d830a264-235f-4b2f-b7ad-3667a9851e28,3,success,
348f62f5-4c49-4dc4-8b22-873756c4a6ec.csv,348f62f5-4c49-4dc4-8b22-873756c4a6ec,8,success,
8ec004ff-27c3-40f6-8fb7-a4e37aa91b03.csv,8ec004ff-27c3-40f6-8fb7-a4e37aa91b03,10,success,
11c9921e-bbff-4aee-b0f8-a0d81aedba50.csv,11c9921e-bbff-4aee-b0f8-a0d81aedba50,9,success,
a1dce62b-6497-4bf6-9bb5-10dbdc38c03e.csv,a1dce62b-6497-4bf6-9bb5-10dbdc38c03e,9,success,
95d9584b-28c5-4607-b2ce-b9a1d0cf5ca1.csv,95d9584b-28c5-4607-b2ce-b9a1d0cf5ca1,2,success,
3abc1378-64c6-48ef-bffd-740c16abc16a.csv,3abc1378-64c6-48ef-bffd-740c16abc16a,9,success,
3cb9558d-daf5-474a-9e4e-c31401cff90c.csv,3cb9558d-daf5-474a-9e4e-c31401cff90c,8,success,
6aae3a7d-d7f9-4807-b9cf-d6c8084a1dcb.csv,6aae3a7d-d7f9-4807-b9cf-d6c8084a1dcb,10,success,
301fd327-e0af-4089-8993-14cbc13e5738.csv,301fd327-e0af-4089-8993-14cbc13e5738,7,success,
1ea3e4a0-59b8-43d4-a612-946a3852427d.csv,1ea3e4a0-59b8-43d4-a612-946a3852427d,8,success,
982c4536-e7d5-49ef-866d-7da5956210cc.csv,982c4536-e7d5-49ef-866d-7da5956210cc,7,success,
01b207a7-1bef-4ffb-8311-e497d575b807.csv,01b207a7-1bef-4ffb-8311-e497d575b807,10,success,
89f7456e-4b61-4d63-a351-2423f2c9bee8.csv,89f7456e-4b61-4d63-a351-2423f2c9bee8,8,success,
b824a634-9e44-405d-adcb-234288d47b2b.csv,b824a634-9e44-405d-adcb-234288d47b2b,4,success,
738cb511-f882-4212-bf60-216cab02f902.csv,738cb511-f882-4212-bf60-216cab02f902,8,success,
8f58a0ba-7f85-4088-8f1e-ca9e931f3420.csv,8f58a0ba-7f85-4088-8f1e-ca9e931f3420,10,success,
aa4f0f03-b0be-4980-9db8-1a1d85c52ae8.csv,aa4f0f03-b0be-4980-9db8-1a1d85c52ae8,8,success,
97289f9a-45a0-4515-b414-b8ab9926c8c0.csv,97289f9a-45a0-4515-b414-b8ab9926c8c0,1,success,
733aaa58-24b2-4807-9565-ed0f70d925a7.csv,733aaa58-24b2-4807-9565-ed0f70d925a7,7,success,
6e084faf-6d65-4753-8783-025d18f6e607.csv,6e084faf-6d65-4753-8783-025d18f6e607,6,success,
e822029d-affd-408c-af8b-e60739809652.csv,e822029d-affd-408c-af8b-e60739809652,6,success,
890cf8a2-0c9a-4471-b609-ad339442927d.csv,890cf8a2-0c9a-4471-b609-ad339442927d,9,success,
84803cba-140b-4c06-a8ae-6b5ca3941446.csv,84803cba-140b-4c06-a8ae-6b5ca3941446,2,success,
3ebfa4a8-4bca-41ce-a21f-9fb9c31e145f.csv,3ebfa4a8-4bca-41ce-a21f-9fb9c31e145f,3,success,
52ade708-dd9e-4e6b-83f7-0158a7103b73.csv,52ade708-dd9e-4e6b-83f7-0158a7103b73,5,success,
76c34e31-2587-454b-b830-a27912ae9a3b.csv,76c34e31-2587-454b-b830-a27912ae9a3b,1,success,
16f3097e-20ec-48e8-a5a2-74010c6cac4d.csv,16f3097e-20ec-48e8-a5a2-74010c6cac4d,8,success,
f23c5197-8b64-478e-86ef-04494700bac5.csv,f23c5197-8b64-478e-86ef-04494700bac5,10,success,
0b93dc6d-2a8d-486e-85bb-a3f4839cc059.csv,0b93dc6d-2a8d-486e-85bb-a3f4839cc059,10,success,
bca7decd-e156-460b-a903-5104be506e21.csv,bca7decd-e156-460b-a903-5104be506e21,7,success,
0f23ae79-5776-4e80-9784-1befab86d64b.csv,0f23ae79-5776-4e80-9784-1befab86d64b,7,success,
9f305c21-f69f-4997-a4cf-2e4088987b8f.csv,9f305c21-f69f-4997-a4cf-2e4088987b8f,7,success,
a17a935a-10e8-4aba-8fec-fd5c3eebefab.csv,a17a935a-10e8-4aba-8fec-fd5c3eebefab,7,success,
b59a1ca3-a078-4e54-b40c-f9476c12d6c1.csv,b59a1ca3-a078-4e54-b40c-f9476c12d6c1,8,success,
21b161b1-1a9a-4f6c-9094-02df422b4d97.csv,21b161b1-1a9a-4f6c-9094-02df422b4d97,5,success,
142e3395-b76f-4a9e-bdc1-02d45b1966ca.csv,142e3395-b76f-4a9e-bdc1-02d45b1966ca,1,success,
5a359769-f241-4eff-a4e9-cca45f69a0cd.csv,5a359769-f241-4eff-a4e9-cca45f69a0cd,3,success,
ea1f6838-2ed7-41f0-9f8b-0fac71baf4b9.csv,ea1f6838-2ed7-41f0-9f8b-0fac71baf4b9,7,success,
5c1e922b-30be-41b8-98e6-18515813e873.csv,5c1e922b-30be-41b8-98e6-18515813e873,4,success,
9bf2e403-e0c1-43cb-a985-e6d1f8d96b94.csv,9bf2e403-e0c1-43cb-a985-e6d1f8d96b94,2,success,
4fbb67d5-5250-4109-ab22-5414bde1a52f.csv,4fbb67d5-5250-4109-ab22-5414bde1a52f,3,success,
6ff7c69a-d235-462c-ab4d-ea2eccbe4ad2.csv,6ff7c69a-d235-462c-ab4d-ea2eccbe4ad2,5,success,
ad420387-d216-4050-bf5e-6ca770671397.csv,ad420387-d216-4050-bf5e-6ca770671397,6,success,
c73471ae-4bbc-4b64-a2c3-efa0e6a18a51.csv,c73471ae-4bbc-4b64-a2c3-efa0e6a18a51,4,success,
65af5b7d-cc7b-4e45-94db-1577b965b42a.csv,65af5b7d-cc7b-4e45-94db-1577b965b42a,5,success,
a1f66599-23da-42c3-9c08-b0b9d67575d7.csv,a1f66599-23da-42c3-9c08-b0b9d67575d7,3,success,
661b2478-1ce0-4d4b-837a-f5fdc878035e.csv,661b2478-1ce0-4d4b-837a-f5fdc878035e,7,success,
f9c318d1-4f52-4340-9611-0700fae38bd3.csv,f9c318d1-4f52-4340-9611-0700fae38bd3,5,success,
bbb77ae2-7570-46d1-befb-373c62aaffe2.csv,bbb77ae2-7570-46d1-befb-373c62aaffe2,2,success,
e06318c5-7876-48d9-9c03-b473a50be0f6.csv,e06318c5-7876-48d9-9c03-b473a50be0f6,4,success,
b8a2c417-6706-4cf4-8159-79634b4b090b.csv,b8a2c417-6706-4cf4-8159-79634b4b090b,4,success,
4a50b657-d830-43b6-9bd8-6e5b1e42a626.csv,4a50b657-d830-43b6-9bd8-6e5b1e42a626,3,success,
35b96e4c-39cc-4689-b214-b5ff433df03d.csv,35b96e4c-39cc-4689-b214-b5ff433df03d,4,success,
c46a4487-a2c9-41e4-af27-a20ccb77fffd.csv,c46a4487-a2c9-41e4-af27-a20ccb77fffd,5,success,
8d14e672-bfc5-46c3-8e60-9cab247ff36b.csv,8d14e672-bfc5-46c3-8e60-9cab247ff36b,9,success,
c370c62e-0d4a-43c7-9807-e9568efb8fc8.csv,c370c62e-0d4a-43c7-9807-e9568efb8fc8,9,success,
d5060019-bf61-4802-afa1-24d00db1dc6a.csv,d5060019-bf61-4802-afa1-24d00db1dc6a,5,success,
a8248d62-9101-49ac-b730-b39617f9370d.csv,a8248d62-9101-49ac-b730-b39617f9370d,6,success,
1804bf8b-6407-4cd3-8929-bf8b33e22215.csv,1804bf8b-6407-4cd3-8929-bf8b33e22215,9,success,
c4d07920-00ed-4489-a940-35d18ba27bc2.csv,c4d07920-00ed-4489-a940-35d18ba27bc2,6,success,
9c3f2302-8b26-4e9c-ad42-588ca6cd773a.csv,9c3f2302-8b26-4e9c-ad42-588ca6cd773a,5,success,
a8a90733-cf7b-45cf-bfc8-bfa5ca721979.csv,a8a90733-cf7b-45cf-bfc8-bfa5ca721979,10,success,
117c6ab7-60f6-45e0-bded-7896852eadb1.csv,117c6ab7-60f6-45e0-bded-7896852eadb1,9,success,
1b43c46a-0f92-4807-b55d-a0571268ec4c.csv,1b43c46a-0f92-4807-b55d-a0571268ec4c,5,success,
9bf368bf-0b0b-491d-bbc6-a1f0321c3bff.csv,9bf368bf-0b0b-491d-bbc6-a1f0321c3bff,2,success,
e75e16fd-8019-46ba-bf94-462294b81df0.csv,e75e16fd-8019-46ba-bf94-462294b81df0,10,success,
1d290edb-8f62-48cc-8616-0192921d430b.csv,1d290edb-8f62-48cc-8616-0192921d430b,9,success,
99b3def8-e71d-40bd-b8b0-89d07abdb6f3.csv,99b3def8-e71d-40bd-b8b0-89d07abdb6f3,1,success,
0682f4b6-c16e-4b60-a260-e52be14fe82b.csv,0682f4b6-c16e-4b60-a260-e52be14fe82b,1,success,
7a1ff740-2aee-456a-8a43-b8a1425b1a1d.csv,7a1ff740-2aee-456a-8a43-b8a1425b1a1d,11,success,
2170e3e3-2f1c-493e-a5a5-e8e345610988.csv,2170e3e3-2f1c-493e-a5a5-e8e345610988,6,success,
1949e441-8831-461b-967f-dcce798d9ba9.csv,1949e441-8831-461b-967f-dcce798d9ba9,8,success,
bd9a56a7-c8e9-4b74-9f57-0833ddb5d1aa.csv,bd9a56a7-c8e9-4b74-9f57-0833ddb5d1aa,2,success,
18503bb6-21da-41a9-9381-ade6e5e18584.csv,18503bb6-21da-41a9-9381-ade6e5e18584,10,success,
28039f94-b9c2-4c5a-b68c-40fadcc42552.csv,28039f94-b9c2-4c5a-b68c-40fadcc42552,3,success,
e7483188-480d-4d79-8296-46d671b5dbd0.csv,e7483188-480d-4d79-8296-46d671b5dbd0,1,success,
0e133558-d9d2-47e2-a4cb-7e6dc07a42a9.csv,0e133558-d9d2-47e2-a4cb-7e6dc07a42a9,6,success,
fd9a1cad-85ea-4c65-be24-7a58c12277ac.csv,fd9a1cad-85ea-4c65-be24-7a58c12277ac,5,success,
a8680dc1-4428-481f-b809-eb3c5e7c731a.csv,a8680dc1-4428-481f-b809-eb3c5e7c731a,7,success,
5f9adc12-4267-4371-a857-624e714ecf57.csv,5f9adc12-4267-4371-a857-624e714ecf57,7,success,
fd9ab815-5c8e-412c-80c1-ad42d8d3e7b0.csv,fd9ab815-5c8e-412c-80c1-ad42d8d3e7b0,4,success,
71580774-a123-4af0-aac3-1156e50e8641.csv,71580774-a123-4af0-aac3-1156e50e8641,4,success,
c71eed8a-8805-4b69-b98e-749c90676406.csv,c71eed8a-8805-4b69-b98e-749c90676406,4,success,
43dfec09-15fd-4b7c-a25a-3971f9fd11b9.csv,43dfec09-15fd-4b7c-a25a-3971f9fd11b9,5,success,
c904771c-e4e7-48ac-97bc-6876efec5a67.csv,c904771c-e4e7-48ac-97bc-6876efec5a67,3,success,
9b347d26-07f6-4407-86ac-b1b3eea4bc87.csv,9b347d26-07f6-4407-86ac-b1b3eea4bc87,3,success,
535244d6-ba57-4645-885a-00d35b0fa9a7.csv,535244d6-ba57-4645-885a-00d35b0fa9a7,4,success,
df6f401a-f7ab-4beb-bb81-35f10ea7cc4c.csv,df6f401a-f7ab-4beb-bb81-35f10ea7cc4c,11,success,
ceb072e4-5619-4f51-b68a-047e17dd6729.csv,ceb072e4-5619-4f51-b68a-047e17dd6729,10,success,
48e8c8e6-0a53-43b8-a093-e3d3cacb495b.csv,48e8c8e6-0a53-43b8-a093-e3d3cacb495b,2,success,
75775853-0d73-4958-90df-fd5f74591198.csv,75775853-0d73-4958-90df-fd5f74591198,1,success,
bd03db5c-79bf-4fd0-a57c-9c40e0f3f6ee.csv,bd03db5c-79bf-4fd0-a57c-9c40e0f3f6ee,6,success,
4d28bc25-cfde-4ed5-a25a-0a4271225e71.csv,4d28bc25-cfde-4ed5-a25a-0a4271225e71,3,success,
12a377b5-26ef-46e0-bb25-589b76cf5d8c.csv,12a377b5-26ef-46e0-bb25-589b76cf5d8c,7,success,
c4944fc8-d513-477c-9456-158b5d3043be.csv,c4944fc8-d513-477c-9456-158b5d3043be,3,success,
36d594f9-fe7a-4264-9b7a-996a3e4f3ca0.csv,36d594f9-fe7a-4264-9b7a-996a3e4f3ca0,9,success,
cf676a04-8ee8-4efe-a164-ba57f81fce38.csv,cf676a04-8ee8-4efe-a164-ba57f81fce38,4,success,
390752d4-e9f3-40b0-b6ef-e94a5f58c8c3.csv,390752d4-e9f3-40b0-b6ef-e94a5f58c8c3,5,success,
e307e5b0-1d82-4a3e-8adc-57fee98d8ff3.csv,e307e5b0-1d82-4a3e-8adc-57fee98d8ff3,2,success,
b4d774b3-cb96-4e65-bf36-8cd7f0afacbe.csv,b4d774b3-cb96-4e65-bf36-8cd7f0afacbe,6,success,
17ccdb12-2074-41cb-995e-f8f8edd6b799.csv,17ccdb12-2074-41cb-995e-f8f8edd6b799,6,success,
e3840158-6a1f-4214-882a-593cad86ac50.csv,e3840158-6a1f-4214-882a-593cad86ac50,7,success,
56b549db-358a-4134-8ef1-75c281515761.csv,56b549db-358a-4134-8ef1-75c281515761,3,success,
e92e5dfa-e8f8-4af3-aeb5-97dd7bd1c061.csv,e92e5dfa-e8f8-4af3-aeb5-97dd7bd1c061,9,success,
0fb46042-b270-4367-aa1c-657824646628.csv,0fb46042-b270-4367-aa1c-657824646628,11,success,
c845a764-e214-4daf-afcc-af2bbfe86a40.csv,c845a764-e214-4daf-afcc-af2bbfe86a40,6,success,
31fa0e02-c39e-4ae1-957d-20a27cc32555.csv,31fa0e02-c39e-4ae1-957d-20a27cc32555,6,success,
6209a2f8-b05a-4f8f-bdfb-96e471404c7b.csv,6209a2f8-b05a-4f8f-bdfb-96e471404c7b,1,success,
a8473f1c-cc31-47db-9c02-3cc0aaf191a7.csv,a8473f1c-cc31-47db-9c02-3cc0aaf191a7,7,success,
a9c67b90-cc4c-473d-bb4d-ba67deea2ee0.csv,a9c67b90-cc4c-473d-bb4d-ba67deea2ee0,9,success,
996ec55c-10e4-4a78-8f86-4f7ca7c6c25c.csv,996ec55c-10e4-4a78-8f86-4f7ca7c6c25c,1,success,
dd0612f9-bc70-44b1-bf00-b6b42b49e973.csv,dd0612f9-bc70-44b1-bf00-b6b42b49e973,1,success,
f8b0b192-0888-4fc5-82a6-5f255890ac41.csv,f8b0b192-0888-4fc5-82a6-5f255890ac41,10,success,
9093a57a-7bf8-4956-bb9a-ac420996bd0d.csv,9093a57a-7bf8-4956-bb9a-ac420996bd0d,6,success,
9d79c72e-cf51-4903-88d5-6d7a6c571569.csv,9d79c72e-cf51-4903-88d5-6d7a6c571569,8,success,
48b54fa4-55cf-4af1-93ca-a29127c99121.csv,48b54fa4-55cf-4af1-93ca-a29127c99121,9,success,
8819bc91-3af3-4a20-95a2-2558a76b677e.csv,8819bc91-3af3-4a20-95a2-2558a76b677e,10,success,
dd83beea-bfae-4ee1-a5b5-3d549f6e18cf.csv,dd83beea-bfae-4ee1-a5b5-3d549f6e18cf,6,success,
362a73b4-e8e6-4a3d-ba2b-29226cabb8a6.csv,362a73b4-e8e6-4a3d-ba2b-29226cabb8a6,3,success,
99856749-87ae-4912-acdf-9a708f8dbc62.csv,99856749-87ae-4912-acdf-9a708f8dbc62,3,success,
0c75dbfd-26a5-488f-80a3-f02f7994735a.csv,0c75dbfd-26a5-488f-80a3-f02f7994735a,6,success,
a3bf4f59-13ce-4dc2-950e-bc8c06b14c08.csv,a3bf4f59-13ce-4dc2-950e-bc8c06b14c08,10,success,
c06f90d6-2eba-4335-855e-46ef3fb0c61b.csv,c06f90d6-2eba-4335-855e-46ef3fb0c61b,9,success,
e2c85a56-d495-4ef8-9916-08a84b3afde2.csv,e2c85a56-d495-4ef8-9916-08a84b3afde2,7,success,
616249fd-c5b3-464c-8e6a-c9e975f31db9.csv,616249fd-c5b3-464c-8e6a-c9e975f31db9,1,success,
34671bb9-6b6d-49a7-a997-7807cc55040f.csv,34671bb9-6b6d-49a7-a997-7807cc55040f,6,success,
a68b7f77-2a58-41c7-afe9-c2a052c445f3.csv,a68b7f77-2a58-41c7-afe9-c2a052c445f3,11,success,
c5654153-f888-4433-9872-b84a50a004e9.csv,c5654153-f888-4433-9872-b84a50a004e9,2,success,
ad07e573-880c-426e-8604-a3a79802fb8b.csv,ad07e573-880c-426e-8604-a3a79802fb8b,3,success,
87b11981-2ab2-4fd4-9eb7-20cb877a3a50.csv,87b11981-2ab2-4fd4-9eb7-20cb877a3a50,3,success,
c204c5e0-1c30-49e5-b44c-538e2ca7041b.csv,c204c5e0-1c30-49e5-b44c-538e2ca7041b,6,success,
4daf654a-8d47-43e6-b668-e113ff33e3fa.csv,4daf654a-8d47-43e6-b668-e113ff33e3fa,3,success,
e75e97b4-d329-445a-8c70-b46eac8f8cca.csv,e75e97b4-d329-445a-8c70-b46eac8f8cca,8,success,
a09b4d82-067e-49db-9f65-4270aa870b9d.csv,a09b4d82-067e-49db-9f65-4270aa870b9d,8,success,
b45d1f56-dc08-4a5f-b971-0a941f6f57bd.csv,b45d1f56-dc08-4a5f-b971-0a941f6f57bd,1,success,
d9b14a6c-e34b-4eea-acee-4fcb3ae5d82d.csv,d9b14a6c-e34b-4eea-acee-4fcb3ae5d82d,1,success,
947c0e6d-11ae-4798-9b3b-2c47dad6caf8.csv,947c0e6d-11ae-4798-9b3b-2c47dad6caf8,4,success,
be4193c5-37b8-4e43-b9c6-59848e11e06f.csv,be4193c5-37b8-4e43-b9c6-59848e11e06f,1,success,
3d01993f-a160-4f8f-a0fb-c634bb023902.csv,3d01993f-a160-4f8f-a0fb-c634bb023902,7,success,
e2ab7d4e-d6e5-4990-8c0a-4eaa7b07868f.csv,e2ab7d4e-d6e5-4990-8c0a-4eaa7b07868f,3,success,
c5b5dbda-2938-47b5-bfad-bb1046ad0f98.csv,c5b5dbda-2938-47b5-bfad-bb1046ad0f98,4,success,
9097323c-283f-4a44-8b32-3cc4df1c2959.csv,9097323c-283f-4a44-8b32-3cc4df1c2959,11,success,
5ccca850-3f03-4da7-a513-d95e8d6b55ea.csv,5ccca850-3f03-4da7-a513-d95e8d6b55ea,3,success,
179d7f00-fd82-440e-b5f0-2a24b61a7400.csv,179d7f00-fd82-440e-b5f0-2a24b61a7400,7,success,
a8a17525-40f2-4559-913e-87593f9ea761.csv,a8a17525-40f2-4559-913e-87593f9ea761,3,success,
4d720b8d-8061-4d14-92be-9407819576f6.csv,4d720b8d-8061-4d14-92be-9407819576f6,2,success,
56092a5c-f6f8-41e2-9c92-1ef9705822bd.csv,56092a5c-f6f8-41e2-9c92-1ef9705822bd,9,success,
9eb3f4d9-5974-4ce4-a7f7-e8887c418807.csv,9eb3f4d9-5974-4ce4-a7f7-e8887c418807,10,success,
c6759c16-d8d3-4bcf-a2b7-9201d3c6b5df.csv,c6759c16-d8d3-4bcf-a2b7-9201d3c6b5df,6,success,
e323b4a7-d60c-44c3-943d-dfc20d70f355.csv,e323b4a7-d60c-44c3-943d-dfc20d70f355,9,success,
00b7e448-cd59-45c0-932e-cce9e2664c49.csv,00b7e448-cd59-45c0-932e-cce9e2664c49,8,success,
c62e36c5-836e-4ae7-a49e-8ef28a3ec936.csv,c62e36c5-836e-4ae7-a49e-8ef28a3ec936,1,success,
0bef4507-312b-4a76-9fa7-8a101014aed8.csv,0bef4507-312b-4a76-9fa7-8a101014aed8,1,success,
8aad943e-5247-43ec-aeb9-146b20df3373.csv,8aad943e-5247-43ec-aeb9-146b20df3373,10,success,
4b462aa7-93ee-41f9-9eb1-50f4a2a5f1ae.csv,4b462aa7-93ee-41f9-9eb1-50f4a2a5f1ae,9,success,
da04c1dd-aa0d-4512-8630-609b0988b6ef.csv,da04c1dd-aa0d-4512-8630-609b0988b6ef,8,success,
be7bd5fd-dce6-44c2-8067-d3a70309ce79.csv,be7bd5fd-dce6-44c2-8067-d3a70309ce79,1,success,
c874ef38-8296-46bc-b796-2953673f7479.csv,c874ef38-8296-46bc-b796-2953673f7479,7,success,
dac7569f-b1e0-4221-81e9-6295b11ef954.csv,dac7569f-b1e0-4221-81e9-6295b11ef954,9,success,
d072fdcd-1941-4e24-8519-d1653de0a9f7.csv,d072fdcd-1941-4e24-8519-d1653de0a9f7,4,success,
3cd965ef-14ee-438b-be6b-10459e2dffdf.csv,3cd965ef-14ee-438b-be6b-10459e2dffdf,10,success,
f386f2f5-b5e8-4d04-b14b-7db34c680cd4.csv,f386f2f5-b5e8-4d04-b14b-7db34c680cd4,3,success,
156abb36-0bff-4672-a8fe-6a772a68e241.csv,156abb36-0bff-4672-a8fe-6a772a68e241,7,success,
88a233a1-609e-415f-b9d4-455ea09c2084.csv,88a233a1-609e-415f-b9d4-455ea09c2084,10,success,
ff9254fe-13bf-4f22-aa40-19c53c3d3c45.csv,ff9254fe-13bf-4f22-aa40-19c53c3d3c45,2,success,
b97e6a57-af47-4972-801d-08a6ad3e3c2b.csv,b97e6a57-af47-4972-801d-08a6ad3e3c2b,9,success,
495a60f0-a1f5-4c51-9172-348d25a439b9.csv,495a60f0-a1f5-4c51-9172-348d25a439b9,3,success,
8fbb035d-05a0-4d56-9c2d-c20836790849.csv,8fbb035d-05a0-4d56-9c2d-c20836790849,10,success,
d5037ea9-6c26-4392-b63f-101dba7dd9f8.csv,d5037ea9-6c26-4392-b63f-101dba7dd9f8,10,success,
18f52f05-a110-4147-ad88-8cd84882bab2.csv,18f52f05-a110-4147-ad88-8cd84882bab2,4,success,
5cd7fb36-c389-40d3-b760-4a75ed2b6acb.csv,5cd7fb36-c389-40d3-b760-4a75ed2b6acb,6,success,
3e9ba807-9013-47ce-9e9f-e9f7fa50f942.csv,3e9ba807-9013-47ce-9e9f-e9f7fa50f942,2,success,
2284534b-f009-43ac-ba59-e34fc25ae4f5.csv,2284534b-f009-43ac-ba59-e34fc25ae4f5,1,success,
4680ff69-fb55-4ed3-8a30-37158d13d043.csv,4680ff69-fb55-4ed3-8a30-37158d13d043,9,success,
4255283a-54b8-4873-b632-da5dd071bdc3.csv,4255283a-54b8-4873-b632-da5dd071bdc3,5,success,
a64af9e7-f6fc-42e9-aa79-f03f5b996d53.csv,a64af9e7-f6fc-42e9-aa79-f03f5b996d53,4,success,
fec90224-1268-4923-b3ff-800b8065f80d.csv,fec90224-1268-4923-b3ff-800b8065f80d,2,success,
b5fe90b3-bf5a-4d64-b644-f6a680b29cdc.csv,b5fe90b3-bf5a-4d64-b644-f6a680b29cdc,7,success,
f85e2804-c1e0-425e-a457-2fd5feb0182f.csv,f85e2804-c1e0-425e-a457-2fd5feb0182f,4,success,
373826dd-5b48-4183-828f-81d79d9221f3.csv,373826dd-5b48-4183-828f-81d79d9221f3,1,success,
37bfc0b0-f7d4-47dc-b45d-3b83953e057c.csv,37bfc0b0-f7d4-47dc-b45d-3b83953e057c,4,success,
4f7e3f1b-9ca9-4169-ba00-474966946b56.csv,4f7e3f1b-9ca9-4169-ba00-474966946b56,8,success,
91abe00e-8bc0-4e64-bff6-74a9c6f85834.csv,91abe00e-8bc0-4e64-bff6-74a9c6f85834,2,success,
0bfb6eb6-d14a-413f-812d-fb79dbacebc4.csv,0bfb6eb6-d14a-413f-812d-fb79dbacebc4,2,success,
a1fefe41-f5d3-434e-8c5d-744856db3e2e.csv,a1fefe41-f5d3-434e-8c5d-744856db3e2e,1,success,
bf6b70f3-59c1-4a62-92bc-3b62c9458682.csv,bf6b70f3-59c1-4a62-92bc-3b62c9458682,10,success,
64cf4502-1535-47e8-aea8-c7f23d48f2d1.csv,64cf4502-1535-47e8-aea8-c7f23d48f2d1,3,success,
062b05ad-93da-4134-ab7b-bbddfd22cbbf.csv,062b05ad-93da-4134-ab7b-bbddfd22cbbf,5,success,
b7d250ec-208e-4c89-8b9f-09ab2c50a4eb.csv,b7d250ec-208e-4c89-8b9f-09ab2c50a4eb,11,success,
4084d630-2898-4d7f-8400-6707f7d3d356.csv,4084d630-2898-4d7f-8400-6707f7d3d356,4,success,
2f848b6c-fa0c-417a-8207-8c4afe2e4b94.csv,2f848b6c-fa0c-417a-8207-8c4afe2e4b94,5,success,
84b984ef-8c6d-4e6a-98bc-ff6d6c66f753.csv,84b984ef-8c6d-4e6a-98bc-ff6d6c66f753,5,success,
e4d824ea-61d5-4c27-af98-2ac09063ee03.csv,e4d824ea-61d5-4c27-af98-2ac09063ee03,2,success,
673e6f72-583f-4383-a8f9-161d07b370d6.csv,673e6f72-583f-4383-a8f9-161d07b370d6,10,success,
adf320d9-9f28-4d45-99e7-dd947d7f9973.csv,adf320d9-9f28-4d45-99e7-dd947d7f9973,2,success,
9dea13b5-48a2-4e3d-9cc8-16097f72a6c6.csv,9dea13b5-48a2-4e3d-9cc8-16097f72a6c6,1,success,
3919dc18-a487-4930-92f7-c684006f6ad7.csv,3919dc18-a487-4930-92f7-c684006f6ad7,7,success,
53b5def9-af30-4187-a0f1-18b963ac8109.csv,53b5def9-af30-4187-a0f1-18b963ac8109,8,success,
fb9f3f1f-0f90-479f-b9f6-a0751acc0b6c.csv,fb9f3f1f-0f90-479f-b9f6-a0751acc0b6c,6,success,
6c552b80-3d1f-4eee-b507-6e798a6b3676.csv,6c552b80-3d1f-4eee-b507-6e798a6b3676,9,success,
658edd20-cc0e-4bd8-98f7-0e537eb98362.csv,658edd20-cc0e-4bd8-98f7-0e537eb98362,2,success,
ed82cd8b-454c-4e58-9b39-c020c1a8232b.csv,ed82cd8b-454c-4e58-9b39-c020c1a8232b,5,success,
8bd55f67-d22c-4321-abff-13dd8bb1a998.csv,8bd55f67-d22c-4321-abff-13dd8bb1a998,6,success,
2914798c-a653-4d50-973b-62d00a77fd10.csv,2914798c-a653-4d50-973b-62d00a77fd10,8,success,
0c2ef5f3-ca69-4016-a5a8-53cafa808c2e.csv,0c2ef5f3-ca69-4016-a5a8-53cafa808c2e,9,success,
df737c99-9c60-46b0-bd6c-095562101de1.csv,df737c99-9c60-46b0-bd6c-095562101de1,7,success,
40134985-5319-4f07-9e79-4eabf3678f08.csv,40134985-5319-4f07-9e79-4eabf3678f08,7,success,
d0820e4d-9a43-44a4-b61c-2530bc3a4eec.csv,d0820e4d-9a43-44a4-b61c-2530bc3a4eec,7,success,
8d6e7ca0-f01f-4a07-9c9a-2118f025cd23.csv,8d6e7ca0-f01f-4a07-9c9a-2118f025cd23,2,success,
96bcc423-3bcd-4d43-bbde-0bc20d2db6c3.csv,96bcc423-3bcd-4d43-bbde-0bc20d2db6c3,3,success,
69a4b9a9-aaf5-43e6-8ecd-62853b69d32c.csv,69a4b9a9-aaf5-43e6-8ecd-62853b69d32c,1,success,
55970958-1016-4f8f-8614-d3fc6800f71c.csv,55970958-1016-4f8f-8614-d3fc6800f71c,4,success,
ec801e77-6770-4806-9026-a7558e4eb5bc.csv,ec801e77-6770-4806-9026-a7558e4eb5bc,11,success,
17d56451-a36c-4919-96b3-ebfdb282eee8.csv,17d56451-a36c-4919-96b3-ebfdb282eee8,4,success,
8e5d93fd-5e88-4fea-9d8f-82db09c2ba4c.csv,8e5d93fd-5e88-4fea-9d8f-82db09c2ba4c,7,success,
aa85ac47-fa5d-47ce-9111-bc9e870c900d.csv,aa85ac47-fa5d-47ce-9111-bc9e870c900d,5,success,
5bb55800-d365-4b5b-82ae-4c00ba45a5fe.csv,5bb55800-d365-4b5b-82ae-4c00ba45a5fe,10,success,
4a726b8d-d346-4982-b7c9-405fd8191d4d.csv,4a726b8d-d346-4982-b7c9-405fd8191d4d,5,success,
0174e5ef-9d56-4fdf-8932-4b498ac777f9.csv,0174e5ef-9d56-4fdf-8932-4b498ac777f9,1,success,
bb61e1d3-e961-4681-b18a-5f7fb48e34f3.csv,bb61e1d3-e961-4681-b18a-5f7fb48e34f3,5,success,
800cc00e-ce6e-4133-b120-d82108c74daf.csv,800cc00e-ce6e-4133-b120-d82108c74daf,9,success,
e7af4b99-689a-4b40-9833-6657bf0785ea.csv,e7af4b99-689a-4b40-9833-6657bf0785ea,7,success,
bae82b6d-990c-49fd-b961-77056a001e44.csv,bae82b6d-990c-49fd-b961-77056a001e44,6,success,
8a722e20-4a62-450c-84d3-4aee6b45a480.csv,8a722e20-4a62-450c-84d3-4aee6b45a480,2,success,
e309c9f3-a73f-454c-98df-cddd819bbd74.csv,e309c9f3-a73f-454c-98df-cddd819bbd74,2,success,
103b80e4-f726-40db-a01b-dffdc91c919d.csv,103b80e4-f726-40db-a01b-dffdc91c919d,8,success,
032acbd0-c92b-40d6-9270-3b3ef48e4157.csv,032acbd0-c92b-40d6-9270-3b3ef48e4157,8,success,
774f93b0-7833-4aff-8016-f8e03eab88ad.csv,774f93b0-7833-4aff-8016-f8e03eab88ad,8,success,
ab9842b2-f2c6-4656-ac36-d2b543edbff7.csv,ab9842b2-f2c6-4656-ac36-d2b543edbff7,7,success,
f26e29c9-b114-43a8-ac47-2e50b84b0589.csv,f26e29c9-b114-43a8-ac47-2e50b84b0589,7,success,
0b7045cf-70ac-480a-93b5-22ae19aa5a85.csv,0b7045cf-70ac-480a-93b5-22ae19aa5a85,10,success,
758ce4c3-104c-4b72-83b1-f4c91f958b74.csv,758ce4c3-104c-4b72-83b1-f4c91f958b74,10,success,
38281eb6-b54e-4a65-897b-610bc7c8a6c2.csv,38281eb6-b54e-4a65-897b-610bc7c8a6c2,9,success,
7f74f6e0-7d5b-4df0-b088-c520d43bc079.csv,7f74f6e0-7d5b-4df0-b088-c520d43bc079,10,success,
ce5fc5c4-db2c-4b43-aadb-16a841c8a5c9.csv,ce5fc5c4-db2c-4b43-aadb-16a841c8a5c9,6,success,
68c347f8-6efd-4fbd-9575-60d9269cc6b0.csv,68c347f8-6efd-4fbd-9575-60d9269cc6b0,5,success,
0a21174a-57a0-415f-bb52-197fb2524b54.csv,0a21174a-57a0-415f-bb52-197fb2524b54,8,success,
da7689d5-21dc-4ed2-9d67-4fc5ca3035dd.csv,da7689d5-21dc-4ed2-9d67-4fc5ca3035dd,4,success,
fea0be4b-fdc9-402b-9e3a-687b46e91e79.csv,fea0be4b-fdc9-402b-9e3a-687b46e91e79,9,success,
8fa4f9d4-0009-46ed-abe2-8e9cddd79a6b.csv,8fa4f9d4-0009-46ed-abe2-8e9cddd79a6b,11,success,
b62f676f-66aa-4cf5-a7ba-e208ad963f7a.csv,b62f676f-66aa-4cf5-a7ba-e208ad963f7a,5,success,
64fad436-1a9b-4450-9f3d-fc848cc4e7c3.csv,64fad436-1a9b-4450-9f3d-fc848cc4e7c3,3,success,
7a8daaae-af86-4d6d-9319-86d18847c6e7.csv,7a8daaae-af86-4d6d-9319-86d18847c6e7,10,success,
746d400f-8824-4e34-95de-f621a9b3d95c.csv,746d400f-8824-4e34-95de-f621a9b3d95c,9,success,
889344e4-6b47-47e7-9e50-74dde9d05a08.csv,889344e4-6b47-47e7-9e50-74dde9d05a08,4,success,
bdba4a66-2e7c-4083-8cdd-d70af61444c6.csv,bdba4a66-2e7c-4083-8cdd-d70af61444c6,11,success,
81eeb375-474c-46ec-9b5c-07fb89a37d71.csv,81eeb375-474c-46ec-9b5c-07fb89a37d71,9,success,
1eb3ede9-a5b1-4cdf-872c-48df08cf56e1.csv,1eb3ede9-a5b1-4cdf-872c-48df08cf56e1,2,success,
8b12ca88-96f3-4e4b-9fa2-87be699ab818.csv,8b12ca88-96f3-4e4b-9fa2-87be699ab818,2,success,
f7d9fa5f-b841-4ef6-9e2b-7bc2c4805149.csv,f7d9fa5f-b841-4ef6-9e2b-7bc2c4805149,1,success,
19b59a97-7ab9-4ea9-ac85-b350591591a6.csv,19b59a97-7ab9-4ea9-ac85-b350591591a6,3,success,
6a9e0f79-8f3b-4ded-a7e8-0269e9771659.csv,6a9e0f79-8f3b-4ded-a7e8-0269e9771659,10,success,
0568627e-39d0-47d1-b84b-bc4ee552aca9.csv,0568627e-39d0-47d1-b84b-bc4ee552aca9,1,success,
da194b20-5cd0-4931-80aa-66b4cf87aa67.csv,da194b20-5cd0-4931-80aa-66b4cf87aa67,2,success,
451d78d0-d050-4987-b5a3-7110d0162d36.csv,451d78d0-d050-4987-b5a3-7110d0162d36,5,success,
a028471a-2781-4917-a022-9993b6c5e6c1.csv,a028471a-2781-4917-a022-9993b6c5e6c1,6,success,
74b5e935-5d4d-401d-9793-9dbf234e7e2a.csv,74b5e935-5d4d-401d-9793-9dbf234e7e2a,8,success,
ea67fde4-0457-4ebb-9338-9e9ad72513ab.csv,ea67fde4-0457-4ebb-9338-9e9ad72513ab,8,success,
5b9fc754-56a9-47bf-97f7-9ecf68376995.csv,5b9fc754-56a9-47bf-97f7-9ecf68376995,11,success,
62b1fffd-ad3b-4bfa-bb9d-5dac5ff31698.csv,62b1fffd-ad3b-4bfa-bb9d-5dac5ff31698,9,success,
580c2c3d-1a51-4639-8941-bcc8836c9e72.csv,580c2c3d-1a51-4639-8941-bcc8836c9e72,5,success,
bbf4c13d-d5c0-436e-8c81-0d1ac8c20043.csv,bbf4c13d-d5c0-436e-8c81-0d1ac8c20043,7,success,
500cad74-9938-4914-b79d-faad14919404.csv,500cad74-9938-4914-b79d-faad14919404,1,success,
81761e70-b4ab-4e07-9685-b4548a85a564.csv,81761e70-b4ab-4e07-9685-b4548a85a564,8,success,
c0fa2fb2-b596-4138-b9f7-869d6a75537f.csv,c0fa2fb2-b596-4138-b9f7-869d6a75537f,1,success,
28594ce1-1be8-4f4d-bf85-ea0fb86739f7.csv,28594ce1-1be8-4f4d-bf85-ea0fb86739f7,8,success,
a24dba67-c0be-4076-bcad-82b21f870f24.csv,a24dba67-c0be-4076-bcad-82b21f870f24,7,success,
c043e916-871f-43fe-a98f-9d938fd9503d.csv,c043e916-871f-43fe-a98f-9d938fd9503d,7,success,
c26e8f06-40f6-4c60-a7da-2a8565e783a2.csv,c26e8f06-40f6-4c60-a7da-2a8565e783a2,6,success,
810c973a-ec6d-4881-9f6d-13cc2f55b93a.csv,810c973a-ec6d-4881-9f6d-13cc2f55b93a,3,success,
c3d9072a-f63b-40d0-816b-e8366fe99c83.csv,c3d9072a-f63b-40d0-816b-e8366fe99c83,11,success,
e88a4a2c-b5c7-4b5c-a216-864e6e065e5a.csv,e88a4a2c-b5c7-4b5c-a216-864e6e065e5a,6,success,
0cfb08ad-8b01-454d-85da-0c4ace3b345b.csv,0cfb08ad-8b01-454d-85da-0c4ace3b345b,5,success,
e672e1e3-d387-4515-96a2-28e78710a796.csv,e672e1e3-d387-4515-96a2-28e78710a796,6,success,
2b3fc392-c886-49fc-be86-3114867f5988.csv,2b3fc392-c886-49fc-be86-3114867f5988,4,success,
9cca23ae-b3e7-4aae-a4d8-625e6c431017.csv,9cca23ae-b3e7-4aae-a4d8-625e6c431017,11,success,
788623a9-bc8a-4d28-8a49-a364fba64d6c.csv,788623a9-bc8a-4d28-8a49-a364fba64d6c,2,success,
98be9c44-79f8-4a3e-a98e-13be89e1cc9a.csv,98be9c44-79f8-4a3e-a98e-13be89e1cc9a,5,success,
da5f955c-4b70-4daf-a548-7710b3efcf57.csv,da5f955c-4b70-4daf-a548-7710b3efcf57,2,success,
610ab982-e871-44b5-9b09-fa0bbe5422b5.csv,610ab982-e871-44b5-9b09-fa0bbe5422b5,1,success,
ef2abf92-994d-449a-b553-160926ea7152.csv,ef2abf92-994d-449a-b553-160926ea7152,5,success,
013ce031-9b6f-4cbe-a5a0-49ca04e00919.csv,013ce031-9b6f-4cbe-a5a0-49ca04e00919,4,success,
0ec1ec9c-9868-40cb-bca6-00f3e5e7e182.csv,0ec1ec9c-9868-40cb-bca6-00f3e5e7e182,8,success,
739abd16-765e-4fb8-87b2-a1320698155e.csv,739abd16-765e-4fb8-87b2-a1320698155e,10,success,
ece80f96-7545-4cb8-a67c-41d07b960188.csv,ece80f96-7545-4cb8-a67c-41d07b960188,9,success,
99b6e6e4-a125-439e-b8a0-ab3a7ec2735a.csv,99b6e6e4-a125-439e-b8a0-ab3a7ec2735a,3,success,
2cfea6ff-5914-4b8d-8c2d-2c6ce7751991.csv,2cfea6ff-5914-4b8d-8c2d-2c6ce7751991,8,success,
da912f59-bd1a-4807-ba71-907ebf1e8d5f.csv,da912f59-bd1a-4807-ba71-907ebf1e8d5f,6,success,
529e299f-92a0-44d9-8c6c-177b2b53b8c8.csv,529e299f-92a0-44d9-8c6c-177b2b53b8c8,5,success,
920bcd99-667e-487c-9f5a-eb6ce7f44461.csv,920bcd99-667e-487c-9f5a-eb6ce7f44461,11,success,
7febc3a9-3243-4a43-aeb7-77a093ac3f0f.csv,7febc3a9-3243-4a43-aeb7-77a093ac3f0f,1,success,
21ffce3d-6e06-4be6-b8e8-15bab0cada9b.csv,21ffce3d-6e06-4be6-b8e8-15bab0cada9b,7,success,
e7b46635-d6b4-490a-8505-41e59f3adadd.csv,e7b46635-d6b4-490a-8505-41e59f3adadd,1,success,
ed6a90b4-edaf-4d23-8457-ae9e3998c6e5.csv,ed6a90b4-edaf-4d23-8457-ae9e3998c6e5,11,success,
143bc4a2-5220-4a0c-8641-fc88c78fc161.csv,143bc4a2-5220-4a0c-8641-fc88c78fc161,3,success,
68ddbd24-1ec1-43a0-8238-8e2964d002c7.csv,68ddbd24-1ec1-43a0-8238-8e2964d002c7,11,success,
8e0f1e48-0ef2-429f-af9c-32fb60bb4a08.csv,8e0f1e48-0ef2-429f-af9c-32fb60bb4a08,9,success,
4a81426a-ddab-463c-8cc5-811299f21588.csv,4a81426a-ddab-463c-8cc5-811299f21588,1,success,
ed9c7df6-8b67-47e1-8dc3-f38431d4395e.csv,ed9c7df6-8b67-47e1-8dc3-f38431d4395e,2,success,
5f89f5dc-7a49-43c2-89e6-300d8673c2c8.csv,5f89f5dc-7a49-43c2-89e6-300d8673c2c8,10,success,
535f1fc3-6c64-43cf-93cd-5d6f0e98b39d.csv,535f1fc3-6c64-43cf-93cd-5d6f0e98b39d,3,success,
7a3de327-b5dc-4119-a31a-4f08fe987c72.csv,7a3de327-b5dc-4119-a31a-4f08fe987c72,7,success,
773245ec-b30a-4683-b81c-00bd0267c9fc.csv,773245ec-b30a-4683-b81c-00bd0267c9fc,5,success,
6c5063f5-af74-4115-895f-b23a54e00b71.csv,6c5063f5-af74-4115-895f-b23a54e00b71,4,success,
1dfa645a-87d2-4b79-9b9f-8e406c001ee7.csv,1dfa645a-87d2-4b79-9b9f-8e406c001ee7,5,success,
0272de50-9419-4fb0-b536-2fece29f3af4.csv,0272de50-9419-4fb0-b536-2fece29f3af4,10,success,
00a707e0-653c-49ec-8f5c-a7470251d655.csv,00a707e0-653c-49ec-8f5c-a7470251d655,11,success,
4b39f5b8-062b-47d4-8c09-d1c29ecd3896.csv,4b39f5b8-062b-47d4-8c09-d1c29ecd3896,9,success,
fe90c19d-442e-4007-bf9e-5acccf157e60.csv,fe90c19d-442e-4007-bf9e-5acccf157e60,11,success,
d73a0125-2d8f-4e49-ab37-d3605554c083.csv,d73a0125-2d8f-4e49-ab37-d3605554c083,11,success,
428cb04c-3dbc-48b8-ba4f-d932f6ac7ded.csv,428cb04c-3dbc-48b8-ba4f-d932f6ac7ded,4,success,
8fa1449d-5ce5-4324-9d96-9dffb800e761.csv,8fa1449d-5ce5-4324-9d96-9dffb800e761,1,success,
fc79e272-9d22-4ab0-8b37-378610d3dff3.csv,fc79e272-9d22-4ab0-8b37-378610d3dff3,8,success,
999d9a7c-0ee4-4ab5-9086-4cb04aa53f16.csv,999d9a7c-0ee4-4ab5-9086-4cb04aa53f16,6,success,
bc0b5a21-add5-4999-8d87-7c0a57c041cc.csv,bc0b5a21-add5-4999-8d87-7c0a57c041cc,6,success,
82b3c3be-7d66-4cdb-818c-dfebbbc3afb1.csv,82b3c3be-7d66-4cdb-818c-dfebbbc3afb1,8,success,
8c1c9821-7eef-48b2-98d1-328d5cc39334.csv,8c1c9821-7eef-48b2-98d1-328d5cc39334,6,success,
23d80219-6880-4f43-873f-d66bd3842bf3.csv,23d80219-6880-4f43-873f-d66bd3842bf3,9,success,
a7fad5c0-df56-461b-b6c7-db424a802a01.csv,a7fad5c0-df56-461b-b6c7-db424a802a01,4,success,
4ad20aa4-5a42-4137-9f9e-4b8ee83f76e8.csv,4ad20aa4-5a42-4137-9f9e-4b8ee83f76e8,10,success,
55d31e36-527d-488a-80e2-8cc479b5c3cc.csv,55d31e36-527d-488a-80e2-8cc479b5c3cc,9,success,
44abd784-4230-456a-a0fd-8191acbee2a4.csv,44abd784-4230-456a-a0fd-8191acbee2a4,3,success,
d924afaf-2b10-4928-b5ec-6eb7059d8d7a.csv,d924afaf-2b10-4928-b5ec-6eb7059d8d7a,5,success,
a1f7c72c-c75e-4ff6-9654-308ce9f727bd.csv,a1f7c72c-c75e-4ff6-9654-308ce9f727bd,9,success,
012bb034-9501-454a-a9d6-4cc14b1cde73.csv,012bb034-9501-454a-a9d6-4cc14b1cde73,5,success,
141b6b8f-77c3-45d8-bc01-fae2ad96c086.csv,141b6b8f-77c3-45d8-bc01-fae2ad96c086,3,success,
bb535dbc-49f7-49f7-9705-e899b7d0ec89.csv,bb535dbc-49f7-49f7-9705-e899b7d0ec89,2,success,
4057454d-fba8-4b42-a856-f6a36e2297e9.csv,4057454d-fba8-4b42-a856-f6a36e2297e9,4,success,
fa84c272-8e01-4fdd-af35-1e8e19a072d2.csv,fa84c272-8e01-4fdd-af35-1e8e19a072d2,7,success,
759309c6-1a3e-4dc6-957c-4c7647fa508b.csv,759309c6-1a3e-4dc6-957c-4c7647fa508b,6,success,
6cf5dd24-b3c3-4a1b-8ce1-845c1444da1c.csv,6cf5dd24-b3c3-4a1b-8ce1-845c1444da1c,7,success,
27f3fb7e-5f14-4a61-9e05-9b4b28689473.csv,27f3fb7e-5f14-4a61-9e05-9b4b28689473,11,success,
2676c35d-bb9c-43a7-931f-efe339582bb0.csv,2676c35d-bb9c-43a7-931f-efe339582bb0,10,success,
1ec86fdb-9653-40c3-8305-2c1ad10eecbd.csv,1ec86fdb-9653-40c3-8305-2c1ad10eecbd,4,success,
ec6d5c2c-1567-4330-b8e5-ac20bfe6369e.csv,ec6d5c2c-1567-4330-b8e5-ac20bfe6369e,3,success,
d679c369-7772-432e-a07c-9c2593e772da.csv,d679c369-7772-432e-a07c-9c2593e772da,4,success,
e3ea0835-ccba-4c34-8e86-00b57277d836.csv,e3ea0835-ccba-4c34-8e86-00b57277d836,8,success,
7b286380-aa71-4016-82d7-242598724704.csv,7b286380-aa71-4016-82d7-242598724704,4,success,
d5f3b47c-2c36-4a01-ac8c-b43c0dbeb3ac.csv,d5f3b47c-2c36-4a01-ac8c-b43c0dbeb3ac,4,success,
8369030e-a283-4fd8-9372-bed45f06c1d5.csv,8369030e-a283-4fd8-9372-bed45f06c1d5,8,success,
f531d488-4c17-4301-b661-c878d9a4d14c.csv,f531d488-4c17-4301-b661-c878d9a4d14c,2,success,
63e27a4c-0ed8-42b7-acc9-3a0a4de6b9f1.csv,63e27a4c-0ed8-42b7-acc9-3a0a4de6b9f1,7,success,
2e99d70e-c2be-4b4e-b4f7-58b8feba407c.csv,2e99d70e-c2be-4b4e-b4f7-58b8feba407c,4,success,
6dda4edc-b7ae-494f-9bd7-7b3c58c0f900.csv,6dda4edc-b7ae-494f-9bd7-7b3c58c0f900,2,success,
aefc2574-366d-48b9-b7b6-052ef2b751c6.csv,aefc2574-366d-48b9-b7b6-052ef2b751c6,5,success,
2b0930a4-317b-4052-ac90-1e1448a5682d.csv,2b0930a4-317b-4052-ac90-1e1448a5682d,11,success,
8e6255ba-8f31-4146-b3dd-5315d7a72243.csv,8e6255ba-8f31-4146-b3dd-5315d7a72243,7,success,
7d9a8bb4-9cfe-4f54-b934-1c2b555d57ed.csv,7d9a8bb4-9cfe-4f54-b934-1c2b555d57ed,2,success,
5e1a1b82-e0f8-422a-84f8-4af230c4d419.csv,5e1a1b82-e0f8-422a-84f8-4af230c4d419,8,success,
57ed34a3-ced4-4967-8044-dcd88e2c1e83.csv,57ed34a3-ced4-4967-8044-dcd88e2c1e83,4,success,
2880f988-2c4d-4278-bdf6-587e64eba2c1.csv,2880f988-2c4d-4278-bdf6-587e64eba2c1,1,success,
facfa712-ba11-4e34-b343-47356e8e679c.csv,facfa712-ba11-4e34-b343-47356e8e679c,5,success,
bf769177-5a15-4e1f-864d-357ef55aff2c.csv,bf769177-5a15-4e1f-864d-357ef55aff2c,5,success,
7035f8cf-dec3-49cc-b6f6-4b92742d7fa8.csv,7035f8cf-dec3-49cc-b6f6-4b92742d7fa8,9,success,
4b86b3a5-5e42-4e70-a2e9-df2a602ae02f.csv,4b86b3a5-5e42-4e70-a2e9-df2a602ae02f,10,success,
dcf41137-ef58-4085-af25-22554b50d4a6.csv,dcf41137-ef58-4085-af25-22554b50d4a6,4,success,
83e6e0bd-86c3-40ed-b38b-f9a73ac635a9.csv,83e6e0bd-86c3-40ed-b38b-f9a73ac635a9,7,success,
0619de88-bbe6-45dd-80bb-fa77795f12e0.csv,0619de88-bbe6-45dd-80bb-fa77795f12e0,11,success,
1c86e9d0-6249-4e65-a200-8c7719bb14bc.csv,1c86e9d0-6249-4e65-a200-8c7719bb14bc,6,success,
be9e50a4-e9e0-4909-8066-128c787e90a5.csv,be9e50a4-e9e0-4909-8066-128c787e90a5,10,success,
59d1863f-7d09-4b68-b2fa-c8a2a5f2c9a0.csv,59d1863f-7d09-4b68-b2fa-c8a2a5f2c9a0,4,success,
46d531f8-0993-40c5-b0a4-729fe5ed76fc.csv,46d531f8-0993-40c5-b0a4-729fe5ed76fc,3,success,
beaa2912-4811-4655-9874-701d1f2a05b0.csv,beaa2912-4811-4655-9874-701d1f2a05b0,1,success,
a7634a54-244e-48e6-a9c1-bfeae301e5aa.csv,a7634a54-244e-48e6-a9c1-bfeae301e5aa,4,success,
980221ec-8625-4609-acca-a863f73f7dae.csv,980221ec-8625-4609-acca-a863f73f7dae,9,success,
72fee0f9-c8a4-4dab-b33e-731b8c953624.csv,72fee0f9-c8a4-4dab-b33e-731b8c953624,6,success,
0ab1b627-ac48-4ec0-8365-d424a6b9b594.csv,0ab1b627-ac48-4ec0-8365-d424a6b9b594,10,success,
2e0a1666-021a-4c04-ba65-f7b4d98caceb.csv,2e0a1666-021a-4c04-ba65-f7b4d98caceb,6,success,
a76c66f9-36d5-4047-9a8d-ab51899d8a91.csv,a76c66f9-36d5-4047-9a8d-ab51899d8a91,1,success,
10826f34-fcc8-4568-ae9b-d52bef75583d.csv,10826f34-fcc8-4568-ae9b-d52bef75583d,4,success,
826e07f5-1fe1-4293-bef9-45ff23610a36.csv,826e07f5-1fe1-4293-bef9-45ff23610a36,6,success,
047cb162-ea03-462c-8bb2-e5b96a0e4910.csv,047cb162-ea03-462c-8bb2-e5b96a0e4910,6,success,
31b34aad-d0a4-42a3-9e53-b762b2d4569f.csv,31b34aad-d0a4-42a3-9e53-b762b2d4569f,4,success,
746bbe47-b188-4b47-9310-d26fd6f8ecde.csv,746bbe47-b188-4b47-9310-d26fd6f8ecde,7,success,
46749db5-d4be-4541-93aa-21abc5a4d81e.csv,46749db5-d4be-4541-93aa-21abc5a4d81e,4,success,
45578ed4-5329-414f-9c03-90c863a54e53.csv,45578ed4-5329-414f-9c03-90c863a54e53,11,success,
288a7402-c9df-4296-a578-a489550cec31.csv,288a7402-c9df-4296-a578-a489550cec31,9,success,
af19c5d7-0f24-4826-95d9-34a77378be45.csv,af19c5d7-0f24-4826-95d9-34a77378be45,3,success,
f3383505-b938-4128-a33c-8004d2f962d0.csv,f3383505-b938-4128-a33c-8004d2f962d0,3,success,
bd2a6035-f235-46ad-a29b-08ae2063e06d.csv,bd2a6035-f235-46ad-a29b-08ae2063e06d,10,success,
073f6b19-be92-44e3-8c12-771f6d45469b.csv,073f6b19-be92-44e3-8c12-771f6d45469b,3,success,
30298d37-41fb-49f9-b39b-2d413f3d08b3.csv,30298d37-41fb-49f9-b39b-2d413f3d08b3,6,success,
95bd8b0c-2648-4e74-beef-6860866f719e.csv,95bd8b0c-2648-4e74-beef-6860866f719e,2,success,
4ebf58bd-2ea5-47f2-8e87-a4a0c078d789.csv,4ebf58bd-2ea5-47f2-8e87-a4a0c078d789,2,success,
024d54ae-463b-4c52-97bf-037d1f135087.csv,024d54ae-463b-4c52-97bf-037d1f135087,2,success,
d5c13f4a-d538-456f-8379-3203e4fc1462.csv,d5c13f4a-d538-456f-8379-3203e4fc1462,2,success,
0cf4f01c-509e-419d-b976-da8f7a3c22a1.csv,0cf4f01c-509e-419d-b976-da8f7a3c22a1,5,success,
cc99ec17-3e71-433a-840a-f285731cc714.csv,cc99ec17-3e71-433a-840a-f285731cc714,9,success,
f68ce9b7-f399-485f-affe-9007e6978491.csv,f68ce9b7-f399-485f-affe-9007e6978491,10,success,
7edebfbe-0185-4c15-be84-ba52f01cf99f.csv,7edebfbe-0185-4c15-be84-ba52f01cf99f,11,success,
078d41dd-714f-4fc7-babc-ee217655030e.csv,078d41dd-714f-4fc7-babc-ee217655030e,8,success,
c5336f9a-caf1-4e98-ad76-c6bdb5b8d329.csv,c5336f9a-caf1-4e98-ad76-c6bdb5b8d329,9,success,
92438655-ca33-4ee9-8f7c-7f321fe58de3.csv,92438655-ca33-4ee9-8f7c-7f321fe58de3,5,success,
e834584d-a79a-41a1-b432-ae23d7ca1bac.csv,e834584d-a79a-41a1-b432-ae23d7ca1bac,9,success,
b230e4ad-e1ea-4325-8bc3-5f46723dd2d5.csv,b230e4ad-e1ea-4325-8bc3-5f46723dd2d5,9,success,
d515ce4a-40b2-446a-ad1a-067ac8ddfb13.csv,d515ce4a-40b2-446a-ad1a-067ac8ddfb13,6,success,
283857c1-6169-42b1-8ac2-f7f8aa6a7574.csv,283857c1-6169-42b1-8ac2-f7f8aa6a7574,3,success,
67f48f16-1ed4-40d7-9ab4-778ea1639cbb.csv,67f48f16-1ed4-40d7-9ab4-778ea1639cbb,4,success,
15c4e36f-9093-4158-9a6a-178f98b28ed3.csv,15c4e36f-9093-4158-9a6a-178f98b28ed3,10,success,
a6d53c42-e19f-47fa-a7a1-41dba48dac88.csv,a6d53c42-e19f-47fa-a7a1-41dba48dac88,11,success,
29584ac7-f9c2-4cdb-a318-aa0844b44814.csv,29584ac7-f9c2-4cdb-a318-aa0844b44814,6,success,
91b0a06c-9ed9-4204-9ff7-8f13630e23fb.csv,91b0a06c-9ed9-4204-9ff7-8f13630e23fb,9,success,
3d5fc679-505b-4d53-85cb-429d44a717f3.csv,3d5fc679-505b-4d53-85cb-429d44a717f3,7,success,
986fc7fd-9df7-4454-b157-5ed8ae291266.csv,986fc7fd-9df7-4454-b157-5ed8ae291266,1,success,
5dcb903b-6158-42ae-8e1d-7c10feac0e98.csv,5dcb903b-6158-42ae-8e1d-7c10feac0e98,4,success,
40edaf46-ff3a-4113-b2eb-84c41bedb818.csv,40edaf46-ff3a-4113-b2eb-84c41bedb818,6,success,
d18f8747-15a4-4ade-88fb-8418973e3f60.csv,d18f8747-15a4-4ade-88fb-8418973e3f60,4,success,
8e3c39eb-acf7-41b7-87c2-1002e6b9e99f.csv,8e3c39eb-acf7-41b7-87c2-1002e6b9e99f,8,success,
2cc589f9-a6e2-419b-bc21-257bff57bb71.csv,2cc589f9-a6e2-419b-bc21-257bff57bb71,1,success,
75d5be75-f599-414f-88ce-ecdad789fec3.csv,75d5be75-f599-414f-88ce-ecdad789fec3,1,success,
1212a516-1988-4856-b5e0-13c5d380be01.csv,1212a516-1988-4856-b5e0-13c5d380be01,11,success,
2a0cccb3-c2c0-4e01-a9bd-a5af056ec33f.csv,2a0cccb3-c2c0-4e01-a9bd-a5af056ec33f,6,success,
056bbbfa-2b17-48e7-91a8-a1c910b3fc3f.csv,056bbbfa-2b17-48e7-91a8-a1c910b3fc3f,2,success,
31d5036f-098c-471e-a530-4581f7e3eed7.csv,31d5036f-098c-471e-a530-4581f7e3eed7,8,success,
f26399e2-1b73-438f-9746-85edd2ef6de7.csv,f26399e2-1b73-438f-9746-85edd2ef6de7,11,success,
26ae0d39-bd00-4ce4-9f59-c328e48388a3.csv,26ae0d39-bd00-4ce4-9f59-c328e48388a3,8,success,
d40c2f86-c314-427b-a6eb-a40bb54d770a.csv,d40c2f86-c314-427b-a6eb-a40bb54d770a,6,success,
9d91ab5b-3006-4465-85d0-4e1206a5ff39.csv,9d91ab5b-3006-4465-85d0-4e1206a5ff39,3,success,
9c82e152-97fe-4e43-9c6c-7c7c246f7858.csv,9c82e152-97fe-4e43-9c6c-7c7c246f7858,1,success,
e268c5d7-9178-41f7-b4b6-214d277f4a44.csv,e268c5d7-9178-41f7-b4b6-214d277f4a44,1,success,
e7a6a757-5d3a-4096-a1e0-4edd1d5c9c84.csv,e7a6a757-5d3a-4096-a1e0-4edd1d5c9c84,1,success,
9f94ec80-9ba1-4a0c-94e4-10c9d417f10e.csv,9f94ec80-9ba1-4a0c-94e4-10c9d417f10e,6,success,
6b4b0eb4-a734-452f-a42a-9d83a2f75c0a.csv,6b4b0eb4-a734-452f-a42a-9d83a2f75c0a,3,success,
0c70e23f-cfe6-4197-a91d-593c84bff0db.csv,0c70e23f-cfe6-4197-a91d-593c84bff0db,6,success,
be1c0e8f-00fb-4c59-b165-6be2061847dd.csv,be1c0e8f-00fb-4c59-b165-6be2061847dd,11,success,
afe7d217-1a13-468b-8db2-498f890bd511.csv,afe7d217-1a13-468b-8db2-498f890bd511,9,success,
244fd4d7-9c22-4230-add2-d668296efbb2.csv,244fd4d7-9c22-4230-add2-d668296efbb2,5,success,
467590aa-3775-4e20-b034-1789ba932abe.csv,467590aa-3775-4e20-b034-1789ba932abe,4,success,
51eb3b9d-10d7-4ad5-b41d-53c622cd061d.csv,51eb3b9d-10d7-4ad5-b41d-53c622cd061d,3,success,
86e94da1-d56c-43ae-8f07-bc672d9c3050.csv,86e94da1-d56c-43ae-8f07-bc672d9c3050,11,success,
cbc27baa-d736-4736-94e5-50665efbf9bb.csv,cbc27baa-d736-4736-94e5-50665efbf9bb,10,success,
1170884d-846c-4bb7-97b6-bcff0a337dbe.csv,1170884d-846c-4bb7-97b6-bcff0a337dbe,10,success,
cc840bd3-343a-42de-9590-ebc1c0949c53.csv,cc840bd3-343a-42de-9590-ebc1c0949c53,4,success,
d620f849-6946-49ee-a583-26b9f361ef03.csv,d620f849-6946-49ee-a583-26b9f361ef03,10,success,
48139e00-69da-4b21-9bcb-8f558fec0e37.csv,48139e00-69da-4b21-9bcb-8f558fec0e37,10,success,
09617d0e-c434-4d5c-ab4d-be7b4285d967.csv,09617d0e-c434-4d5c-ab4d-be7b4285d967,9,success,
35dae65a-6095-4540-a3bc-d0f1b5b382a5.csv,35dae65a-6095-4540-a3bc-d0f1b5b382a5,10,success,
08b41e27-9f67-4190-833c-1072d54f6ad3.csv,08b41e27-9f67-4190-833c-1072d54f6ad3,3,success,
aeda9c09-e26e-4fca-a682-d15d6f018b11.csv,aeda9c09-e26e-4fca-a682-d15d6f018b11,2,success,
1ec7e741-e42a-4aba-bfda-bf69e0e9bdf1.csv,1ec7e741-e42a-4aba-bfda-bf69e0e9bdf1,1,success,
a47d2ca3-f4ea-4783-8683-09bb5004fd30.csv,a47d2ca3-f4ea-4783-8683-09bb5004fd30,1,success,
a2085667-fd64-40fe-84cc-92a93620abf4.csv,a2085667-fd64-40fe-84cc-92a93620abf4,2,success,
6bd25356-d313-4139-909c-954117708685.csv,6bd25356-d313-4139-909c-954117708685,9,success,
51d567eb-be85-440e-9d94-91c1256839a6.csv,51d567eb-be85-440e-9d94-91c1256839a6,4,success,
8650550e-900d-4da7-bf44-4db9f919747c.csv,8650550e-900d-4da7-bf44-4db9f919747c,10,success,
f661b576-fe37-4c8d-9b9a-aef34739df08.csv,f661b576-fe37-4c8d-9b9a-aef34739df08,3,success,
35df9b27-431c-47f2-9182-b3779dff6613.csv,35df9b27-431c-47f2-9182-b3779dff6613,3,success,
246fd8e6-ce02-4fbf-822d-eb40736833a2.csv,246fd8e6-ce02-4fbf-822d-eb40736833a2,9,success,
f1177be9-8430-4ecd-adc6-9da65e06797f.csv,f1177be9-8430-4ecd-adc6-9da65e06797f,8,success,
0ec33405-89e1-4c08-a942-013e7e50e6a5.csv,0ec33405-89e1-4c08-a942-013e7e50e6a5,5,success,
c50063cc-e834-49df-98c9-a1ba2617100d.csv,c50063cc-e834-49df-98c9-a1ba2617100d,2,success,
b197bfd7-5252-4a4c-9764-0675838caa99.csv,b197bfd7-5252-4a4c-9764-0675838caa99,1,success,
577ce38f-6c56-4af1-ae20-c6fd54fe4e4b.csv,577ce38f-6c56-4af1-ae20-c6fd54fe4e4b,1,success,
0b3e589c-82d8-40ae-8dfc-67b86e172b49.csv,0b3e589c-82d8-40ae-8dfc-67b86e172b49,4,success,
355323ea-90df-4cfd-9ef8-63c63ce46c30.csv,355323ea-90df-4cfd-9ef8-63c63ce46c30,1,success,
56c5b93b-a237-44b2-8adc-b2e6c7d24235.csv,56c5b93b-a237-44b2-8adc-b2e6c7d24235,7,success,
a0cb6881-356c-4248-817b-ae1c8cad2839.csv,a0cb6881-356c-4248-817b-ae1c8cad2839,5,success,
65b6b2d8-9dc0-4b4a-bda6-f3c1c02f0291.csv,65b6b2d8-9dc0-4b4a-bda6-f3c1c02f0291,10,success,
e7e710fa-a2a5-466f-902e-3cb44617e6e1.csv,e7e710fa-a2a5-466f-902e-3cb44617e6e1,9,success,
6a8154bc-943c-4fd1-8e03-f05872658a44.csv,6a8154bc-943c-4fd1-8e03-f05872658a44,7,success,
4fd33ade-443f-47aa-aaf1-596aad549a7e.csv,4fd33ade-443f-47aa-aaf1-596aad549a7e,7,success,
a7e2fb99-a3d6-45d3-b585-fa1eab29acb8.csv,a7e2fb99-a3d6-45d3-b585-fa1eab29acb8,9,success,
69c56700-853c-47b3-afb0-74a7a344e01a.csv,69c56700-853c-47b3-afb0-74a7a344e01a,8,success,
3f3a801a-54a8-464b-9445-8759a0378beb.csv,3f3a801a-54a8-464b-9445-8759a0378beb,5,success,
1de940df-ba7f-4fed-8a2b-09b3bd694438.csv,1de940df-ba7f-4fed-8a2b-09b3bd694438,3,success,
6e8aea53-cb8c-449f-8317-17c43f2d2078.csv,6e8aea53-cb8c-449f-8317-17c43f2d2078,3,success,
d2e618b5-eb16-4a07-9a8c-3e023f4da6be.csv,d2e618b5-eb16-4a07-9a8c-3e023f4da6be,2,success,
5eb6ea18-f3e9-43cd-a159-e01291f794f3.csv,5eb6ea18-f3e9-43cd-a159-e01291f794f3,10,success,
1fede982-949d-4c34-9f54-4d93212ae2a0.csv,1fede982-949d-4c34-9f54-4d93212ae2a0,10,success,
59a0c4be-0a17-4f79-96a6-1cdb70b829d1.csv,59a0c4be-0a17-4f79-96a6-1cdb70b829d1,8,success,
e4a75f19-5e6d-48e2-bb66-87591ee3bb70.csv,e4a75f19-5e6d-48e2-bb66-87591ee3bb70,2,success,
842a1912-2ba2-484d-86a4-04dc6e645edf.csv,842a1912-2ba2-484d-86a4-04dc6e645edf,5,success,
092eca52-7e87-44f2-83bd-976557ebf55e.csv,092eca52-7e87-44f2-83bd-976557ebf55e,4,success,
a717b41e-8ffc-4ace-88e8-0e4a9febb21d.csv,a717b41e-8ffc-4ace-88e8-0e4a9febb21d,1,success,
50e45f4b-216b-4436-9115-9f2cba33681c.csv,50e45f4b-216b-4436-9115-9f2cba33681c,4,success,
af688d1a-6110-466f-9857-adfb91179df5.csv,af688d1a-6110-466f-9857-adfb91179df5,8,success,
567cd8f1-785e-4b29-98c0-2436ccb2b417.csv,567cd8f1-785e-4b29-98c0-2436ccb2b417,8,success,
fe507d92-6a0a-44b0-a2fb-fbfa4393049f.csv,fe507d92-6a0a-44b0-a2fb-fbfa4393049f,2,success,
ade25979-f18f-4143-ab3a-c3dad04ee89a.csv,ade25979-f18f-4143-ab3a-c3dad04ee89a,9,success,
bea61d86-616f-4782-90a8-e5e73069c0ad.csv,bea61d86-616f-4782-90a8-e5e73069c0ad,10,success,
2cae11b2-f490-4bf3-8687-3a159e20b351.csv,2cae11b2-f490-4bf3-8687-3a159e20b351,2,success,
d3c7908b-0f36-42ef-8091-0ab87e4ee016.csv,d3c7908b-0f36-42ef-8091-0ab87e4ee016,1,success,
a43b53a5-14df-40f6-aefd-bd13f59b3b7d.csv,a43b53a5-14df-40f6-aefd-bd13f59b3b7d,5,success,
1730e139-37f5-4f9c-b5e1-13adecd328cb.csv,1730e139-37f5-4f9c-b5e1-13adecd328cb,7,success,
ba82a9df-56cc-4d0c-a89a-2685b7d46ab9.csv,ba82a9df-56cc-4d0c-a89a-2685b7d46ab9,9,success,
db285126-9711-40f9-8354-404abd8d9cf5.csv,db285126-9711-40f9-8354-404abd8d9cf5,11,success,
20e261fb-8cfc-4594-9be5-7ea6274e1561.csv,20e261fb-8cfc-4594-9be5-7ea6274e1561,4,success,
8b4ba8bd-1c03-46aa-8e7d-59dec3012a8b.csv,8b4ba8bd-1c03-46aa-8e7d-59dec3012a8b,4,success,
2ca7ab79-bbca-41ec-a33a-b0edd36e6ac6.csv,2ca7ab79-bbca-41ec-a33a-b0edd36e6ac6,3,success,
1f29c261-185c-417a-9a7d-aa461888e579.csv,1f29c261-185c-417a-9a7d-aa461888e579,9,success,
74a6d448-2e7b-4b45-9602-0dba2dc8bd3d.csv,74a6d448-2e7b-4b45-9602-0dba2dc8bd3d,3,success,
61c3e5ea-47b0-423c-a59a-f2dacc16d355.csv,61c3e5ea-47b0-423c-a59a-f2dacc16d355,8,success,
aed8a8d5-94c7-48a5-871c-8886d6c06dad.csv,aed8a8d5-94c7-48a5-871c-8886d6c06dad,4,success,
266d7803-54e2-4bd0-960b-63f717369f19.csv,266d7803-54e2-4bd0-960b-63f717369f19,7,success,
07ebe4eb-a572-4119-adc2-3957112ac587.csv,07ebe4eb-a572-4119-adc2-3957112ac587,11,success,
4d4d984b-69ca-47a7-bb61-747db91ce38e.csv,4d4d984b-69ca-47a7-bb61-747db91ce38e,2,success,
fb7c93db-4941-434b-81be-b593f03deea9.csv,fb7c93db-4941-434b-81be-b593f03deea9,7,success,
4ea09ad9-298a-4b30-9d6f-a2bc6ebba392.csv,4ea09ad9-298a-4b30-9d6f-a2bc6ebba392,11,success,
aac2715e-f5b6-42d6-8fe3-ade24d9c5508.csv,aac2715e-f5b6-42d6-8fe3-ade24d9c5508,8,success,
77750f83-ab8f-4c18-8ff1-8afc957d5ea4.csv,77750f83-ab8f-4c18-8ff1-8afc957d5ea4,7,success,
7b9c6fe6-b819-408e-b00f-ded0661d8559.csv,7b9c6fe6-b819-408e-b00f-ded0661d8559,6,success,
686dea3d-04e3-42a8-93c5-10a46e1cac68.csv,686dea3d-04e3-42a8-93c5-10a46e1cac68,3,success,
7d7d3910-5c2c-46f4-8b9d-3f4e93819905.csv,7d7d3910-5c2c-46f4-8b9d-3f4e93819905,7,success,
b5b0e289-0563-4d90-9ef7-6521044b8024.csv,b5b0e289-0563-4d90-9ef7-6521044b8024,11,success,
68816318-bac6-4248-accf-3da389d304a1.csv,68816318-bac6-4248-accf-3da389d304a1,2,success,
8cbdc78c-cc7c-4f5c-b454-ecf00d5c9f41.csv,8cbdc78c-cc7c-4f5c-b454-ecf00d5c9f41,10,success,
ee2a9272-11c5-4ab7-ae12-d7c3d76ab5c8.csv,ee2a9272-11c5-4ab7-ae12-d7c3d76ab5c8,1,success,
04332ae4-caed-4198-800b-8cfec34ebf42.csv,04332ae4-caed-4198-800b-8cfec34ebf42,8,success,
2139ace2-a3cd-4707-8ac8-f0d5cfe73229.csv,2139ace2-a3cd-4707-8ac8-f0d5cfe73229,2,success,
55d9a9b5-6230-4495-8f77-2b1dc8894ca4.csv,55d9a9b5-6230-4495-8f77-2b1dc8894ca4,5,success,
b411f1e4-b7d9-4190-a458-0b9240144753.csv,b411f1e4-b7d9-4190-a458-0b9240144753,10,success,
54a6de20-92a0-427b-b3df-401dfec6767a.csv,54a6de20-92a0-427b-b3df-401dfec6767a,6,success,
cc3177f8-7666-4f9a-97f0-4a43428e6988.csv,cc3177f8-7666-4f9a-97f0-4a43428e6988,2,success,
94f8439d-7a48-470c-80d9-619c6aa8dee1.csv,94f8439d-7a48-470c-80d9-619c6aa8dee1,9,success,
ebf8c9c0-e387-4ee9-bd25-0f1d3e79f9d0.csv,ebf8c9c0-e387-4ee9-bd25-0f1d3e79f9d0,9,success,
a5856f1f-041c-45ca-b751-af13e18db64a.csv,a5856f1f-041c-45ca-b751-af13e18db64a,9,success,
a01d3438-2cc0-427e-b8cc-4eb88e9abdd6.csv,a01d3438-2cc0-427e-b8cc-4eb88e9abdd6,10,success,
634588a4-5a4a-477b-bc98-439ee95c3434.csv,634588a4-5a4a-477b-bc98-439ee95c3434,8,success,
0c8464d3-7478-4906-98fc-f41367c86a69.csv,0c8464d3-7478-4906-98fc-f41367c86a69,2,success,
015e6252-20b3-4418-9ae7-5216994397be.csv,015e6252-20b3-4418-9ae7-5216994397be,11,success,
39941a40-0fa6-412d-b15b-e2fcb266033e.csv,39941a40-0fa6-412d-b15b-e2fcb266033e,5,success,
c4bd5d49-4cb9-4d2b-9dce-9daf88cbc1ec.csv,c4bd5d49-4cb9-4d2b-9dce-9daf88cbc1ec,4,success,
8ee67073-2539-476e-b8ae-3fb0b65dbc2d.csv,8ee67073-2539-476e-b8ae-3fb0b65dbc2d,3,success,
d73786e1-57c6-49ab-90aa-e3ce61518843.csv,d73786e1-57c6-49ab-90aa-e3ce61518843,2,success,
5c7d7b70-f7a6-460c-9616-704dd923ea86.csv,5c7d7b70-f7a6-460c-9616-704dd923ea86,5,success,
dc23b62e-dbc4-43ab-a859-ed7d71c1740d.csv,dc23b62e-dbc4-43ab-a859-ed7d71c1740d,4,success,
67b7c6d7-6a1e-443a-8031-f1430e4974b7.csv,67b7c6d7-6a1e-443a-8031-f1430e4974b7,2,success,
078533e1-809b-4153-8a45-8d66e48046b9.csv,078533e1-809b-4153-8a45-8d66e48046b9,6,success,
49493399-0cd9-4aa7-9015-698160019142.csv,49493399-0cd9-4aa7-9015-698160019142,6,success,
5488b507-d767-4bd7-928e-dfec7775009a.csv,5488b507-d767-4bd7-928e-dfec7775009a,6,success,
510efc75-5c55-4de7-96f6-5ae90e53838c.csv,510efc75-5c55-4de7-96f6-5ae90e53838c,3,success,
431202ea-b895-4019-b774-5eb8c9ef802d.csv,431202ea-b895-4019-b774-5eb8c9ef802d,4,success,
f4a11ab6-f33b-4b48-8a46-c62bc7c0bc0f.csv,f4a11ab6-f33b-4b48-8a46-c62bc7c0bc0f,10,success,
dfe13ef2-505d-4edf-bdc8-11ccdf513865.csv,dfe13ef2-505d-4edf-bdc8-11ccdf513865,1,success,
ed72ae1d-e306-4e66-b7da-d1b3aca0fbe0.csv,ed72ae1d-e306-4e66-b7da-d1b3aca0fbe0,9,success,
5e5c8765-e614-4135-b121-b73d4839a88b.csv,5e5c8765-e614-4135-b121-b73d4839a88b,9,success,
a9156b55-e73b-4c04-b12d-1e6ce897565d.csv,a9156b55-e73b-4c04-b12d-1e6ce897565d,10,success,
b86ea987-8535-4bcd-84fa-aace08d36f35.csv,b86ea987-8535-4bcd-84fa-aace08d36f35,10,success,
432e936e-6525-4598-818e-b7f6de250d71.csv,432e936e-6525-4598-818e-b7f6de250d71,4,success,
494fc7d3-e51f-487a-808d-527356bf1ab0.csv,494fc7d3-e51f-487a-808d-527356bf1ab0,3,success,
31fbfac9-16a3-49eb-88ce-f6b78fa7c5fa.csv,31fbfac9-16a3-49eb-88ce-f6b78fa7c5fa,1,success,
cd6922cd-d458-41be-9ea9-fab922a3c01d.csv,cd6922cd-d458-41be-9ea9-fab922a3c01d,9,success,
22df5f08-7c79-4cdd-af0c-cbc6d20ec3d0.csv,22df5f08-7c79-4cdd-af0c-cbc6d20ec3d0,8,success,
eb70d9aa-d7ef-4235-b4f3-1a72c3b46187.csv,eb70d9aa-d7ef-4235-b4f3-1a72c3b46187,5,success,
1e104f90-02a3-41b3-99e2-56d5e637a422.csv,1e104f90-02a3-41b3-99e2-56d5e637a422,4,success,
4e9033dc-ddd7-41d9-9255-378c8b53b504.csv,4e9033dc-ddd7-41d9-9255-378c8b53b504,9,success,
767210d3-d9f2-475e-abae-f5b060467727.csv,767210d3-d9f2-475e-abae-f5b060467727,9,success,
c32e9c3f-5f65-46d9-8e5b-4731241edca5.csv,c32e9c3f-5f65-46d9-8e5b-4731241edca5,8,success,
fc63899f-4051-413a-b38f-bd0fe7b71c5d.csv,fc63899f-4051-413a-b38f-bd0fe7b71c5d,6,success,
f97f1a16-3dcd-4bab-9513-8126a498e591.csv,f97f1a16-3dcd-4bab-9513-8126a498e591,2,success,
84bff5c3-4606-4d94-8af4-f1bb5d99fc23.csv,84bff5c3-4606-4d94-8af4-f1bb5d99fc23,5,success,
745cedc4-f624-479e-9e4c-1d7b9540baca.csv,745cedc4-f624-479e-9e4c-1d7b9540baca,1,success,
c9cf8487-3333-45f5-a551-4c254906d30f.csv,c9cf8487-3333-45f5-a551-4c254906d30f,8,success,
4c9f79db-9d7a-4655-9960-5b4c2bca9b29.csv,4c9f79db-9d7a-4655-9960-5b4c2bca9b29,1,success,
cbd94eaf-0488-4431-9332-1f945a64788b.csv,cbd94eaf-0488-4431-9332-1f945a64788b,5,success,
07f47ab3-2b00-49b8-ad74-f36a69062c10.csv,07f47ab3-2b00-49b8-ad74-f36a69062c10,2,success,
f9716c62-7504-496e-aa72-7779f500fb7b.csv,f9716c62-7504-496e-aa72-7779f500fb7b,2,success,
1f52189a-868b-4080-bba8-6b4c49fb92a7.csv,1f52189a-868b-4080-bba8-6b4c49fb92a7,8,success,
562471c4-8628-4ed7-8c44-d427977a21c9.csv,562471c4-8628-4ed7-8c44-d427977a21c9,1,success,
bf636a9e-ecca-45b7-9ab2-6ef034e48cd9.csv,bf636a9e-ecca-45b7-9ab2-6ef034e48cd9,3,success,
c004fb29-5e0c-4220-bd84-ab47fa0553af.csv,c004fb29-5e0c-4220-bd84-ab47fa0553af,10,success,
2d17033c-2b62-4166-9420-134f8c261e1d.csv,2d17033c-2b62-4166-9420-134f8c261e1d,4,success,
07a28fa6-c396-4428-af9b-0c3cb612ccc9.csv,07a28fa6-c396-4428-af9b-0c3cb612ccc9,7,success,
1f9e78a4-dfd7-4173-b9af-82c718a7048b.csv,1f9e78a4-dfd7-4173-b9af-82c718a7048b,2,success,
6a70a951-8ca3-4e22-a304-45b597bda292.csv,6a70a951-8ca3-4e22-a304-45b597bda292,3,success,
018e9df9-b244-4b88-9227-bf5f4b1e32bf.csv,018e9df9-b244-4b88-9227-bf5f4b1e32bf,5,success,
c78cee46-7a96-40fe-9a4d-19ff42e78e46.csv,c78cee46-7a96-40fe-9a4d-19ff42e78e46,8,success,
dbcf9046-6c6a-4241-a225-eefe168c5b52.csv,dbcf9046-6c6a-4241-a225-eefe168c5b52,5,success,
887243e0-8c2b-4480-9d01-009f69922c91.csv,887243e0-8c2b-4480-9d01-009f69922c91,3,success,
cd4f30b2-96bb-4f35-bb2a-9e3786174fad.csv,cd4f30b2-96bb-4f35-bb2a-9e3786174fad,1,success,
171a2a59-0645-41f3-8b67-bb3d772b1c61.csv,171a2a59-0645-41f3-8b67-bb3d772b1c61,6,success,
2ce85fc9-4768-4ea2-b7cc-9e060b920300.csv,2ce85fc9-4768-4ea2-b7cc-9e060b920300,8,success,
288d686c-46e8-45ca-998a-7fa649cc8166.csv,288d686c-46e8-45ca-998a-7fa649cc8166,1,success,
aeb2604a-967d-4ddf-8f07-5772da660ed5.csv,aeb2604a-967d-4ddf-8f07-5772da660ed5,7,success,
d531c184-b942-4501-9dc5-be968522778a.csv,d531c184-b942-4501-9dc5-be968522778a,9,success,
10e66326-5db0-408d-bb92-99b5a92163dd.csv,10e66326-5db0-408d-bb92-99b5a92163dd,4,success,
d2af836d-1406-48e5-b15e-27894a54aad7.csv,d2af836d-1406-48e5-b15e-27894a54aad7,3,success,
f88e4b51-17b3-40ac-926e-d7a07628ff57.csv,f88e4b51-17b3-40ac-926e-d7a07628ff57,10,success,
989bb768-dcd3-45cc-90a5-29bac4791a7f.csv,989bb768-dcd3-45cc-90a5-29bac4791a7f,9,success,
66d55fb4-2017-4666-a1f3-cff53d7ff8b4.csv,66d55fb4-2017-4666-a1f3-cff53d7ff8b4,3,success,
4ba30a44-ded7-4364-b70c-ef5a64ac1804.csv,4ba30a44-ded7-4364-b70c-ef5a64ac1804,8,success,
10d3f3fb-3730-4763-ade2-18f86917e7ff.csv,10d3f3fb-3730-4763-ade2-18f86917e7ff,7,success,
42fa8eca-7c67-417b-b066-8380df95baa3.csv,42fa8eca-7c67-417b-b066-8380df95baa3,2,success,
db60c9a3-d78d-4eba-b789-ad975ba61d18.csv,db60c9a3-d78d-4eba-b789-ad975ba61d18,9,success,
4bb731ee-d9fb-4fcd-91be-d483bbcd117f.csv,4bb731ee-d9fb-4fcd-91be-d483bbcd117f,2,success,
2db0ca78-1a65-4e5c-a26e-d3003ea4ed4f.csv,2db0ca78-1a65-4e5c-a26e-d3003ea4ed4f,11,success,
4053c15f-5ed3-488e-bb43-b4fa6d96aee3.csv,4053c15f-5ed3-488e-bb43-b4fa6d96aee3,4,success,
49fd2d2c-e221-4cac-b7cf-894a7d1c93d0.csv,49fd2d2c-e221-4cac-b7cf-894a7d1c93d0,7,success,
44474b8d-074a-4065-9018-74c4ea9f0a5b.csv,44474b8d-074a-4065-9018-74c4ea9f0a5b,6,success,
84f815ca-3f11-4e4e-a591-6cabe31268f2.csv,84f815ca-3f11-4e4e-a591-6cabe31268f2,9,success,
7e35cce6-d1b0-46e6-aabc-01e1c5657587.csv,7e35cce6-d1b0-46e6-aabc-01e1c5657587,7,success,
d7a3b77d-4d24-4114-8668-77d62b2b9f71.csv,d7a3b77d-4d24-4114-8668-77d62b2b9f71,7,success,
7a163a44-b8a5-48da-be65-648c59bd7624.csv,7a163a44-b8a5-48da-be65-648c59bd7624,9,success,
f6077d87-e4c1-413c-9c12-b907ca3b894b.csv,f6077d87-e4c1-413c-9c12-b907ca3b894b,7,success,
68878804-df54-476d-a4db-f1ad8594797d.csv,68878804-df54-476d-a4db-f1ad8594797d,5,success,
8668702d-edba-40b2-8e00-53bcaebd093a.csv,8668702d-edba-40b2-8e00-53bcaebd093a,3,success,
fd508247-e1ae-469f-84be-dba26e410701.csv,fd508247-e1ae-469f-84be-dba26e410701,6,success,
24b237e6-a500-447e-b369-11a0002378e5.csv,24b237e6-a500-447e-b369-11a0002378e5,10,success,
f872ccdf-0123-4220-898b-4a5d1d312b55.csv,f872ccdf-0123-4220-898b-4a5d1d312b55,1,success,
58672dc2-00d5-4228-8a71-e5a50dc3cbb9.csv,58672dc2-00d5-4228-8a71-e5a50dc3cbb9,7,success,
31e32345-1b86-4e88-90c5-a387bb4a2b4e.csv,31e32345-1b86-4e88-90c5-a387bb4a2b4e,6,success,
3616de1f-8105-45c5-a779-27518f13eb4a.csv,3616de1f-8105-45c5-a779-27518f13eb4a,3,success,
5100183d-7e3a-466a-afa4-fbb7c438f262.csv,5100183d-7e3a-466a-afa4-fbb7c438f262,3,success,
143585cf-7e3d-43f4-86e2-02a310da3eaf.csv,143585cf-7e3d-43f4-86e2-02a310da3eaf,7,success,
600ac2d5-efa8-4543-bf97-a9386d1e1fd1.csv,600ac2d5-efa8-4543-bf97-a9386d1e1fd1,9,success,
64937fd2-2303-45d7-b6b8-8915386ccefc.csv,64937fd2-2303-45d7-b6b8-8915386ccefc,7,success,
976a14ca-7cae-47ec-a7bb-7a10d0b27ae2.csv,976a14ca-7cae-47ec-a7bb-7a10d0b27ae2,10,success,
11531dc6-346d-47fe-9a2a-68b9824f7799.csv,11531dc6-346d-47fe-9a2a-68b9824f7799,3,success,
1b1b2bac-f14b-4019-bf97-ff127ae97964.csv,1b1b2bac-f14b-4019-bf97-ff127ae97964,8,success,
d6da5d32-d8b4-4bb7-b30c-0885fd56f314.csv,d6da5d32-d8b4-4bb7-b30c-0885fd56f314,2,success,
6ed12b29-ad41-4457-b977-484d436a0e83.csv,6ed12b29-ad41-4457-b977-484d436a0e83,10,success,
591f14d7-ca3f-4746-968f-0483300d841f.csv,591f14d7-ca3f-4746-968f-0483300d841f,6,success,
dbe236cc-c4ae-4b2b-b3be-6d87eb3054ec.csv,dbe236cc-c4ae-4b2b-b3be-6d87eb3054ec,7,success,
19d72035-5ae3-44ac-8589-3bb1eb4c15cb.csv,19d72035-5ae3-44ac-8589-3bb1eb4c15cb,10,success,
55fd7e15-7475-4a8d-aeb1-821a3bdb77ff.csv,55fd7e15-7475-4a8d-aeb1-821a3bdb77ff,4,success,
995a18ec-0b45-46ce-9665-c80a5f8538dd.csv,995a18ec-0b45-46ce-9665-c80a5f8538dd,1,success,
57521244-5154-401e-a87e-eed776aa066d.csv,57521244-5154-401e-a87e-eed776aa066d,4,success,
f2792cf9-d87d-4fc7-b1dd-9a7932f586ef.csv,f2792cf9-d87d-4fc7-b1dd-9a7932f586ef,10,success,
0f0ec649-3607-4c40-bcf6-15a4a2ad54a0.csv,0f0ec649-3607-4c40-bcf6-15a4a2ad54a0,9,success,
719d4a52-7c67-47d1-a091-6b8ffd152d50.csv,719d4a52-7c67-47d1-a091-6b8ffd152d50,10,success,
72fc50cd-7b66-4cef-97e4-18335948a787.csv,72fc50cd-7b66-4cef-97e4-18335948a787,1,success,
d99ea09c-884a-4edd-b2d3-af89b4aeb655.csv,d99ea09c-884a-4edd-b2d3-af89b4aeb655,3,success,
07b4f1ed-e55d-4b06-800c-1bfd61c505b5.csv,07b4f1ed-e55d-4b06-800c-1bfd61c505b5,4,success,
abb092dc-1413-4188-9e24-11fdfa05397e.csv,abb092dc-1413-4188-9e24-11fdfa05397e,11,success,
d398f39f-1c6f-4e63-9361-d12db56ce7c3.csv,d398f39f-1c6f-4e63-9361-d12db56ce7c3,7,success,
dc9b5b24-8523-4fd5-96cb-f04754758e9d.csv,dc9b5b24-8523-4fd5-96cb-f04754758e9d,10,success,
2e1adf49-d842-4b37-9fbc-0e96b45a03a7.csv,2e1adf49-d842-4b37-9fbc-0e96b45a03a7,9,success,
fe4cbeb2-9a60-4032-9e8d-c0a43c352ad9.csv,fe4cbeb2-9a60-4032-9e8d-c0a43c352ad9,2,success,
0657a1fd-b0af-423b-9caf-db3de002e829.csv,0657a1fd-b0af-423b-9caf-db3de002e829,7,success,
54abdea0-f54a-4d60-ae24-4ee6b4dd12d4.csv,54abdea0-f54a-4d60-ae24-4ee6b4dd12d4,7,success,
f1649df9-f172-4e20-adf1-6a8a49b1a7b8.csv,f1649df9-f172-4e20-adf1-6a8a49b1a7b8,1,success,
95a5d42d-af7b-4193-8c8d-121bdeb30d40.csv,95a5d42d-af7b-4193-8c8d-121bdeb30d40,8,success,
2f56a2d2-7ec4-4998-83da-628c01bdaa65.csv,2f56a2d2-7ec4-4998-83da-628c01bdaa65,7,success,
38c524d7-3f07-489e-885f-db0a432d2d78.csv,38c524d7-3f07-489e-885f-db0a432d2d78,2,success,
652d5749-045c-4e80-8489-318af3a9b7b5.csv,652d5749-045c-4e80-8489-318af3a9b7b5,7,success,
b75b1035-3ba9-4c97-8749-d34eb970b696.csv,b75b1035-3ba9-4c97-8749-d34eb970b696,3,success,
d88fd022-3ffd-424a-9b7c-f409bd98b75a.csv,d88fd022-3ffd-424a-9b7c-f409bd98b75a,10,success,
3cc5ec69-ce01-4bbd-a0a2-249f2e16f3a1.csv,3cc5ec69-ce01-4bbd-a0a2-249f2e16f3a1,8,success,
d23cc60a-82bc-483e-91a2-f379faa72cba.csv,d23cc60a-82bc-483e-91a2-f379faa72cba,6,success,
d570aa18-409a-4bad-ace6-4251af145192.csv,d570aa18-409a-4bad-ace6-4251af145192,7,success,
8ee04b6f-87b1-4fd3-abbf-21f8427240e9.csv,8ee04b6f-87b1-4fd3-abbf-21f8427240e9,8,success,
412016d7-c46b-45a7-9f7d-fe2d7daaa84b.csv,412016d7-c46b-45a7-9f7d-fe2d7daaa84b,1,success,
169dc4a7-9b85-4c51-bad2-5a50a9d035e0.csv,169dc4a7-9b85-4c51-bad2-5a50a9d035e0,4,success,
cca1a2b8-acd5-4596-85dd-4f77d817e4af.csv,cca1a2b8-acd5-4596-85dd-4f77d817e4af,4,success,
942b4cfd-cde6-4235-8c92-6b06dca4745f.csv,942b4cfd-cde6-4235-8c92-6b06dca4745f,8,success,
53af6a0d-9f98-4b41-85be-60dbe71f38bc.csv,53af6a0d-9f98-4b41-85be-60dbe71f38bc,10,success,
b1eb8665-61ac-470a-ba60-efa3fc081fbd.csv,b1eb8665-61ac-470a-ba60-efa3fc081fbd,5,success,
1fae3ad7-61f5-4ac2-b438-771507e5e028.csv,1fae3ad7-61f5-4ac2-b438-771507e5e028,10,success,
a10514b6-0892-49a7-99a3-25430e7bf3b4.csv,a10514b6-0892-49a7-99a3-25430e7bf3b4,5,success,
9f8b96cb-5028-4157-b21c-5682d65a69ae.csv,9f8b96cb-5028-4157-b21c-5682d65a69ae,1,success,
35c35294-1e8c-4c73-95e3-4c80cf33924b.csv,35c35294-1e8c-4c73-95e3-4c80cf33924b,10,success,
0f4efa7e-c2be-4fb5-8a87-f66943c8dd8a.csv,0f4efa7e-c2be-4fb5-8a87-f66943c8dd8a,7,success,
8b7a263b-74e8-4fbb-922a-ea7458efbb1e.csv,8b7a263b-74e8-4fbb-922a-ea7458efbb1e,10,success,
adc08bae-c5b3-4161-b89a-d82c8b1e2cd5.csv,adc08bae-c5b3-4161-b89a-d82c8b1e2cd5,5,success,
566e2bab-b6fd-4105-a9d1-d65f24feab8b.csv,566e2bab-b6fd-4105-a9d1-d65f24feab8b,4,success,
2cf671b0-628e-47ca-9e68-e5cf503a255c.csv,2cf671b0-628e-47ca-9e68-e5cf503a255c,5,success,
c069eb11-33e5-411d-9da8-041faa5e4ee7.csv,c069eb11-33e5-411d-9da8-041faa5e4ee7,2,success,
322e13c2-f2ef-456d-b628-d2cf29cb26cc.csv,322e13c2-f2ef-456d-b628-d2cf29cb26cc,5,success,
6103fe58-a5c7-41e0-8486-d263af7fe26f.csv,6103fe58-a5c7-41e0-8486-d263af7fe26f,4,success,
03f340c8-fecd-4a08-969f-b68690d0732e.csv,03f340c8-fecd-4a08-969f-b68690d0732e,1,success,
57e14e0c-3b67-4cb5-9b20-68851a056c1f.csv,57e14e0c-3b67-4cb5-9b20-68851a056c1f,10,success,
48559865-1717-4d18-a842-23a2a3116169.csv,48559865-1717-4d18-a842-23a2a3116169,1,success,
2afcee1a-b6aa-4a8a-b40a-19923692e1f1.csv,2afcee1a-b6aa-4a8a-b40a-19923692e1f1,5,success,
44718beb-9c19-4390-b838-f8e5150c5aeb.csv,44718beb-9c19-4390-b838-f8e5150c5aeb,1,success,
1930c3b8-def6-44b7-9bda-819b835bc91b.csv,1930c3b8-def6-44b7-9bda-819b835bc91b,3,success,
1b102fa8-ff66-4b62-8051-998603a88347.csv,1b102fa8-ff66-4b62-8051-998603a88347,2,success,
eaca12b3-6b58-4055-86d0-79ec4c797d26.csv,eaca12b3-6b58-4055-86d0-79ec4c797d26,7,success,
38278ce0-dbc3-4bb3-86e8-04bad5f26c6e.csv,38278ce0-dbc3-4bb3-86e8-04bad5f26c6e,7,success,
88e64a99-2471-409c-8bdc-a8bd1df1d2c3.csv,88e64a99-2471-409c-8bdc-a8bd1df1d2c3,7,success,
a639e7a2-f521-46b3-8c1a-204ff210ba6c.csv,a639e7a2-f521-46b3-8c1a-204ff210ba6c,10,success,
286a66c4-324d-49e9-9da7-9939b543dcae.csv,286a66c4-324d-49e9-9da7-9939b543dcae,10,success,
380f9715-d29e-4da6-8b70-0e0b6ba75980.csv,380f9715-d29e-4da6-8b70-0e0b6ba75980,3,success,
8b80abf5-ac3d-4d26-8dfe-7812c0d289cf.csv,8b80abf5-ac3d-4d26-8dfe-7812c0d289cf,1,success,
bf2772d4-ea63-4ea9-bdd1-b14b8d5877d5.csv,bf2772d4-ea63-4ea9-bdd1-b14b8d5877d5,7,success,
d2ab33af-8964-4c9c-b300-e6aec6a8478c.csv,d2ab33af-8964-4c9c-b300-e6aec6a8478c,8,success,
1f139e9b-8987-4401-b556-38fbbd202931.csv,1f139e9b-8987-4401-b556-38fbbd202931,2,success,
ac2939fa-4136-4fe9-a57c-36b611aceafb.csv,ac2939fa-4136-4fe9-a57c-36b611aceafb,4,success,
26dbeae5-2f5c-4c16-a18a-c1f8bab82f3b.csv,26dbeae5-2f5c-4c16-a18a-c1f8bab82f3b,4,success,
2af9c57c-ee65-4e26-b704-a6d829c5c843.csv,2af9c57c-ee65-4e26-b704-a6d829c5c843,5,success,
30cf97d9-122f-42af-8551-40513675c1b2.csv,30cf97d9-122f-42af-8551-40513675c1b2,3,success,
337a9891-a8f5-4e92-908c-856b8e3aa863.csv,337a9891-a8f5-4e92-908c-856b8e3aa863,1,success,
f93b9c90-e75c-41bd-aeb2-eb68eb7617e7.csv,f93b9c90-e75c-41bd-aeb2-eb68eb7617e7,11,success,
b931ac8b-f93d-4ca0-9861-1847d8a80162.csv,b931ac8b-f93d-4ca0-9861-1847d8a80162,11,success,
668023a9-7b6b-4f85-aac0-23afe4cef3fe.csv,668023a9-7b6b-4f85-aac0-23afe4cef3fe,6,success,
e9e14d12-9c12-4395-8145-ef3f5b085d19.csv,e9e14d12-9c12-4395-8145-ef3f5b085d19,3,success,
059e7bdd-47ee-4861-8f58-a0cf02f59edc.csv,059e7bdd-47ee-4861-8f58-a0cf02f59edc,7,success,
5cbf5b61-a32a-4528-ba53-ee5071586ed3.csv,5cbf5b61-a32a-4528-ba53-ee5071586ed3,9,success,
7d7f1b21-2642-4435-a882-bc438a87ddc0.csv,7d7f1b21-2642-4435-a882-bc438a87ddc0,4,success,
970594fc-1ef2-4385-a4e3-b1723f2a3838.csv,970594fc-1ef2-4385-a4e3-b1723f2a3838,1,success,
51a5bb95-b82c-4322-aed4-4a690998169f.csv,51a5bb95-b82c-4322-aed4-4a690998169f,6,success,
5c018af3-73c0-4d45-9580-449312be777e.csv,5c018af3-73c0-4d45-9580-449312be777e,3,success,
c4775bbc-7146-4098-b83b-cc5eff268663.csv,c4775bbc-7146-4098-b83b-cc5eff268663,5,success,
a9dc8203-e396-435e-a0e4-c5472d060809.csv,a9dc8203-e396-435e-a0e4-c5472d060809,5,success,
7ee50b16-7715-401c-b871-fcab198ebc77.csv,7ee50b16-7715-401c-b871-fcab198ebc77,4,success,
4d2012f4-0ce8-4a0f-9a1d-7033d3524f95.csv,4d2012f4-0ce8-4a0f-9a1d-7033d3524f95,2,success,
e2ee3782-622c-43d5-a910-39f02275787d.csv,e2ee3782-622c-43d5-a910-39f02275787d,6,success,
286879ae-92d8-48b1-a221-7d425adbc8e4.csv,286879ae-92d8-48b1-a221-7d425adbc8e4,7,success,
c97edb40-65b6-4fc8-8c81-c55fb5eb44dd.csv,c97edb40-65b6-4fc8-8c81-c55fb5eb44dd,3,success,
2c900f5d-9c32-4c73-9532-740a4a3d572b.csv,2c900f5d-9c32-4c73-9532-740a4a3d572b,6,success,
a0a5d0ed-53b9-46b6-bfd5-b242e48098fd.csv,a0a5d0ed-53b9-46b6-bfd5-b242e48098fd,2,success,
ab68c503-6785-4bad-ad4f-887e8464d2e7.csv,ab68c503-6785-4bad-ad4f-887e8464d2e7,9,success,
ffde7e48-7d41-4e4d-853a-8306e4878938.csv,ffde7e48-7d41-4e4d-853a-8306e4878938,1,success,
737d056f-36e8-4cfe-bfdc-594a10558876.csv,737d056f-36e8-4cfe-bfdc-594a10558876,2,success,
19c7b581-41a7-404f-91bb-46ca15ae985b.csv,19c7b581-41a7-404f-91bb-46ca15ae985b,6,success,
6a5e1726-be8f-4a3d-bdb4-0a89818c9d94.csv,6a5e1726-be8f-4a3d-bdb4-0a89818c9d94,9,success,
8ffa40b2-5e4e-48f8-a1be-429ab5b1c15f.csv,8ffa40b2-5e4e-48f8-a1be-429ab5b1c15f,1,success,
6b114067-c5bd-4272-95af-c77236009a09.csv,6b114067-c5bd-4272-95af-c77236009a09,8,success,
b3353342-f73e-4387-a46c-6ce9acc68df3.csv,b3353342-f73e-4387-a46c-6ce9acc68df3,7,success,
45e9522a-2c9a-48b0-a5d1-69f5daf22217.csv,45e9522a-2c9a-48b0-a5d1-69f5daf22217,6,success,
f86bf1e9-7ee8-4ce9-8ce8-54d5941ebe19.csv,f86bf1e9-7ee8-4ce9-8ce8-54d5941ebe19,2,success,
7a177dbd-6d07-47e1-bb2c-29b7604bc3d0.csv,7a177dbd-6d07-47e1-bb2c-29b7604bc3d0,11,success,
5585765f-db56-44df-8806-f4821e8c284d.csv,5585765f-db56-44df-8806-f4821e8c284d,4,success,
00acf869-4237-4c75-9fa0-324c7726b28c.csv,00acf869-4237-4c75-9fa0-324c7726b28c,1,success,
d7c5fc35-d659-481f-9f0e-0efb843cc1d1.csv,d7c5fc35-d659-481f-9f0e-0efb843cc1d1,6,success,
4072cf59-f0bb-4cd4-8d7c-2b46fc9e4e13.csv,4072cf59-f0bb-4cd4-8d7c-2b46fc9e4e13,9,success,
cc9b8f3d-7d97-4409-b30b-7358cfc63de9.csv,cc9b8f3d-7d97-4409-b30b-7358cfc63de9,3,success,
8eab9e0d-7037-403d-ba68-9760bc134bf8.csv,8eab9e0d-7037-403d-ba68-9760bc134bf8,5,success,
0a1579aa-0c86-4b18-b94e-8f215ef3c2cd.csv,0a1579aa-0c86-4b18-b94e-8f215ef3c2cd,3,success,
75a80ccb-228a-46ad-942f-720bb0057e50.csv,75a80ccb-228a-46ad-942f-720bb0057e50,9,success,
10e2c1e9-ef75-494c-83b8-1a0a988a9074.csv,10e2c1e9-ef75-494c-83b8-1a0a988a9074,3,success,
6fa975b8-02de-41a2-a35d-a470fd069bf3.csv,6fa975b8-02de-41a2-a35d-a470fd069bf3,5,success,
7982ba4a-8a21-4b12-93cf-9345dc2ece1f.csv,7982ba4a-8a21-4b12-93cf-9345dc2ece1f,8,success,
89a160f8-57dc-49ef-bda3-ccf0df9684a5.csv,89a160f8-57dc-49ef-bda3-ccf0df9684a5,2,success,
a0f890a5-1b2d-43bf-bf7e-21346f8add84.csv,a0f890a5-1b2d-43bf-bf7e-21346f8add84,10,success,
50e03aca-d01f-408b-8e7b-20a292ef28e0.csv,50e03aca-d01f-408b-8e7b-20a292ef28e0,9,success,
0119358d-172f-4246-a7a8-9bc5f696d818.csv,0119358d-172f-4246-a7a8-9bc5f696d818,9,success,
cbba8e41-751a-4868-969b-ee69629eaa72.csv,cbba8e41-751a-4868-969b-ee69629eaa72,11,success,
eef00220-16b7-41c6-98a9-d2753a17700d.csv,eef00220-16b7-41c6-98a9-d2753a17700d,9,success,
ed366b7d-f27f-494c-a40d-1a996cb6183a.csv,ed366b7d-f27f-494c-a40d-1a996cb6183a,11,success,
92ce6196-88de-4dfa-961c-2320238c9263.csv,92ce6196-88de-4dfa-961c-2320238c9263,3,success,
aaf2f0f4-7d00-408f-a6af-c6a8776c731d.csv,aaf2f0f4-7d00-408f-a6af-c6a8776c731d,10,success,
75aaaa80-0e0f-4f36-ba5b-01641720a3a9.csv,75aaaa80-0e0f-4f36-ba5b-01641720a3a9,1,success,
37335c7b-83e1-4f9a-9f2a-b646acc647e8.csv,37335c7b-83e1-4f9a-9f2a-b646acc647e8,10,success,
75c55e90-725c-422f-b9c4-f25dcc7af11b.csv,75c55e90-725c-422f-b9c4-f25dcc7af11b,1,success,
d78f3ca2-20bc-499f-b77d-dd7b55935a76.csv,d78f3ca2-20bc-499f-b77d-dd7b55935a76,5,success,
e0565a0e-7c64-4b82-8b49-a8f5b524d764.csv,e0565a0e-7c64-4b82-8b49-a8f5b524d764,7,success,
c0345f97-5096-4429-b72d-55ccead932b6.csv,c0345f97-5096-4429-b72d-55ccead932b6,6,success,
11bdb767-61d4-403e-8226-afcaf6538140.csv,11bdb767-61d4-403e-8226-afcaf6538140,8,success,
bd2db462-931b-49fe-9b5c-47dcb0b4e1c2.csv,bd2db462-931b-49fe-9b5c-47dcb0b4e1c2,8,success,
73bbedb4-d543-4b46-bf24-910b18363a3c.csv,73bbedb4-d543-4b46-bf24-910b18363a3c,7,success,
34f33e63-2fcb-4de4-8339-e5da5810f045.csv,34f33e63-2fcb-4de4-8339-e5da5810f045,10,success,
f7702956-83b1-46af-8308-fd7f576d1a87.csv,f7702956-83b1-46af-8308-fd7f576d1a87,8,success,
a41c0215-d662-430f-8475-0281e3069dd2.csv,a41c0215-d662-430f-8475-0281e3069dd2,4,success,
ff0ef748-0f69-46a4-a211-fabc015701d9.csv,ff0ef748-0f69-46a4-a211-fabc015701d9,8,success,
3511b588-974d-462d-8e9d-98a6dc59f611.csv,3511b588-974d-462d-8e9d-98a6dc59f611,7,success,
6c698f5f-2782-4d7d-a3c7-1bddad8bc95a.csv,6c698f5f-2782-4d7d-a3c7-1bddad8bc95a,2,success,
c4186e0f-27cf-4721-93e8-d18c17eeb53a.csv,c4186e0f-27cf-4721-93e8-d18c17eeb53a,5,success,
38737a9e-b753-40d5-b632-401585497e2c.csv,38737a9e-b753-40d5-b632-401585497e2c,9,success,
915c8046-a325-4783-bf9a-66faf03fa0f2.csv,915c8046-a325-4783-bf9a-66faf03fa0f2,5,success,
bb0705c8-15db-4bc9-8c6d-650f609a1953.csv,bb0705c8-15db-4bc9-8c6d-650f609a1953,9,success,
dc74f19f-1bab-480d-a865-123cc2b65ff7.csv,dc74f19f-1bab-480d-a865-123cc2b65ff7,5,success,
1c0d3c85-2a51-4a5b-92ef-b3b4a2a7ec22.csv,1c0d3c85-2a51-4a5b-92ef-b3b4a2a7ec22,3,success,
7ba76b77-5340-475e-8b3f-2eae56bbd052.csv,7ba76b77-5340-475e-8b3f-2eae56bbd052,5,success,
d1d46b75-e78f-43f4-acf4-f574b7eb02de.csv,d1d46b75-e78f-43f4-acf4-f574b7eb02de,8,success,
b4526234-94ac-4f57-a39d-60ae89931aa2.csv,b4526234-94ac-4f57-a39d-60ae89931aa2,5,success,
ea78ceca-afa7-4fb5-b694-ea10940ee586.csv,ea78ceca-afa7-4fb5-b694-ea10940ee586,5,success,
b2400afa-3d8e-4d53-8558-7a384b282df7.csv,b2400afa-3d8e-4d53-8558-7a384b282df7,2,success,
4dd6722d-0143-4dea-82f6-7ad3cdacfe79.csv,4dd6722d-0143-4dea-82f6-7ad3cdacfe79,5,success,
4962916f-a2eb-465e-aeac-5e26e3a35d82.csv,4962916f-a2eb-465e-aeac-5e26e3a35d82,3,success,
bc9bb9b6-899e-4894-8090-4edeae36178f.csv,bc9bb9b6-899e-4894-8090-4edeae36178f,4,success,
7c838e0f-4557-41e2-8cf9-cf1b2b9cfef9.csv,7c838e0f-4557-41e2-8cf9-cf1b2b9cfef9,1,success,
1b344870-e20c-4a2e-9bb5-5f158b6b8d29.csv,1b344870-e20c-4a2e-9bb5-5f158b6b8d29,1,success,
54e7f8fe-8545-4c6c-a392-eac19da3c1d0.csv,54e7f8fe-8545-4c6c-a392-eac19da3c1d0,11,success,
02a03494-dc68-4a23-8215-561287a13f82.csv,02a03494-dc68-4a23-8215-561287a13f82,7,success,
2a822e81-82e6-4f97-8440-59b2d0fe41bd.csv,2a822e81-82e6-4f97-8440-59b2d0fe41bd,10,success,
80435593-880f-448c-b062-5f5d1c1b240f.csv,80435593-880f-448c-b062-5f5d1c1b240f,8,success,
201f7c95-f40d-4d65-a430-5b8a004e17c2.csv,201f7c95-f40d-4d65-a430-5b8a004e17c2,8,success,
909e008f-b1c1-4435-9a4b-b7f6e1307075.csv,909e008f-b1c1-4435-9a4b-b7f6e1307075,3,success,
2dd38e2d-3663-488e-931f-c6edbc8e1798.csv,2dd38e2d-3663-488e-931f-c6edbc8e1798,10,success,
73700e58-de0d-4825-8672-da7a9b917544.csv,73700e58-de0d-4825-8672-da7a9b917544,2,success,
45150cd4-cc6a-415b-888e-c4b7104f470d.csv,45150cd4-cc6a-415b-888e-c4b7104f470d,10,success,
33cc7bb8-1158-4cbd-80c1-c67103425020.csv,33cc7bb8-1158-4cbd-80c1-c67103425020,2,success,
f4497174-8c2c-46c8-8f88-1a39e456800e.csv,f4497174-8c2c-46c8-8f88-1a39e456800e,2,success,
900e5ed4-cb47-4708-884c-a0f33d1f6260.csv,900e5ed4-cb47-4708-884c-a0f33d1f6260,6,success,
f7b0fd4f-a36b-4666-9540-9800ea242795.csv,f7b0fd4f-a36b-4666-9540-9800ea242795,8,success,
6ec5d7b5-0ec8-444f-b36c-7551923bc601.csv,6ec5d7b5-0ec8-444f-b36c-7551923bc601,2,success,
527a2dc1-f896-4c3e-adbb-d262989acf62.csv,527a2dc1-f896-4c3e-adbb-d262989acf62,5,success,
76fee6b8-fc32-419b-b21f-ed9203e4901d.csv,76fee6b8-fc32-419b-b21f-ed9203e4901d,7,success,
a39dad33-d770-49e7-be1b-8935d61251e2.csv,a39dad33-d770-49e7-be1b-8935d61251e2,1,success,
46bf4613-5fd5-478d-a16b-e422d618e49c.csv,46bf4613-5fd5-478d-a16b-e422d618e49c,4,success,
8f9df65b-2978-4eda-b5f7-507b801796e8.csv,8f9df65b-2978-4eda-b5f7-507b801796e8,5,success,
a99fc730-f52f-4038-b802-e0f06017d041.csv,a99fc730-f52f-4038-b802-e0f06017d041,8,success,
0782baba-5987-47f3-af62-26d0a26ed452.csv,0782baba-5987-47f3-af62-26d0a26ed452,6,success,
f3a1bdb4-843e-4451-b93b-6cde5dfa0bc4.csv,f3a1bdb4-843e-4451-b93b-6cde5dfa0bc4,8,success,
19b04967-365a-4bfd-abd6-7eb9be3e09dd.csv,19b04967-365a-4bfd-abd6-7eb9be3e09dd,1,success,
7f55de74-ec7f-4f71-82ff-3a9767654eab.csv,7f55de74-ec7f-4f71-82ff-3a9767654eab,9,success,
ea0355d5-44ca-43d4-a470-bcd4f8c9dd45.csv,ea0355d5-44ca-43d4-a470-bcd4f8c9dd45,1,success,
7ff7893e-9b54-4df7-be1d-bd69af79eb89.csv,7ff7893e-9b54-4df7-be1d-bd69af79eb89,5,success,
d6836c1c-f4d0-4598-babc-5d300d885983.csv,d6836c1c-f4d0-4598-babc-5d300d885983,9,success,
41e1aeba-34ac-4150-8c16-388465ed9cb9.csv,41e1aeba-34ac-4150-8c16-388465ed9cb9,7,success,
aeaec19b-ab7f-4137-ab75-c3dd4aa41ce3.csv,aeaec19b-ab7f-4137-ab75-c3dd4aa41ce3,9,success,
c7436122-bc91-4a98-a850-fb4941f85486.csv,c7436122-bc91-4a98-a850-fb4941f85486,3,success,
4f17cc0d-6981-4f5e-9030-e6bf9a26b3ef.csv,4f17cc0d-6981-4f5e-9030-e6bf9a26b3ef,11,success,
7db72781-b274-4760-b305-880d8f187315.csv,7db72781-b274-4760-b305-880d8f187315,3,success,
21fa9214-b9a8-4aa3-af75-16321d21e785.csv,21fa9214-b9a8-4aa3-af75-16321d21e785,7,success,
fe4b4fe5-9b95-4179-a5d0-bf545e5d81d3.csv,fe4b4fe5-9b95-4179-a5d0-bf545e5d81d3,2,success,
cefd0ded-1185-450f-8596-2177213060d9.csv,cefd0ded-1185-450f-8596-2177213060d9,6,success,
99780e25-3a6d-416d-a1dd-4e4230bf6126.csv,99780e25-3a6d-416d-a1dd-4e4230bf6126,3,success,
0b9aeb8d-096b-4766-b8ed-7eff270288d7.csv,0b9aeb8d-096b-4766-b8ed-7eff270288d7,5,success,
cb95ad8f-51ac-4a6b-89cd-07d8b3f9bc8d.csv,cb95ad8f-51ac-4a6b-89cd-07d8b3f9bc8d,10,success,
e5c1dc26-b8d8-46de-9e14-b93e9fa07b77.csv,e5c1dc26-b8d8-46de-9e14-b93e9fa07b77,8,success,
279d073d-887c-4bdd-95d1-3dce7bccc154.csv,279d073d-887c-4bdd-95d1-3dce7bccc154,1,success,
e4ce082e-beb6-4458-9adb-820ab99890ee.csv,e4ce082e-beb6-4458-9adb-820ab99890ee,6,success,
db2a6563-f8aa-49f2-9010-fc6c7d1e2db3.csv,db2a6563-f8aa-49f2-9010-fc6c7d1e2db3,4,success,
da3310b5-96ea-4d9e-879a-df8fcb77bb93.csv,da3310b5-96ea-4d9e-879a-df8fcb77bb93,10,success,
e622dbe6-df42-4eac-837d-77c6a7abdb7c.csv,e622dbe6-df42-4eac-837d-77c6a7abdb7c,2,success,
e702c28b-5645-4cc9-9e77-af6df801e86a.csv,e702c28b-5645-4cc9-9e77-af6df801e86a,4,success,
02c1a3b1-3c8c-4e6d-9d16-4eb937351d1c.csv,02c1a3b1-3c8c-4e6d-9d16-4eb937351d1c,7,success,
37b3337f-dbe3-4549-a2be-36095078e216.csv,37b3337f-dbe3-4549-a2be-36095078e216,6,success,
e568f298-84f5-4bac-8b26-e68de0eff270.csv,e568f298-84f5-4bac-8b26-e68de0eff270,2,success,
5ff8efca-5588-4586-8253-5654cddd00b0.csv,5ff8efca-5588-4586-8253-5654cddd00b0,5,success,
880bd3bb-4023-403e-9f72-2642aa95abb5.csv,880bd3bb-4023-403e-9f72-2642aa95abb5,2,success,
2ea9873c-b7bf-4eae-af2b-e496288dea77.csv,2ea9873c-b7bf-4eae-af2b-e496288dea77,1,success,
ba94a53f-4391-4549-9d4a-6ed4eebe670d.csv,ba94a53f-4391-4549-9d4a-6ed4eebe670d,3,success,
f22c7daf-199d-41fc-a081-9b0bf1b00489.csv,f22c7daf-199d-41fc-a081-9b0bf1b00489,10,success,
0478a9d3-6d68-4620-ba33-16741978fa53.csv,0478a9d3-6d68-4620-ba33-16741978fa53,10,success,
895938d8-0695-4739-a016-e19c06573372.csv,895938d8-0695-4739-a016-e19c06573372,5,success,
e479b133-d3b0-4181-b650-e4f1654731b6.csv,e479b133-d3b0-4181-b650-e4f1654731b6,5,success,
efae1425-4106-4171-a610-a42b0ab524f6.csv,efae1425-4106-4171-a610-a42b0ab524f6,11,success,
cdfa2521-bae2-461b-9a50-20daf5a4caf3.csv,cdfa2521-bae2-461b-9a50-20daf5a4caf3,9,success,
0c032655-e244-4d8a-b216-3acccdf3ea28.csv,0c032655-e244-4d8a-b216-3acccdf3ea28,8,success,
15ffa175-51d7-4d49-b8a2-3c8361e318b7.csv,15ffa175-51d7-4d49-b8a2-3c8361e318b7,4,success,
1923e43f-9c5e-460b-b7ff-7436d1666e86.csv,1923e43f-9c5e-460b-b7ff-7436d1666e86,10,success,
28d82010-4dac-492d-88da-55ac3f3e6c28.csv,28d82010-4dac-492d-88da-55ac3f3e6c28,11,success,
69f0ae79-55c1-4a39-9331-dc02f0974f5e.csv,69f0ae79-55c1-4a39-9331-dc02f0974f5e,6,success,
03c7c131-4b6d-4e6f-8d1f-d638bd3528d8.csv,03c7c131-4b6d-4e6f-8d1f-d638bd3528d8,2,success,
b2b12b4f-fcce-49ab-adf7-40fa4042d464.csv,b2b12b4f-fcce-49ab-adf7-40fa4042d464,1,success,
c172847d-7b35-48b3-9258-3005725de94f.csv,c172847d-7b35-48b3-9258-3005725de94f,8,success,
2c1a8123-24a5-4f2c-84b0-d97975dcc285.csv,2c1a8123-24a5-4f2c-84b0-d97975dcc285,2,success,
ee7fe2b8-4f08-426e-a459-b92ec52f9493.csv,ee7fe2b8-4f08-426e-a459-b92ec52f9493,1,success,
5569344e-3acc-4fad-81cf-72b46920839e.csv,5569344e-3acc-4fad-81cf-72b46920839e,3,success,
2f4c6b34-b23a-4cd1-97c1-4e4b4829324a.csv,2f4c6b34-b23a-4cd1-97c1-4e4b4829324a,7,success,
cca23565-e7a8-4c04-922c-9f36e575a397.csv,cca23565-e7a8-4c04-922c-9f36e575a397,8,success,
ccb274d3-d221-4539-ad25-025dd4688750.csv,ccb274d3-d221-4539-ad25-025dd4688750,10,success,
37b9fb51-ac90-46a6-b6b2-50657d16ceef.csv,37b9fb51-ac90-46a6-b6b2-50657d16ceef,8,success,
18bfb0de-8a25-4817-bdb8-e17e20362fb6.csv,18bfb0de-8a25-4817-bdb8-e17e20362fb6,5,success,
c07b42e2-44c5-4396-91b2-760470478f72.csv,c07b42e2-44c5-4396-91b2-760470478f72,6,success,
ce7a6c9b-cd5f-4a1f-b92e-49698e702f29.csv,ce7a6c9b-cd5f-4a1f-b92e-49698e702f29,2,success,
c957e7fa-fc8f-46df-a581-e0c729e6ae2b.csv,c957e7fa-fc8f-46df-a581-e0c729e6ae2b,4,success,
be9f6752-c85e-4f5f-a985-1c52e24b8fca.csv,be9f6752-c85e-4f5f-a985-1c52e24b8fca,6,success,
de1b5e34-5e04-4af4-98c7-18352192e96a.csv,de1b5e34-5e04-4af4-98c7-18352192e96a,1,success,
e179927a-bc8b-4cbb-9682-e97f805a52bc.csv,e179927a-bc8b-4cbb-9682-e97f805a52bc,2,success,
ef31be0c-cfa7-4583-8f86-62428ec99f92.csv,ef31be0c-cfa7-4583-8f86-62428ec99f92,2,success,
82b4b931-8591-4fca-aea1-e64f651c1edc.csv,82b4b931-8591-4fca-aea1-e64f651c1edc,5,success,
31b9e178-efba-47b6-9859-d1eafb463214.csv,31b9e178-efba-47b6-9859-d1eafb463214,8,success,
2903a89d-3e6d-40c3-add9-2f17e9c21a66.csv,2903a89d-3e6d-40c3-add9-2f17e9c21a66,9,success,
7535b09a-c4ca-4c62-bb22-5504c78f5a28.csv,7535b09a-c4ca-4c62-bb22-5504c78f5a28,10,success,
7597facb-371e-49a2-b4bf-0dd20aa0a13e.csv,7597facb-371e-49a2-b4bf-0dd20aa0a13e,4,success,
54bdb9c2-23c7-4a79-ba04-e081b8e8a6ee.csv,54bdb9c2-23c7-4a79-ba04-e081b8e8a6ee,4,success,
cff5fda9-18c7-4934-a4a7-27265981e02f.csv,cff5fda9-18c7-4934-a4a7-27265981e02f,6,success,
3eacc23d-5fb0-4283-bbf2-1d65e27c5d54.csv,3eacc23d-5fb0-4283-bbf2-1d65e27c5d54,9,success,
0a157da4-9d08-4c8d-883d-95ebe92030c3.csv,0a157da4-9d08-4c8d-883d-95ebe92030c3,4,success,
1eb4fb8f-c5a0-4644-a893-abc000d89be6.csv,1eb4fb8f-c5a0-4644-a893-abc000d89be6,6,success,
bd69348b-a134-4b53-806c-72c64611b26b.csv,bd69348b-a134-4b53-806c-72c64611b26b,10,success,
82176861-b1fe-4561-9c08-6ee9e9bfc0bc.csv,82176861-b1fe-4561-9c08-6ee9e9bfc0bc,1,success,
2a1aef9b-b2a6-436f-8fe0-9d2a9a48cbd1.csv,2a1aef9b-b2a6-436f-8fe0-9d2a9a48cbd1,10,success,
af4e0718-5ffb-4020-8d73-0cbf3615cd72.csv,af4e0718-5ffb-4020-8d73-0cbf3615cd72,2,success,
01797f75-b03a-4aee-90e2-b0b97f15de92.csv,01797f75-b03a-4aee-90e2-b0b97f15de92,8,success,
b8090257-d9ab-48a5-b43b-6ef4dfeb5abd.csv,b8090257-d9ab-48a5-b43b-6ef4dfeb5abd,6,success,
996ab796-f9a4-4d52-b1aa-c378e2122e2d.csv,996ab796-f9a4-4d52-b1aa-c378e2122e2d,4,success,
3865fce2-eeb2-47bc-81ea-8c3436cc60e3.csv,3865fce2-eeb2-47bc-81ea-8c3436cc60e3,9,success,
b4d9c8dd-bb5e-496b-8339-a28908e044da.csv,b4d9c8dd-bb5e-496b-8339-a28908e044da,8,success,
e67aa552-99df-4e37-905c-ecb79f9f5275.csv,e67aa552-99df-4e37-905c-ecb79f9f5275,10,success,
26caf5e6-577d-4978-bfd3-fb97f22432b2.csv,26caf5e6-577d-4978-bfd3-fb97f22432b2,7,success,
1476a41d-82e1-4515-8b1d-6955f11adb8a.csv,1476a41d-82e1-4515-8b1d-6955f11adb8a,4,success,
bb211fa5-6e5f-4007-9c02-146daca83261.csv,bb211fa5-6e5f-4007-9c02-146daca83261,8,success,
2f510f67-b0da-4a50-aedf-7a4412b34da3.csv,2f510f67-b0da-4a50-aedf-7a4412b34da3,3,success,
76d2705e-56f4-4811-a603-90adec8d5750.csv,76d2705e-56f4-4811-a603-90adec8d5750,1,success,
4abf9ad1-e1e6-49be-9e2a-75ef95f9dea7.csv,4abf9ad1-e1e6-49be-9e2a-75ef95f9dea7,3,success,
4b9ee666-a953-4066-be7d-faafa401e546.csv,4b9ee666-a953-4066-be7d-faafa401e546,4,success,
a18609f7-6f4a-4f88-98ac-b06cd7c02d9c.csv,a18609f7-6f4a-4f88-98ac-b06cd7c02d9c,9,success,
dd1bd78f-e0a3-47f9-b13c-f1e48b9a5af5.csv,dd1bd78f-e0a3-47f9-b13c-f1e48b9a5af5,3,success,
4196d521-1bc2-4d91-a04f-ad0a2c12b811.csv,4196d521-1bc2-4d91-a04f-ad0a2c12b811,6,success,
7952e0c1-d15b-41b6-bb59-daf2e8fb275b.csv,7952e0c1-d15b-41b6-bb59-daf2e8fb275b,7,success,
cf3aae07-a6ed-4519-9118-1146426f4a44.csv,cf3aae07-a6ed-4519-9118-1146426f4a44,2,success,
5e9cbfb5-4c73-4749-8d9a-7c802fe3b2a9.csv,5e9cbfb5-4c73-4749-8d9a-7c802fe3b2a9,5,success,
b4bbe564-a743-4119-9eb0-fdb4882b76ff.csv,b4bbe564-a743-4119-9eb0-fdb4882b76ff,6,success,
c3eff524-53cf-4777-8042-021f65b20c5e.csv,c3eff524-53cf-4777-8042-021f65b20c5e,2,success,
fa4bcb27-43ce-4fd2-abf2-d65143ea0862.csv,fa4bcb27-43ce-4fd2-abf2-d65143ea0862,7,success,
362129bf-e07b-4ab7-bdd0-cc7e401bff67.csv,362129bf-e07b-4ab7-bdd0-cc7e401bff67,9,success,
8a175d6f-e82e-4da8-81d6-e31fac1e8941.csv,8a175d6f-e82e-4da8-81d6-e31fac1e8941,11,success,
43c553ec-e51d-4c59-83ff-1891d7b8d382.csv,43c553ec-e51d-4c59-83ff-1891d7b8d382,7,success,
9da129c2-5b6b-4236-9a47-bb5a2d7f860a.csv,9da129c2-5b6b-4236-9a47-bb5a2d7f860a,7,success,
30e67507-31d0-4fdb-8e38-1fb34bdc81f7.csv,30e67507-31d0-4fdb-8e38-1fb34bdc81f7,10,success,
7bc25c77-3cae-48b3-ac52-cc4aa2b39209.csv,7bc25c77-3cae-48b3-ac52-cc4aa2b39209,2,success,
2019897d-ef66-4ea3-9560-3dfaa38ab608.csv,2019897d-ef66-4ea3-9560-3dfaa38ab608,10,success,
7bd6499d-924a-4832-bed7-3833039afc6a.csv,7bd6499d-924a-4832-bed7-3833039afc6a,3,success,
d83c077f-a788-4816-bec1-e9d53364bc00.csv,d83c077f-a788-4816-bec1-e9d53364bc00,3,success,
33a5c616-8b9f-4f4c-93a9-a75e89b5acd3.csv,33a5c616-8b9f-4f4c-93a9-a75e89b5acd3,5,success,
45bcda53-5fb0-433a-853d-a95166c0beae.csv,45bcda53-5fb0-433a-853d-a95166c0beae,5,success,
a6f1220a-9ba3-4429-89a3-0cc0759bcf32.csv,a6f1220a-9ba3-4429-89a3-0cc0759bcf32,5,success,
d1b74eb0-30b6-421b-8749-e25a49c106b9.csv,d1b74eb0-30b6-421b-8749-e25a49c106b9,8,success,
707697d9-569e-494f-818b-289c94e4c3d6.csv,707697d9-569e-494f-818b-289c94e4c3d6,4,success,
78176532-4e02-4a87-bc0d-8c47b83f7aec.csv,78176532-4e02-4a87-bc0d-8c47b83f7aec,10,success,
0c746c3b-39ba-4a1f-969f-b69bdfca8f85.csv,0c746c3b-39ba-4a1f-969f-b69bdfca8f85,5,success,
0afe14ad-2d16-4b48-9d9b-d26bb04c209d.csv,0afe14ad-2d16-4b48-9d9b-d26bb04c209d,9,success,
0f8d75dc-8845-47e4-8939-cb7476b15a26.csv,0f8d75dc-8845-47e4-8939-cb7476b15a26,1,success,
b49f89c1-9090-41d2-bb08-a7be3ac8d237.csv,b49f89c1-9090-41d2-bb08-a7be3ac8d237,1,success,
33db4194-eb2e-48df-9ac8-13fc085796f3.csv,33db4194-eb2e-48df-9ac8-13fc085796f3,4,success,
7362b667-fac5-46e2-8457-630bff71d686.csv,7362b667-fac5-46e2-8457-630bff71d686,2,success,
79aedc06-1f99-4adc-969b-900d278c024b.csv,79aedc06-1f99-4adc-969b-900d278c024b,1,success,
bfc726c0-66bd-41d1-a513-0fda6f0cae02.csv,bfc726c0-66bd-41d1-a513-0fda6f0cae02,1,success,
2756278e-3c7a-44f6-a39d-a68454820b2f.csv,2756278e-3c7a-44f6-a39d-a68454820b2f,4,success,
0ccafa5b-dd91-4cb4-b842-da578403e2e9.csv,0ccafa5b-dd91-4cb4-b842-da578403e2e9,8,success,
92418240-a210-4bdd-8314-45efec59f4e5.csv,92418240-a210-4bdd-8314-45efec59f4e5,6,success,
b9227045-2027-4c54-8ded-9f48311e1ad4.csv,b9227045-2027-4c54-8ded-9f48311e1ad4,8,success,
187f00e4-98b8-4ef2-b3b6-97b535549d35.csv,187f00e4-98b8-4ef2-b3b6-97b535549d35,3,success,
a68c9ddb-de92-4fc4-834e-e5f404443923.csv,a68c9ddb-de92-4fc4-834e-e5f404443923,5,success,
1b3c5774-f16b-4d51-bb8d-1a131c5d4c32.csv,1b3c5774-f16b-4d51-bb8d-1a131c5d4c32,3,success,
2aa1cb68-0d9a-49f6-b3cc-d49271d691f1.csv,2aa1cb68-0d9a-49f6-b3cc-d49271d691f1,5,success,
1b017cb6-6bb6-46e3-ab5b-96d4d33f3061.csv,1b017cb6-6bb6-46e3-ab5b-96d4d33f3061,11,success,
6819948a-e9d3-4883-99b3-112c9694c759.csv,6819948a-e9d3-4883-99b3-112c9694c759,2,success,
4b2d9014-40f5-4533-8542-9df69c670d10.csv,4b2d9014-40f5-4533-8542-9df69c670d10,10,success,
1a47b80c-ee2b-4e4a-b7d3-00d30a122759.csv,1a47b80c-ee2b-4e4a-b7d3-00d30a122759,4,success,
9665e92c-7e3c-434a-a34f-c52bdab5c27a.csv,9665e92c-7e3c-434a-a34f-c52bdab5c27a,1,success,
3a6d06de-526b-4e21-a867-b64f655dc467.csv,3a6d06de-526b-4e21-a867-b64f655dc467,6,success,
a68f1b55-1712-4774-b1bb-0dc87769fde6.csv,a68f1b55-1712-4774-b1bb-0dc87769fde6,11,success,
40c20dcc-04fd-4c32-acf1-7555c0cd0e6a.csv,40c20dcc-04fd-4c32-acf1-7555c0cd0e6a,2,success,
bc8ab750-118e-4e0c-b006-d84c5db1bc1b.csv,bc8ab750-118e-4e0c-b006-d84c5db1bc1b,7,success,
3e580c0a-ba56-449f-a491-2b2442ffb3b0.csv,3e580c0a-ba56-449f-a491-2b2442ffb3b0,5,success,
1a16e05b-56b3-41a1-a612-385374bb5f87.csv,1a16e05b-56b3-41a1-a612-385374bb5f87,1,success,
df271a2f-7410-43c7-9f48-0bf47cdef462.csv,df271a2f-7410-43c7-9f48-0bf47cdef462,6,success,
eacf5f2b-9341-4876-abae-8799029dd0c3.csv,eacf5f2b-9341-4876-abae-8799029dd0c3,7,success,
d747e0ec-17fb-4316-ba2b-61b3892e48a7.csv,d747e0ec-17fb-4316-ba2b-61b3892e48a7,9,success,
9952308c-18ea-4b39-bcab-0047a6302f35.csv,9952308c-18ea-4b39-bcab-0047a6302f35,11,success,
3780a75f-8a69-4e61-98a1-57578fa8f942.csv,3780a75f-8a69-4e61-98a1-57578fa8f942,6,success,
54050d55-f5ae-491b-b89c-c4c9d88d82ba.csv,54050d55-f5ae-491b-b89c-c4c9d88d82ba,9,success,
c210036e-bdad-494a-b7c2-6b308903f260.csv,c210036e-bdad-494a-b7c2-6b308903f260,7,success,
d97ff484-a93e-41ae-bac2-e004bcbfed71.csv,d97ff484-a93e-41ae-bac2-e004bcbfed71,1,success,
255e2771-6853-4150-8e91-19b1af6af93b.csv,255e2771-6853-4150-8e91-19b1af6af93b,10,success,
56b308df-7c7d-4e61-9634-5b35bb150f06.csv,56b308df-7c7d-4e61-9634-5b35bb150f06,4,success,
c86379df-aef5-4df0-a378-b9137fd17a85.csv,c86379df-aef5-4df0-a378-b9137fd17a85,2,success,
1bc0dc16-aba5-4ee7-88dc-d9b144774be6.csv,1bc0dc16-aba5-4ee7-88dc-d9b144774be6,7,success,
924d4fc3-6dbc-4282-b4c2-687425d7c895.csv,924d4fc3-6dbc-4282-b4c2-687425d7c895,1,success,
f9425ef5-439c-4411-98c7-953240139a04.csv,f9425ef5-439c-4411-98c7-953240139a04,10,success,
bdafa4db-3a42-469f-a155-46c2d09dc490.csv,bdafa4db-3a42-469f-a155-46c2d09dc490,11,success,
6c37c2ed-16c6-45f6-94b5-f4797231c147.csv,6c37c2ed-16c6-45f6-94b5-f4797231c147,9,success,
e12e5d1c-8e5c-4300-b224-085454eca024.csv,e12e5d1c-8e5c-4300-b224-085454eca024,9,success,
f264e2a5-c0c9-4508-ab1d-2d49164a90df.csv,f264e2a5-c0c9-4508-ab1d-2d49164a90df,1,success,
bc7c5c99-fc19-4a98-85f5-67f1ccf1f817.csv,bc7c5c99-fc19-4a98-85f5-67f1ccf1f817,10,success,
5fcf7b71-7394-4875-bd50-a6cc8fd124b5.csv,5fcf7b71-7394-4875-bd50-a6cc8fd124b5,2,success,
81eb4663-8e20-4c9c-8453-6211867abc9e.csv,81eb4663-8e20-4c9c-8453-6211867abc9e,1,success,
feba3342-cdd3-4654-a038-4854dd508460.csv,feba3342-cdd3-4654-a038-4854dd508460,9,success,
221c256d-d0b1-4589-9ef4-990e8b619538.csv,221c256d-d0b1-4589-9ef4-990e8b619538,4,success,
307b1a36-d216-4ea3-a8ee-bdbec66561e4.csv,307b1a36-d216-4ea3-a8ee-bdbec66561e4,6,success,
2f668a8e-0fc7-425e-bbd6-a6f053297d1e.csv,2f668a8e-0fc7-425e-bbd6-a6f053297d1e,7,success,
2f2e8d25-31d8-4e79-8ae2-30e9038f0fe2.csv,2f2e8d25-31d8-4e79-8ae2-30e9038f0fe2,11,success,
4fb28abf-fed2-4c6a-9ed1-13fc4c231032.csv,4fb28abf-fed2-4c6a-9ed1-13fc4c231032,9,success,
a785d361-622b-4582-9526-2b157967f6b0.csv,a785d361-622b-4582-9526-2b157967f6b0,7,success,
1204ba55-e513-41ff-8d68-ef2d19ea05d1.csv,1204ba55-e513-41ff-8d68-ef2d19ea05d1,3,success,
543bba3f-7bbb-4679-9957-6a4b9fdfacdb.csv,543bba3f-7bbb-4679-9957-6a4b9fdfacdb,10,success,
ef235fa5-c8ee-403b-b4ca-5b27a46af470.csv,ef235fa5-c8ee-403b-b4ca-5b27a46af470,1,success,
189e38e0-df62-4a0c-8e04-dcb442423774.csv,189e38e0-df62-4a0c-8e04-dcb442423774,4,success,
10effa32-72d5-411b-8d10-367ab43c12e4.csv,10effa32-72d5-411b-8d10-367ab43c12e4,4,success,
336e6257-15ac-4bdc-8fb9-e22e631a6537.csv,336e6257-15ac-4bdc-8fb9-e22e631a6537,4,success,
6b9ea5dd-f8ae-48f3-a83c-bb3973cbf9e1.csv,6b9ea5dd-f8ae-48f3-a83c-bb3973cbf9e1,5,success,
e1684acb-4ff1-4392-87c8-db7aead49bdb.csv,e1684acb-4ff1-4392-87c8-db7aead49bdb,7,success,
40ffa829-df44-482a-b091-d50b32b88a46.csv,40ffa829-df44-482a-b091-d50b32b88a46,2,success,
9312831a-926d-42bd-bafc-aaaec35ae536.csv,9312831a-926d-42bd-bafc-aaaec35ae536,8,success,
16808cb6-af8c-4ff1-9276-cd2fb38e7e43.csv,16808cb6-af8c-4ff1-9276-cd2fb38e7e43,9,success,
f036972b-8792-4a4c-99b1-934d210956b1.csv,f036972b-8792-4a4c-99b1-934d210956b1,2,success,
216a323f-c7e7-4912-b43c-2a2ac0be0d0b.csv,216a323f-c7e7-4912-b43c-2a2ac0be0d0b,7,success,
3f1f2821-951e-4b46-a55b-1b2ec7ccda85.csv,3f1f2821-951e-4b46-a55b-1b2ec7ccda85,10,success,
2c86af09-9ac8-4cdc-bb40-999fe5f7bd39.csv,2c86af09-9ac8-4cdc-bb40-999fe5f7bd39,4,success,
9de6652e-df93-4132-a5f1-c10e78029c7b.csv,9de6652e-df93-4132-a5f1-c10e78029c7b,4,success,
5d65934b-0f62-4ce1-b908-61e39d01f43a.csv,5d65934b-0f62-4ce1-b908-61e39d01f43a,5,success,
2864b566-cd82-49df-bc8b-de8f89ee8405.csv,2864b566-cd82-49df-bc8b-de8f89ee8405,11,success,
cb47905f-ab27-49d3-ad07-174ff9e9b040.csv,cb47905f-ab27-49d3-ad07-174ff9e9b040,2,success,
5dd8d817-3db2-44a3-9be6-2049c284adf9.csv,5dd8d817-3db2-44a3-9be6-2049c284adf9,3,success,
a8c6335e-57fe-495c-94cb-38b473ab5293.csv,a8c6335e-57fe-495c-94cb-38b473ab5293,10,success,
ddb1bcf0-f2dc-4b08-9a20-2c0c12c707c1.csv,ddb1bcf0-f2dc-4b08-9a20-2c0c12c707c1,8,success,
e8d855c0-5fe5-4167-9abb-fe7bca078e8c.csv,e8d855c0-5fe5-4167-9abb-fe7bca078e8c,9,success,
a7c3ee62-18fc-4da2-95f6-bca8647c69e2.csv,a7c3ee62-18fc-4da2-95f6-bca8647c69e2,10,success,
0d8b8134-1e3d-4791-bc69-24730a0f9004.csv,0d8b8134-1e3d-4791-bc69-24730a0f9004,10,success,
c7bbbeb1-6025-4476-bf5e-ea14a0710dde.csv,c7bbbeb1-6025-4476-bf5e-ea14a0710dde,3,success,
162a5fa8-dd9c-42da-9eb2-7656c07afad1.csv,162a5fa8-dd9c-42da-9eb2-7656c07afad1,10,success,
d19d89ec-eb16-4696-a04c-7372f2ce3a39.csv,d19d89ec-eb16-4696-a04c-7372f2ce3a39,6,success,
cf8e33c2-2bae-40be-820b-5ec2a820fed5.csv,cf8e33c2-2bae-40be-820b-5ec2a820fed5,10,success,
94134eb5-7845-4559-84f7-287c64e613f7.csv,94134eb5-7845-4559-84f7-287c64e613f7,7,success,
fd697795-15f0-4631-8d1b-1fc5fa07eccd.csv,fd697795-15f0-4631-8d1b-1fc5fa07eccd,2,success,
54d5fdba-9e5e-42f7-bff9-91bb5432dcf9.csv,54d5fdba-9e5e-42f7-bff9-91bb5432dcf9,4,success,
f8ffae12-6a5b-49b1-91ee-5efb7c434986.csv,f8ffae12-6a5b-49b1-91ee-5efb7c434986,4,success,
c23c98c2-0461-42fd-bd07-b8c1cb8ac7c3.csv,c23c98c2-0461-42fd-bd07-b8c1cb8ac7c3,10,success,
b0f20148-24e5-4ef8-aa40-3109f6c9e2a7.csv,b0f20148-24e5-4ef8-aa40-3109f6c9e2a7,11,success,
bf2fa2ec-2bce-426c-bbf4-8177736c14df.csv,bf2fa2ec-2bce-426c-bbf4-8177736c14df,4,success,
598cde43-717b-4097-b527-251237c41760.csv,598cde43-717b-4097-b527-251237c41760,2,success,
b5bf36bb-125e-4e2a-ad24-946905695e0c.csv,b5bf36bb-125e-4e2a-ad24-946905695e0c,6,success,
7421f974-ae97-4877-b9f1-18b4886ddfe6.csv,7421f974-ae97-4877-b9f1-18b4886ddfe6,11,success,
8930fdfa-c678-4b8f-a92c-daa0ce0b46a6.csv,8930fdfa-c678-4b8f-a92c-daa0ce0b46a6,11,success,
610e847d-8391-44f7-8239-1aa88b3380d1.csv,610e847d-8391-44f7-8239-1aa88b3380d1,8,success,
ca1fbfc6-5bcf-4b97-ba15-23e1f9e87d86.csv,ca1fbfc6-5bcf-4b97-ba15-23e1f9e87d86,9,success,
7f78f197-f29d-41ca-851c-c119e166c62e.csv,7f78f197-f29d-41ca-851c-c119e166c62e,4,success,
3bd1f32e-dfea-4049-aa66-4d2db670b72b.csv,3bd1f32e-dfea-4049-aa66-4d2db670b72b,5,success,
47734c0a-508b-4b5d-874a-da62f717aa14.csv,47734c0a-508b-4b5d-874a-da62f717aa14,8,success,
0be06744-375d-48af-8f31-ed4fd767b69a.csv,0be06744-375d-48af-8f31-ed4fd767b69a,4,success,
cdc0cf5a-dda2-4086-b0d7-54371ea36c10.csv,cdc0cf5a-dda2-4086-b0d7-54371ea36c10,9,success,
3826f039-dc36-4564-93c6-ed064aff4ca6.csv,3826f039-dc36-4564-93c6-ed064aff4ca6,7,success,
0ea7ea95-4a48-48d1-bae6-2f9070ad4b76.csv,0ea7ea95-4a48-48d1-bae6-2f9070ad4b76,5,success,
37034b6d-7548-45c1-b6b1-697a9782d0df.csv,37034b6d-7548-45c1-b6b1-697a9782d0df,5,success,
4c500737-fc18-4e2b-b960-b3e7a0f5b31e.csv,4c500737-fc18-4e2b-b960-b3e7a0f5b31e,9,success,
88e99dad-6746-4461-8265-2d24954ce7e3.csv,88e99dad-6746-4461-8265-2d24954ce7e3,6,success,
c1822851-eeb5-4c71-8072-15f42525cf85.csv,c1822851-eeb5-4c71-8072-15f42525cf85,4,success,
626a4666-0413-4937-b58e-6d09f28b1ab7.csv,626a4666-0413-4937-b58e-6d09f28b1ab7,3,success,
64746e4e-faf0-4829-873f-4a5b960debed.csv,64746e4e-faf0-4829-873f-4a5b960debed,1,success,
b5a5ad15-7b17-491d-b0b6-b12abadfd6c5.csv,b5a5ad15-7b17-491d-b0b6-b12abadfd6c5,8,success,
4258445f-9f1c-43cc-9542-798d03e7e185.csv,4258445f-9f1c-43cc-9542-798d03e7e185,9,success,
42f9fb1c-10c5-4550-978e-a82e2d077880.csv,42f9fb1c-10c5-4550-978e-a82e2d077880,2,success,
e31d3d8d-a5fc-48c3-8d41-d16798ba497f.csv,e31d3d8d-a5fc-48c3-8d41-d16798ba497f,10,success,
f1a59399-21df-46da-a564-481e073b9f8f.csv,f1a59399-21df-46da-a564-481e073b9f8f,9,success,
fe704cf1-993e-41d8-be63-f7736534487a.csv,fe704cf1-993e-41d8-be63-f7736534487a,3,success,
50db4cf9-c5aa-48f8-b741-146b85482270.csv,50db4cf9-c5aa-48f8-b741-146b85482270,4,success,
17ac2927-c59a-4a29-a011-95e49a91cd8b.csv,17ac2927-c59a-4a29-a011-95e49a91cd8b,9,success,
afeafd01-aec9-48e1-af29-dd9a50e5a92c.csv,afeafd01-aec9-48e1-af29-dd9a50e5a92c,7,success,
f150492e-b692-4297-a7e3-4c4c5936080c.csv,f150492e-b692-4297-a7e3-4c4c5936080c,2,success,
2d7323e0-2299-4120-a1c7-a0f090fe73e8.csv,2d7323e0-2299-4120-a1c7-a0f090fe73e8,4,success,
25a54876-2a09-4655-b1df-2415b7899556.csv,25a54876-2a09-4655-b1df-2415b7899556,1,success,
3eb2b509-1725-46af-8307-f420f8106596.csv,3eb2b509-1725-46af-8307-f420f8106596,11,success,
c737a044-cf14-4f8a-8a38-a15e08019847.csv,c737a044-cf14-4f8a-8a38-a15e08019847,3,success,
924d1582-3f62-4336-9509-71f228052f3d.csv,924d1582-3f62-4336-9509-71f228052f3d,1,success,
96ce9df1-0cea-41a7-91be-166479a0cf74.csv,96ce9df1-0cea-41a7-91be-166479a0cf74,11,success,
02761aa2-dfcf-4f9e-8c6e-f4b50d9e0774.csv,02761aa2-dfcf-4f9e-8c6e-f4b50d9e0774,5,success,
88316c00-5fcc-4f11-8178-8d048fb73e2b.csv,88316c00-5fcc-4f11-8178-8d048fb73e2b,9,success,
13813ee9-0b09-43af-8670-5e7fd981832c.csv,13813ee9-0b09-43af-8670-5e7fd981832c,6,success,
4e58e944-4f61-4140-898c-3b173ea94fea.csv,4e58e944-4f61-4140-898c-3b173ea94fea,6,success,
ec05c747-d644-4e69-b099-8880dbec0ecb.csv,ec05c747-d644-4e69-b099-8880dbec0ecb,4,success,
cbbdb021-a2fb-46ea-a1fa-f45b625bf3ac.csv,cbbdb021-a2fb-46ea-a1fa-f45b625bf3ac,2,success,
8beef2f9-972a-4525-80d2-87e44211b2c4.csv,8beef2f9-972a-4525-80d2-87e44211b2c4,7,success,
ca96921b-ac49-42a2-a33c-aa094e5caee6.csv,ca96921b-ac49-42a2-a33c-aa094e5caee6,3,success,
1b610128-453e-44af-b66b-a63ed6c73ac0.csv,1b610128-453e-44af-b66b-a63ed6c73ac0,3,success,
8f1319a1-0be8-452f-870a-c0eddfe36e68.csv,8f1319a1-0be8-452f-870a-c0eddfe36e68,4,success,
7e0cb164-2537-484a-ba89-b7340493f0f6.csv,7e0cb164-2537-484a-ba89-b7340493f0f6,5,success,
78550567-acb5-4772-bfe3-a04098b8030e.csv,78550567-acb5-4772-bfe3-a04098b8030e,10,success,
f925555a-b20d-4292-8f7a-788de2a521a6.csv,f925555a-b20d-4292-8f7a-788de2a521a6,9,success,
c2084ec5-5df9-4d5e-8f34-068b0a1d9528.csv,c2084ec5-5df9-4d5e-8f34-068b0a1d9528,1,success,
8212b50a-ab8e-410c-a1d2-5bc34ace7565.csv,8212b50a-ab8e-410c-a1d2-5bc34ace7565,7,success,
e8e9a19c-5050-4e5c-ab1e-7571b327b178.csv,e8e9a19c-5050-4e5c-ab1e-7571b327b178,3,success,
5104c5fd-5e7a-4d62-8ec4-82ae451991cb.csv,5104c5fd-5e7a-4d62-8ec4-82ae451991cb,3,success,
07678b15-fee4-43f3-9a42-500809b1d74b.csv,07678b15-fee4-43f3-9a42-500809b1d74b,5,success,
7bb6db18-e020-4632-8b02-167c9039e034.csv,7bb6db18-e020-4632-8b02-167c9039e034,3,success,
86c82c21-b354-4c26-9511-59fe7ebc761d.csv,86c82c21-b354-4c26-9511-59fe7ebc761d,2,success,
77d6eaf5-bf16-44d3-9c39-907a033ee84b.csv,77d6eaf5-bf16-44d3-9c39-907a033ee84b,9,success,
bac56f13-efea-41f5-8b32-3045204ffd36.csv,bac56f13-efea-41f5-8b32-3045204ffd36,3,success,
1682bd89-d7db-458a-86db-c6a0627f1d7f.csv,1682bd89-d7db-458a-86db-c6a0627f1d7f,9,success,
49862913-11a0-437d-adb3-5f9ac12b4612.csv,49862913-11a0-437d-adb3-5f9ac12b4612,6,success,
bf2faaa8-7a16-41e9-a801-854bbb99df48.csv,bf2faaa8-7a16-41e9-a801-854bbb99df48,5,success,
c984a08e-d756-4686-bbdd-2b6e43dc4f99.csv,c984a08e-d756-4686-bbdd-2b6e43dc4f99,11,success,
d8fc2db9-04ec-417a-b6c3-405dd2aaa56a.csv,d8fc2db9-04ec-417a-b6c3-405dd2aaa56a,9,success,
b3d8b01a-0f81-4f31-afad-c670ec322e57.csv,b3d8b01a-0f81-4f31-afad-c670ec322e57,4,success,
7efb1ff0-2dd8-46d0-be1d-68561bd613ea.csv,7efb1ff0-2dd8-46d0-be1d-68561bd613ea,2,success,
f7961880-967d-4f02-b79a-2c3d7b7ebb52.csv,f7961880-967d-4f02-b79a-2c3d7b7ebb52,7,success,
4e45cdbd-4d1c-4908-8d61-f8c44c426e27.csv,4e45cdbd-4d1c-4908-8d61-f8c44c426e27,4,success,
bf446ea2-cb60-4eb7-b134-2e6e04bc67be.csv,bf446ea2-cb60-4eb7-b134-2e6e04bc67be,10,success,
df99dd11-b2a7-4e38-8cd8-dbd3b93576b7.csv,df99dd11-b2a7-4e38-8cd8-dbd3b93576b7,3,success,
c9804bc6-2475-40f9-9d1c-012b3efd7467.csv,c9804bc6-2475-40f9-9d1c-012b3efd7467,8,success,
1951550d-b24e-409f-b1a5-b8686928e8cf.csv,1951550d-b24e-409f-b1a5-b8686928e8cf,5,success,
7f5aa206-d2aa-49f0-9547-161842fc5669.csv,7f5aa206-d2aa-49f0-9547-161842fc5669,6,success,
a28ce5b2-ab62-4b80-8af2-328abe0d198e.csv,a28ce5b2-ab62-4b80-8af2-328abe0d198e,8,success,
d6ef57ff-68a4-4111-8e3d-4fe467a1dc80.csv,d6ef57ff-68a4-4111-8e3d-4fe467a1dc80,2,success,
500c33fc-9d95-4443-a453-2b37d384df0d.csv,500c33fc-9d95-4443-a453-2b37d384df0d,5,success,
1db30a90-5363-4278-a4a3-2272382d32f6.csv,1db30a90-5363-4278-a4a3-2272382d32f6,5,success,
c752902a-dbed-48d8-a0fe-527621c79a09.csv,c752902a-dbed-48d8-a0fe-527621c79a09,4,success,
f674a709-d1e8-4240-aee8-d0efcd93b8b0.csv,f674a709-d1e8-4240-aee8-d0efcd93b8b0,11,success,
574d49da-70f2-48ec-92d5-600a5df5b6b1.csv,574d49da-70f2-48ec-92d5-600a5df5b6b1,6,success,
df58d5a9-d56a-466e-8f0a-1a5aab540478.csv,df58d5a9-d56a-466e-8f0a-1a5aab540478,11,success,
5d751ec2-37bc-4dbf-a32e-edeab5a0e85f.csv,5d751ec2-37bc-4dbf-a32e-edeab5a0e85f,10,success,
dac4abe3-9e52-4a23-8c5f-4a0d8dedab14.csv,dac4abe3-9e52-4a23-8c5f-4a0d8dedab14,6,success,
7ba6a524-895e-4b20-8fae-fd9870b23778.csv,7ba6a524-895e-4b20-8fae-fd9870b23778,3,success,
e0ce50df-06d9-423a-8871-4ac9d6ee8cae.csv,e0ce50df-06d9-423a-8871-4ac9d6ee8cae,4,success,
95174100-b7c4-4c99-a735-dff15b908611.csv,95174100-b7c4-4c99-a735-dff15b908611,5,success,
e57bb2a3-e992-4c30-9806-83f1b79afc46.csv,e57bb2a3-e992-4c30-9806-83f1b79afc46,7,success,
a22bc5ab-0953-4bfa-b769-511752f105ca.csv,a22bc5ab-0953-4bfa-b769-511752f105ca,1,success,
edad99c3-59ae-4614-805e-0f403d36ceaf.csv,edad99c3-59ae-4614-805e-0f403d36ceaf,5,success,
2a0cc779-1cca-4d22-b3bd-f64cd0f71e44.csv,2a0cc779-1cca-4d22-b3bd-f64cd0f71e44,2,success,
6759dca9-5cf5-4232-8eb3-550f4d04181f.csv,6759dca9-5cf5-4232-8eb3-550f4d04181f,9,success,
1ff4f239-66a7-4570-ba68-eab615656c65.csv,1ff4f239-66a7-4570-ba68-eab615656c65,6,success,
4a2579f0-51fb-4d7f-a2df-0d54c995eea1.csv,4a2579f0-51fb-4d7f-a2df-0d54c995eea1,8,success,
9306ce48-3868-43eb-ab22-2bfa7560ad8f.csv,9306ce48-3868-43eb-ab22-2bfa7560ad8f,11,success,
02a0c854-0886-45da-92c1-c3a711a7f7b0.csv,02a0c854-0886-45da-92c1-c3a711a7f7b0,1,success,
f1585acd-091f-4304-a10b-0fb908d83e90.csv,f1585acd-091f-4304-a10b-0fb908d83e90,3,success,
88f9af40-2ec6-45aa-b59f-dd0b67c38448.csv,88f9af40-2ec6-45aa-b59f-dd0b67c38448,9,success,
29c41ebd-9900-46df-8e43-abd6a627b1bb.csv,29c41ebd-9900-46df-8e43-abd6a627b1bb,2,success,
3258597d-6d44-4e9a-b907-05d209a72827.csv,3258597d-6d44-4e9a-b907-05d209a72827,4,success,
321a77ab-eb2c-49aa-b873-28260e97d06c.csv,321a77ab-eb2c-49aa-b873-28260e97d06c,3,success,
2ae49105-0863-4383-8e04-dc34b1476ae7.csv,2ae49105-0863-4383-8e04-dc34b1476ae7,4,success,
67a612dc-2e1a-49f2-b13b-800629563dbd.csv,67a612dc-2e1a-49f2-b13b-800629563dbd,2,success,
d68487d3-f16f-4f82-bdfb-c1d70ee88fa2.csv,d68487d3-f16f-4f82-bdfb-c1d70ee88fa2,7,success,
3ee58624-3a52-4492-95fe-ac4b8cb9bd45.csv,3ee58624-3a52-4492-95fe-ac4b8cb9bd45,3,success,
e7107b28-4b23-4f26-9c96-d6778a2f4473.csv,e7107b28-4b23-4f26-9c96-d6778a2f4473,6,success,
9d00e03b-fdff-4162-ad61-9196079812af.csv,9d00e03b-fdff-4162-ad61-9196079812af,2,success,
9a1a0eb4-056d-4edb-b2be-ffa68c6d7c4b.csv,9a1a0eb4-056d-4edb-b2be-ffa68c6d7c4b,1,success,
cbaee8bd-aeae-424b-91e2-218015c6b21b.csv,cbaee8bd-aeae-424b-91e2-218015c6b21b,11,success,
471506c3-28c0-40ff-bb98-4528e39693b3.csv,471506c3-28c0-40ff-bb98-4528e39693b3,5,success,
85085f7a-87b6-42a8-910e-a74b7c67e825.csv,85085f7a-87b6-42a8-910e-a74b7c67e825,7,success,
3b3586f4-7f14-4cb8-9027-b709b8cc3bb7.csv,3b3586f4-7f14-4cb8-9027-b709b8cc3bb7,6,success,
77ee8ed6-fc45-4638-84ec-aca2b49751e5.csv,77ee8ed6-fc45-4638-84ec-aca2b49751e5,8,success,
a95e1175-afb1-43f9-8cdf-3609c01ca53e.csv,a95e1175-afb1-43f9-8cdf-3609c01ca53e,2,success,
07a86930-8d05-4c9a-b52d-489a703b2c8f.csv,07a86930-8d05-4c9a-b52d-489a703b2c8f,10,success,
9e84ddf3-0b78-4178-ad73-a1c08a6c6e4c.csv,9e84ddf3-0b78-4178-ad73-a1c08a6c6e4c,8,success,
cb185e11-8bbc-41f3-8ceb-81c4fa7713b0.csv,cb185e11-8bbc-41f3-8ceb-81c4fa7713b0,8,success,
7ecddc0e-1669-4114-b7d1-51e473fdd2a4.csv,7ecddc0e-1669-4114-b7d1-51e473fdd2a4,2,success,
cc7eb00b-a98d-4b4b-a843-58203c80e218.csv,cc7eb00b-a98d-4b4b-a843-58203c80e218,2,success,
90d18b80-6ff9-4321-b374-d76924003e57.csv,90d18b80-6ff9-4321-b374-d76924003e57,11,success,
cc11a5e0-5fc0-4320-bf1c-f35535102c16.csv,cc11a5e0-5fc0-4320-bf1c-f35535102c16,2,success,
2c202974-c5af-4d23-93ae-2e5677cd3f4e.csv,2c202974-c5af-4d23-93ae-2e5677cd3f4e,9,success,
f6c693fb-c53d-42ac-bc50-7104d029b611.csv,f6c693fb-c53d-42ac-bc50-7104d029b611,8,success,
f2e9c8ce-db2c-47f4-b8ef-b1d776f96883.csv,f2e9c8ce-db2c-47f4-b8ef-b1d776f96883,2,success,
c7527a79-5399-45d9-858d-84326c5c8177.csv,c7527a79-5399-45d9-858d-84326c5c8177,5,success,
5802f536-e92b-40c1-9e7e-bcd3f16713cc.csv,5802f536-e92b-40c1-9e7e-bcd3f16713cc,9,success,
b33661a9-f45d-46cb-bef9-868ba15dc63f.csv,b33661a9-f45d-46cb-bef9-868ba15dc63f,8,success,
a91c99c8-c8f5-420f-bd7d-b116ac601b19.csv,a91c99c8-c8f5-420f-bd7d-b116ac601b19,7,success,
4595f4a3-3d59-4a26-a3d3-635af80607ec.csv,4595f4a3-3d59-4a26-a3d3-635af80607ec,8,success,
33a44f70-e1b9-451c-b8af-e5a382ccb8ed.csv,33a44f70-e1b9-451c-b8af-e5a382ccb8ed,2,success,
ea6f1809-21e5-458c-be13-b9cbcbc1d582.csv,ea6f1809-21e5-458c-be13-b9cbcbc1d582,2,success,
9af0a6c3-a684-48b9-8b35-91ccdbfd63f5.csv,9af0a6c3-a684-48b9-8b35-91ccdbfd63f5,8,success,
51630282-0e98-4197-aa84-e0ef74bb31bb.csv,51630282-0e98-4197-aa84-e0ef74bb31bb,9,success,
d872cac7-d83c-404c-acd5-02b523483a35.csv,d872cac7-d83c-404c-acd5-02b523483a35,5,success,
9575a13a-88bf-456f-b74f-16a09e2030f8.csv,9575a13a-88bf-456f-b74f-16a09e2030f8,6,success,
30ff272d-d95a-4dcd-8578-e91ab43fc9b6.csv,30ff272d-d95a-4dcd-8578-e91ab43fc9b6,9,success,
5a46b58c-d11d-45c0-bd01-1499cf399616.csv,5a46b58c-d11d-45c0-bd01-1499cf399616,9,success,
e7337704-8723-4c33-b2e1-e72151df388f.csv,e7337704-8723-4c33-b2e1-e72151df388f,11,success,
b42d3a13-0932-4f61-ab14-d4face7fcc98.csv,b42d3a13-0932-4f61-ab14-d4face7fcc98,10,success,
12584b5e-0d61-43f3-87ea-636b9878a8e1.csv,12584b5e-0d61-43f3-87ea-636b9878a8e1,4,success,
fc598a82-bbac-4ac1-a51e-6f58608087b2.csv,fc598a82-bbac-4ac1-a51e-6f58608087b2,1,success,
9b043efb-0e22-4267-9153-0b76d1fb7dec.csv,9b043efb-0e22-4267-9153-0b76d1fb7dec,2,success,
bb7515f0-a9b6-4ee0-88b6-36fcd3742fe8.csv,bb7515f0-a9b6-4ee0-88b6-36fcd3742fe8,7,success,
008e7778-8eaf-4a39-95ff-2e91f0f2c8c5.csv,008e7778-8eaf-4a39-95ff-2e91f0f2c8c5,10,success,
14d53a77-43b0-45cb-9192-2fa2568581a8.csv,14d53a77-43b0-45cb-9192-2fa2568581a8,8,success,
a5cf6049-ed9c-422d-981b-1e1640413147.csv,a5cf6049-ed9c-422d-981b-1e1640413147,7,success,
111f2b15-8147-48ca-aedb-7e6ed32ad16b.csv,111f2b15-8147-48ca-aedb-7e6ed32ad16b,5,success,
0a4ab046-50e8-4749-a15e-57963dc58d21.csv,0a4ab046-50e8-4749-a15e-57963dc58d21,10,success,
3b168b31-050b-4f50-a838-553ee9a8c1dc.csv,3b168b31-050b-4f50-a838-553ee9a8c1dc,8,success,
b9464e17-5162-4a71-a81b-9c0f13126a75.csv,b9464e17-5162-4a71-a81b-9c0f13126a75,9,success,
62c568c8-b17a-4edc-bd73-dbaa0e5d9831.csv,62c568c8-b17a-4edc-bd73-dbaa0e5d9831,11,success,
fb720187-1cdb-4009-97be-57706b80dc23.csv,fb720187-1cdb-4009-97be-57706b80dc23,8,success,
bd1ad890-6f03-4f4a-8e1d-89405d92becf.csv,bd1ad890-6f03-4f4a-8e1d-89405d92becf,8,success,
3d10523d-9c39-4aa4-9439-3a5e8d2b0a9c.csv,3d10523d-9c39-4aa4-9439-3a5e8d2b0a9c,4,success,
dcd9db8e-da6c-46aa-b35a-ed309878627b.csv,dcd9db8e-da6c-46aa-b35a-ed309878627b,6,success,
d3450c09-315c-4647-8b2a-399569112de2.csv,d3450c09-315c-4647-8b2a-399569112de2,4,success,
ab849580-ee6e-47e1-944d-225a3f2ca600.csv,ab849580-ee6e-47e1-944d-225a3f2ca600,8,success,
da40f4bc-6adb-4f5f-a2a3-20a1a0e8d4fc.csv,da40f4bc-6adb-4f5f-a2a3-20a1a0e8d4fc,8,success,
7d8494a1-0093-4132-abbd-e284fa3d7522.csv,7d8494a1-0093-4132-abbd-e284fa3d7522,6,success,
4df3ac49-4368-45a4-8ca9-e638ee223e6c.csv,4df3ac49-4368-45a4-8ca9-e638ee223e6c,11,success,
c38ad6c1-e27f-400b-93c8-dc2263f3cf39.csv,c38ad6c1-e27f-400b-93c8-dc2263f3cf39,3,success,
625a953b-2505-48fd-a94f-2bd8c3780347.csv,625a953b-2505-48fd-a94f-2bd8c3780347,3,success,
ef8258ea-a34c-42c8-b404-97b9cebc628e.csv,ef8258ea-a34c-42c8-b404-97b9cebc628e,7,success,
a21635ec-1bd1-427b-8005-7b96116e0105.csv,a21635ec-1bd1-427b-8005-7b96116e0105,5,success,
fa529710-8a51-4c84-9df2-216e4ab36646.csv,fa529710-8a51-4c84-9df2-216e4ab36646,11,success,
34513055-c788-437a-8911-76ed62eb3479.csv,34513055-c788-437a-8911-76ed62eb3479,8,success,
a65ca41f-5c0b-4a94-b1b9-2754e95f4b09.csv,a65ca41f-5c0b-4a94-b1b9-2754e95f4b09,3,success,
6d50a441-678c-4ceb-ac03-8cc9323565d6.csv,6d50a441-678c-4ceb-ac03-8cc9323565d6,7,success,
082badbb-5275-4856-87be-57ef8c957240.csv,082badbb-5275-4856-87be-57ef8c957240,5,success,
8933200c-6aa4-4beb-a20d-27a3edf14b45.csv,8933200c-6aa4-4beb-a20d-27a3edf14b45,8,success,
cc889207-778c-4642-8c0d-c5b314d2c1c8.csv,cc889207-778c-4642-8c0d-c5b314d2c1c8,5,success,
5094211d-ef10-444b-a0ae-5fd422d360ec.csv,5094211d-ef10-444b-a0ae-5fd422d360ec,5,success,
73b2117a-16ca-46ec-9cca-c55a95c8cbfa.csv,73b2117a-16ca-46ec-9cca-c55a95c8cbfa,10,success,
4e678e5c-6b55-4f0b-b592-539e6c290d60.csv,4e678e5c-6b55-4f0b-b592-539e6c290d60,8,success,
afdab3a7-251c-4199-bc0d-b3aed33cfa7d.csv,afdab3a7-251c-4199-bc0d-b3aed33cfa7d,6,success,
4dc6a4de-8ef6-434d-b03a-7bfc4142b056.csv,4dc6a4de-8ef6-434d-b03a-7bfc4142b056,2,success,
b1bf399f-3e3e-4ef2-bab4-637d6cd90022.csv,b1bf399f-3e3e-4ef2-bab4-637d6cd90022,9,success,
5faaf1e6-6e1a-4ed0-bb29-9fff9b7e6546.csv,5faaf1e6-6e1a-4ed0-bb29-9fff9b7e6546,2,success,
b9b64116-ecc7-41c4-ba95-47014c3121e0.csv,b9b64116-ecc7-41c4-ba95-47014c3121e0,6,success,
68295ea4-f1ee-4b92-b7b7-2f48b5f6092b.csv,68295ea4-f1ee-4b92-b7b7-2f48b5f6092b,9,success,
bd1bfb9b-0773-4455-9fb9-02317689ad1a.csv,bd1bfb9b-0773-4455-9fb9-02317689ad1a,7,success,
726cdb58-3ec4-43c8-b468-788a1121fef8.csv,726cdb58-3ec4-43c8-b468-788a1121fef8,11,success,
64b57175-ba5b-4dbf-a14e-4f0d1dd0a93a.csv,64b57175-ba5b-4dbf-a14e-4f0d1dd0a93a,10,success,
0de11f43-df3a-4ddc-9943-2556c243d8c0.csv,0de11f43-df3a-4ddc-9943-2556c243d8c0,1,success,
597864e2-5f04-41a6-bc86-28346f584746.csv,597864e2-5f04-41a6-bc86-28346f584746,8,success,
ebfec5c6-1e46-45fc-a0dd-b3e438482cb6.csv,ebfec5c6-1e46-45fc-a0dd-b3e438482cb6,10,success,
6ee92e98-fd7a-4481-a45f-d23b1d20f157.csv,6ee92e98-fd7a-4481-a45f-d23b1d20f157,8,success,
68c5726c-30dd-4ba4-b7d4-03eb22ec5a19.csv,68c5726c-30dd-4ba4-b7d4-03eb22ec5a19,4,success,
41320e79-1f0d-429a-9012-73b1af4e935c.csv,41320e79-1f0d-429a-9012-73b1af4e935c,1,success,
31af5cee-94d6-402e-85cc-da2024421bac.csv,31af5cee-94d6-402e-85cc-da2024421bac,8,success,
07d69cdb-e3bc-4510-b40e-dbe7b873a489.csv,07d69cdb-e3bc-4510-b40e-dbe7b873a489,6,success,
34452f41-279a-4687-acff-4e7f607e81ff.csv,34452f41-279a-4687-acff-4e7f607e81ff,3,success,
72891835-9b8b-41ee-93e8-539aa0b33db7.csv,72891835-9b8b-41ee-93e8-539aa0b33db7,6,success,
97ba1e5d-4dc1-4da9-81a1-ff2e2cfed4a8.csv,97ba1e5d-4dc1-4da9-81a1-ff2e2cfed4a8,10,success,
3dfc0367-ef0f-4743-9150-b7acee2d6b00.csv,3dfc0367-ef0f-4743-9150-b7acee2d6b00,9,success,
c0b9541f-c98e-49e1-b77a-0214dd385333.csv,c0b9541f-c98e-49e1-b77a-0214dd385333,7,success,
608e1087-0f3f-4d3b-a286-f3834cf4607c.csv,608e1087-0f3f-4d3b-a286-f3834cf4607c,10,success,
f1c129ef-b612-461b-8356-e5acf2dd20cf.csv,f1c129ef-b612-461b-8356-e5acf2dd20cf,8,success,
eac5f76f-5e2a-4bd7-acaf-812a5e105762.csv,eac5f76f-5e2a-4bd7-acaf-812a5e105762,8,success,
9c650fd0-1bd3-4262-a458-8398f6dfa447.csv,9c650fd0-1bd3-4262-a458-8398f6dfa447,1,success,
7402fc95-2e72-4a4e-b1b3-0e8e6d1c555a.csv,7402fc95-2e72-4a4e-b1b3-0e8e6d1c555a,4,success,
5908fd80-2413-443e-a386-ec82c1b79ddb.csv,5908fd80-2413-443e-a386-ec82c1b79ddb,9,success,
92c5f866-90f8-43e1-8add-4179bb3b53f9.csv,92c5f866-90f8-43e1-8add-4179bb3b53f9,1,success,
490e7711-eee9-48c9-aa5d-4f3f0775967f.csv,490e7711-eee9-48c9-aa5d-4f3f0775967f,4,success,
bb1aa598-71de-47e4-af9b-857b4f04c6eb.csv,bb1aa598-71de-47e4-af9b-857b4f04c6eb,9,success,
21552c6e-cd25-4e91-9b0d-613c11937031.csv,21552c6e-cd25-4e91-9b0d-613c11937031,11,success,
56b517a2-8c04-4917-a45f-b8e9ad31f518.csv,56b517a2-8c04-4917-a45f-b8e9ad31f518,10,success,
20585dc0-763d-4612-9bd1-e455b90f18e3.csv,20585dc0-763d-4612-9bd1-e455b90f18e3,7,success,
a69410e7-54ca-44c3-b772-bc4f21020718.csv,a69410e7-54ca-44c3-b772-bc4f21020718,8,success,
673c8240-9710-4d72-b592-edfdb612645a.csv,673c8240-9710-4d72-b592-edfdb612645a,9,success,
17b1766d-e482-4f22-b8e9-f36779c73134.csv,17b1766d-e482-4f22-b8e9-f36779c73134,6,success,
8c60b31d-8676-4f95-a79e-4685b695e003.csv,8c60b31d-8676-4f95-a79e-4685b695e003,2,success,
379019ae-d479-44f9-bf09-ca9fb892866e.csv,379019ae-d479-44f9-bf09-ca9fb892866e,8,success,
01a0469c-0c89-4a8e-b03d-6c8a6f63111e.csv,01a0469c-0c89-4a8e-b03d-6c8a6f63111e,6,success,
eb542f05-ddc4-466f-b583-72b2d85fd03a.csv,eb542f05-ddc4-466f-b583-72b2d85fd03a,8,success,
652df09b-03f7-406f-b86e-30152dbb50aa.csv,652df09b-03f7-406f-b86e-30152dbb50aa,2,success,
987374f4-c6d2-4cfd-910d-f33d4bc5a8ce.csv,987374f4-c6d2-4cfd-910d-f33d4bc5a8ce,7,success,
c66bdb52-ef4e-4f5a-aa06-b2b5a6e09d3a.csv,c66bdb52-ef4e-4f5a-aa06-b2b5a6e09d3a,6,success,
72cbc941-34e9-4758-bcc0-89c00cec8ddf.csv,72cbc941-34e9-4758-bcc0-89c00cec8ddf,7,success,
e57c1158-bf8b-432d-af8b-1facaaeb996e.csv,e57c1158-bf8b-432d-af8b-1facaaeb996e,4,success,
66b14b2f-602d-4de8-bd8e-e887b4b5a01a.csv,66b14b2f-602d-4de8-bd8e-e887b4b5a01a,9,success,
cbdba5d0-0f58-40dd-9375-53279b38bcf7.csv,cbdba5d0-0f58-40dd-9375-53279b38bcf7,8,success,
8cc2f589-9ea8-49f2-b953-f26aa8b6c38c.csv,8cc2f589-9ea8-49f2-b953-f26aa8b6c38c,3,success,
5d3f3b76-0c89-4ebb-8b34-5d823486144a.csv,5d3f3b76-0c89-4ebb-8b34-5d823486144a,9,success,
f47e3c85-f581-4d4c-83f8-1cdb5893ec44.csv,f47e3c85-f581-4d4c-83f8-1cdb5893ec44,5,success,
6ce0d0e6-8ec3-491b-854e-6f61301013c4.csv,6ce0d0e6-8ec3-491b-854e-6f61301013c4,7,success,
f646f3ac-cf95-4913-a94d-770f018b1928.csv,f646f3ac-cf95-4913-a94d-770f018b1928,2,success,
a3468b76-068b-4e99-bedc-d81c0bf684d1.csv,a3468b76-068b-4e99-bedc-d81c0bf684d1,5,success,
b305c808-0915-40e1-9283-5abb332de777.csv,b305c808-0915-40e1-9283-5abb332de777,11,success,
39100cf8-3c50-4f6b-8523-301835b11aa6.csv,39100cf8-3c50-4f6b-8523-301835b11aa6,7,success,
6b039a44-9704-4d05-ada3-7fd9addaa7e3.csv,6b039a44-9704-4d05-ada3-7fd9addaa7e3,3,success,
e5f6e284-f87f-41c4-a558-f794613687be.csv,e5f6e284-f87f-41c4-a558-f794613687be,7,success,
9e7a61a6-1aed-45ad-bf8d-c9a70eae9576.csv,9e7a61a6-1aed-45ad-bf8d-c9a70eae9576,3,success,
fd4d5ea8-50b7-47c3-8a1e-bcf807d59125.csv,fd4d5ea8-50b7-47c3-8a1e-bcf807d59125,2,success,
33d69834-4f10-4fbb-8be0-b44b91dfcc3c.csv,33d69834-4f10-4fbb-8be0-b44b91dfcc3c,8,success,
9f6773bf-290c-4583-b8f2-d8bc9dcaf6a6.csv,9f6773bf-290c-4583-b8f2-d8bc9dcaf6a6,9,success,
6c435c67-67ad-4a30-81b1-0bc155cbe7d7.csv,6c435c67-67ad-4a30-81b1-0bc155cbe7d7,9,success,
62ca4f36-f913-4e03-b118-e5c118a8267e.csv,62ca4f36-f913-4e03-b118-e5c118a8267e,2,success,
a1bb3f16-6690-411d-b58a-0eb53b43dbb2.csv,a1bb3f16-6690-411d-b58a-0eb53b43dbb2,5,success,
17db7b98-a0e6-4465-abc2-05d820d5c8bf.csv,17db7b98-a0e6-4465-abc2-05d820d5c8bf,3,success,
90840a19-cd99-4ba1-b7a6-1e8cfa3d563e.csv,90840a19-cd99-4ba1-b7a6-1e8cfa3d563e,7,success,
715995bd-4acf-4efc-acc7-1956a006ebcf.csv,715995bd-4acf-4efc-acc7-1956a006ebcf,9,success,
dae7e6c4-6dda-47c8-af83-c89314e161aa.csv,dae7e6c4-6dda-47c8-af83-c89314e161aa,1,success,
0d82a5c0-4780-4c73-9892-3bcb745fa67e.csv,0d82a5c0-4780-4c73-9892-3bcb745fa67e,2,success,
733c3dfa-2536-4ada-ba0c-6033bda03268.csv,733c3dfa-2536-4ada-ba0c-6033bda03268,11,success,
c8a10434-551f-44b7-a540-7cb8a25d2948.csv,c8a10434-551f-44b7-a540-7cb8a25d2948,4,success,
c0a528f1-0c57-44a3-b235-e1e894018f44.csv,c0a528f1-0c57-44a3-b235-e1e894018f44,8,success,
2c95c276-2528-4c43-9485-ff53ad5ce83d.csv,2c95c276-2528-4c43-9485-ff53ad5ce83d,7,success,
cdcec6eb-c43a-432d-a627-7581e717297e.csv,cdcec6eb-c43a-432d-a627-7581e717297e,2,success,
4fbd53df-5886-4d68-98e6-2b0e99f95389.csv,4fbd53df-5886-4d68-98e6-2b0e99f95389,2,success,
fbe20110-40e3-493c-b02c-23b4a7f20c43.csv,fbe20110-40e3-493c-b02c-23b4a7f20c43,4,success,
6b37a625-67c7-4c39-b445-13a5a3da4b11.csv,6b37a625-67c7-4c39-b445-13a5a3da4b11,4,success,
616b673a-3496-4487-9a8b-311989b92fe0.csv,616b673a-3496-4487-9a8b-311989b92fe0,6,success,
02b539e2-8d88-41a8-bcc4-1af21f27c0d8.csv,02b539e2-8d88-41a8-bcc4-1af21f27c0d8,3,success,
3b0169f7-798b-466a-ac2f-e181dc7508b0.csv,3b0169f7-798b-466a-ac2f-e181dc7508b0,1,success,
1afe2f70-ded2-4f72-ba34-23cb25a447c6.csv,1afe2f70-ded2-4f72-ba34-23cb25a447c6,6,success,
051d59da-9b88-43a5-a5c7-756b349b40a0.csv,051d59da-9b88-43a5-a5c7-756b349b40a0,11,success,
59edadf7-1528-4d40-84bd-17b1bd5fcd17.csv,59edadf7-1528-4d40-84bd-17b1bd5fcd17,6,success,
d1351977-f903-4949-aa16-121e2e618c11.csv,d1351977-f903-4949-aa16-121e2e618c11,4,success,
6d8b0fbe-28bf-4429-bcea-a1809b6a93e3.csv,6d8b0fbe-28bf-4429-bcea-a1809b6a93e3,2,success,
70a51bec-0766-4119-83b4-5ea77c82ad89.csv,70a51bec-0766-4119-83b4-5ea77c82ad89,5,success,
5d96e519-67dd-4d00-8441-7ab2431b9ee5.csv,5d96e519-67dd-4d00-8441-7ab2431b9ee5,11,success,
b9da9a99-1262-4238-8f33-ef1e9ed5d0cf.csv,b9da9a99-1262-4238-8f33-ef1e9ed5d0cf,1,success,
aef29391-028d-4a95-91d0-d1cccd43c23e.csv,aef29391-028d-4a95-91d0-d1cccd43c23e,7,success,
132a5fb4-680b-4721-83d0-cc9900011d1a.csv,132a5fb4-680b-4721-83d0-cc9900011d1a,11,success,
79d991b3-b0af-4669-82a7-5fb13b2c2758.csv,79d991b3-b0af-4669-82a7-5fb13b2c2758,4,success,
5a7dc52e-a773-4156-8dee-47296365d003.csv,5a7dc52e-a773-4156-8dee-47296365d003,8,success,
fd694029-ba51-4474-af55-6d0c08075799.csv,fd694029-ba51-4474-af55-6d0c08075799,5,success,
057a91d5-a086-4b83-954c-e2cec5fbe114.csv,057a91d5-a086-4b83-954c-e2cec5fbe114,3,success,
6f40f9d5-a588-44ca-9d57-6a585977d735.csv,6f40f9d5-a588-44ca-9d57-6a585977d735,7,success,
bf550bbe-bd0d-4fd4-8476-2e5f6937af22.csv,bf550bbe-bd0d-4fd4-8476-2e5f6937af22,10,success,
157ac351-bfba-4aac-a7d8-0ab04d1d7876.csv,157ac351-bfba-4aac-a7d8-0ab04d1d7876,7,success,
3a573800-2df5-4c58-a669-76a569c01b78.csv,3a573800-2df5-4c58-a669-76a569c01b78,9,success,
1c53840f-76de-4198-87a5-fb34849c8966.csv,1c53840f-76de-4198-87a5-fb34849c8966,4,success,
2460f0cb-cbc3-472a-9f94-0b0fd65c52a6.csv,2460f0cb-cbc3-472a-9f94-0b0fd65c52a6,2,success,
a91cbc13-83c6-4828-a230-9ae70d8f57b4.csv,a91cbc13-83c6-4828-a230-9ae70d8f57b4,8,success,
3c39cec7-3d93-4d51-9af3-f379d4e72058.csv,3c39cec7-3d93-4d51-9af3-f379d4e72058,6,success,
026d2657-1e7c-47e9-ab0e-1433286de06e.csv,026d2657-1e7c-47e9-ab0e-1433286de06e,3,success,
e96cbeb4-c036-485f-96c6-cc7fdcb214ca.csv,e96cbeb4-c036-485f-96c6-cc7fdcb214ca,5,success,
daf24cca-2cc3-4b30-a9d7-aafab1f2c330.csv,daf24cca-2cc3-4b30-a9d7-aafab1f2c330,10,success,
82463a9c-fd20-4e41-91af-7d7ef66c179a.csv,82463a9c-fd20-4e41-91af-7d7ef66c179a,2,success,
b03316d5-8be5-43d2-8dee-291fd3b6e94f.csv,b03316d5-8be5-43d2-8dee-291fd3b6e94f,2,success,
8bced90a-8336-40c4-a024-3e8af58ba0a3.csv,8bced90a-8336-40c4-a024-3e8af58ba0a3,9,success,
0d77b996-24b1-4f10-8b4f-f881412bd1f6.csv,0d77b996-24b1-4f10-8b4f-f881412bd1f6,10,success,
446926c3-499f-4542-8661-29f0a5ffeef2.csv,446926c3-499f-4542-8661-29f0a5ffeef2,8,success,
08186724-3a03-4b7f-81d0-0c963b84cbc1.csv,08186724-3a03-4b7f-81d0-0c963b84cbc1,7,success,
a4ee8dfa-df07-49d4-8818-08fb87a9bf3c.csv,a4ee8dfa-df07-49d4-8818-08fb87a9bf3c,2,success,
8d02ff0a-0f13-452d-a4de-85791652962f.csv,8d02ff0a-0f13-452d-a4de-85791652962f,1,success,
7465ba90-98c0-4fc7-9640-7d7d5af2477b.csv,7465ba90-98c0-4fc7-9640-7d7d5af2477b,4,success,
bf5e830f-aebb-41d0-99db-e79bec7ef49e.csv,bf5e830f-aebb-41d0-99db-e79bec7ef49e,1,success,
1ae5106d-ca4f-4a8c-9d06-de3de078e1f6.csv,1ae5106d-ca4f-4a8c-9d06-de3de078e1f6,2,success,
db3db8e9-a267-4c21-b348-63fc4265bb7d.csv,db3db8e9-a267-4c21-b348-63fc4265bb7d,8,success,
d00ff7c6-6f9b-4973-ae17-fa224c989984.csv,d00ff7c6-6f9b-4973-ae17-fa224c989984,8,success,
f54aa812-a85d-4a3d-92cd-8f8bce807eac.csv,f54aa812-a85d-4a3d-92cd-8f8bce807eac,5,success,
808c4bb0-0b85-402d-a60c-2201bc6351da.csv,808c4bb0-0b85-402d-a60c-2201bc6351da,9,success,
90646fa2-f089-40a6-b641-8a9c0aed276c.csv,90646fa2-f089-40a6-b641-8a9c0aed276c,11,success,
780f5c8e-d247-49e3-9edf-ee4fcb27fe0d.csv,780f5c8e-d247-49e3-9edf-ee4fcb27fe0d,10,success,
4e7cd34f-9356-495c-b31d-45f47854f320.csv,4e7cd34f-9356-495c-b31d-45f47854f320,4,success,
d5befbdf-ecc1-4ff2-9ab2-24e150735662.csv,d5befbdf-ecc1-4ff2-9ab2-24e150735662,9,success,
f411817b-ba02-400e-96cc-701f19dd0aed.csv,f411817b-ba02-400e-96cc-701f19dd0aed,11,success,
0bc719e8-e1ff-40cb-a589-cab3af439817.csv,0bc719e8-e1ff-40cb-a589-cab3af439817,6,success,
16d9cb31-f5be-49a9-ac60-b11f0d2e0b60.csv,16d9cb31-f5be-49a9-ac60-b11f0d2e0b60,11,success,
b55d2830-736e-471f-8516-198e91b611f1.csv,b55d2830-736e-471f-8516-198e91b611f1,6,success,
f5439220-68db-4a0e-a22c-edb784aaeff1.csv,f5439220-68db-4a0e-a22c-edb784aaeff1,5,success,
8d27f39c-95e3-427e-b617-a66f7fbed688.csv,8d27f39c-95e3-427e-b617-a66f7fbed688,7,success,
a2e3a5f5-a21b-45c8-a6ed-539bfcb5c1c4.csv,a2e3a5f5-a21b-45c8-a6ed-539bfcb5c1c4,4,success,
8c9626b8-a078-429b-894f-ef4a34a57023.csv,8c9626b8-a078-429b-894f-ef4a34a57023,10,success,
6b8eb4cf-0fde-4b39-bd48-bdb98b1431da.csv,6b8eb4cf-0fde-4b39-bd48-bdb98b1431da,2,success,
026e5ea1-ab36-4a07-88fb-fa09d021598e.csv,026e5ea1-ab36-4a07-88fb-fa09d021598e,6,success,
fad4bb7a-f309-4539-83b0-0ff5dd705154.csv,fad4bb7a-f309-4539-83b0-0ff5dd705154,9,success,
c7650cf8-28ac-4e5e-a600-c8fd3e04490b.csv,c7650cf8-28ac-4e5e-a600-c8fd3e04490b,2,success,
2664d2f4-3312-44f0-9108-8334dc6717f3.csv,2664d2f4-3312-44f0-9108-8334dc6717f3,6,success,
9d260502-9e91-4e40-ae68-c19c948300e8.csv,9d260502-9e91-4e40-ae68-c19c948300e8,2,success,
30b135c4-c9a8-41d1-aa97-9c4deabb2b82.csv,30b135c4-c9a8-41d1-aa97-9c4deabb2b82,7,success,
672cf570-6838-48bb-92c7-cd44230d3558.csv,672cf570-6838-48bb-92c7-cd44230d3558,7,success,
b7a09b8a-a9f7-4ec2-9dac-bb485db498f3.csv,b7a09b8a-a9f7-4ec2-9dac-bb485db498f3,3,success,
0fff075d-e900-414c-a3dd-423c3ea450b8.csv,0fff075d-e900-414c-a3dd-423c3ea450b8,5,success,
bef3f068-aafe-495f-b80a-1ddc925ad913.csv,bef3f068-aafe-495f-b80a-1ddc925ad913,6,success,
f75ec445-fd74-4164-ad13-33060808affc.csv,f75ec445-fd74-4164-ad13-33060808affc,2,success,
13370de4-7230-4f90-b643-0a0aea3f30a9.csv,13370de4-7230-4f90-b643-0a0aea3f30a9,7,success,
5c98ac9a-ad94-46b2-a988-f513ab3fbb34.csv,5c98ac9a-ad94-46b2-a988-f513ab3fbb34,3,success,
b8a1204f-8941-4840-a359-67316f7ce164.csv,b8a1204f-8941-4840-a359-67316f7ce164,8,success,
ddad8717-cfb6-4bf9-ae56-ef2bf561e66b.csv,ddad8717-cfb6-4bf9-ae56-ef2bf561e66b,7,success,
1a6b625e-57d9-423f-bb1b-b0ab2fcfd4a8.csv,1a6b625e-57d9-423f-bb1b-b0ab2fcfd4a8,1,success,
c4e52d00-d694-4a9c-afd7-d7db9280cc99.csv,c4e52d00-d694-4a9c-afd7-d7db9280cc99,7,success,
d2742e32-94ee-4e33-95c7-6f23a70f24a8.csv,d2742e32-94ee-4e33-95c7-6f23a70f24a8,10,success,
5d76c5d7-97a2-4ef7-9018-96a7a16ce4af.csv,5d76c5d7-97a2-4ef7-9018-96a7a16ce4af,6,success,
94c1d8d0-1331-425c-b89b-c5e28bdaf1e7.csv,94c1d8d0-1331-425c-b89b-c5e28bdaf1e7,2,success,
1f22e0d4-2ae7-455a-ac48-8c597fe7a2f9.csv,1f22e0d4-2ae7-455a-ac48-8c597fe7a2f9,5,success,
cef04012-8468-4334-a9d2-db7e73a03955.csv,cef04012-8468-4334-a9d2-db7e73a03955,8,success,
a187b395-ec81-4ab2-8647-751be92c4be1.csv,a187b395-ec81-4ab2-8647-751be92c4be1,4,success,
b86bb6bc-a3b7-4a22-8aea-c7a2ddc24df2.csv,b86bb6bc-a3b7-4a22-8aea-c7a2ddc24df2,5,success,
abfb09fc-1459-41f7-b082-121b4929376f.csv,abfb09fc-1459-41f7-b082-121b4929376f,9,success,
e40cd4e9-d0cd-4aee-a0da-24064b053b5a.csv,e40cd4e9-d0cd-4aee-a0da-24064b053b5a,8,success,
311919a4-8511-4f1c-833f-1ed98c10d4f4.csv,311919a4-8511-4f1c-833f-1ed98c10d4f4,2,success,
1ed5b209-c792-41c9-8418-073417619c81.csv,1ed5b209-c792-41c9-8418-073417619c81,2,success,
31afa3e2-facf-47a0-b5b6-cb8bca0d286b.csv,31afa3e2-facf-47a0-b5b6-cb8bca0d286b,3,success,
a349ce1d-f739-485d-9253-21574b0f6434.csv,a349ce1d-f739-485d-9253-21574b0f6434,1,success,
eb4744a9-df29-42bc-8afc-b0eb1d4cc146.csv,eb4744a9-df29-42bc-8afc-b0eb1d4cc146,2,success,
f73aa76a-83f8-4c7f-8083-80d0143c8c96.csv,f73aa76a-83f8-4c7f-8083-80d0143c8c96,2,success,
3012f6d3-4ceb-4fac-a720-832b75a6e3cd.csv,3012f6d3-4ceb-4fac-a720-832b75a6e3cd,3,success,
881323af-ffc1-4664-80db-24729f09fcaf.csv,881323af-ffc1-4664-80db-24729f09fcaf,7,success,
406432b9-f884-42b7-9222-01feacd02a3d.csv,406432b9-f884-42b7-9222-01feacd02a3d,8,success,
00b025f4-40c2-4631-92d5-0e671e4c396b.csv,00b025f4-40c2-4631-92d5-0e671e4c396b,10,success,
3e92b3f4-cd81-4e07-90b7-60cc88ceb7c7.csv,3e92b3f4-cd81-4e07-90b7-60cc88ceb7c7,1,success,
030c6358-c77b-4a8b-a354-467a31fbd355.csv,030c6358-c77b-4a8b-a354-467a31fbd355,6,success,
643cb0c1-3b08-4ee8-a807-acfcb50d63cd.csv,643cb0c1-3b08-4ee8-a807-acfcb50d63cd,11,success,
35a70439-734d-498e-abfc-423b36acd34e.csv,35a70439-734d-498e-abfc-423b36acd34e,11,success,
000da86c-88a1-4ea2-91bb-29cbd094bdbf.csv,000da86c-88a1-4ea2-91bb-29cbd094bdbf,4,success,
3540d541-0f73-487a-9bef-eabd423107b4.csv,3540d541-0f73-487a-9bef-eabd423107b4,9,success,
65b07ea2-eb64-4482-b2a0-4b09026c7faa.csv,65b07ea2-eb64-4482-b2a0-4b09026c7faa,3,success,
4f005a2a-5334-44d6-b790-04eb2c0fe10a.csv,4f005a2a-5334-44d6-b790-04eb2c0fe10a,6,success,
aeb45972-b59f-4700-bc2b-a3c970aee19c.csv,aeb45972-b59f-4700-bc2b-a3c970aee19c,7,success,
57b774ba-ec8d-42bb-ad6c-41b5252f17f2.csv,57b774ba-ec8d-42bb-ad6c-41b5252f17f2,2,success,
405c7f3d-1f47-48e0-8fbf-8397ab1d7570.csv,405c7f3d-1f47-48e0-8fbf-8397ab1d7570,8,success,
0ca1f1a9-d9bf-4661-a73d-30fa0e6e3014.csv,0ca1f1a9-d9bf-4661-a73d-30fa0e6e3014,5,success,
6dfaf6ed-080e-4957-90e4-a9d810c32133.csv,6dfaf6ed-080e-4957-90e4-a9d810c32133,4,success,
a562c44b-fdaf-4b8c-9d3e-fcc37478568a.csv,a562c44b-fdaf-4b8c-9d3e-fcc37478568a,3,success,
de7c4e16-46bc-4e73-aa37-bab5b89f8bed.csv,de7c4e16-46bc-4e73-aa37-bab5b89f8bed,9,success,
032a4173-1e43-4977-a756-6efa93467662.csv,032a4173-1e43-4977-a756-6efa93467662,11,success,
2a55b2b4-848c-48bf-a42d-f065272b705c.csv,2a55b2b4-848c-48bf-a42d-f065272b705c,2,success,
970e46dc-7d7f-4ccf-be02-347fde873c58.csv,970e46dc-7d7f-4ccf-be02-347fde873c58,9,success,
3677939a-3293-4e35-ad75-525dcfeb06fc.csv,3677939a-3293-4e35-ad75-525dcfeb06fc,8,success,
3b93289d-0ab6-4750-8424-471e4eb3e4ba.csv,3b93289d-0ab6-4750-8424-471e4eb3e4ba,8,success,
30df355b-5d6a-413c-9c10-50c2a877e63b.csv,30df355b-5d6a-413c-9c10-50c2a877e63b,10,success,
c697650e-e2c3-4130-bdf7-32d9804a1ca0.csv,c697650e-e2c3-4130-bdf7-32d9804a1ca0,11,success,
47910642-41ec-4658-a979-548367ca41d1.csv,47910642-41ec-4658-a979-548367ca41d1,4,success,
20cc3308-b990-441e-b85e-1257179ad433.csv,20cc3308-b990-441e-b85e-1257179ad433,5,success,
1b047ac7-09c1-4f73-80e4-3e52c0d68213.csv,1b047ac7-09c1-4f73-80e4-3e52c0d68213,8,success,
53e4481a-19bc-4d41-8eaf-e6e9b62c2c12.csv,53e4481a-19bc-4d41-8eaf-e6e9b62c2c12,2,success,
46b6bb4f-11c1-4ed1-ba43-f363ddffe49b.csv,46b6bb4f-11c1-4ed1-ba43-f363ddffe49b,11,success,
b8dfa8ba-bd93-4487-9ab6-9ab1e9a08c4b.csv,b8dfa8ba-bd93-4487-9ab6-9ab1e9a08c4b,8,success,
503095f3-0ad2-480a-8dc6-882217084074.csv,503095f3-0ad2-480a-8dc6-882217084074,8,success,
56303d24-8ab5-48ae-8acc-3ae126a635c7.csv,56303d24-8ab5-48ae-8acc-3ae126a635c7,4,success,
fd90e041-92aa-40e9-bd71-08b7254ded6b.csv,fd90e041-92aa-40e9-bd71-08b7254ded6b,2,success,
fe7d9caa-669e-4028-96e1-612a2b6eaa76.csv,fe7d9caa-669e-4028-96e1-612a2b6eaa76,6,success,
e4d19a6b-a913-4c6f-8825-991294d8d74b.csv,e4d19a6b-a913-4c6f-8825-991294d8d74b,3,success,
47c48e2a-a7ce-4cc0-b96a-15b617cedcb1.csv,47c48e2a-a7ce-4cc0-b96a-15b617cedcb1,5,success,
9fb1a40c-c429-4a51-b898-47d3d3382d73.csv,9fb1a40c-c429-4a51-b898-47d3d3382d73,9,success,
df6d5f17-08d5-44c4-9a06-215f9ea29ea4.csv,df6d5f17-08d5-44c4-9a06-215f9ea29ea4,1,success,
4918fb20-e97a-43ac-b8ad-b47eb9e4a6c2.csv,4918fb20-e97a-43ac-b8ad-b47eb9e4a6c2,3,success,
62b712b6-ac9d-4176-99c1-41a4da092fdd.csv,62b712b6-ac9d-4176-99c1-41a4da092fdd,1,success,
7386b66e-6bd7-451e-bdcf-4ce61ab47163.csv,7386b66e-6bd7-451e-bdcf-4ce61ab47163,5,success,
93de4259-5594-4ac0-80a0-4b499c294a2e.csv,93de4259-5594-4ac0-80a0-4b499c294a2e,2,success,
ceb21791-ab99-4648-806c-ece3355aede3.csv,ceb21791-ab99-4648-806c-ece3355aede3,5,success,
aa6c7d2a-5d3d-4ca4-9b69-59f9d3f2f1aa.csv,aa6c7d2a-5d3d-4ca4-9b69-59f9d3f2f1aa,11,success,
4ee9bafd-30ad-4f27-aa8e-d59403ca9eea.csv,4ee9bafd-30ad-4f27-aa8e-d59403ca9eea,8,success,
b48c86e2-0047-4fc3-9a56-dd6728c0cc9f.csv,b48c86e2-0047-4fc3-9a56-dd6728c0cc9f,10,success,
b3a0c77c-87f0-4531-9e62-aa6ac2d59b1f.csv,b3a0c77c-87f0-4531-9e62-aa6ac2d59b1f,6,success,
b78b2d98-6958-4613-b61b-0c9c450947a7.csv,b78b2d98-6958-4613-b61b-0c9c450947a7,6,success,
1b274fef-b6ff-4844-85c1-9da782a89b6c.csv,1b274fef-b6ff-4844-85c1-9da782a89b6c,10,success,
c7946167-df4a-495b-9ae0-08a577735ad7.csv,c7946167-df4a-495b-9ae0-08a577735ad7,4,success,
4d6c0084-7859-474c-9310-3b0c89b42dcd.csv,4d6c0084-7859-474c-9310-3b0c89b42dcd,4,success,
45c59612-4167-4c74-9735-d64ee5261698.csv,45c59612-4167-4c74-9735-d64ee5261698,6,success,
6b5b9d98-b55f-46e9-91d1-24abadb57e67.csv,6b5b9d98-b55f-46e9-91d1-24abadb57e67,2,success,
997774a0-7eba-4e29-b8c4-e35c026b0872.csv,997774a0-7eba-4e29-b8c4-e35c026b0872,9,success,
44cd34c2-cb89-4a79-b80b-807d9e6f6246.csv,44cd34c2-cb89-4a79-b80b-807d9e6f6246,3,success,
634c93b7-161e-4c85-9739-31a67f859c66.csv,634c93b7-161e-4c85-9739-31a67f859c66,3,success,
d84ede7e-d3b2-4198-b101-cdb0062ee782.csv,d84ede7e-d3b2-4198-b101-cdb0062ee782,6,success,
b5aa36e1-9790-4356-9b8b-2cea1c1eb085.csv,b5aa36e1-9790-4356-9b8b-2cea1c1eb085,2,success,
f4957acf-3686-40e9-9c66-dafe91f1ccbb.csv,f4957acf-3686-40e9-9c66-dafe91f1ccbb,1,success,
96eb5de2-c275-45e3-a7e6-5c534bca5d11.csv,96eb5de2-c275-45e3-a7e6-5c534bca5d11,8,success,
d4a65fe1-8a0f-44d9-a374-1fbdaf735e1a.csv,d4a65fe1-8a0f-44d9-a374-1fbdaf735e1a,11,success,
abb30229-98b5-44c3-9a6f-877b8f376106.csv,abb30229-98b5-44c3-9a6f-877b8f376106,3,success,
9bff917c-0032-49df-a565-99ca7f55b7d1.csv,9bff917c-0032-49df-a565-99ca7f55b7d1,6,success,
90892fb3-36c4-45d6-9151-e74d96c6691d.csv,90892fb3-36c4-45d6-9151-e74d96c6691d,8,success,
4418103f-0d05-45c8-9445-2830267ce712.csv,4418103f-0d05-45c8-9445-2830267ce712,1,success,
530b3c66-c11e-4870-9a8a-13f1e382af91.csv,530b3c66-c11e-4870-9a8a-13f1e382af91,2,success,
31a85311-1534-4b78-b7c3-4ee7f94cd086.csv,31a85311-1534-4b78-b7c3-4ee7f94cd086,6,success,
d032eca3-3264-4e28-8dfb-7a1063b5154f.csv,d032eca3-3264-4e28-8dfb-7a1063b5154f,4,success,
ed59dd2c-2ea8-439e-84a9-4fd85988516a.csv,ed59dd2c-2ea8-439e-84a9-4fd85988516a,1,success,
153d5f0a-9ac4-49ed-9b66-4419610a2ed8.csv,153d5f0a-9ac4-49ed-9b66-4419610a2ed8,5,success,
a6c86d3f-3952-41ef-b51f-0e0ef3cc89a3.csv,a6c86d3f-3952-41ef-b51f-0e0ef3cc89a3,1,success,
c5d736fb-b782-47c5-b85e-a2f81245cbaa.csv,c5d736fb-b782-47c5-b85e-a2f81245cbaa,10,success,
d9eb3f67-47d0-4815-a107-05a6b669444a.csv,d9eb3f67-47d0-4815-a107-05a6b669444a,4,success,
9562b11b-9cc3-41d9-93ef-c0a8a9047d6c.csv,9562b11b-9cc3-41d9-93ef-c0a8a9047d6c,4,success,
6369ff02-2fb9-428c-b339-a7b9de3f385c.csv,6369ff02-2fb9-428c-b339-a7b9de3f385c,8,success,
4509baf4-5569-4ec8-9b13-305cbbecf2e0.csv,4509baf4-5569-4ec8-9b13-305cbbecf2e0,8,success,
f67e83e6-1955-498d-aeee-ed7985142c29.csv,f67e83e6-1955-498d-aeee-ed7985142c29,9,success,
971c2ae6-3085-4efe-9f26-8fee11e0e48b.csv,971c2ae6-3085-4efe-9f26-8fee11e0e48b,1,success,
b51442ca-2660-4468-9ad2-6647ffa6218b.csv,b51442ca-2660-4468-9ad2-6647ffa6218b,2,success,
ba2ffdfc-258b-4460-9d31-83f1742635a6.csv,ba2ffdfc-258b-4460-9d31-83f1742635a6,5,success,
5cc7e135-f75b-4ce1-beb0-6a74ea341ebf.csv,5cc7e135-f75b-4ce1-beb0-6a74ea341ebf,7,success,
32282843-cc5f-4dab-a797-b240f24418d8.csv,32282843-cc5f-4dab-a797-b240f24418d8,8,success,
9cbebacc-4268-41f2-89d1-e5cc0ccbbb08.csv,9cbebacc-4268-41f2-89d1-e5cc0ccbbb08,8,success,
e91db21c-ce3f-462e-969c-875825fbc84f.csv,e91db21c-ce3f-462e-969c-875825fbc84f,8,success,
bc31dfc9-6a4c-4cb1-b928-434db0baa0d5.csv,bc31dfc9-6a4c-4cb1-b928-434db0baa0d5,2,success,
0491f99a-c50a-44f5-a382-36f7a6c819fb.csv,0491f99a-c50a-44f5-a382-36f7a6c819fb,7,success,
51732c11-f5f0-4817-818b-2fa35c670f54.csv,51732c11-f5f0-4817-818b-2fa35c670f54,4,success,
e3e5809c-4bef-4753-9bfa-149176bdc4c2.csv,e3e5809c-4bef-4753-9bfa-149176bdc4c2,5,success,
223b300e-5ba4-45b6-82e4-ed323b57ff2f.csv,223b300e-5ba4-45b6-82e4-ed323b57ff2f,3,success,
fc55a042-e10d-4008-aa75-9c98c8654a34.csv,fc55a042-e10d-4008-aa75-9c98c8654a34,3,success,
957bb355-ec12-40a9-8e9a-3ec7f33e0f50.csv,957bb355-ec12-40a9-8e9a-3ec7f33e0f50,9,success,
2397adaf-851c-4cbf-b676-c23eb9ba1589.csv,2397adaf-851c-4cbf-b676-c23eb9ba1589,7,success,
4a77b352-a6c2-4c04-b581-2b9f6fb1407c.csv,4a77b352-a6c2-4c04-b581-2b9f6fb1407c,1,success,
227f34c9-1d80-41b7-be0a-e32641dd74fb.csv,227f34c9-1d80-41b7-be0a-e32641dd74fb,7,success,
babb5859-d2d4-4961-970a-d0e9a54e94f4.csv,babb5859-d2d4-4961-970a-d0e9a54e94f4,3,success,
837b7b7c-36fd-48dc-8ada-c8a905179563.csv,837b7b7c-36fd-48dc-8ada-c8a905179563,8,success,
c34e1270-e9e3-4640-b7ff-e0e890e9e47f.csv,c34e1270-e9e3-4640-b7ff-e0e890e9e47f,4,success,
62857a75-5fd7-4d17-912e-31c8dbca32a3.csv,62857a75-5fd7-4d17-912e-31c8dbca32a3,3,success,
26f3a384-cc06-4277-9857-3eedf263c56d.csv,26f3a384-cc06-4277-9857-3eedf263c56d,2,success,
37fb1c83-69d9-42dc-b8d1-e25b5a8a60ca.csv,37fb1c83-69d9-42dc-b8d1-e25b5a8a60ca,9,success,
2b8d607a-fb52-450a-b203-6cfa5c9570f2.csv,2b8d607a-fb52-450a-b203-6cfa5c9570f2,2,success,
def889e2-af24-4935-8064-109ab85af26c.csv,def889e2-af24-4935-8064-109ab85af26c,8,success,
36a4a2c1-34f2-4cfd-b844-012c02f10aeb.csv,36a4a2c1-34f2-4cfd-b844-012c02f10aeb,3,success,
4be30037-5ed0-41e3-b32a-e1caff5f0855.csv,4be30037-5ed0-41e3-b32a-e1caff5f0855,10,success,
24ff01fb-3df6-4517-bcc3-0ab97c5cc56c.csv,24ff01fb-3df6-4517-bcc3-0ab97c5cc56c,10,success,
d1c2d25c-3470-4d68-b969-60c5b5ea513e.csv,d1c2d25c-3470-4d68-b969-60c5b5ea513e,2,success,
fc7f7ea0-d976-4d5b-a61e-1237f59520b1.csv,fc7f7ea0-d976-4d5b-a61e-1237f59520b1,5,success,
ec3dbfac-bb34-4d6d-8f7c-ddeb71abf125.csv,ec3dbfac-bb34-4d6d-8f7c-ddeb71abf125,6,success,
7939b884-e08e-4de3-b074-1b49e2427f68.csv,7939b884-e08e-4de3-b074-1b49e2427f68,7,success,
994c104c-2f16-433e-9467-e1144e0122fb.csv,994c104c-2f16-433e-9467-e1144e0122fb,4,success,
9300ede1-4bfb-46bf-910f-008302aba4a1.csv,9300ede1-4bfb-46bf-910f-008302aba4a1,3,success,
93dc3638-aa87-4d07-8af6-127a5d5150c3.csv,93dc3638-aa87-4d07-8af6-127a5d5150c3,10,success,
06623ee3-dd8f-4876-8e71-43fc950d1d2a.csv,06623ee3-dd8f-4876-8e71-43fc950d1d2a,9,success,
8dec851f-f1b7-45da-9753-8a63eabdc1ab.csv,8dec851f-f1b7-45da-9753-8a63eabdc1ab,3,success,
70ccb820-af7d-4c0a-b809-89fec8010a6f.csv,70ccb820-af7d-4c0a-b809-89fec8010a6f,7,success,
5ce4f078-f678-45d3-8838-e36ffd733e95.csv,5ce4f078-f678-45d3-8838-e36ffd733e95,7,success,
bf3c1639-0f6d-49f7-a695-0a7c60faf270.csv,bf3c1639-0f6d-49f7-a695-0a7c60faf270,6,success,
fc935ac9-e20e-4ed3-8553-2c9ade34ed32.csv,fc935ac9-e20e-4ed3-8553-2c9ade34ed32,3,success,
724d9293-2dcb-497c-9f6c-bb460c3354ac.csv,724d9293-2dcb-497c-9f6c-bb460c3354ac,5,success,
94f179c4-08a1-408b-8582-6138570c0f22.csv,94f179c4-08a1-408b-8582-6138570c0f22,10,success,
602e2ad7-d92a-4f09-b70f-92ed0babbfd0.csv,602e2ad7-d92a-4f09-b70f-92ed0babbfd0,7,success,
45a9ab1c-eb1a-46a3-86a9-33815b15648d.csv,45a9ab1c-eb1a-46a3-86a9-33815b15648d,8,success,
f0904cb5-efef-4e02-9a8f-3af439a0b40c.csv,f0904cb5-efef-4e02-9a8f-3af439a0b40c,6,success,
d9594bc9-a0e9-4328-89bd-34ae11a1d9d8.csv,d9594bc9-a0e9-4328-89bd-34ae11a1d9d8,8,success,
ad03eed8-4262-48f8-a7a1-cfbbccfc2791.csv,ad03eed8-4262-48f8-a7a1-cfbbccfc2791,8,success,
c3b98733-713d-4507-bd7d-1c230061c57c.csv,c3b98733-713d-4507-bd7d-1c230061c57c,11,success,
055ff426-95f7-4761-8be0-be2aea39cfe0.csv,055ff426-95f7-4761-8be0-be2aea39cfe0,7,success,
81fbb97a-1269-44cb-9506-b1d93861a476.csv,81fbb97a-1269-44cb-9506-b1d93861a476,10,success,
41cb8704-6fb5-4aa7-a379-f5e60a8c9f31.csv,41cb8704-6fb5-4aa7-a379-f5e60a8c9f31,4,success,
7686ccbc-c71c-4db1-819f-704b823f069d.csv,7686ccbc-c71c-4db1-819f-704b823f069d,2,success,
1550b29b-eaf1-4a40-ab79-d16d0e193462.csv,1550b29b-eaf1-4a40-ab79-d16d0e193462,6,success,
727f3da6-a26a-4bb4-9ba5-c701874dec0c.csv,727f3da6-a26a-4bb4-9ba5-c701874dec0c,3,success,
890a9b82-f97e-4c1e-971e-6062f84d6423.csv,890a9b82-f97e-4c1e-971e-6062f84d6423,10,success,
1a26990d-ab1e-44e1-af21-62955d0c4731.csv,1a26990d-ab1e-44e1-af21-62955d0c4731,9,success,
077e79af-1513-46a8-a81b-115be8752012.csv,077e79af-1513-46a8-a81b-115be8752012,4,success,
eb23fd63-866b-4bff-ba90-e7f74db83aac.csv,eb23fd63-866b-4bff-ba90-e7f74db83aac,2,success,
6dee48ab-ba4d-43b2-8b55-101f93d26e8e.csv,6dee48ab-ba4d-43b2-8b55-101f93d26e8e,2,success,
bb31dc59-adec-4857-a528-c4bef2e3c31d.csv,bb31dc59-adec-4857-a528-c4bef2e3c31d,3,success,
d9bc0d62-bc52-4b75-a4a8-d8bb89868879.csv,d9bc0d62-bc52-4b75-a4a8-d8bb89868879,6,success,
6f99ad36-850b-4289-9d5e-f8ecc815d298.csv,6f99ad36-850b-4289-9d5e-f8ecc815d298,5,success,
75c8db7c-71d0-41d6-b02d-b3cbb772b36f.csv,75c8db7c-71d0-41d6-b02d-b3cbb772b36f,7,success,
6bc35570-3cdf-4d84-a3d3-d53a4046d046.csv,6bc35570-3cdf-4d84-a3d3-d53a4046d046,3,success,
f6f467c8-7e96-4b7b-b335-4ea80ad6cd62.csv,f6f467c8-7e96-4b7b-b335-4ea80ad6cd62,1,success,
2ea240f9-bd10-4fab-ba06-feca9b7bea63.csv,2ea240f9-bd10-4fab-ba06-feca9b7bea63,7,success,
b7fda677-1454-4233-bd41-64c8a73d4ab0.csv,b7fda677-1454-4233-bd41-64c8a73d4ab0,9,success,
0f695319-1b9f-4dea-a56f-259803f0d804.csv,0f695319-1b9f-4dea-a56f-259803f0d804,1,success,
7ef5ddb4-a6c4-4f6c-8434-8b073c21aa34.csv,7ef5ddb4-a6c4-4f6c-8434-8b073c21aa34,8,success,
1382c483-4405-404e-bed6-9ec579656100.csv,1382c483-4405-404e-bed6-9ec579656100,4,success,
2c387a6c-7e3f-4417-8ab8-7cd08bba172b.csv,2c387a6c-7e3f-4417-8ab8-7cd08bba172b,4,success,
63bb7afc-b33a-4ad3-8a2e-fadd1b9cd49b.csv,63bb7afc-b33a-4ad3-8a2e-fadd1b9cd49b,9,success,
