dcterms:title,dcterms:description,dcat:theme,dcterms:created,dcterms:issued,dcterms:modified,dcterms:type,dcat:ByteSize,dcat:mediaType,dcterms:relation,dcterms:identifier,dcat:landingPage,dcterms:source,dcterms:spatial ,dcterms:temporal,dcatin:jurisdictionLevel,dcatin: applicableLegislation,dcterms:accessRight ,dct:accrualPeriodicity,dcat:temporalResolution,dcat:keyword,,dcat:theme,dcat:downloadURL,dcat:accessURL,foaf:depiction,dcat:inCatalog,dcat:contactPoint,     vCard:fn,     vcard:title,     vcard:role,     vcard:organization-name,     vcard:hasEmail,      vcard:hasAddress,               vcard:street-address,               vcard:postal-code,               vcard:locality,dcterms:rights,dcatin:hvdCategory,dcterms:accrualMethod,dcterms:creator,dcterms:publisher,dcterms:publisher,prov:qualifiedAttribution,prov:qualifiedAttribution (If there are multiple qualified attributions),dcatin:note,dcterms:license ,dcterms:language,dcterms:abstract,dcterms:alternative,dcterms:relation,dcterms:relation (For Showing Dublin Core relations amongst different mediatype resources),dcterms:relation (For Showing Dublin Core relations amongst different mediatype resources),dcterms:hasPart,dcterms:isPartOf,dcterms:isReferencedBy,dcterms:isReplacedBy,dcterms:replaces,dcterms:isVersionOf,dcterms:hasVersion,dcat:endpointDescription,dcat:DatasetSeries,dcat:inSeries,No mapping available,No mapping available,No mapping available,No mapping available,No mapping available,No mapping available,No mapping available,No mapping available,No mapping available
Daily Wholesale Mandi Market Prices of Agricultural Commodities by Variety,"The data refers to prices of variety wise agricultural commodities. It has the wholesale maximum price, minimum price and modal price on daily basis. This dataset is generated through the AGMARKNET Portal (http://agmarknet.gov.in), which disseminates daily market information of various commodities.","Agriculture, Agricultural Marketing",2024-05-21,2024-06-02,2025-10-15,Dataset,1464,text/csv,http://agmarknet.gov.in,8ded94de-3b80-4840-a5bb-7faad1c9c234,data.gov.in/resource/variety-wise-daily-market-prices-data-commodity,https://www.data.gov.in/datasets_webservices/datasets/3670701,India,"For DCAT, dcat:startDate: 2000-03-01
# no endDate onGoing . For Dublin Core  2000-03-01 / (empty to denote openendedness)",Central,National Data Sharing and Accessibility Policy (NDSAP) (2012),Registered,"""P1D ^^ xsd:duration"" or ""http://example.com/duration/DAILY""","""P1D ^^ xsd:duration"" or ""http://example.com/duration/DAILY""","""agricultural economics"", ""market information systems"", ""agricultural marketing"", ""price data"", ""Mandi"", ""Price"", ""Agriculture"", ""Commodity"", ""Market""","""agricultural economics"", ""market information systems"", ""agricultural marketing"", ""price data""","Agriculture, Agricultural Marketing",(download url generated for type 5 datasets),data.gov.in/resource/variety-wise-daily-market-prices-data-commodity,https://india-ai-cdn.s3.ap-south-1.amazonaws.com/dataset/1741760347988_KisanCallCenterQueryDataset.jpg,Wholesale Mandi Market Prices of Agricultural Commodities by Variety,,Shri Bijaya Kumar Prusty,Deputy Agricultural Marketing Adviser,Chief Data Officer,Directorate of Marketing & Inspection,mailto:bk [dot] prusty [at] nic [dot] in,,"New CGO Complex, NH-4",121001,Faridabad,"© 2012-2015 GOVERNMENT OF INDIA
All rights reserved except published datasets/resources and metadata. ",Statistics,5,Directorate of Marketing and Inspection,NA,Ministry of Agriculture and Farmers Welfare,Department of Agriculture and Farmers Welfare (DMI),Directorate of Marketing and Inspection (DMI),"The mandi prices are at wholesale level filtered by state, districts and agricultural commodity type. ",https://www.data.gov.in/Godl,en,"The data refers to prices of variety wise agricultural commodities. It has the wholesale maximum price, minimum price and modal price on daily basis.",Wholesale Mandi Prices,https://api.data.gov.in/resource/35985678-0d79-46b4-9ed6-6f13308a1d24?api-key=579b464db66ec23bdd000001cdc3b564546246a772a26393094f5645&offset=0&limit=all&format=json,,,1. data.gov.in/resource/current-daily-price-various-commodities-various-markets-mandi (Current Daily Prices of Various Commodities of Various Markets Mandi) ,Intentionally Kept Blank,Intentionally Kept Blank,Intentionally Kept Blank,Intentionally Kept Blank,Intentionally Kept Blank,Intentionally Kept Blank,Intentionally Kept Blank,Intentionally Kept Blank,Intentionally Kept Blank,167942,394032,23 (indicative),TRUE,1,6622308,1,nan,YES
Kisan Call Centre (KCC) - Transcripts of farmers queries & answers,,"agriculture, public service delivery, information and communication technology",2024-07-12,2024-07-12,2025-06-27,Dataset,,text/json,,data.gov.in/resource/kisan-call-centre-kcc-transcripts-farmers-queries-answers,data.gov.in/resource/kisan-call-centre-kcc-transcripts-farmers-queries-answers,,,,Central,NDSAP,,Daily,Daily,,,Agriculture,https://data.gov.in/files/ogdpv2dms/s3fs-public/dataurl03122020/pincode.csv,data.gov.in/resource/kisan-call-centre-kcc-transcripts-farmers-queries-answers,,District wise and month wise queries of farmers in Kisan Call Centre (KCC),,,,,,,,,,,https://www.data.gov.in/Godl,,,Department of Agriculture and Farmers Welfare,,Department of Agriculture and Farmers Welfare,,,5,https://www.data.gov.in/Godl,,,,https://api.data.gov.in/resource/cef25fe2-9231-4128-8aec-2c948fedd43f?api-key=579b464db66ec23bdd000001cdc3b564546246a772a26393094f5645&offset=0&limit=all&format=csv,,,,,,,,,,,,,241962,219561,,TRUE,1,6622307,1,,1
All India pincode directory updated till last month,"All India Pincode Directory through Webservice which contains all the pincode list across India with relevant information like Circle Name, Region Name, Division Name, Office Name, Pincode, Office Type, Delivery, District, State Name. Postal Index Number (PIN or PIN Code) is a 6 digit code of Post Office numbering used by India Post. The PIN was introduced on August 15, 1972. There are 9 PIN regions in the country. The first 8 are geographical regions and the digit 9 is reserved for the Army Postal Service. The first digit indicates one of the regions. The first 2 digits together indicate the sub region or one of the postal circles. The first 3 digits together indicate a sorting or revenue district. The last 3 digits refer to the delivery Post Office.","india pincodes, pincode directory, postal service,",2020-04-12,2020-04-12,2025-06-27,Dataset,23760720,text/csv,https://www.indiapost.gov.in/vas/pages/findpincode.aspx,8ded94de-3b80-4840-a5bb-7faad1c9c234,https://www.data.gov.in/resource/all-india-pincode-directory-till-last-month,https://www.data.gov.in/datasets_webservices/datasets/6818292,India,(empty)/ (as on date) ,Central,National Data Sharing and Accessibility Policy (NDSAP) (2012),Restricted,"""P1M ^^xsd:duration"" or an URI pointing  to ""http://example.com/duration/1MONTH""",NA,"""india pincodes"", ""pincode directory"", ""postal service"", ""department of posts"",","""india pincodes"", ""pincode directory"", ""postal service"", ""department of posts"",",Information and Communications,https://data.gov.in/files/ogdpv2dms/s3fs-public/dataurl03122020/pincode.csv,https://www.data.gov.in/resource/all-india-pincode-directory-till-last-month,(thumbnail link of the dataset),All India Pincode Directory (Through WebService),,Dr. P. M. Saravanan,General Manager,Chief Data Officer,CEPT,gmcept [at] indiapost [dot] gov [dot] in,Centre for Excellence in Postal Technology,Bengaluru,560001,NA,"© 2012-2015 GOVERNMENT OF INDIA
All rights reserved except published datasets/resources and metadata. ",NA,4,Department of Posts,No state department mentioned,Ministry of Communications,Department of Posts,No department mapped,The pincode dataset is updated every month,https://www.data.gov.in/Godl,en,"All India Pincode Directory through Webservice which contains all the pincode list across India with relevant information like Circle Name, Region Name, Division Name, Office Name, Pincode, Office Type, Delivery, District, State Name. Postal Index Number (PIN or PIN Code) is a 6 digit code of Post Office numbering used by India Post. ",Pincode directory,https://api.data.gov.in/resource/5c2f62fe-5afa-4119-a499-fec9d604d5bd?api-key=579b464db66ec23bdd000001cdd3946e44ce4aad7209ff7b23ac571b&format=json,,,https://www.data.gov.in/resource/all-india-pincode-directory-till-last-month,NA,NA,NA,NA,NA,NA,NA,NA,NA,105072,177619,,,,,,,NA
Registrars of Companies (RoC)-wise Company Master Data,,,2015-09-15,2024-04-24,2025-06-27,Dataset,996505,text/csv,,data.gov.in/resource/registrars-companies-roc-wise-company-master-data,data.gov.in/resource/registrars-companies-roc-wise-company-master-data,,,,Central,NDSAP,,Monthly,Monthly,Commerce;Companies,,Commerce;Companies,https://data.gov.in/files/ogdpv2dms/s3fs-public/Date-Wise-Prices-all-Commodity.xml,data.gov.in/resource/registrars-companies-roc-wise-company-master-data,,Company Master Data,,,,,,,,,,,https://www.data.gov.in/Godl,,,Ministry of Corporate Affairs,,Ministry of Corporate Affairs,,,5,https://www.data.gov.in/Godl,en,,,https://data.gov.in/sites/default/files/dataurl15092015/company_master_data_upto_Mar_2015_Goa.csv,,,,,,,,,,,,,9035,39682,,TRUE,1,603037492,1,1,1
Current Daily Price of Various Commodities from Various Markets (Mandi),,,2013-05-23,2013-05-23,2025-06-27,Dataset,112,text/csv,,data.gov.in/resource/current-daily-price-various-commodities-various-markets-mandi,data.gov.in/resource/current-daily-price-various-commodities-various-markets-mandi,,,,Central,NDSAP,,Daily,Daily,Agriculture;Agricultural Marketing,,Agriculture;Agricultural Marketing,https://data.gov.in/files/ogdpv2dms/s3fs-public/udyamsampledata.csv,data.gov.in/resource/current-daily-price-various-commodities-various-markets-mandi,,Current daily price of various commodities from various markets (Mandi),,,,,,,,,,,https://www.data.gov.in/Godl,,,Directorate of Marketing and Inspection (DMI),,Ministry of Agriculture and Farmers Welfare,Department of Agriculture and Farmers Welfare,Directorate of Marketing and Inspection (DMI),4,https://www.data.gov.in/Godl,en,,,https://api.data.gov.in/resource/9ef84268-d588-465a-a308-a864a43d0070?api-key=579b464db66ec23bdd000001cdc3b564546246a772a26393094f5645&offset=0&limit=all&format=csv,,,,,,,,,,,,,59612,37549,2,TRUE,1,3670701,1,1,
List of MSME Registered Units under UDYAM,,"economic development, industry and commerce, public administration",2024-05-22,2024-05-29,2025-06-27,Dataset,3681,text/csv,,data.gov.in/resource/list-msme-registered-units-under-udyam,data.gov.in/resource/list-msme-registered-units-under-udyam,,,,Central,NDSAP,,Daily,Daily,,,Industries;Medium;Micro;Small Scale,https://data.gov.in/files/ogdpv2dms/s3fs-public/dataurl11032020/HMIS-Assam-Cachar-Apr-2019-20.csv,data.gov.in/resource/list-msme-registered-units-under-udyam,,UDYAM Registration (MSME Registration),,,,,,,,,,,,,,"Ministry of Micro, Small and Medium Enterprises",,"Ministry of Micro, Small and Medium Enterprises",,,5,https://www.data.gov.in/Godl,en,,,https://api.data.gov.in/resource/8b68ae56-84cf-4728-a0a6-1be11028dea7?api-key=579b464db66ec23bdd000001cdc3b564546246a772a26393094f5645&offset=0&limit=all&format=csv,,,,,,,,,,,,,12701,22700,,TRUE,1,6878785,1,,1
Health indicator-wise monthly datasets at sub district level from HMIS,,"Health, Public Health, Health Information Systems",,2020-03-18,2025-12-02,Dataset,422373,text/csv,,data.gov.in/resource/health-indicator-wise-monthly-datasets-sub-district-level-hmis,data.gov.in/resource/health-indicator-wise-monthly-datasets-sub-district-level-hmis,,,,Central,NDSAP,,Monthly,Monthly,Health and Family welfare;Family Welfare;Health;Health and Family welfare;Family Welfare;Health;Health and Family welfare;Family Welfare;Health;Health and Family welfare;Family Welfare;Health;Health and Family welfare;Family Welfare;Health;Health and Family welfare;Family Welfare;Health;Health and Family welfare;Family Welfare;Health;Health and Family welfare;Family Welfare;Health;Health and Family welfare;Family Welfare;Health;Health and Family welfare;Family Welfare;Health;Health and Family welfare;Family Welfare;Health;Health and Family welfare;Family Welfare;Health;Health and Family welfare;Family Welfare;Health;Health and Family welfare;Family Welfare;Health;Health and Family welfare;Family Welfare;Health;Health and Family welfare;Family Welfare;Health;Health and Family welfare;Family Welfare;Health;Health and Family welfare;Family Welfare;Health;Health and Family welfare;Family Welfare;Health;Health and Family welfare;Family Welfare;Health;Health and Family welfare;Family Welfare;Health;Health and Family welfare;Family Welfare;Health;Health and Family welfare;Family Welfare;Health;Health and Family welfare;Family Welfare;Health;Health and Family welfare;Family Welfare;Health;Health and Family welfare;Family Welfare;Health;Health and Family welfare;Family Welfare;Health;Health and Family welfare;Family Welfare;Health;Health and Family welfare;Family Welfare;Health;Health and Family welfare;Family Welfare;Health;Health and Family welfare;Family Welfare;Health,,Health and Family welfare;Family Welfare;Health,https://data.gov.in/files/ogdpv2dms/s3fs-public/datafile/data_aqi_cpcb.xml,data.gov.in/resource/health-indicator-wise-monthly-datasets-sub-district-level-hmis,,Health indicator-wise monthly datasets at sub district level from HMIS,,,,,,,,,,,,,,Department of Health and Family Welfare,,Ministry of Health and Family Welfare,Department of Health and Family Welfare,,5,https://www.data.gov.in/Godl,en,,,https://api.data.gov.in/resource/0c2d45a3-d0b5-4053-bf9a-e00395319472?api-key=579b464db66ec23bdd000001cdc3b564546246a772a26393094f5645&offset=0&limit=all&format=csv,,,,,,,,,,,,,52094,22486,,TRUE,1,6737060,1,0,1
Real time Air Quality Index from various locations,,"Environment, Public Health",2016-07-25,2016-08-04,2025-06-27,Dataset,17084,text/csv,,data.gov.in/resource/real-time-air-quality-index-various-locations,data.gov.in/resource/real-time-air-quality-index-various-locations,,,,Central,NDSAP,,Hourly,Hourly,Environment and Forest;Industrial Air Pollution;Residential Air Pollution;Vehicular Air Pollution,,Environment and Forest;Industrial Air Pollution;Residential Air Pollution;Vehicular Air Pollution,https://data.gov.in/files/ogd20/ogdpv2dms/s3fs-public/dataurl30082017/wpi_monthly_data.csv,data.gov.in/resource/real-time-air-quality-index-various-locations,,Real time Air Quality Index,,,,,,,,,,,,,,Central Pollution Control Board,,"Ministry of Environment, Forest and Climate Change",Central Pollution Control Board,,4,https://www.data.gov.in/Godl,en,,,https://api.data.gov.in/resource/3b01bcb8-0b14-4abf-b6f2-c1bfd384ba69?api-key=579b464db66ec23bdd000001cdc3b564546246a772a26393094f5645&offset=0&limit=all,,,,,,,,,,,,,102119,22293,12,TRUE,1,3630781,1,1,1
Wholesale Price Index (Base Year 2011-12) till last month,,"Economic Affairs, Statistics, Price Indices",2017-08-24,2025-06-27,2017-08-18,Dataset,555273,text/csv,,data.gov.in/resource/wholesale-price-index-base-year-2011-12-till-last-month,data.gov.in/resource/wholesale-price-index-base-year-2011-12-till-last-month,,,,Central,NDSAP,,Monthly,Monthly,Economy;Prices;Finance;Economy,,Economy;Prices;Finance;Economy,https://data.gov.in/files/ogdpv2dms/s3fs-public/reservoir-cwc-jan22_1.csv,data.gov.in/resource/wholesale-price-index-base-year-2011-12-till-last-month,,Wholesale Price Index,,,,,,,,,,,,,,Office of the Economic Adviser,,Ministry of Commerce and Industry,Department for Promotion of industry and Internal Trade,Office of the Economic Adviser,4,https://www.data.gov.in/Godl,en,,,https://api.data.gov.in/resource/239ac3d0-f08d-40d0-b03c-9b7a426a62d5?api-key=579b464db66ec23bdd000001cdc3b564546246a772a26393094f5645&offset=0&limit=all&format=csv,,,,,,,,,,,,,5321,8915,12,TRUE,1,3630501,1,1,1
Daily data of reservoir level of Central Water Commission (CWC),,,2022-08-24,2025-06-15,2022-05-17,Dataset,756303,text/csv,,data.gov.in/resource/daily-data-reservoir-level-central-water-commission-cwc,data.gov.in/resource/daily-data-reservoir-level-central-water-commission-cwc,,,,Central,NDSAP,,Monthly,Monthly,,,Water Resources,https://data.gov.in/files/ogdpv2dms/s3fs-public/datafile/NFHS_5_Factsheets_Data.xls,data.gov.in/resource/daily-data-reservoir-level-central-water-commission-cwc,,Reservoir,,,,,,,,,,,,,,National Water Informatics Centre,,"Department of Water Resources, River Development & Ganga Rejuvenation",Ministry of Jal Shakti,National Water Informatics Centre,5,https://www.data.gov.in/Godl,en,,,https://api.data.gov.in/resource/1fc2148c-fc41-46f5-a364-bdc03f77053f?api-key=579b464db66ec23bdd000001cdc3b564546246a772a26393094f5645&offset=0&limit=all&format=csv,,,,,,,,,,,,,3393,8311,,TRUE,0,7210814,1,,1
"All India and State/UT-wise Factsheets of National Family Health Survey (NFHS) - 5, 2019-2021",,"health, population and demography, statistics and data",2022-02-15,2025-06-02,2022-02-12,Dataset,179712,application/vnd.ms-excel,,data.gov.in/resource/all-india-and-stateut-wise-factsheets-national-family-health-survey-nfhs-5-2019-2021,data.gov.in/resource/all-india-and-stateut-wise-factsheets-national-family-health-survey-nfhs-5-2019-2021,,,,Central,NDSAP,,Irregular,Others,Health and Family welfare;Health and Family welfare;Health and Family welfare;Health and Family welfare;Health and Family welfare;Health and Family welfare,,Health and Family welfare;Family Welfare,https://data.gov.in/files/ogdpv2dms/s3fs-public/dataurl13062017/dipp.csv,data.gov.in/resource/all-india-and-stateut-wise-factsheets-national-family-health-survey-nfhs-5-2019-2021,,National Family Health Survey (NFHS) - 5,,,,,,,,,,,,,,International Institute for Population Sciences (IIPS),,Ministry of Health and Family Welfare,Department of Health and Family Welfare,International Institute for Population Sciences (IIPS),1,https://www.data.gov.in/Godl,en,,,,,,,,,,,,,,,,2881,7634,35,TRUE,1,,0,0,0
FDI Equity Inflows from the year 2000 till last quarter,,"economic affairs, industry policy, trade and commerce",2017-06-14,2025-06-18,2017-06-14,Dataset,5498,text/csv,,data.gov.in/resource/fdi-equity-inflows-year-2000-till-last-quarter,data.gov.in/resource/fdi-equity-inflows-year-2000-till-last-quarter,,,,Central,NDSAP,,Quarterly,Quarterly,Commerce,,Commerce,https://data.gov.in/files/ogdpv2dms/s3fs-public/datafile/NFHS_5_India_Districts_Factsheet_Data.xls,data.gov.in/resource/fdi-equity-inflows-year-2000-till-last-quarter,,Foreign Direct Investment (FDI) Equity Inflows,,,,,,,,,,,,,,Department for Promotion of industry and Internal Trade,,Ministry of Commerce and Industry,Department for Promotion of industry and Internal Trade,,4,https://www.data.gov.in/Godl,en,,,http://data.gov.in/sites/default/files/dataurl13062017/dipp.csv,,,,,,,,,,,,,2827,5633,,TRUE,1,3630701,1,1,
"India Districts Factsheets of National Family Health Survey (NFHS) - 5, 2019-2021",,,2022-03-04,2025-06-03,2022-03-02,Dataset,757248,application/vnd.ms-excel,,data.gov.in/resource/india-districts-factsheets-national-family-health-survey-nfhs-5-2019-2021,data.gov.in/resource/india-districts-factsheets-national-family-health-survey-nfhs-5-2019-2021,,,,Central,NDSAP,,Irregular,Others,All;Family Welfare,,All;Health and Family welfare,https://data.gov.in/files/ogdpv2dms/s3fs-public/dataurl23042018/march18_myspeed.csv,data.gov.in/resource/india-districts-factsheets-national-family-health-survey-nfhs-5-2019-2021,,National Family Health Survey-5 (NFHS-5) - India Districts Factsheet Data,,,,,,,,,,,,,,International Institute for Population Sciences (IIPS),,Ministry of Health and Family Welfare,Department of Health and Family Welfare,International Institute for Population Sciences (IIPS),1,https://www.data.gov.in/Godl,en,,,,,,,,,,,,,,,,5054,5529,25,TRUE,0,,1,0,0
Month-wise All India Crowdsourced Mobile Data Speed Measurement,,"information technology, telecommunications infrastructure, digital governance",2018-04-23,2025-01-25,2018-04-20,Dataset,7345405,text/csv,,data.gov.in/resource/month-wise-all-india-crowdsourced-mobile-data-speed-measurement,data.gov.in/resource/month-wise-all-india-crowdsourced-mobile-data-speed-measurement,,,,Central,NDSAP,,Monthly,Monthly,Information and Communications;Telecom;Information and Communications;Telecom;Information and Communications;Telecom;Information and Communications;Telecom;Information and Communications;Telecom;Information and Communications;Telecom;Information and Communications;Telecom;Information and Communications;Telecom,,Information and Communications;Telecom,https://data.gov.in/files/ogdpv2dms/s3fs-public/datafile/Sub_Division_IMD_2017.csv,data.gov.in/resource/month-wise-all-india-crowdsourced-mobile-data-speed-measurement,,MySpeed (Crowdsourced Mobile Data Speeds),,,,,,,,,,,,,,Telecom Regulatory Authority of India (TRAI),,Ministry of Communications,Department of Telecommunications (DOT),Telecom Regulatory Authority of India (TRAI),5,https://www.data.gov.in/Godl,en,,,https://api.data.gov.in/resource/ade6e644-91b8-4d27-97ba-e8c42c48f278?api-key=579b464db66ec23bdd000001cdc3b564546246a772a26393094f5645&offset=0&limit=all&format=csv,,,,,,,,,,,,,7000,4911,1,TRUE,1,6622353,1,1,0
Sub Divisional Monthly Rainfall from 1901 to 2017,,"environment, science and technology, geography",2018-12-18,2021-12-12,2018-12-04,Dataset,445369,text/csv,,data.gov.in/resource/sub-divisional-monthly-rainfall-1901-2017,data.gov.in/resource/sub-divisional-monthly-rainfall-1901-2017,,,,Central,NDSAP,,Annual,Annual,Earth Sciences;Earth Sciences,,Science and Technology;Atmospheric Science;Earth Sciences,https://data.gov.in/files/ogdpv2dms/s3fs-public/datafile/my_calls_1.csv,data.gov.in/resource/sub-divisional-monthly-rainfall-1901-2017,,Rainfall in India,,,,,,,,,,,,,,"India Meteorological Department (IMD), Pune",,Ministry of Earth Sciences,India Meteorological Department (IMD),"India Meteorological Department (IMD), Pune",1,https://www.data.gov.in/Godl,en,,,,,,,,,,,,,,,,13151,4900,1,TRUE,1,,1,1,0
Voice Call Quality Customer Experience till last month,,,2017-12-01,2025-03-25,2017-11-30,Dataset,1233,text/csv,,data.gov.in/resource/voice-call-quality-customer-experience-till-last-month,data.gov.in/resource/voice-call-quality-customer-experience-till-last-month,,,,Central,NDSAP,,Monthly,Others,Information and Communications;Telecom;Information and Communications;Telecom;Information and Communications;Telecom;Information and Communications;Telecom;Information and Communications;Telecom;Information and Communications;Telecom;Information and Communications;Telecom;Information and Communications;Telecom,,Information and Communications;Telecom,,data.gov.in/resource/voice-call-quality-customer-experience-till-last-month,,Voice Call Quality Customer Experience,,,,,,,,,,,,,,Telecom Regulatory Authority of India (TRAI),,Ministry of Communications,Department of Telecommunications (DOT),Telecom Regulatory Authority of India (TRAI),5,https://www.data.gov.in/Godl,en,,,https://api.data.gov.in/resource/98e76922-ab13-474e-9bce-78942583cd0e?api-key=579b464db66ec23bdd000001cdc3b564546246a772a26393094f5645&offset=0&limit=all&format=csv,,,,,,,,,,,,,4835,4422,3,TRUE,1,4206541,1,0,0
Wholesale Price Index (Base Year 2011-12) till last financial year,,,2017-11-20,2025-06-27,2017-09-14,Dataset,120266,text/csv,,data.gov.in/resource/wholesale-price-index-base-year-2011-12-till-last-financial-year,data.gov.in/resource/wholesale-price-index-base-year-2011-12-till-last-financial-year,,,,Central,NDSAP,,Annual,Annual,,,Economy;Prices;Finance;Economy,https://data.gov.in/files/ogdpv2dms/s3fs-public/dataurl10012018/Train_details_22122017.csv,data.gov.in/resource/wholesale-price-index-base-year-2011-12-till-last-financial-year,,Wholesale Price Index,,,,,,,,,,,,,,Office of the Economic Adviser,,Ministry of Commerce and Industry,Department for Promotion of industry and Internal Trade,Office of the Economic Adviser,1,https://www.data.gov.in/Godl,en,,,http://data.gov.in/sites/default/files/dataurl30082017/wpi_yearly_data.csv,,,,,,,,,,,,,2266,4247,14,TRUE,1,,0,0,1
Indian Railways Time Table for trains available for reservation as on 01.11.2017,,,2018-01-24,2025-06-02,2018-04-24,Dataset,16704995,text/csv,,data.gov.in/resource/indian-railways-time-table-trains-available-reservation-01112017,data.gov.in/resource/indian-railways-time-table-trains-available-reservation-01112017,,,,Central,NDSAP,,Irregular,Others,Transport;Railways,,Transport;Railways,https://data.gov.in/files/ogdpv2dms/s3fs-public/soil_moisture-jan22_0.csv,data.gov.in/resource/indian-railways-time-table-trains-available-reservation-01112017,,Indian Railways Train Time Table,,,,,,,,,,,,,,Ministry of Railways,,Ministry of Railways,,,1,https://www.data.gov.in/Godl,en,,,https://data.gov.in/sites/default/files/dataurl10012018/Train_details_22122017.csv,,,,,,,,,,,,,5092,4131,,TRUE,1,,1,1,0
Daily data of Soil Moisture,,,2022-08-24,2025-06-15,2022-05-17,Dataset,1431363,text/csv,,data.gov.in/resource/daily-data-soil-moisture,data.gov.in/resource/daily-data-soil-moisture,,,,Central,NDSAP,,Monthly,Monthly,,,Water Resources,https://data.gov.in/files/ogdpv2dms/s3fs-public/TEMP_ANNUAL_SEASONAL_MEAN.csv,data.gov.in/resource/daily-data-soil-moisture,,Soil Moisture,,,,,,,,,,,,,,National Water Informatics Centre,,"Department of Water Resources, River Development & Ganga Rejuvenation",Ministry of Jal Shakti,National Water Informatics Centre,5,https://www.data.gov.in/Godl,en,,,https://api.data.gov.in/resource/4554a3c8-74e3-4f93-8727-8fd92161e345?api-key=579b464db66ec23bdd000001cdc3b564546246a772a26393094f5645&offset=0&limit=all&format=csv,,,,,,,,,,,,,4865,3903,1,TRUE,1,7210812,1,,1
Seasonal and Annual Mean Temperature Series for the period 1901-2021,,,2023-01-16,2025-06-02,2022-08-01,Dataset,4359,text/csv,,data.gov.in/resource/seasonal-and-annual-mean-temperature-series-period-1901-2021,data.gov.in/resource/seasonal-and-annual-mean-temperature-series-period-1901-2021,,,,Central,NDSAP,,Annual,Annual,Earth Sciences,,Science and Technology;Earth Sciences,,data.gov.in/resource/seasonal-and-annual-mean-temperature-series-period-1901-2021,,All India Seasonal and Annual Temperature Series,,,,,,,,,,,,,,"India Meteorological Department (IMD), Pune",,Ministry of Earth Sciences,India Meteorological Department (IMD),"India Meteorological Department (IMD), Pune",1,https://www.data.gov.in/Godl,en,,,,,,,,,,,,,,,,1581,3667,8,TRUE,0,,0,,0
"District-wise, season-wise crop production statistics from 1997",,,2013-05-20,2024-10-16,2013-05-20,Dataset,15316741,text/csv,,data.gov.in/resource/district-wise-season-wise-crop-production-statistics-1997,data.gov.in/resource/district-wise-season-wise-crop-production-statistics-1997,,,,Central,NDSAP,,Annual,Annual,Agriculture;Agricultural Produces,,Agriculture;Agricultural Produces,https://data.gov.in/files/ogd20/ogdpv2dms/s3fs-public/GYTS4.xls,data.gov.in/resource/district-wise-season-wise-crop-production-statistics-1997,,"District-wise, season-wise crop production statistics",,,,,,,,,,,,,,Directorate of Economics and Statistics (DES),,Ministry of Agriculture and Farmers Welfare,Department of Agriculture and Farmers Welfare,Directorate of Economics and Statistics (DES),2,https://www.data.gov.in/Godl,en,,,https://aps.dac.gov.in/APY/apy.csv,,,,,,,,,,,,,33857,3667,251,FALSE,1,,1,1,
"Global Youth Tobacco Survey (GYTS-4), India and States, 2019",,,2022-09-01,2022-09-01,2022-08-02,Dataset,93184,application/vnd.ms-excel,,data.gov.in/resource/global-youth-tobacco-survey-gyts-4-india-and-states-2019,data.gov.in/resource/global-youth-tobacco-survey-gyts-4-india-and-states-2019,,,,Central,NDSAP,,Irregular,Others,Health and Family welfare;Family Welfare,,Health;Health and Family welfare,https://data.gov.in/files/ogd20/ogdpv2dms/s3fs-public/dataurl22092022/rural.csv,data.gov.in/resource/global-youth-tobacco-survey-gyts-4-india-and-states-2019,,Global Youth Tobacco Survey (GYTS-4),,,,,,,,,,,,,,International Institute for Population Sciences (IIPS),,Ministry of Health and Family Welfare,Department of Health and Family Welfare,International Institute for Population Sciences (IIPS),1,https://www.data.gov.in/Godl,en,,,https://www.iipsindia.ac.in/sites/default/files/other_files/GYTS4_India_Fact_Sheet.pdf,,,,,,,,,,,,,1162,3002,10,TRUE,0,,0,,0
Local Government Directory (LGD) - Villages with PIN Codes,,,2022-09-22,2025-06-01,2022-09-22,Dataset,16537702,text/csv,,data.gov.in/resource/local-government-directory-lgd-villages-pin-codes,data.gov.in/resource/local-government-directory-lgd-villages-pin-codes,,,,Central,NDSAP,,Monthly,Monthly,,,Panchayati Raj,https://data.gov.in/files/ogd20/ogdpv2dms/s3fs-public/urban_0.csv,data.gov.in/resource/local-government-directory-lgd-villages-pin-codes,,Local Government Directory (LGD),,,,,,,,,,,,,,Ministry of Panchayati Raj,,Ministry of Panchayati Raj,,,5,https://www.data.gov.in/Godl,en,,,https://api.data.gov.in/resource/f17a1608-5f10-4610-bb50-a63c80d83974?api-key=579b464db66ec23bdd000001cdc3b564546246a772a26393094f5645&offset=0&limit=all&format=csv,,,,,,,,,,,,,3152,2870,7,TRUE,1,7246503,1,,1
Local Government Directory (LGD) - Local Bodies with PIN Codes,,,2022-09-22,2025-06-01,2022-09-22,Dataset,137527,text/csv,,data.gov.in/resource/local-government-directory-lgd-local-bodies-pin-codes,data.gov.in/resource/local-government-directory-lgd-local-bodies-pin-codes,,,,Central,NDSAP,,Monthly,Monthly,,,Panchayati Raj,,data.gov.in/resource/local-government-directory-lgd-local-bodies-pin-codes,,Local Government Directory (LGD),,,,,,,,,,,,,,Ministry of Panchayati Raj,,Ministry of Panchayati Raj,,,4,https://www.data.gov.in/Godl,en,,,https://api.data.gov.in/resource/71818d1a-c114-46cb-aa9b-56ed70d4bc4a?api-key=579b464db66ec23bdd000001cdc3b564546246a772a26393094f5645&offset=0&limit=all&format=csv,,,,,,,,,,,,,2184,2629,,TRUE,1,7246652,1,1,1
"DPIIT-Registered Startups by Sector, State, and Year (2016 Onwards)","A comprehensive dataset tracking the numerical distribution of startups officially registered with India's Department for Promotion of Industry and Internal Trade. This dataset quantifies startup activity across diverse sectors including Construction, Agriculture, AI, and others, with state-wise geographical breakdown and yearly temporal analysis.Each entry provides precise count data, enabling analysis of regional industry concentrations and sector-specific growth trends within India's evolving entrepreneurial landscape","Commerce, Industries, Economy, Statistics",2022-08-30,2022-09-01,2025-02-18,Dataset,32100(32.1KB),text/csv,"https://www.startupindia.gov.in/content/sih/en/search.html?roles=Startup&amp;page=0
   https://www.startupindia.gov.in",8fhu47fb-8be239f-5bufwo34,https://www.data.gov.in/resource/industry-state-and-year-wise-startups-recognized-dpiit-till-last-week,https://www.data.gov.in/datasets_webservices/datasets/7221413,India,2016 / (ongoing-openended),Central,National Data Sharing and Accessibility Policy (NDSAP) (2012),Restricted,"""P7D ^^ xsd:duration"" or ""http://purl.org/cld/freq/weekly""","""P1Y ^^ xsd:duration"" or ""http://purl.org/cld/freq/annual""","dpiit, startup india, state-wise startups, industry-wise startups, year-wise startups,india, entrepreneurship, startups, government programs, economic development, industrial policy","dpiit, startup india, state-wise startups, industry-wise startups, year-wise startups,india, entrepreneurship, startups, government programs, economic development, industrial policy","Commerce, Industries, Economy, Statistics",https://www.startupindia.gov.in/srf/data-gov-in/gov-data-final.csv,https://www.data.gov.in/resource/industry-state-and-year-wise-startups-recognized-dpiit-till-last-week,https://aikosh.indiaai.gov.in/images/fallback-image.png,Startup Recognized by DPIIT from 2016 onwards,,Shri Dilip Kumar Sinha,DDG,Chief Data Officer,Department for Promotion of industry and Internal Trade,mailto:dk [dot] sinha75 [at] gov [dot] in ,,"236, Udyog Bhawan",110001,New Delhi,"© 2012-2015 GOVERNMENT OF INDIA
All rights reserved except published datasets/resources and metadata. ",Statistics,2,Department for Promotion of industry and Internal Trade,NA,Ministry of Commerce and Industry,Department for Promotion of industry and Internal Trade,No department mapped,This dataset encompasses startup registration figures as recognised by DPIIT. DPIIT - Department for Promotion of Industry and Internal Trade.,https://www.data.gov.in/Godl,en,"Official count of DPIIT-recognized startups across India, categorized by industry sector, state, and year, with precise count data updated as on today. ",DPIIT Startup Registry Sectoral and Geographic Distribution,NA,NA,NA,NA,NA,NA,NA,NA,NA,NA,NA,NA,NA,2617,2083,18,1,0,7221413,0,0,1
Crime Head-wise Police Disposal of IPC Crime Cases (Crime Head-wise) during 2019,,,2021-03-09,2021-03-09,2021-03-05,Dataset,18087,text/csv,,data.gov.in/resource/crime-head-wise-police-disposal-ipc-crime-cases-crime-head-wise-during-2019,data.gov.in/resource/crime-head-wise-police-disposal-ipc-crime-cases-crime-head-wise-during-2019,,,,Central,NDSAP,,Annual,Annual,Police,,Home Affairs and Enforcement;Police,https://data.gov.in/files/ogd20/ogdpv2dms/s3fs-public/datafile/district_level_total_Registered_msme.csv?VersionId=105172500341441,data.gov.in/resource/crime-head-wise-police-disposal-ipc-crime-cases-crime-head-wise-during-2019,,Crime in India - 2019,,,,,,,,,,,,,,National Crime Records Bureau (NCRB),,Ministry of Home Affairs,Department of States,National Crime Records Bureau (NCRB),1,https://www.data.gov.in/Godl,en,,,https://data.gov.in/sites/default/files/dataurl05032021/NCRB_CII-2019_Table_17A.1.csv,,,,,,,,,,,,,1333,2612,,TRUE,1,,1,1,0
District Wise Total MSME Registered Enterprises under UDYAM Registration till last date,,,2021-11-01,2025-06-27,2021-10-26,Dataset,38424,text/csv,,data.gov.in/resource/district-wise-total-msme-registered-enterprises-under-udyam-registration-till-last-date,data.gov.in/resource/district-wise-total-msme-registered-enterprises-under-udyam-registration-till-last-date,,,,Central,NDSAP,,Daily,Daily,Medium;Micro;Small Scale;Medium;Micro;Small Scale;Medium;Micro;Small Scale;Medium;Micro;Small Scale;Medium;Micro;Small Scale,,Industries;Medium;Micro;Small Scale,,data.gov.in/resource/district-wise-total-msme-registered-enterprises-under-udyam-registration-till-last-date,,UDYAM Registration (MSME Registration),,,,,,,,,,,,,,"Ministry of Micro, Small and Medium Enterprises",,"Ministry of Micro, Small and Medium Enterprises",,,4,https://www.data.gov.in/Godl,en,,,https://api.data.gov.in/resource/f8cd85a1-f9b8-4ff1-b195-9f75c10eb338?api-key=579b464db66ec23bdd000001cdc3b564546246a772a26393094f5645&offset=0&limit=all&format=csv ,,,,,,,,,,,,,1567,2447,19,TRUE,1,7159067,1,1,1
Shapefile of Rivers,,,2022-09-28,2022-09-28,2022-09-16,Dataset,,application/zip,,data.gov.in/resource/shapefile-rivers,data.gov.in/resource/shapefile-rivers,,,,Central,NDSAP,,One-time,One-time,Ground Water;Surface Water,,Ground Water;Surface Water,https://data.gov.in/files/ogd20/ogdpv2dms/s3fs-public/datafile/All-India-Rainfall-Act_Dep_1901_to_2019_0.csv,data.gov.in/resource/shapefile-rivers,,Boundaries of Water Resources Projects,,,,,,,,,,,,,,National Water Informatics Centre,,"Department of Water Resources, River Development & Ganga Rejuvenation",Ministry of Jal Shakti,National Water Informatics Centre,2,https://www.data.gov.in/Godl,en,,,https://data.gov.in/files/ogdpv2dms/s3fs-public/dataurl15092022/Rivers.zip,,,,,,,,,,,,,2637,2410,,TRUE,0,,0,,0
Rainfall in all India and its departure from normal during Monsoon session (June-Sept) from 1901 to 2019,,,2021-05-20,2021-05-20,2020-11-02,Dataset,4192,text/csv,,data.gov.in/resource/rainfall-all-india-and-its-departure-normal-during-monsoon-session-june-sept-1901-2019,data.gov.in/resource/rainfall-all-india-and-its-departure-normal-during-monsoon-session-june-sept-1901-2019,,,,Central,NDSAP,,Annual,Annual,Earth Sciences;Earth Sciences;Earth Sciences;Earth Sciences,,Science and Technology;Atmospheric Science;Earth Sciences,https://data.gov.in/files/ogd20/ogdpv2dms/s3fs-public/datafile/enrolment_age_2012_13.csv?VersionId=105166644224513,data.gov.in/resource/rainfall-all-india-and-its-departure-normal-during-monsoon-session-june-sept-1901-2019,,Rainfall in India,,,,,,,,,,,,,,"India Meteorological Department (IMD), Pune",,Ministry of Earth Sciences,India Meteorological Department (IMD),"India Meteorological Department (IMD), Pune",1,https://www.data.gov.in/Godl,en,,,,,,,,,,,,,,,,2631,2044,,TRUE,0,,1,1,0
Enrolment by Age and Class (UDISE plus) during 2012-13,,,2023-09-14,2023-09-14,2022-01-13,Dataset,1372069,text/csv,,data.gov.in/resource/enrolment-age-and-class-udise-plus-during-2012-13,data.gov.in/resource/enrolment-age-and-class-udise-plus-during-2012-13,,,,Central,NDSAP,,Annual,Annual,,,Education,https://data.gov.in/files/ogd20/ogdpv2dms/s3fs-public/datafile/district_level_service_msme.csv?VersionId=105172390466305,data.gov.in/resource/enrolment-age-and-class-udise-plus-during-2012-13,,Enrolment by Age and Class (UDISE plus),,,,,,,,,,,,,,Department of School Education and Literacy,,Ministry of Education,Department of School Education and Literacy,,1,https://www.data.gov.in/Godl,en,,,,,,,,,,,,,,,,1216,2005,0,TRUE,0,,0,0,0
District wise Services MSME Registered Enterprises under UDYAM Registration till last date,,,2021-11-01,2025-06-27,2021-10-26,Dataset,37790,text/csv,,data.gov.in/resource/district-wise-services-msme-registered-enterprises-under-udyam-registration-till-last-date,data.gov.in/resource/district-wise-services-msme-registered-enterprises-under-udyam-registration-till-last-date,,,,Central,NDSAP,,Daily,Daily,Medium;Micro;Small Scale;Medium;Micro;Small Scale;Medium;Micro;Small Scale;Medium;Micro;Small Scale;Medium;Micro;Small Scale,,Industries;Medium;Micro;Small Scale,https://data.gov.in/files/ogdpv2dms/s3fs-public/datafile/Min_Max_Seasonal_IMD_2017.csv,data.gov.in/resource/district-wise-services-msme-registered-enterprises-under-udyam-registration-till-last-date,,UDYAM Registration (MSME Registration),,,,,,,,,,,,,,"Ministry of Micro, Small and Medium Enterprises",,"Ministry of Micro, Small and Medium Enterprises",,,4,https://www.data.gov.in/Godl,en,,,https://api.data.gov.in/resource/c3dfe7e6-0cfd-4ddb-8f79-9cb3695d9866?api-key=579b464db66ec23bdd000001cdc3b564546246a772a26393094f5645&offset=0&limit=all&format=csv,,,,,,,,,,,,,1349,1960,11,TRUE,1,7159069,1,1,1
Seasonal and Annual Min/Max Temp Series - India from 1901 to 2017,,,2018-12-18,2021-12-12,2018-12-04,Dataset,7866,text/csv,,data.gov.in/resource/seasonal-and-annual-minmax-temp-series-india-1901-2017,data.gov.in/resource/seasonal-and-annual-minmax-temp-series-india-1901-2017,,,,Central,NDSAP,,Annual,Annual,Earth Sciences;Earth Sciences;Earth Sciences;Earth Sciences,,Science and Technology;Atmospheric Science;Earth Sciences,https://data.gov.in/files/ogdpv2dms/s3fs-public/datafile/Daily_data_of_Evapotranspiration_of_NRSC_Agency_during_August_2022.csv,data.gov.in/resource/seasonal-and-annual-minmax-temp-series-india-1901-2017,,All India Seasonal and Annual Min/Max Temperature Series,,,,,,,,,,,,,,"India Meteorological Department (IMD), Pune",,Ministry of Earth Sciences,India Meteorological Department (IMD),"India Meteorological Department (IMD), Pune",1,https://www.data.gov.in/Godl,en,,,,,,,,,,,,,,,,4954,1851,,TRUE,1,,1,1,0
Daily data of Evapotranspiration of NRSC,,,2022-10-04,2025-06-15,2022-10-04,Dataset,1846333,text/csv,,data.gov.in/resource/daily-data-evapotranspiration-nrsc,data.gov.in/resource/daily-data-evapotranspiration-nrsc,,,,Central,NDSAP,,Monthly,Monthly,,,Ground Water,https://data.gov.in/files/ogd20/ogdpv2dms/s3fs-public/UDIDDATA_0.csv,data.gov.in/resource/daily-data-evapotranspiration-nrsc,,Daily Data of Evapo-transpiration,,,,,,,,,,,,,,National Water Informatics Centre,,"Department of Water Resources, River Development & Ganga Rejuvenation",Ministry of Jal Shakti,National Water Informatics Centre,5,https://www.data.gov.in/Godl,en,,,https://api.data.gov.in/resource/98c433b1-9c86-40c7-baf4-d4eca5385698?api-key=579b464db66ec23bdd000001cdc3b564546246a772a26393094f5645&offset=0&limit=all&format=csv,,,,,,,,,,,,,3394,1816,,TRUE,0,7257813,1,,1
"District wise, Disability wise, Age group wise , Gender wise Unique Disability ID (UDID) data as on 11.06.2024",,,2023-09-11,2024-06-11,2023-09-06,Dataset,3085379,application/vnd.ms-excel,,data.gov.in/resource/district-wise-disability-wise-age-group-wise-gender-wise-unique-disability-id-udid-data,data.gov.in/resource/district-wise-disability-wise-age-group-wise-gender-wise-unique-disability-id-udid-data,,,,Central,NDSAP,,Quarterly,Quarterly,Social Development,,Social Development,https://data.gov.in/files/ogd20/ogdpv2dms/s3fs-public/All_India_Index_Upto_April23.csv,data.gov.in/resource/district-wise-disability-wise-age-group-wise-gender-wise-unique-disability-id-udid-data,,Unique Disability ID (UDID),,,,,,,,,,,,,,Department of Empowerment of Persons with Disabilities,,Ministry of Social Justice and Empowerment,Department of Empowerment of Persons with Disabilities,,1,https://www.data.gov.in/Godl,en,,,,,,,,,,,,,,,,1603,1799,,TRUE,0,,1,,0
All India Consumer Price Index (Rural/Urban) upto May 2023,,,2023-09-18,2023-09-18,2023-07-17,Dataset,66022,application/vnd.ms-excel,,data.gov.in/resource/all-india-consumer-price-index-ruralurban-upto-may-2023,data.gov.in/resource/all-india-consumer-price-index-ruralurban-upto-may-2023,,,,Central,NDSAP,,Monthly,Monthly,,,Economy;Prices;Finance;Economy;Statistics,https://data.gov.in/files/ogd20/ogdpv2dms/s3fs-public/datafile/rainfall_area-wt_India_1901-2015.csv,data.gov.in/resource/all-india-consumer-price-index-ruralurban-upto-may-2023,,All India Consumer Price Index (Rural/Urban),,,,,,,,,,,,,,Ministry of Statistics and Programme Implementation,,Ministry of Statistics and Programme Implementation,,,1,https://www.data.gov.in/Godl,en,,,,,,,,,,,,,,,,1934,1737,1,TRUE,0,,1,,0
"All India area weighted monthly, seasonal and annual rainfall (in mm) from 1901-2015",,,2017-03-30,2021-12-10,2017-01-02,Dataset,14160,text/csv,,data.gov.in/resource/all-india-area-weighted-monthly-seasonal-and-annual-rainfall-mm-1901-2015,data.gov.in/resource/all-india-area-weighted-monthly-seasonal-and-annual-rainfall-mm-1901-2015,,,,Central,NDSAP,,Annual,Annual,Science and Technology;Atmospheric Science;Earth Sciences,,Science and Technology;Atmospheric Science;Earth Sciences,https://data.gov.in/files/ogd20/ogdpv2dms/s3fs-public/NCRB-2021_Table_17A.1.csv,data.gov.in/resource/all-india-area-weighted-monthly-seasonal-and-annual-rainfall-mm-1901-2015,,Rainfall in India,,,,,,,,,,,,,,"India Meteorological Department (IMD), Pune",,Ministry of Earth Sciences,India Meteorological Department (IMD),"India Meteorological Department (IMD), Pune",1,https://www.data.gov.in/Godl,en,,,,,,,,,,,,,,,,2023,1733,,TRUE,1,,1,1,
Crime Head-wise Police Disposal of IPC Crime Cases during 2021,,,2022-10-18,2022-10-18,2022-10-17,Dataset,18547,text/csv,,data.gov.in/resource/crime-head-wise-police-disposal-ipc-crime-cases-during-2021,data.gov.in/resource/crime-head-wise-police-disposal-ipc-crime-cases-during-2021,,,,Central,NDSAP,,Annual,Annual,Army,,Police,https://data.gov.in/files/ogdpv2dms/s3fs-public/datafile/Tourism_In_India_Statistics_2018-Table_2.1.1_1.csv,data.gov.in/resource/crime-head-wise-police-disposal-ipc-crime-cases-during-2021,,Crime in India - 2021,,,,,,,,,,,,,,National Crime Records Bureau (NCRB),,Ministry of Home Affairs,Department of States,National Crime Records Bureau (NCRB),1,https://www.data.gov.in/Godl,en,,,,,,,,,,,,,,,,1629,1683,1,TRUE,0,0,1,,0
"Foreign Tourist Arrivals (FTAs), Arrivals of Non-Resident Indians (NRIs) and International Tourist Arrival (ITAs) from 1981 to 2017",,,2022-10-28,2022-10-28,2019-05-02,Dataset,875,text/csv,,data.gov.in/resource/foreign-tourist-arrivals-ftas-arrivals-non-resident-indians-nris-and-international-0,data.gov.in/resource/foreign-tourist-arrivals-ftas-arrivals-non-resident-indians-nris-and-international-0,,,,Central,NDSAP,,Annual,Annual,,,Travel and Tourism,https://data.gov.in/files/ogd20/ogdpv2dms/s3fs-public/datafile/enrolment_age_2019_20.csv?VersionId=105166644598849,data.gov.in/resource/foreign-tourist-arrivals-ftas-arrivals-non-resident-indians-nris-and-international-0,,India Tourism Statistics,,,,,,,,,,,,,,Ministry of Tourism,,Ministry of Tourism,,,1,https://www.data.gov.in/Godl,en,,,,,,,,,,,,,,,,1754,1673,5,TRUE,0,,0,0,0
Enrolment by Age and Class (UDISE plus) during 2019-20,,,2022-01-13,2022-01-27,2022-01-13,Dataset,1543548,text/csv,,data.gov.in/resource/enrolment-age-and-class-udise-plus-during-2019-20,data.gov.in/resource/enrolment-age-and-class-udise-plus-during-2019-20,,,,Central,NDSAP,,Annual,Annual,Education,,Education,https://data.gov.in/files/ogd20/ogdpv2dms/s3fs-public/RS_Session_259_AU_3106.csv,data.gov.in/resource/enrolment-age-and-class-udise-plus-during-2019-20,,Enrolment by Age and Class (UDISE plus),,,,,,,,,,,,,,Department of School Education and Literacy,,Ministry of Education,Department of School Education and Literacy,,1,https://www.data.gov.in/Godl,en,,,,,,,,,,,,,,,,1125,1656,,TRUE,1,,1,1,0
Year-wise retail inflation rate based on Consumer Price Index-Combined (CPI-C) from 2017-18 to 2022-23,,,2023-05-30,2023-05-30,2023-05-29,Dataset,137,text/csv,,data.gov.in/resource/year-wise-retail-inflation-rate-based-consumer-price-index-combined-cpi-c-2017-18-2022-23,data.gov.in/resource/year-wise-retail-inflation-rate-based-consumer-price-index-combined-cpi-c-2017-18-2022-23,,,,Central,NDSAP,,Quarterly,Quarterly,Finance,,All,https://data.gov.in/files/ogd20/ogdpv2dms/s3fs-public/dataurl18072017/NAD-Tamil_Nadu-GSVA_cur_2016-17.csv,data.gov.in/resource/year-wise-retail-inflation-rate-based-consumer-price-index-combined-cpi-c-2017-18-2022-23,,Answers Data of Rajya Sabha Questions for Session 259,,,,,,,,,,,,,,Rajya Sabha,,Rajya Sabha,,,1,https://www.data.gov.in/Godl,en,,,,,,,,,,,,,,,,3102,1643,,TRUE,0,0,1,1,0
GSVA by Economic Activity at Current Prices for Tamil Nadu from 2011-12 to 2016-17 (as on 31.03.2017),,,2017-08-01,2017-08-01,2017-07-18,Dataset,2564,text/csv,,data.gov.in/resource/gsva-economic-activity-current-prices-tamil-nadu-2011-12-2016-17-31032017,data.gov.in/resource/gsva-economic-activity-current-prices-tamil-nadu-2011-12-2016-17-31032017,,,,Central,NDSAP,,Annual,Annual,,,Finance;Economy;Statistics,https://data.gov.in/files/ogdpv2dms/s3fs-public/eshram_sample_0.csv,data.gov.in/resource/gsva-economic-activity-current-prices-tamil-nadu-2011-12-2016-17-31032017,,Gross State Domestic Product at Current Prices,,,,,,,,,,,,,,Ministry of Statistics and Programme Implementation,,Ministry of Statistics and Programme Implementation,,,1,https://www.data.gov.in/Godl,en,,,http://data.gov.in/sites/default/files/dataurl18072017/NAD-Tamil_Nadu-GSVA_cur_2016-17.csv,,,,,,,,,,,,,1771,1639,,TRUE,1,,1,0,
District-wise Demographic Data of Unorganised Workers registered on eShram as on Previous Day,,,2023-12-21,2025-06-27,2023-12-19,Dataset,51573,text/csv,,data.gov.in/resource/district-wise-demographic-data-unorganised-workers-registered-eshram-previous-day,data.gov.in/resource/district-wise-demographic-data-unorganised-workers-registered-eshram-previous-day,,,,Central,NDSAP,,Daily,Daily,Labour and Employment,,Unorganized Sector Workers,https://data.gov.in/files/ogdpv2dms/s3fs-public/CrudeOilProcessing.csv,data.gov.in/resource/district-wise-demographic-data-unorganised-workers-registered-eshram-previous-day,,Demographic Data of Unorganised Workers registered on eShram portal,,,,,,,,,,,,,,Ministry of Labour and Employment,,Ministry of Labour and Employment,,,5,https://www.data.gov.in/Godl,en,,,,,,,,,,,,,,,,595880,1553,,TRUE,1,7844104,1,,1
Monthly Crude Oil Processed by Refineries,,,2023-06-14,2025-06-27,2023-06-13,Dataset,41184,text/csv,,data.gov.in/resource/monthly-crude-oil-processed-refineries,data.gov.in/resource/monthly-crude-oil-processed-refineries,,,,Central,NDSAP,,Monthly,Monthly,Non Renewable,,Non Renewable,https://data.gov.in/files/ogdpv2dms/s3fs-public/datafile/stat-road-ac-2013-2016.csv,data.gov.in/resource/monthly-crude-oil-processed-refineries,,Crude Oil Processed by Refineries,,,,,,,,,,,,,,Petroleum Planning & Analysis Cell (PPAC),,Ministry of Petroleum and Natural Gas,Petroleum Planning & Analysis Cell (PPAC),,4,https://www.data.gov.in/Godl,en,,,https://api.data.gov.in/resource/8d3b6596-b09e-4077-aebf-425193185a5b?api-key=579b464db66ec23bdd000001cdc3b564546246a772a26393094f5645&offset=0&limit=all&format=csv,,,,,,,,,,,,,2299,1541,,TRUE,0,7526649,1,,1
Statistics of Road Accidents in India From 2013 to 2016,,,2017-12-14,2025-02-14,2017-12-13,Dataset,4783,text/csv,,data.gov.in/resource/statistics-road-accidents-india-2013-2016,data.gov.in/resource/statistics-road-accidents-india-2013-2016,,,,Central,NDSAP,,Annual,Annual,Transport;Road Transport;Transport;Road Transport;Transport;Road Transport;Transport;Road Transport,,Transport;Road Transport,https://data.gov.in/files/ogd20/ogdpv2dms/s3fs-public/class12-2023.csv,data.gov.in/resource/statistics-road-accidents-india-2013-2016,,State/UT wise total no of road accidents,,,,,,,,,,,,,,Ministry of Road Transport and Highways,,Ministry of Road Transport and Highways,,,1,https://www.data.gov.in/Godl,en,,,,,,,,,,,,,,,,11011,1480,,TRUE,1,,1,1,0
CBSE Result Statistics Class XII - 2023,,,2023-06-13,2023-06-13,2023-06-13,Dataset,1625,text/csv,,data.gov.in/resource/cbse-result-statistics-class-xii-2023,data.gov.in/resource/cbse-result-statistics-class-xii-2023,,,,Central,NDSAP,,Annual,Annual,,,Education,https://data.gov.in/files/ogdpv2dms/s3fs-public/datafile/District-wise_Health_Care_Infrastructure-2017_1.csv,data.gov.in/resource/cbse-result-statistics-class-xii-2023,,CBSE Result Statistics Class XII,,,,,,,,,,,,,,Central Board of Secondary Education (CBSE),,Ministry of Education,Department of School Education and Literacy,Central Board of Secondary Education (CBSE),1,https://www.data.gov.in/Godl,en,,,,,,,,,,,,,,,,565,1449,,TRUE,0,,1,,0
"District-wise availability of health centres in India as on 31st March, 2017",,,2018-04-04,2025-02-12,2018-04-04,Dataset,27285,text/csv,,data.gov.in/resource/district-wise-availability-health-centres-india-31st-march-2017,data.gov.in/resource/district-wise-availability-health-centres-india-31st-march-2017,,,,Central,NDSAP,,Annual,Annual,Health and Family welfare;Health;Health and Family welfare;Health;Health and Family welfare;Health;Health and Family welfare;Health;Health and Family welfare;Health;Health and Family welfare;Health;Health and Family welfare;Health;Health and Family welfare;Health;Health and Family welfare;Health;Health and Family welfare;Health,,Health and Family welfare;Family Welfare;Health,https://data.gov.in/files/ogd20/ogdpv2dms/s3fs-public/datafile/rainfall_area-wt_sd_1901-2015.csv,data.gov.in/resource/district-wise-availability-health-centres-india-31st-march-2017,,Rural Health Statistics - 2017,,,,,,,,,,,,,,Department of Health and Family Welfare,,Ministry of Health and Family Welfare,Department of Health and Family Welfare,,1,https://www.data.gov.in/Godl,en,,,,,,,,,,,,,,,,2891,1444,,TRUE,1,,1,1,0
"Area weighted monthly, seasonal and annual rainfall ( in mm) for 36 meteorological subdivisions from 1901-2015",,,2017-03-30,2021-12-10,2017-01-02,Dataset,528115,text/csv,,data.gov.in/resource/area-weighted-monthly-seasonal-and-annual-rainfall-mm-36-meteorological-subdivisions-1901,data.gov.in/resource/area-weighted-monthly-seasonal-and-annual-rainfall-mm-36-meteorological-subdivisions-1901,,,,Central,NDSAP,,Annual,Annual,Science and Technology;Atmospheric Science;Earth Sciences,,Science and Technology;Atmospheric Science;Earth Sciences,https://data.gov.in/files/ogd20/ogdpv2dms/s3fs-public/datafile/climate_change_upto_2000_1.csv,data.gov.in/resource/area-weighted-monthly-seasonal-and-annual-rainfall-mm-36-meteorological-subdivisions-1901,,Rainfall in India,,,,,,,,,,,,,,"India Meteorological Department (IMD), Pune",,Ministry of Earth Sciences,India Meteorological Department (IMD),"India Meteorological Department (IMD), Pune",1,https://www.data.gov.in/Godl,en,,,,,,,,,,,,,,,,1782,1380,,TRUE,1,,1,1,
Monthly mean maximum & minimum temperature and total rainfall based upon 1901-2000 data,,,2016-09-30,2021-12-10,2015-10-26,Dataset,62833,text/csv,,data.gov.in/resource/monthly-mean-maximum-minimum-temperature-and-total-rainfall-based-upon-1901-2000-data-3,data.gov.in/resource/monthly-mean-maximum-minimum-temperature-and-total-rainfall-based-upon-1901-2000-data-3,,,,Central,NDSAP,,Annual,Annual,Science and Technology;Earth Sciences,,Science and Technology;Earth Sciences,https://data.gov.in/files/ogd20/ogdpv2dms/s3fs-public/productconsumption.csv,data.gov.in/resource/monthly-mean-maximum-minimum-temperature-and-total-rainfall-based-upon-1901-2000-data-3,,Climatology data of Important Cities,,,,,,,,,,,,,,"India Meteorological Department (IMD), Pune",,Ministry of Earth Sciences,India Meteorological Department (IMD),"India Meteorological Department (IMD), Pune",1,https://www.data.gov.in/Godl,en,,,,,,,,,,,,,,,,5345,1320,1,TRUE,1,,1,1,
Monthly Consumption of Petroleum Products,,,2023-05-19,2025-06-27,2023-05-19,Dataset,23660,text/csv,,data.gov.in/resource/monthly-consumption-petroleum-products,data.gov.in/resource/monthly-consumption-petroleum-products,,,,Central,NDSAP,,Daily,Monthly,,,Power and Energy,https://data.gov.in/files/ogd20/ogdpv2dms/s3fs-public/dataurl12072016/RHS_2015_ch-1_table_2a.csv,data.gov.in/resource/monthly-consumption-petroleum-products,,Consumption of Petroleum Products,,,,,,,,,,,,,,Petroleum Planning & Analysis Cell (PPAC),,Ministry of Petroleum and Natural Gas,Petroleum Planning & Analysis Cell (PPAC),,1,https://www.data.gov.in/Godl,en,,,,,,,,,,,,,,,,1010,1264,,TRUE,0,7492382,1,,1
"State-wise Population, Decadal Population Growth Rate and Population Density - 2011",,,2016-07-13,2021-12-10,2016-07-12,Dataset,1322,text/csv,,data.gov.in/resource/state-wise-population-decadal-population-growth-rate-and-population-density-2011,data.gov.in/resource/state-wise-population-decadal-population-growth-rate-and-population-density-2011,,,,Central,NDSAP,,Annual,Annual,Health and Family welfare;Family Welfare;Health,,Health and Family welfare;Family Welfare;Health,https://data.gov.in/files/ogdpv2dms/s3fs-public/datafile/uam_msme_total_manufacturing_unit.csv,data.gov.in/resource/state-wise-population-decadal-population-growth-rate-and-population-density-2011,,Rural Health Statistics - 2015,,,,,,,,,,,,,,Department of Health and Family Welfare,,Ministry of Health and Family Welfare,Department of Health and Family Welfare,,1,https://www.data.gov.in/Godl,en,,,http://data.gov.in/sites/default/files/dataurl12072016/RHS_2015_ch-1_table_2a.csv,,,,,,,,,,,,,747,1261,,TRUE,1,,1,0,
District Wise Total  MSME Registered Manufacturing Enterprises till last date,,,2019-07-24,2019-08-07,2019-07-23,Dataset,55955,text/csv,,data.gov.in/resource/district-wise-total-msme-registered-manufacturing-enterprises-till-last-date,data.gov.in/resource/district-wise-total-msme-registered-manufacturing-enterprises-till-last-date,,,,Central,NDSAP,,One-time,Daily,Medium;Micro;Small Scale,,Medium;Micro;Small Scale,https://data.gov.in/files/ogd20/ogdpv2dms/s3fs-public/NREGA.csv,data.gov.in/resource/district-wise-total-msme-registered-manufacturing-enterprises-till-last-date,,Udyog Aadhaar Memorandum  ( MSME Registration ),,,,,,,,,,,,,,"Ministry of Micro, Small and Medium Enterprises",,"Ministry of Micro, Small and Medium Enterprises",,,1,https://www.data.gov.in/Godl,en,,,,,,,,,,,,,,,,2092,1250,,TRUE,1,6667162,1,1,1
District-wise MGNREGA Data at a Glance,,,2023-09-13,2025-06-27,2023-09-11,Dataset,153388,text/csv,,data.gov.in/resource/district-wise-mgnrega-data-glance,data.gov.in/resource/district-wise-mgnrega-data-glance,,,,Central,NDSAP,,Daily,Daily,Development,,Development,https://data.gov.in/files/ogd20/ogdpv2dms/s3fs-public/datafile/district_level_manufacturing_msme.csv?VersionId=105172500356481,data.gov.in/resource/district-wise-mgnrega-data-glance,,Mahatma Gandhi National Rural Employment Guarantee Act (MGNREGA),,,,,,,,,,,,,,Department of Rural Development (DRD),,Ministry of Rural Development,Department of Rural Development (DRD),,5,https://www.data.gov.in/Godl,en,,,https://api.data.gov.in/resource/ee03643a-ee4c-48c2-ac30-9f2ff26ab722?api-key=579b464db66ec23bdd000001cdc3b564546246a772a26393094f5645&offset=0&limit=all,,,,,,,,,,,,,1748,1235,1,TRUE,1,603001422,1,,1
District Level Manufacturing MSME Registered Enterprises under UDYAM Registration till last date,,,2021-11-01,2025-06-27,2021-10-26,Dataset,37346,text/csv,,data.gov.in/resource/district-level-manufacturing-msme-registered-enterprises-under-udyam-registration-till,data.gov.in/resource/district-level-manufacturing-msme-registered-enterprises-under-udyam-registration-till,,,,Central,NDSAP,,Daily,Daily,Medium;Micro;Small Scale;Medium;Micro;Small Scale;Medium;Micro;Small Scale;Medium;Micro;Small Scale;Medium;Micro;Small Scale,,Industries;Medium;Micro;Small Scale,https://data.gov.in/files/ogdpv2dms/s3fs-public/ISL_Dictionary_words.csv,data.gov.in/resource/district-level-manufacturing-msme-registered-enterprises-under-udyam-registration-till,,UDYAM Registration (MSME Registration),,,,,,,,,,,,,,"Ministry of Micro, Small and Medium Enterprises",,"Ministry of Micro, Small and Medium Enterprises",,,4,https://www.data.gov.in/Godl,en,,,https://api.data.gov.in/resource/ae789703-638a-4942-b79e-17868103dec8?api-key=579b464db66ec23bdd000001cdc3b564546246a772a26393094f5645&offset=0&limit=all&format=csv,,,,,,,,,,,,,835,1181,11,TRUE,0,7159068,1,1,1
Indian Sign Language Dictionary till January 2024,,,2024-02-07,2025-02-18,2024-02-06,Dataset,2661,application/vnd.ms-excel,,data.gov.in/resource/indian-sign-language-dictionary-till-january-2024,data.gov.in/resource/indian-sign-language-dictionary-till-january-2024,,,,Central,NDSAP,,Annual,Annual,Disabled,,Disabled,https://data.gov.in/files/ogdpv2dms/s3fs-public/Percentage_of_households_DLHS4.csv,data.gov.in/resource/indian-sign-language-dictionary-till-january-2024,,Indian Sign Language Dictionary,,,,,,,,,,,,,,Department of Empowerment of Persons with Disabilities,,Ministry of Social Justice and Empowerment,Department of Empowerment of Persons with Disabilities,,1,https://www.data.gov.in/Godl,en,,,,,,,,,,,,,,,,680,1163,73,TRUE,0,,0,,0
"Percentage of households having electricity, Improved source of drinking water, Having access to improved toilet facility, Use clean fuel for cooking - DLHS IV",,,2014-12-29,2021-12-09,2014-12-24,Dataset,12256,text/csv,,data.gov.in/resource/percentage-households-having-electricity-improved-source-drinking-water-having-access,data.gov.in/resource/percentage-households-having-electricity-improved-source-drinking-water-having-access,,,,Central,NDSAP,,Irregular,Annual,Health and Family welfare;Family Welfare;Health,,Health and Family welfare;Family Welfare;Health,https://data.gov.in/files/ogd20/ogdpv2dms/s3fs-public/datafile/District_Rainfall_Normal_0.xls,data.gov.in/resource/percentage-households-having-electricity-improved-source-drinking-water-having-access,,District Level Household and Facility Survey (DLHS-4),,,,,,,,,,,,,,Department of Health and Family Welfare,,Ministry of Health and Family Welfare,Department of Health and Family Welfare,,1,https://www.data.gov.in/Godl,en,,,https://data.gov.in/sites/default/files/Percentage_of_households_DLHS4.csv,,,,,,,,,,,,,498,1144,,TRUE,1,,1,0,
"District Rainfall Normal (in mm) Monthly, Seasonal And Annual : Data Period 1951-2000",,,2013-05-31,2014-04-17,2013-05-31,Dataset,167936,application/vnd.ms-excel,,data.gov.in/resource/district-rainfall-normal-mm-monthly-seasonal-and-annual-data-period-1951-2000,data.gov.in/resource/district-rainfall-normal-mm-monthly-seasonal-and-annual-data-period-1951-2000,,,,Central,NDSAP,,One-time,Monthly,Science and Technology;Atmospheric Science,,Science and Technology;Atmospheric Science,https://data.gov.in/files/ogd20/ogdpv2dms/s3fs-public/dataurl06102016/cpcb_dly_aq_tamil_nadu-2014.csv,data.gov.in/resource/district-rainfall-normal-mm-monthly-seasonal-and-annual-data-period-1951-2000,,"District Rainfall Normal (in mm) Monthly, Seasonal And Annual : Data Period 1951-2000",,,,,,,,,,,,,,India Meteorological Department (IMD),,Ministry of Earth Sciences,India Meteorological Department (IMD),,1,https://www.data.gov.in/Godl,en,,,,,,,,,,,,,,,,6634,1141,,TRUE,1,,1,1,
Location wise daily Ambient Air Quality of Tamil Nadu for the year 2014,,,2016-10-17,2021-12-10,2016-10-06,Dataset,433708,text/csv,,data.gov.in/resource/location-wise-daily-ambient-air-quality-tamil-nadu-year-2014,data.gov.in/resource/location-wise-daily-ambient-air-quality-tamil-nadu-year-2014,,,,Central,NDSAP,,Annual,Daily,Environment and Forest;Industrial Air Pollution;Residential Air Pollution;Vehicular Air Pollution,,Environment and Forest;Industrial Air Pollution;Residential Air Pollution;Vehicular Air Pollution,https://data.gov.in/files/ogd20/ogdpv2dms/s3fs-public/datafile/Tamilnadu-Table-12_33_liv_stk_cns_2007_1.csv,data.gov.in/resource/location-wise-daily-ambient-air-quality-tamil-nadu-year-2014,,Historical Daily Ambient Air Quality Data,,,,,,,,,,,,,,Central Pollution Control Board,,"Ministry of Environment, Forest and Climate Change",Central Pollution Control Board,,1,https://www.data.gov.in/Godl,en,,,http://data.gov.in/sites/default/files/dataurl06102016/cpcb_dly_aq_tamil_nadu-2014.csv,,,,,,,,,,,,,198,1081,,TRUE,1,,1,0,
"District wise Number of Poultry Farms and Poultry Birds in Farms, 2007  - Tamil Nadu",,,2015-11-12,2015-11-12,2015-11-03,Dataset,4951,text/csv,,data.gov.in/resource/district-wise-number-poultry-farms-and-poultry-birds-farms-2007-tamil-nadu,data.gov.in/resource/district-wise-number-poultry-farms-and-poultry-birds-farms-2007-tamil-nadu,,,,Central,NDSAP,,quinquennial,Five Yearly,Agriculture;Animal Husbandry,,Agriculture;Animal Husbandry,https://data.gov.in/files/ogd20/ogdpv2dms/s3fs-public/LASI_India_State_UT_Factsheet-Final%20Checked%2023.08.22.xls,data.gov.in/resource/district-wise-number-poultry-farms-and-poultry-birds-farms-2007-tamil-nadu,,Details of Poultry Farms and Poultry Birds in Farms,,,,,,,,,,,,,,"Ministry of Fisheries, Animal Husbandry and Dairying",,Department of Animal Husbandry and Dairying,"Ministry of Fisheries, Animal Husbandry and Dairying",,1,https://www.data.gov.in/Godl,en,,,http://data.gov.in/sites/default/files/dataurl02112015/TamilNadu-Table12_33_liv_stk_cns_2007.csv,,,,,,,,,,,,,1158,1018,,TRUE,1,,1,1,
"Longitudinal Ageing Study in India (LASI), Wave  I, 2017-18",,,2022-08-26,2022-08-26,2022-05-10,Dataset,107520,application/vnd.ms-excel,,data.gov.in/resource/longitudinal-ageing-study-india-lasi-wave-i-2017-18,data.gov.in/resource/longitudinal-ageing-study-india-lasi-wave-i-2017-18,,,,Central,NDSAP,,Irregular,Others,Health,,Health and Family welfare;Health,https://data.gov.in/files/ogd20/ogdpv2dms/s3fs-public/datafile/Statewise_General_Index_july2019_20Aug2020_dec20_2_2.csv?VersionId=105166644746369,data.gov.in/resource/longitudinal-ageing-study-india-lasi-wave-i-2017-18,,Longitudinal Ageing Study in India (LASI),,,,,,,,,,,,,,International Institute for Population Sciences (IIPS),,Ministry of Health and Family Welfare,Department of Health and Family Welfare,International Institute for Population Sciences (IIPS),1,https://www.data.gov.in/Godl,en,,,,,,,,,,,,,,,,436,972,3,TRUE,0,,0,,0
State Level Consumer Price Index (Rural/Urban)  upto November 2021,,,2022-01-25,2022-01-27,2022-01-17,Dataset,81597,text/csv,,data.gov.in/resource/state-level-consumer-price-index-ruralurban-upto-november-2021,data.gov.in/resource/state-level-consumer-price-index-ruralurban-upto-november-2021,,,,Central,NDSAP,,Monthly,Monthly,,,Economy;Prices;Finance;Economy;Statistics,https://data.gov.in/files/ogd20/ogdpv2dms/s3fs-public/datafile/2.3.24_Tamil_Nadu_rtyb_2010_11_1.csv,data.gov.in/resource/state-level-consumer-price-index-ruralurban-upto-november-2021,,State Level Consumer Price Index (Rural/Urban),,,,,,,,,,,,,,Ministry of Statistics and Programme Implementation,,Ministry of Statistics and Programme Implementation,,,1,https://www.data.gov.in/Godl,en,,,,,,,,,,,,,,,,1941,937,1,TRUE,0,,1,1,0
Number of Newly Registered Motor Vehicles in 2009-10 and 2010-11 and Number of Registered Motor Vehicles as on 31st March 2010 and as on 31st March 2011 in Tamil Nadu,,,2014-05-08,2016-09-01,2014-04-28,Dataset,2541,text/csv,,data.gov.in/resource/number-newly-registered-motor-vehicles-2009-10-and-2010-11-and-number-registered-motor-22,data.gov.in/resource/number-newly-registered-motor-vehicles-2009-10-and-2010-11-and-number-registered-motor-22,,,,Central,NDSAP,,Annual,Annual,Transport;Road Transport,,Transport;Road Transport,https://data.gov.in/files/ogdpv2dms/s3fs-public/District_PGI_Table_1.csv,data.gov.in/resource/number-newly-registered-motor-vehicles-2009-10-and-2010-11-and-number-registered-motor-22,,Number of Newly Registered Motor Vehicles and Number of Registered Motor Vehicles in Tamil Nadu,,,,,,,,,,,,,,Ministry of Road Transport and Highways,,Ministry of Road Transport and Highways,,,1,https://www.data.gov.in/Godl,en,,,,,,,,,,,,,,,,344,920,,TRUE,1,,1,1,
State/UT-wise District Score during 2021-22,,,2023-09-14,2023-09-14,2023-09-10,Dataset,43549,text/csv,,data.gov.in/resource/stateut-wise-district-score-during-2021-22,data.gov.in/resource/stateut-wise-district-score-during-2021-22,,,,Central,NDSAP,,nan,nan,Army,,Education,https://data.gov.in/files/ogd20/ogdpv2dms/s3fs-public/TEMP_ANNUAL_MIN_MAX_1901-2021.csv,data.gov.in/resource/stateut-wise-district-score-during-2021-22,,Performance Grading Index (PGI),,,,,,,,,,,,,,Department of School Education and Literacy,,Ministry of Education,Department of School Education and Literacy,,1,https://www.data.gov.in/Godl,en,,,,,,,,,,,,,,,,442,915,1,TRUE,0,0,0,,0
Seasonal and Annual Minimum / Maximum Temperature series for the period 1901-2021,,,2023-01-16,2023-01-16,2022-08-01,Dataset,8040,text/csv,,data.gov.in/resource/seasonal-and-annual-minimum-maximum-temperature-series-period-1901-2021,data.gov.in/resource/seasonal-and-annual-minimum-maximum-temperature-series-period-1901-2021,,,,Central,NDSAP,,Annual,Annual,Earth Sciences,,Science and Technology;Earth Sciences,,data.gov.in/resource/seasonal-and-annual-minimum-maximum-temperature-series-period-1901-2021,,All India Seasonal and Annual Temperature Series,,,,,,,,,,,,,,"India Meteorological Department (IMD), Pune",,Ministry of Earth Sciences,India Meteorological Department (IMD),"India Meteorological Department (IMD), Pune",1,https://www.data.gov.in/Godl,en,,,,,,,,,,,,,,,,598,913,,TRUE,0,,0,,0
Shape of Watershed Boundaries of India,,,2022-09-28,2022-09-28,2022-09-16,Dataset,,application/zip,,data.gov.in/resource/shape-watershed-boundaries-india,data.gov.in/resource/shape-watershed-boundaries-india,,,,Central,NDSAP,,One-time,One-time,Ground Water;Surface Water,,Surface Water;Ground Water,https://data.gov.in/files/ogd20/ogdpv2dms/s3fs-public/datafile/rtyb_2011_12tab2.2.33_Delhi.csv,data.gov.in/resource/shape-watershed-boundaries-india,,Hydrological Boundaries,,,,,,,,,,,,,,National Water Informatics Centre,,"Department of Water Resources, River Development & Ganga Rejuvenation",Ministry of Jal Shakti,National Water Informatics Centre,2,https://www.data.gov.in/Godl,en,,,https://data.gov.in/files/ogdpv2dms/s3fs-public/dataurl15092022/Watershed.zip,,,,,,,,,,,,,896,912,,TRUE,0,,0,,0
"Number of Newly Registered Motor Vehicles in 2011-12 and Number of Registered Motor Vehicles as on 31st March, 2012 in Delhi",,,2014-05-07,2014-05-07,2014-02-13,Dataset,2022,text/csv,,data.gov.in/resource/number-newly-registered-motor-vehicles-2011-12-and-number-registered-motor-vehicles-31st-7,data.gov.in/resource/number-newly-registered-motor-vehicles-2011-12-and-number-registered-motor-vehicles-31st-7,,,,Central,NDSAP,,Annual,Annual,Transport;Road Transport,,Transport;Road Transport,https://data.gov.in/files/ogd20/ogdpv2dms/s3fs-public/datafile/Registered_Motor_Vehicles_in_India_1951-2013.csv,data.gov.in/resource/number-newly-registered-motor-vehicles-2011-12-and-number-registered-motor-vehicles-31st-7,,Number of Newly Registered Motor Vehicles and Number of Registered Motor Vehicles in Delhi,,,,,,,,,,,,,,Ministry of Road Transport and Highways,,Ministry of Road Transport and Highways,,,1,https://www.data.gov.in/Godl,en,,,,,,,,,,,,,,,,172,901,,TRUE,1,,1,1,
Total Number of Registered Motor Vehicles in India during 1951-2013,,,2016-06-03,2021-12-10,2016-05-18,Dataset,2042,text/csv,,data.gov.in/resource/total-number-registered-motor-vehicles-india-during-1951-2013,data.gov.in/resource/total-number-registered-motor-vehicles-india-during-1951-2013,,,,Central,NDSAP,,Annual,Annual,Transport;Road Transport,,Transport;Road Transport,https://data.gov.in/files/ogdpv2dms/s3fs-public/datafile/Cyclone_Details_IMD_2017.csv,data.gov.in/resource/total-number-registered-motor-vehicles-india-during-1951-2013,,Total Number of Registered Motor Vehicles in India,,,,,,,,,,,,,,Ministry of Road Transport and Highways,,Ministry of Road Transport and Highways,,,1,https://www.data.gov.in/Godl,en,,,,,,,,,,,,,,,,6151,891,,TRUE,1,,1,1,
Year-wise Annual frequency of cyclones (34 knots or more) and severe cyclones (48 knots or more) crossing different coastal states of India from 1891 to 2017,,,2018-12-18,2025-02-17,2018-12-04,Dataset,5631,text/csv,,data.gov.in/resource/year-wise-annual-frequency-cyclones-34-knots-or-more-and-severe-cyclones-48-knots-or-more,data.gov.in/resource/year-wise-annual-frequency-cyclones-34-knots-or-more-and-severe-cyclones-48-knots-or-more,,,,Central,NDSAP,,Annual,Others,Earth Sciences;Earth Sciences;Earth Sciences,,Science and Technology;Atmospheric Science;Earth Sciences,https://data.gov.in/files/ogd20/ogdpv2dms/s3fs-public/datafile/application_details_granted_2019.csv,data.gov.in/resource/year-wise-annual-frequency-cyclones-34-knots-or-more-and-severe-cyclones-48-knots-or-more,,Yearly and Seasonal Frequency of Cyclones and Depressions,,,,,,,,,,,,,,"India Meteorological Department (IMD), Pune",,Ministry of Earth Sciences,India Meteorological Department (IMD),"India Meteorological Department (IMD), Pune",1,https://www.data.gov.in/Godl,en,,,,,,,,,,,,,,,,1300,881,,TRUE,1,,1,1,0
Weekly Patent Application Granted,,,2023-03-03,2025-06-27,2022-12-29,Dataset,3623778,text/csv,,data.gov.in/resource/weekly-patent-application-granted,data.gov.in/resource/weekly-patent-application-granted,,,,Central,NDSAP,,Weekly,Weekly,,,Industries,https://data.gov.in/files/ogd20/ogdpv2dms/s3fs-public/TEMP_ANNUAL_MEAN_1901-2021.csv,data.gov.in/resource/weekly-patent-application-granted,,Patent Application,,,,,,,,,,,,,,Department for Promotion of industry and Internal Trade,,Ministry of Commerce and Industry,Department for Promotion of industry and Internal Trade,,5,https://www.data.gov.in/Godl,en,,,https://api.data.gov.in/resource/7a444d4c-319a-41e5-a6cc-6b1ff681c7c6?api-key=579b464db66ec23bdd000001cdc3b564546246a772a26393094f5645&offset=0&limit=all&format=csv,,,,,,,,,,,,,458,868,4,TRUE,0,7412118,1,,1
"Monthly, Seasonal and Annual Mean Temperature Series for the period 1901-2021",,,2023-01-16,2023-01-16,2022-08-01,Dataset,13423,text/csv,,data.gov.in/resource/monthly-seasonal-and-annual-mean-temperature-series-period-1901-2021,data.gov.in/resource/monthly-seasonal-and-annual-mean-temperature-series-period-1901-2021,,,,Central,NDSAP,,Annual,Annual,Earth Sciences,,Science and Technology;Earth Sciences,https://data.gov.in/files/ogdpv2dms/s3fs-public/dataurl30082017/EightCoreData_yearly.csv,data.gov.in/resource/monthly-seasonal-and-annual-mean-temperature-series-period-1901-2021,,All India Seasonal and Annual Temperature Series,,,,,,,,,,,,,,"India Meteorological Department (IMD), Pune",,Ministry of Earth Sciences,India Meteorological Department (IMD),"India Meteorological Department (IMD), Pune",1,https://www.data.gov.in/Godl,en,,,,,,,,,,,,,,,,651,866,1,TRUE,0,,0,,0
Eight Core Industries (Base Year 2011-12) till last financial year,,,2017-09-21,2025-06-27,2017-09-14,Dataset,3167,text/csv,,data.gov.in/resource/eight-core-industries-base-year-2011-12-till-last-financial-year,data.gov.in/resource/eight-core-industries-base-year-2011-12-till-last-financial-year,,,,Central,NDSAP,,Annual,Annual,Industries;Manufacturing,,Industries;Manufacturing,https://data.gov.in/files/ogd20/ogdpv2dms/s3fs-public/datafile/Listofstartups.csv?VersionId=105172390599553,data.gov.in/resource/eight-core-industries-base-year-2011-12-till-last-financial-year,,Eight Core Industries,,,,,,,,,,,,,,Office of the Economic Adviser,,Ministry of Commerce and Industry,Department for Promotion of industry and Internal Trade,Office of the Economic Adviser,4,https://www.data.gov.in/Godl,en,,,https://api.data.gov.in/resource/7b054340-590c-4135-8797-71a160d0d240?api-key=579b464db66ec23bdd000001cdc3b564546246a772a26393094f5645&offset=0&limit=all&format=csv,,,,,,,,,,,,,814,866,,TRUE,1,4260981,1,1,1
List of all Startups from Meity Startup Hub,,,2021-11-23,2022-01-27,2021-11-09,Dataset,95723,text/csv,,data.gov.in/resource/list-all-startups-meity-startup-hub,data.gov.in/resource/list-all-startups-meity-startup-hub,,,,Central,NDSAP,,Semiannual,Annual,Information and Broadcasting;Information and Technology;Information and Broadcasting;Information and Technology;Information and Broadcasting;Information and Technology;Information and Broadcasting;Information and Technology;Information and Broadcasting;Information and Technology;Information and Broadcasting;Information and Technology;Information and Broadcasting;Information and Technology;Information and Broadcasting;Information and Technology,,Information and Communications;Information and Technology,,data.gov.in/resource/list-all-startups-meity-startup-hub,,Startup Hub,,,,,,,,,,,,,,Ministry of Electronics and Information Technology (MeitY),,Ministry of Electronics and Information Technology (MeitY),,,1,https://www.data.gov.in/Godl,en,,,,,,,,,,,,,,,,509,861,4,TRUE,0,,1,1,0
List of MSME Registered Units under Udyog Aadhaar Memorandum - Maharashtra,,,2019-11-21,2020-01-02,2019-11-19,Dataset,11698,application/json,,data.gov.in/resource/list-msme-registered-units-under-udyog-aadhaar-memorandum-maharashtra,data.gov.in/resource/list-msme-registered-units-under-udyog-aadhaar-memorandum-maharashtra,,,,Central,NDSAP,,Daily,Daily,Medium;Micro;Small Scale,,Medium;Micro;Small Scale,https://data.gov.in/files/ogd20/ogdpv2dms/s3fs-public/Imports_of_Major_Chemicals_Product_Wise_or_Group_Wise_2014-15_to_2021-22.csv,data.gov.in/resource/list-msme-registered-units-under-udyog-aadhaar-memorandum-maharashtra,,List of MSME Registered Units  under Udyog Aadhaar Memorandum till last date,,,,,,,,,,,,,,"Ministry of Micro, Small and Medium Enterprises",,"Ministry of Micro, Small and Medium Enterprises",,,2,https://www.data.gov.in/Godl,en,,,https://api.data.gov.in/catalog/2c895ab9-8042-4653-bfeb-7dc71281fd57?api-key=579b464db66ec23bdd000001cdd3946e44ce4aad7209ff7b23ac571b&format=json&offset=0&limit=10&filters[State]=MAHARASHTRA,,,,,,,,,,,,,1790,843,52,FALSE,1,6714764,0,0,1
Imports of Major Chemical - Product-wise / Group-wise from 2014-15 to 2021-22,,,2023-01-24,2023-01-24,2023-01-24,Dataset,7692,text/csv,,data.gov.in/resource/imports-major-chemical-product-wise-group-wise-2014-15-2021-22,data.gov.in/resource/imports-major-chemical-product-wise-group-wise-2014-15-2021-22,,,,Central,NDSAP,,Annual,Annual,,,Industries;Chemicals and Petrochemicals,https://data.gov.in/files/ogd20/ogdpv2dms/s3fs-public/datafile/sub-division_rainfall_act_dep_1901-2015.csv,data.gov.in/resource/imports-major-chemical-product-wise-group-wise-2014-15-2021-22,,Import of Major Chemicals - Product-wise / Group-wise,,,,,,,,,,,,,,Department of Chemicals and Petrochemicals,,Ministry of Chemicals and Fertilizers,Department of Chemicals and Petrochemicals,,1,https://www.data.gov.in/Godl,en,,,,,,,,,,,,,,,,437,841,,TRUE,0,,1,,0
Subdivision wise Rainfall and its departure from 1901 to 2015,,,2017-12-18,2021-12-10,2017-11-13,Dataset,1388437,text/csv,,data.gov.in/resource/subdivision-wise-rainfall-and-its-departure-1901-2015,data.gov.in/resource/subdivision-wise-rainfall-and-its-departure-1901-2015,,,,Central,NDSAP,,Annual,Annual,Science and Technology;Atmospheric Science;Earth Sciences,,Science and Technology;Atmospheric Science;Earth Sciences,https://data.gov.in/files/ogd20/ogdpv2dms/s3fs-public/datafile/Daily_Rainfall_data_from_India_Meteorological_Department_Agency_during_July_2023.csv,data.gov.in/resource/subdivision-wise-rainfall-and-its-departure-1901-2015,,Rainfall in India,,,,,,,,,,,,,,"India Meteorological Department (IMD), Pune",,Ministry of Earth Sciences,India Meteorological Department (IMD),"India Meteorological Department (IMD), Pune",1,https://www.data.gov.in/Godl,en,,,,,,,,,,,,,,,,6133,836,,TRUE,1,,1,1,0
Daily Rainfall data from India Meteorological Department (IMD GRID MODEL) Agency during July 2023,,,2023-07-25,2023-12-06,2023-07-25,Dataset,1358234,text/csv,,data.gov.in/resource/daily-rainfall-data-india-meteorological-department-imd-grid-model-agency-during-july-2023,data.gov.in/resource/daily-rainfall-data-india-meteorological-department-imd-grid-model-agency-during-july-2023,,,,Central,NDSAP,,Daily,Daily,,,Water Resources,https://data.gov.in/files/ogd20/ogdpv2dms/s3fs-public/Elephantpopulation1993to2017.csv,data.gov.in/resource/daily-rainfall-data-india-meteorological-department-imd-grid-model-agency-during-july-2023,,Rainfall,,,,,,,,,,,,,,National Water Informatics Centre,,"Department of Water Resources, River Development & Ganga Rejuvenation",Ministry of Jal Shakti,National Water Informatics Centre,1,https://www.data.gov.in/Godl,en,,,,,,,,,,,,,,,,2178,826,2,TRUE,0,7210754,1,,1
Elephant Population from 1993 to 2017,,,2023-06-15,2023-06-15,2023-06-13,Dataset,1794,text/csv,,data.gov.in/resource/elephant-population-1993-2017,data.gov.in/resource/elephant-population-1993-2017,,,,Central,NDSAP,,quinquennial,nan,,,Environment and Forest,,data.gov.in/resource/elephant-population-1993-2017,,Elephant Reserve and Population Status,,,,,,,,,,,,,,"Ministry of Environment, Forest and Climate Change",,"Ministry of Environment, Forest and Climate Change",,,1,https://www.data.gov.in/Godl,en,,,,,,,,,,,,,,,,721,811,2,TRUE,0,,0,,0
Web Map Service from  362 OSM Topo Sheets  of  Survey of India and Panchromatic imagery of Bhuvan  in Andhra Pradesh,,,2014-03-13,2021-12-10,2014-03-13,Dataset,0,WMS,,data.gov.in/resource/web-map-service-362-osm-topo-sheets-survey-india-and-panchromatic-imagery-bhuvan-andhra,data.gov.in/resource/web-map-service-362-osm-topo-sheets-survey-india-and-panchromatic-imagery-bhuvan-andhra,,,,Central,NDSAP,,Daily,Daily,All;Agriculture;Water and Sanitation;Information and Communications;Defence;Environment and Forest;Water Resources;Governance and Administration;Infrastructure;Social Development;Transport;Travel and Tourism,,All;Agriculture;Water and Sanitation;Information and Communications;Defence;Environment and Forest;Water Resources;Governance and Administration;Infrastructure;Social Development;Transport;Travel and Tourism,https://data.gov.in/files/ogd20/ogdpv2dms/s3fs-public/India-Tourism-Statistics-2021-Table-2.1.1.csv,data.gov.in/resource/web-map-service-362-osm-topo-sheets-survey-india-and-panchromatic-imagery-bhuvan-andhra,,Web Map Service (WMS) from Survey of India OSM Data and Bhuvan for Andhra Pradesh,,,,,,,,,,,,,,"NSDI India GEO Portal, National Spatial Data Infrastructure (NSDI)",,Ministry of Science and Technology,Department of Science and Technology (DST),"NSDI India GEO Portal, National Spatial Data Infrastructure (NSDI)",2,https://www.data.gov.in/Godl,en,,,https://nsdiindia.gov.in/nsdi-portal/AccessControl?data=Bhuvan-Andhra,,,,,,,,,,,,,2178,808,30,FALSE,1,6622464,0,0,
"Inbound Tourism Foreign Tourist Arrivals, Arrivals of Non-Resident Indians and International Tourist Arrivals 1981-2020",,,2022-07-26,2022-07-26,2022-05-10,Dataset,996,text/csv,,data.gov.in/resource/inbound-tourism-foreign-tourist-arrivals-arrivals-non-resident-indians-and-international,data.gov.in/resource/inbound-tourism-foreign-tourist-arrivals-arrivals-non-resident-indians-and-international,,,,Central,NDSAP,,Annual,Annual,,,Travel and Tourism,https://data.gov.in/files/ogd20/ogdpv2dms/s3fs-public/Statewise_General_Index_Upto_April23.csv,data.gov.in/resource/inbound-tourism-foreign-tourist-arrivals-arrivals-non-resident-indians-and-international,,India Tourism Statistics,,,,,,,,,,,,,,Ministry of Tourism,,Ministry of Tourism,,,1,https://www.data.gov.in/Godl,en,,,,,,,,,,,,,,,,649,807,,TRUE,0,,1,1,0
State Level Consumer Price Index (Rural/Urban) upto May 2023,,,2023-09-18,2023-09-18,2023-07-17,Dataset,93919,application/vnd.ms-excel,,data.gov.in/resource/state-level-consumer-price-index-ruralurban-upto-may-2023,data.gov.in/resource/state-level-consumer-price-index-ruralurban-upto-may-2023,,,,Central,NDSAP,,Monthly,Monthly,,,Economy;Prices;Finance;Economy;Statistics,,data.gov.in/resource/state-level-consumer-price-index-ruralurban-upto-may-2023,,State Level Consumer Price Index (Rural/Urban),,,,,,,,,,,,,,Ministry of Statistics and Programme Implementation,,Ministry of Statistics and Programme Implementation,,,1,https://www.data.gov.in/Godl,en,,,,,,,,,,,,,,,,860,799,2,TRUE,0,,1,,0
Delivery Post Office Geoographic Boundary (All India),"This dataset contains geographical boundary of each post office in GeoJSON data format. Along with it the resource contains Pincode, Office Name, GPO, Division Region and Circle information for each of the geojson  file.","Geospatial information, Public administration, Postal services",2025-05-09,2025-05-09,2025-05-09,Dataset,88000000 (88MB),text/csv,https://www.indiapost.gov.in/vas/pages/findpincode.aspx,8ded94de-3b80-4840-a5bb-7faad1c9c234,https://www.data.gov.in/resource/delivery-post-office-pincode-boundary,https://data.gov.in/files/ogdpv2dms/s3fs-public/dataurl02052025/All_India_pincode_Boundary-19312.geojson,India,2025-05-09 / 2025-11-09,Central,National Data Sharing and Accessibility Policy (NDSAP) (2012),Registered,"""P6M ^^xsd:duration"" or an URI pointing  to ""http://example.com/duration/6MONTH""",NA,"""pincode boundary"", ""all india pincodes"","" geospatial data"", ""geojson"", ""postal boundary"", ""post office network""","""pincode boundary"", ""all india pincodes"","" geospatial data"", ""geojson"", ""postal boundary"", ""post office network""",Information and Communication,https://data.gov.in/files/ogdpv2dms/s3fs-public/dataurl02052025/All_India_pincode_Boundary-19312.geojson,https://www.data.gov.in/resource/delivery-post-office-pincode-boundary,https://india-ai-cdn.s3.ap-south-1.amazonaws.com/dataset/1741760347988_KisanCallCenterQueryDataset.jpg,All India Pincode Boundary Geo JSON,,Dr. P. M. Saravanan,General Manager,Chief Data Officer,CEPT,gmcept [at] indiapost [dot] gov [dot] in,Centre for Excellence in Postal Technology,Bengaluru,560001,NA,"© 2012-2015 GOVERNMENT OF INDIA
All rights reserved except published datasets/resources and metadata. ",Geospatial,2,Department of Posts,No state department mentioned,Ministry of Communications,Department of Posts,Department of Posts,The GeoJSON is in CRS84 format.,https://www.data.gov.in/Godl,en,"This dataset contains geographical boundary of each post office in GeoJSON data format. Along with it the resource contains Pincode, Office Name, GPO, Division Region and Circle information for each of the geojson  file.",Post office GeoJSON Files,Data Service Unavailable,Data Service Unavailable,Data Service Unavailable,https://www.data.gov.in/resource/all-india-pincode-directory-till-last-month,NA,NA,NA,NA,NA,NA,NA,Intentionally Kept Blank,Intentionally Kept Blank,798,767,,,,,0,,NA
District-wise Tele-Law Case Registration and Advice Enabled Data from FY 2021-22 to 2022-23,,,2023-02-24,2023-02-24,2023-02-24,Dataset,59081,application/vnd.ms-excel,,data.gov.in/resource/district-wise-tele-law-case-registration-and-advice-enabled-data-fy-2021-22-2022-23,data.gov.in/resource/district-wise-tele-law-case-registration-and-advice-enabled-data-fy-2021-22-2022-23,,,,Central,NDSAP,,Annual,Annual,,,Judiciary,https://data.gov.in/files/ogd20/ogdpv2dms/s3fs-public/RS_Session_260_AU_25_B.csv,data.gov.in/resource/district-wise-tele-law-case-registration-and-advice-enabled-data-fy-2021-22-2022-23,,Tele-Law Program under Designing Innovative Solution for Holistic Access to Justice (DISHA),,,,,,,,,,,,,,Department of Justice,,Ministry of Law and Justice,Department of Justice,,1,https://www.data.gov.in/Godl,en,,,,,,,,,,,,,,,,894,776,7,TRUE,0,,0,,0
State/UT-wise Details of the Rainfall Observed During the Monsoon Season from 2020 to 2022,,,2024-01-23,2024-01-23,2024-01-18,Dataset,2174,text/csv,,data.gov.in/resource/stateut-wise-details-rainfall-observed-during-monsoon-season-2020-2022,data.gov.in/resource/stateut-wise-details-rainfall-observed-during-monsoon-season-2020-2022,,,,Central,NDSAP,,Quarterly,Quarterly,Science and Technology,,All,https://data.gov.in/files/ogdpv2dms/s3fs-public/dataurl30082017/EightCoreData.csv,data.gov.in/resource/stateut-wise-details-rainfall-observed-during-monsoon-season-2020-2022,,Answers Data of Rajya Sabha Questions for Session 260,,,,,,,,,,,,,,Rajya Sabha,,Rajya Sabha,,,1,https://www.data.gov.in/Godl,en,,,,,,,,,,,,,,,,863,774,9,TRUE,0,0,0,,0
Eight Core Industries (Base Year 2011-12) till last month,,,2017-09-21,2025-06-27,2017-09-14,Dataset,20087,text/csv,,data.gov.in/resource/eight-core-industries-base-year-2011-12-till-last-month,data.gov.in/resource/eight-core-industries-base-year-2011-12-till-last-month,,,,Central,NDSAP,,Monthly,Monthly,Industries;Manufacturing,,Industries;Manufacturing,https://data.gov.in/files/ogd20/ogdpv2dms/s3fs-public/RS_Session_254_AU_1917.csv,data.gov.in/resource/eight-core-industries-base-year-2011-12-till-last-month,,Eight Core Industries,,,,,,,,,,,,,,Office of the Economic Adviser,,Ministry of Commerce and Industry,Department for Promotion of industry and Internal Trade,Office of the Economic Adviser,4,https://www.data.gov.in/Godl,en,,,https://api.data.gov.in/resource/cc473f03-4db1-4c34-949e-481bdb3da490?api-key=579b464db66ec23bdd000001cdc3b564546246a772a26393094f5645&offset=0&limit=all&format=csv,,,,,,,,,,,,,753,770,2,TRUE,1,3630481,1,1,1
State/UT-wise Number of UDID Card Generated as on 28.07.2021,,,2022-03-30,2022-03-30,2022-03-25,Dataset,840,text/csv,,data.gov.in/resource/stateut-wise-number-udid-card-generated-28072021,data.gov.in/resource/stateut-wise-number-udid-card-generated-28072021,,,,Central,NDSAP,,Quarterly,Others,Social Development,,All,https://data.gov.in/files/ogdpv2dms/s3fs-public/youth-hostel.csv,data.gov.in/resource/stateut-wise-number-udid-card-generated-28072021,,Answers Data of Rajya Sabha Questions for Session 254,,,,,,,,,,,,,,Rajya Sabha,,Rajya Sabha,,,1,https://www.data.gov.in/Godl,en,,,,,,,,,,,,,,,,474,766,,TRUE,0,0,1,1,0
State-wise Details of Youth Hostels - 2023,,,2023-06-28,2025-02-14,2023-05-30,Dataset,8425,text/csv,,data.gov.in/resource/state-wise-details-youth-hostels-2023,data.gov.in/resource/state-wise-details-youth-hostels-2023,,,,Central,NDSAP,,Annual,Annual,Youth and Sports,,Youth and Sports,https://data.gov.in/files/ogd20/ogdpv2dms/s3fs-public/importexport202223_0.csv,data.gov.in/resource/state-wise-details-youth-hostels-2023,,Youth Hostel Scheme,,,,,,,,,,,,,,Department of Youth Affairs,,Ministry of Youth Affairs and Sports,Department of Youth Affairs,,1,https://www.data.gov.in/Godl,en,,,,,,,,,,,,,,,,851,760,3,TRUE,0,,0,,0
Import & Export of Petroleum Products - Volumes for Year - 2022-23,,,2023-04-27,2023-04-27,2023-04-27,Dataset,1996,text/csv,,data.gov.in/resource/import-export-petroleum-products-volumes-year-2022-23,data.gov.in/resource/import-export-petroleum-products-volumes-year-2022-23,,,,Central,NDSAP,,Monthly,Monthly,,,Non Renewable,https://data.gov.in/files/ogd20/ogdpv2dms/s3fs-public/GDP_QE_Constant_2011-12_Prices.csv,data.gov.in/resource/import-export-petroleum-products-volumes-year-2022-23,,Import & Export of Petroleum Products,,,,,,,,,,,,,,Petroleum Planning & Analysis Cell (PPAC),,Ministry of Petroleum and Natural Gas,Petroleum Planning & Analysis Cell (PPAC),,1,https://www.data.gov.in/Godl,en,,,,,,,,,,,,,,,,783,755,,TRUE,0,,1,1,0
Quarterly Estimates of GDP at Constant (2011-12) Prices from 2011-12 to 2022-23,"This dataset provides quarterly estimates of India’s Gross Domestic Product (GDP) and Gross Value Added (GVA) at current prices, based on the 2011-12 base year series, covering the period from 2011-12 (Q1) to 2022-23 (Q1). Quarter-on-quarter and year-on-year growth rates and GDP ratios are also provided for India’s economic structure and trends over time.","Commerce, Industries, Economy, Statistics",2022-04-05,2022-06-09,2022-04-04,Dataset,20034,text/csv,,data.gov.in/resource/quarterly-estimates-gdp-constant-2011-12-prices-2011-12-2022-23,data.gov.in/resource/quarterly-estimates-gdp-constant-2011-12-prices-2011-12-2022-23,,,,Central,NDSAP,,Quarterly,Quarterly,Macro Economy,,Finance;Economy;Statistics,https://data.gov.in/files/ogdpv2dms/s3fs-public/NCRB_Table_1A.1.csv,data.gov.in/resource/quarterly-estimates-gdp-constant-2011-12-prices-2011-12-2022-23,,Quarterly Estimates of GDP at Constant Prices,,,,,,,,,,,,,,Ministry of Statistics and Programme Implementation,,Ministry of Statistics and Programme Implementation,,,1,https://www.data.gov.in/Godl,en,,,,,,,,,,,,,,,,783,747,,TRUE,0,,1,,0
State/UT-wise Number of Indian Penal Code (IPC) Crimes from 2020 to 2022,,,2024-04-12,2025-06-02,2024-04-10,Dataset,2077,text/csv,,data.gov.in/resource/stateut-wise-number-indian-penal-code-ipc-crimes-2020-2022,data.gov.in/resource/stateut-wise-number-indian-penal-code-ipc-crimes-2020-2022,,,,Central,NDSAP,,Annual,Annual,Army,,Police,,data.gov.in/resource/stateut-wise-number-indian-penal-code-ipc-crimes-2020-2022,,Crime in India - 2022,,,,,,,,,,,,,,National Crime Records Bureau (NCRB),,Ministry of Home Affairs,Department of States,National Crime Records Bureau (NCRB),1,https://www.data.gov.in/Godl,en,,,,,,,,,,,,,,,,325,732,,TRUE,0,0,1,,0
List of MSME Registered Units under Udyog Aadhaar Memorandum - Andhra Pradesh,,,2019-11-21,2020-01-02,2019-11-19,Dataset,11686,application/json,,data.gov.in/resource/list-msme-registered-units-under-udyog-aadhaar-memorandum-andhra-pradesh,data.gov.in/resource/list-msme-registered-units-under-udyog-aadhaar-memorandum-andhra-pradesh,,,,Central,NDSAP,,Daily,Daily,Medium;Micro;Small Scale,,Medium;Micro;Small Scale,https://data.gov.in/files/ogd20/ogdpv2dms/s3fs-public/RF_NE_1901-2021.csv,data.gov.in/resource/list-msme-registered-units-under-udyog-aadhaar-memorandum-andhra-pradesh,,List of MSME Registered Units  under Udyog Aadhaar Memorandum till last date,,,,,,,,,,,,,,"Ministry of Micro, Small and Medium Enterprises",,"Ministry of Micro, Small and Medium Enterprises",,,2,https://www.data.gov.in/Godl,en,,,https://api.data.gov.in/catalog/2c895ab9-8042-4653-bfeb-7dc71281fd57?api-key=579b464db66ec23bdd000001cdd3946e44ce4aad7209ff7b23ac571b&format=json&offset=0&limit=10&filters[State]=ANDHRA%20PRADESH,,,,,,,,,,,,,1407,727,19,FALSE,1,6714764,0,0,1
Rainfall in NE India and its departure from normal for Monsoon session from 1901-2021,,,2023-01-16,2023-01-16,2022-08-01,Dataset,4363,text/csv,,data.gov.in/resource/rainfall-ne-india-and-its-departure-normal-monsoon-session-1901-2021,data.gov.in/resource/rainfall-ne-india-and-its-departure-normal-monsoon-session-1901-2021,,,,Central,NDSAP,,Annual,Annual,Earth Sciences,,Science and Technology;Earth Sciences,,data.gov.in/resource/rainfall-ne-india-and-its-departure-normal-monsoon-session-1901-2021,,Departure of Rainfall data,,,,,,,,,,,,,,"India Meteorological Department (IMD), Pune",,Ministry of Earth Sciences,India Meteorological Department (IMD),"India Meteorological Department (IMD), Pune",1,https://www.data.gov.in/Godl,en,,,,,,,,,,,,,,,,508,710,3,TRUE,0,,0,,0
Digital Seismotectonic Atlas of India and its Environs,,,2022-05-12,2022-05-12,2022-05-09,Dataset,,WMS,,data.gov.in/resource/digital-seismotectonic-atlas-india-and-its-environs-0,data.gov.in/resource/digital-seismotectonic-atlas-india-and-its-environs-0,,,,Central,NDSAP,,One-time,One-time,Earth Sciences,,Governance and Administration;Union/State Government Administration;Union/State Government Administration;Mining;Mining;Coastal & Island;Earth Sciences;Marine Science;Polar Science;Research & Development,https://data.gov.in/files/ogd20/ogdpv2dms/s3fs-public/Atal_Jal_Disclosed_Ground_Water_Level-2015-2022.csv,data.gov.in/resource/digital-seismotectonic-atlas-india-and-its-environs-0,,BHUKOSH,,,,,,,,,,,,,,Geological Survey of India,,Ministry of Mines,Geological Survey of India,,2,https://www.data.gov.in/Godl,en,,,https://bhukosh.gsi.gov.in/arcgis/services/Seismotectonic/Seismotectonic/MapServer/WMSServer?request=GetCapabilities&service=WMS,,,,,,,,,,,,,902,702,5,TRUE,0,7073635,0,,1
Disclosed Ground Water Level Data under Atal Bhujal Yojana from 2015 to 2022,,,2023-05-31,2023-05-31,2023-05-30,Dataset,1162976,text/csv,,data.gov.in/resource/disclosed-ground-water-level-data-under-atal-bhujal-yojana-2015-2022,data.gov.in/resource/disclosed-ground-water-level-data-under-atal-bhujal-yojana-2015-2022,,,,Central,NDSAP,,Semiannual,Biannual,,,Ground Water,,data.gov.in/resource/disclosed-ground-water-level-data-under-atal-bhujal-yojana-2015-2022,,Ground Water Level Data under Atal Bhujal Yojana,,,,,,,,,,,,,,Ministry of Jal Shakti,,"Department of Water Resources, River Development & Ganga Rejuvenation",Ministry of Jal Shakti,,1,https://www.data.gov.in/Godl,en,,,,,,,,,,,,,,,,153,680,5,TRUE,0,,0,,0
Digital Seismotectonic Atlas of India and its Environs,,,2013-08-08,2021-08-12,2013-08-08,Dataset,163,WMS,,data.gov.in/resource/digital-seismotectonic-atlas-india-and-its-environs,data.gov.in/resource/digital-seismotectonic-atlas-india-and-its-environs,,,,Central,NDSAP,,One-time,One-time,Mining;Others,,Mining;Others,https://data.gov.in/files/ogd20/ogdpv2dms/s3fs-public/datafile/2.3.27_Uttarpradesh_rtyb_2010_11_1.csv,data.gov.in/resource/digital-seismotectonic-atlas-india-and-its-environs,,Digital Seismotectonic Atlas of India and its Environs,,,,,,,,,,,,,,Geological Survey of India,,Ministry of Mines,Geological Survey of India,,2,https://www.data.gov.in/Godl,en,,,https://bhukosh.gsi.gov.in/arcgis/services/Seismotectonic/Seismotectonic/MapServer/WMSServer?request=GetCapabilities&service=WMS,,,,,,,,,,,,,1553,676,59,FALSE,1,,0,0,0
Number of Newly Registered Motor Vehicles in 2009-10 and 2010-11 and Number of Registered Motor Vehicles as on 31st March 2010 and as on 31st March 2011 in Uttar Pradesh,,,2014-05-08,2016-09-01,2014-04-28,Dataset,2516,text/csv,,data.gov.in/resource/number-newly-registered-motor-vehicles-2009-10-and-2010-11-and-number-registered-motor-25,data.gov.in/resource/number-newly-registered-motor-vehicles-2009-10-and-2010-11-and-number-registered-motor-25,,,,Central,NDSAP,,Annual,Annual,Transport;Road Transport,,Transport;Road Transport,https://data.gov.in/files/ogdpv2dms/s3fs-public/GDP_QE_Current_Prices_2011-12_Series.csv,data.gov.in/resource/number-newly-registered-motor-vehicles-2009-10-and-2010-11-and-number-registered-motor-25,,Number of Newly Registered Motor Vehicles and Number of Registered Motor Vehicles in Uttar Pradesh,,,,,,,,,,,,,,Ministry of Road Transport and Highways,,Ministry of Road Transport and Highways,,,1,https://www.data.gov.in/Godl,en,,,,,,,,,,,,,,,,305,675,,TRUE,1,,1,1,
"Quarterly Estimates of Gross Domestic Product (GDP) at Current Prices, Base Year 2011-12 (2011-12 to 2022-23)","This dataset provides quarterly estimates of India’s Gross Domestic Product (GDP) and Gross Value Added (GVA) at current prices, based on the 2011-12 base year series, covering the period from 2011-12 (Q1) to 2022-23 (Q1). Quarter-on-quarter and year-on-year growth rates and GDP ratios are also provided for India’s economic structure and trends over time.","Economy, Macro Economy",2022-04-04,2022-05-04,2025-02-06,Dataset,20283(20.28 KB),text/csv,https://mospi.gov.in/,f338e1f1-b527-454e-b0ee-089f3de3f0fa,data.gov.in/resource/quarterly-estimates-gdp-current-prices-2011-12-series-2011-12-2022-23,NA,India,2011-04-01 / 2022-06-30,Central,National Data Sharing and Accessibility Policy (NDSAP) (2012),Registered,NA,"""P3M""^^xsd:duration
","""gross domestic product,"" ,""gdp at current prices"", ""quarterly gdp estimates"", ""macro economy"", ""national accounts"", ""india economy"", ""mospi"", ""time-series"", ""2011-12 to 2022-23""","""gross domestic product,"" ,""gdp at current prices"", ""quarterly gdp estimates"", ""macro economy"", ""national accounts"", ""india economy"", ""mospi"", ""time-series"", ""2011-12 to 2022-23""","
Economy, Macro Economy, Finance, statistics
",https://data.gov.in/files/ogdpv2dms/s3fs-public/GDP_QE_Current_Prices_2011-12_Series.csv,data.gov.in/resource/quarterly-estimates-gdp-current-prices-2011-12-series-2011-12-2022-23,https://india-ai-cdn.s3.ap-south-1.amazonaws.com/dataset/1741760347988_KisanCallCenterQueryDataset.jpg,Quarterly Estimates of GDP at Current Prices,,Shri Kanishk Kant Srivastava,Deputy Director General (DDG),Chief Data Officer,Ministry of Statistics and Programme Implementation,kanishk [dot] kant [at] nic [dot] in,"DIID, Level 3 , New Delhi","East Block-10, Sector-1,",110022,R.K. Puram,"© 2012-2015 GOVERNMENT OF INDIA
All rights reserved except published datasets/resources and metadata. ",Statistics,1,Ministry of Statistics and Programme Implementation,,Ministry of Statistics and Programme Implementation,,,"Quarterly GDP and GVA estimates at current prices (2011-12 base year), covering key economic sectors and aggregates from 2011-12 to 2022-23.",https://www.data.gov.in/Godl,en,"Get data on Quarterly Estimates of GDP at Current Prices. Besides GDP data contains various Macro economic key parameters like Capital Formation, Net income, Savings, Government Final Consumption Expenditure etc . Growth rates and sectoral breakups are also provided.","India Quarterly GDP & GVA at Current Prices (2011-12 base), 2011-12 Q1–2022-23 Q1",https://api.data.gov.in/resource/aba11592-9468-4453-af00-e367f30de0de?api-key=579b464db66ec23bdd000001cdd3946e44ce4aad7209ff7b23ac571b&format=json,,,NA,NA,NA,NA,NA,NA,NA,NA,Quarterly Estimates of GDP at Current Prices,"Quarterly Estimates of GDP at Current Prices
dcat prev: https://www.data.gov.in/resource/quarterly-estimates-gdp-current-prices-2004-05-series-2004-05-2013-14-30052014
",817,670,1,TRUE,1,,1,NA,FALSE
Boundaries of Agro-climatic regions,,,2022-09-28,2022-09-28,2022-09-16,Dataset,,application/zip,,data.gov.in/resource/boundaries-agro-climatic-regions,data.gov.in/resource/boundaries-agro-climatic-regions,,,,Central,NDSAP,,One-time,One-time,Ground Water;Surface Water,,Ground Water;Surface Water,https://data.gov.in/files/ogd20/ogdpv2dms/s3fs-public/datafile/Table_2A_State_Uts.csv,data.gov.in/resource/boundaries-agro-climatic-regions,,Boundaries of Region,,,,,,,,,,,,,,National Water Informatics Centre,,"Department of Water Resources, River Development & Ganga Rejuvenation",Ministry of Jal Shakti,National Water Informatics Centre,2,https://www.data.gov.in/Godl,en,,,https://data.gov.in/files/ogdpv2dms/s3fs-public/dataurl15092022/Agroclimatic_regions.zip,,,,,,,,,,,,,769,663,,TRUE,0,,0,,0
"State-wise Population, Decadal Population Growth rate and Population Density - 2011",,,2017-03-28,2021-12-10,2017-02-10,,1506,text/csv,,data.gov.in/resource/state-wise-population-decadal-population-growth-rate-and-population-density-2011-0,data.gov.in/resource/state-wise-population-decadal-population-growth-rate-and-population-density-2011-0,,,,Central,NDSAP,,Annual,Annual,Health and Family welfare;Family Welfare;Health,,Health and Family welfare;Family Welfare;Health,https://data.gov.in/files/ogd20/ogdpv2dms/s3fs-public/RS_Session_258_AU_142_A_and_B.iii_.csv,data.gov.in/resource/state-wise-population-decadal-population-growth-rate-and-population-density-2011-0,,Rural Health Statistics - 2016,,,,,,,,,,,,,,Department of Health and Family Welfare,,Ministry of Health and Family Welfare,Department of Health and Family Welfare,,1,https://www.data.gov.in/Godl,en,,,,,,,,,,,,,,,,3956,658,,TRUE,1,,1,1,
"State-wise Details of the Infant Mortality Rate, Institutional Delivery and Prevalence of Under Weight Children under five years of Age (in Reply to Unstarred Question on 07 December, 2022)",,,2023-05-19,2023-05-19,2023-05-17,,745,text/csv,,data.gov.in/resource/state-wise-details-infant-mortality-rate-institutional-delivery-and-prevalence-under,data.gov.in/resource/state-wise-details-infant-mortality-rate-institutional-delivery-and-prevalence-under,,,,Central,NDSAP,,Quarterly,Quarterly,Social Development,,All,https://data.gov.in/files/ogdpv2dms/s3fs-public/QES.csv,data.gov.in/resource/state-wise-details-infant-mortality-rate-institutional-delivery-and-prevalence-under,,Answers Data of Rajya Sabha Questions for Session 258,,,,,,,,,,,,,,Rajya Sabha,,Rajya Sabha,,,1,https://www.data.gov.in/Godl,en,,,,,,,,,,,,,,,,2206,657,,TRUE,0,0,1,,0
Sector wise Estimated Number of Workers under Fourth Round of Quarterly Employment Survey from Jan to March 2022,,,2023-03-25,2025-02-18,2023-03-20,,296,text/csv,,data.gov.in/resource/sector-wise-estimated-number-workers-under-fourth-round-quarterly-employment-survey-jan,data.gov.in/resource/sector-wise-estimated-number-workers-under-fourth-round-quarterly-employment-survey-jan,,,,Central,NDSAP,,Quarterly,Quarterly,,,Employment,,data.gov.in/resource/sector-wise-estimated-number-workers-under-fourth-round-quarterly-employment-survey-jan,,Quarterly Employment Survey (QES),,,,,,,,,,,,,,Ministry of Labour and Employment,,Ministry of Labour and Employment,,,1,https://www.data.gov.in/Godl,en,,,,,,,,,,,,,,,,486,644,3,TRUE,0,,1,,0
Shape file of reservoir,,,2022-09-28,2022-09-28,2022-09-16,,,application/zip,,data.gov.in/resource/shape-file-reservoir,data.gov.in/resource/shape-file-reservoir,,,,Central,NDSAP,,One-time,One-time,Ground Water;Surface Water,,Ground Water;Surface Water,,data.gov.in/resource/shape-file-reservoir,,Boundaries of Water Resources Projects,,,,,,,,,,,,,,National Water Informatics Centre,,"Department of Water Resources, River Development & Ganga Rejuvenation",Ministry of Jal Shakti,National Water Informatics Centre,2,https://www.data.gov.in/Godl,en,,,https://data.gov.in/files/ogdpv2dms/s3fs-public/dataurl15092022/Reservoir.zip,,,,,,,,,,,,,568,640,,TRUE,0,,0,,0