,exact,partial,unmapped
Catalog,24.242424242424242,33.33333333333333,42.42424242424242
Dataset,36.58536585365854,34.146341463414636,29.268292682926827
Distribution,100.0,0.0,0.0
