Level,TES
Catalog,1.606060606060606
Dataset,1.2195121951219512
Distribution,0.0
