collection_name,catalog_url
ANM and LHV training school,https://data.gov.in/catalog/rural-health-statistics---2015
ANM and LHV training school,https://data.gov.in/catalog/rural-health-statistics-in-india---2013
ANM and LHV training school,https://data.gov.in/catalog/rural-health-statistics-in-india---2014
Age Specific Fertility Rates (ASFR) and Age Specific Marital Fertility Rates (ASMFR) - SRS,https://data.gov.in/catalog/age-specific-fertility-rates-(asfr)-and-age-specific-marital-fertility-rates-(asmfr)
Age Specific Fertility Rates (ASFR) and Age Specific Marital Fertility Rates (ASMFR) - SRS,https://data.gov.in/catalog/health-and-family-welfare-statistics---2017
Age Specific Fertility Rates (ASFR) and Age Specific Marital Fertility Rates (ASMFR) - SRS,https://data.gov.in/catalog/health-and-family-welfare-statistics---2019-20
All India Fertility Indicators (SRS),https://data.gov.in/catalog/health-and-family-welfare-statistics---2015
All India Fertility Indicators (SRS),https://data.gov.in/catalog/health-and-family-welfare-statistics---2017
All India level Expectation of life at birth (in years) by sex and residence,https://data.gov.in/catalog/health-and-family-welfare-statistics---2019-20
"Anaemia in Children Aged 6–59 Months by Haemoglobin Level (NFHS 3, 2005–06)",https://data.gov.in/catalog/anaemia-among-children(6-59-months)-by-haemoglobin-level
"Anaemia in Children Aged 6–59 Months by Haemoglobin Level (NFHS 3, 2005–06)",https://data.gov.in/catalog/health-and-family-welfare-statistics---2015
Annual Health Survey : Mortality Schedule,https://data.gov.in/catalog/annual-health-survey-:-mortality-schedule
Annual Health Survey : Woman Schedule (Section-I),https://data.gov.in/catalog/annual-health-survey-:-woman-schedule
Annual Health Survey : Woman Schedule (Section-II) : Description of Variables/Parameters,https://data.gov.in/catalog/annual-health-survey-:-woman-schedule
"Atleast 3 ante-natal check-up - National Family Health Survey (NFHS) 3, District Level Household and Facility Survey(DLHS) 3,Coverage Evaluation Survey- UNICEF (CES)",https://data.gov.in/catalog/ante-natal-check-up
Average number of Health Worker[Female]/ ANM per health assistant [Female]/ LHV and average rural population covered by an Health Worker(Female)/ ANM,https://data.gov.in/catalog/rural-health-statistics-in-india---2013
Average number of Health Worker[Female]/ ANM per health assistant [Female]/ LHV and average rural population covered by an Health Worker(Female)/ ANM,https://data.gov.in/catalog/rural-health-statistics-in-india---2014
Block Extension Educator at PHCS,https://data.gov.in/catalog/rural-health-statistics---2015
Block Extension Educator at PHCS,https://data.gov.in/catalog/rural-health-statistics-in-india---2013
Block Extension Educator at PHCS,https://data.gov.in/catalog/rural-health-statistics-in-india---2014
Building Position for District Hospital,https://data.gov.in/catalog/rural-health-statistics---2015
Building Position for District Hospital,https://data.gov.in/catalog/rural-health-statistics-in-india---2014
Building Position for Primary Health Centres,https://data.gov.in/catalog/rural-health-statistics---2015
Building Position for Primary Health Centres,https://data.gov.in/catalog/rural-health-statistics-in-india---2013
Building Position for Primary Health Centres,https://data.gov.in/catalog/rural-health-statistics-in-india---2014
Building Position for Sub Centres in Tribal Areas,https://data.gov.in/catalog/rural-health-statistics---2015
Building Position for Sub Centres in Tribal Areas,https://data.gov.in/catalog/rural-health-statistics-in-india---2013
Building Position for Sub Centres in Tribal Areas,https://data.gov.in/catalog/rural-health-statistics-in-india---2014
"Building Position for Sub-Centres, Primary Health Centres and Community Health Centres","https://data.gov.in/catalog/building-position-for-sub-centres,-primary-health-centres-and-community-health-centres"
Building position for CHCs in tribal areas,https://data.gov.in/catalog/rural-health-statistics---2015
Building position for CHCs in tribal areas,https://data.gov.in/catalog/rural-health-statistics-in-india---2013
Building position for CHCs in tribal areas,https://data.gov.in/catalog/rural-health-statistics-in-india---2014
Building position for PHCs in tribal areas,https://data.gov.in/catalog/rural-health-statistics---2015
Building position for PHCs in tribal areas,https://data.gov.in/catalog/rural-health-statistics-in-india---2013
Building position for PHCs in tribal areas,https://data.gov.in/catalog/rural-health-statistics-in-india---2014
Building position for community health centres,https://data.gov.in/catalog/rural-health-statistics---2015
Building position for community health centres,https://data.gov.in/catalog/rural-health-statistics-in-india---2013
Building position for community health centres,https://data.gov.in/catalog/rural-health-statistics-in-india---2014
Building position for sub centres,https://data.gov.in/catalog/rural-health-statistics---2015
Building position for sub centres,https://data.gov.in/catalog/rural-health-statistics-in-india---2013
Building position for sub centres,https://data.gov.in/catalog/rural-health-statistics-in-india---2014
Building position for sub district/ sub divisional hospital,https://data.gov.in/catalog/rural-health-statistics---2015
Building position for sub district/ sub divisional hospital,https://data.gov.in/catalog/rural-health-statistics-in-india---2014
Child feeding practices (children 3 years)-Rural - DLHS III,https://data.gov.in/catalog/district-level-household-and-facility-survey-(dlhs-3)
"Clinical, Anthropometric & Bio-chemical (CAB) 2014 Survey data","https://data.gov.in/catalog/annual-health-survey-:-clinical,-anthropometric-&-bio-chemical-(cab)-survey"
Combined Household Houselist information under Annual Health Survey,https://data.gov.in/catalog/annual-health-survey-:-combined-household-houselist-information
Crude Birth Rates in Rural and Urban Areas (SRS),https://data.gov.in/catalog/crude-birth-rate-india
Crude Birth Rates in Rural and Urban Areas (SRS),https://data.gov.in/catalog/health-and-family-welfare-statistics---2017
Crude Death Rate,https://data.gov.in/catalog/crude-death-rate-india
Current Use of Contraceptives by Currently Married Women Percentage (NFHS-3 2005-06),https://data.gov.in/catalog/current-use-of-contraceptives-methods-by-currently-married-women
Current Use of Contraceptives by Currently Married Women Percentage (NFHS-3 2005-06),https://data.gov.in/catalog/health-and-family-welfare-statistics---2015
Currently Married Women/women aged 15-49 Who had Last Live Birth/still Birth Received Two Or More TT Injections During Pregnancy,https://data.gov.in/catalog/health-and-family-welfare-statistics---2015
Currently Married Women/women aged 15-49 Who had Last Live Birth/still Birth Received Two Or More TT Injections During Pregnancy,https://data.gov.in/catalog/health-and-family-welfare-statistics---2017
Data Item Comparison Report,https://data.gov.in/catalog/hmis-all-india-level-item-wise-and-month-wise-comparison-of-various-indicators
Data Item Comparison Report,https://data.gov.in/catalog/hmis-district-level-item-wise-and-month-wise-comparison-of-various-indicators-of-chandigarh
Data Item Comparison Report,https://data.gov.in/catalog/hmis-district-level-item-wise-and-month-wise-comparison-of-various-indicators-of-a-&-n-islands
Data Item Comparison Report,https://data.gov.in/catalog/hmis-district-level-item-wise-and-month-wise-comparison-of-various-indicators-of-all-india
Data Item Comparison Report,https://data.gov.in/catalog/hmis-district-level-item-wise-and-month-wise-comparison-of-various-indicators-of-andhra-pradesh
Data Item Comparison Report,https://data.gov.in/catalog/hmis-district-level-item-wise-and-month-wise-comparison-of-various-indicators-of-arunachal-pradesh
Data Item Comparison Report,https://data.gov.in/catalog/hmis-district-level-item-wise-and-month-wise-comparison-of-various-indicators-of-assam
Data Item Comparison Report,https://data.gov.in/catalog/hmis-district-level-item-wise-and-month-wise-comparison-of-various-indicators-of-bihar
Data Item Comparison Report,https://data.gov.in/catalog/hmis-district-level-item-wise-and-month-wise-comparison-of-various-indicators-of-chhattisgarh
Data Item Comparison Report,https://data.gov.in/catalog/hmis-district-level-item-wise-and-month-wise-comparison-of-various-indicators-of-dadra-&-nagar-haveli
Data Item Comparison Report,https://data.gov.in/catalog/hmis-district-level-item-wise-and-month-wise-comparison-of-various-indicators-of-daman-&-diu
Data Item Comparison Report,https://data.gov.in/catalog/hmis-district-level-item-wise-and-month-wise-comparison-of-various-indicators-of-delhi
Data Item Comparison Report,https://data.gov.in/catalog/hmis-district-level-item-wise-and-month-wise-comparison-of-various-indicators-of-goa
Data Item Comparison Report,https://data.gov.in/catalog/hmis-district-level-item-wise-and-month-wise-comparison-of-various-indicators-of-gujarat
Data Item Comparison Report,https://data.gov.in/catalog/hmis-district-level-item-wise-and-month-wise-comparison-of-various-indicators-of-haryana
Data Item Comparison Report,https://data.gov.in/catalog/hmis-district-level-item-wise-and-month-wise-comparison-of-various-indicators-of-himachal-pradesh
Data Item Comparison Report,https://data.gov.in/catalog/hmis-district-level-item-wise-and-month-wise-comparison-of-various-indicators-of-jammu-&-kashmir
Data Item Comparison Report,https://data.gov.in/catalog/hmis-district-level-item-wise-and-month-wise-comparison-of-various-indicators-of-jharkhand
Data Item Comparison Report,https://data.gov.in/catalog/hmis-district-level-item-wise-and-month-wise-comparison-of-various-indicators-of-karnataka
Data Item Comparison Report,https://data.gov.in/catalog/hmis-district-level-item-wise-and-month-wise-comparison-of-various-indicators-of-kerala
Data Item Comparison Report,https://data.gov.in/catalog/hmis-district-level-item-wise-and-month-wise-comparison-of-various-indicators-of-lakshadweep
Data Item Comparison Report,https://data.gov.in/catalog/hmis-district-level-item-wise-and-month-wise-comparison-of-various-indicators-of-madhya-pradesh
Data Item Comparison Report,https://data.gov.in/catalog/hmis-district-level-item-wise-and-month-wise-comparison-of-various-indicators-of-maharashtra
Data Item Comparison Report,https://data.gov.in/catalog/hmis-district-level-item-wise-and-month-wise-comparison-of-various-indicators-of-manipur
Data Item Comparison Report,https://data.gov.in/catalog/hmis-district-level-item-wise-and-month-wise-comparison-of-various-indicators-of-meghalaya
Data Item Comparison Report,https://data.gov.in/catalog/hmis-district-level-item-wise-and-month-wise-comparison-of-various-indicators-of-mizoram
Data Item Comparison Report,https://data.gov.in/catalog/hmis-district-level-item-wise-and-month-wise-comparison-of-various-indicators-of-nagaland
Data Item Comparison Report,https://data.gov.in/catalog/hmis-district-level-item-wise-and-month-wise-comparison-of-various-indicators-of-odisha
Data Item Comparison Report,https://data.gov.in/catalog/hmis-district-level-item-wise-and-month-wise-comparison-of-various-indicators-of-puducherry
Data Item Comparison Report,https://data.gov.in/catalog/hmis-district-level-item-wise-and-month-wise-comparison-of-various-indicators-of-punjab
Data Item Comparison Report,https://data.gov.in/catalog/hmis-district-level-item-wise-and-month-wise-comparison-of-various-indicators-of-rajasthan
Data Item Comparison Report,https://data.gov.in/catalog/hmis-district-level-item-wise-and-month-wise-comparison-of-various-indicators-of-sikkim
Data Item Comparison Report,https://data.gov.in/catalog/hmis-district-level-item-wise-and-month-wise-comparison-of-various-indicators-of-tamil-nadu
Data Item Comparison Report,https://data.gov.in/catalog/hmis-district-level-item-wise-and-month-wise-comparison-of-various-indicators-of-telangana
Data Item Comparison Report,https://data.gov.in/catalog/hmis-district-level-item-wise-and-month-wise-comparison-of-various-indicators-of-tripura
Data Item Comparison Report,https://data.gov.in/catalog/hmis-district-level-item-wise-and-month-wise-comparison-of-various-indicators-of-uttar-pradesh
Data Item Comparison Report,https://data.gov.in/catalog/hmis-district-level-item-wise-and-month-wise-comparison-of-various-indicators-of-uttarakhand
Data Item Comparison Report,https://data.gov.in/catalog/hmis-district-level-item-wise-and-month-wise-comparison-of-various-indicators-of-west-bengal
Demographic Indicators,https://data.gov.in/catalog/demographic-indicators
Demographic Indicators,https://data.gov.in/catalog/health-and-family-welfare-statistics---2015
District wise Availability of Health Centres,https://data.gov.in/catalog/rural-health-statistics---2015
District wise Availability of Health Centres,https://data.gov.in/catalog/rural-health-statistics---2017
District wise Availability of Health Centres,https://data.gov.in/catalog/rural-health-statistics-in-india---2006
District wise Availability of Health Centres,https://data.gov.in/catalog/rural-health-statistics-in-india---2007
District wise Availability of Health Centres,https://data.gov.in/catalog/rural-health-statistics-in-india---2008
District wise Availability of Health Centres,https://data.gov.in/catalog/rural-health-statistics-in-india---2009
District wise Availability of Health Centres,https://data.gov.in/catalog/rural-health-statistics-in-india---2010
District wise Availability of Health Centres,https://data.gov.in/catalog/rural-health-statistics-in-india---2011
District wise Availability of Health Centres,https://data.gov.in/catalog/rural-health-statistics-in-india---2012
District-wise Key Indicators of NFHS-4,https://data.gov.in/catalog/key-indicators-of-national-family-health-survey-(nfhs)
Doctors at District Hospital and Sub District/ Sub Divisional Hospital,https://data.gov.in/catalog/rural-health-statistics---2015
Doctors at District Hospital and Sub District/ Sub Divisional Hospital,https://data.gov.in/catalog/rural-health-statistics-in-india---2014
Doctors at PHCs in tribal area,https://data.gov.in/catalog/rural-health-statistics---2015
Doctors at PHCs in tribal area,https://data.gov.in/catalog/rural-health-statistics-in-india---2013
Doctors at PHCs in tribal area,https://data.gov.in/catalog/rural-health-statistics-in-india---2014
Doctors at Primary Health Centres,https://data.gov.in/catalog/health-and-family-welfare-statistics---2015
Doctors at Primary Health Centres,https://data.gov.in/catalog/rural-health-statistics-in-india---2013
Doctors at Primary Health Centres,https://data.gov.in/catalog/rural-health-statistics-in-india---2014
Estimated Age Specific Fertility Rates (per 1000 population in the same age-group) by major State (SRS),https://data.gov.in/catalog/health-and-family-welfare-statistics---2017
Estimated Age Specific Fertility Rates (per 1000 population in the same age-group) by major State (SRS),https://data.gov.in/catalog/health-and-family-welfare-statistics---2019-20
Estimated Age Specific Fertility Rates by major States,https://data.gov.in/catalog/age-specific-fertility-rates-(asfr)-and-age-specific-marital-fertility-rates-(asmfr)
Estimated Age Specific Fertility Rates by major States,https://data.gov.in/catalog/health-and-family-welfare-statistics---2015
Estimated Age-Specific Death Rates (per 1000 population of same age-group) by Sex,https://data.gov.in/catalog/health-and-family-welfare-statistics---2017
Estimated Age-Specific Death Rates (per 1000 population of same age-group) by Sex,https://data.gov.in/catalog/health-and-family-welfare-statistics---2019-20
Estimated Age-specific Death Rates by Sex fom,https://data.gov.in/catalog/estimated-age-specific-death-rates-by-sex
Estimated Age-specific Death Rates by Sex fom,https://data.gov.in/catalog/health-and-family-welfare-statistics---2015
Estimates of Birth Rates and Death Rates,https://data.gov.in/catalog/rural-health-statistics---2015
Estimates of Birth Rates and Death Rates,https://data.gov.in/catalog/rural-health-statistics-in-india---2007
Estimates of Birth Rates and Death Rates,https://data.gov.in/catalog/rural-health-statistics-in-india---2008
Estimates of Birth Rates and Death Rates,https://data.gov.in/catalog/rural-health-statistics-in-india---2009
Estimates of Birth Rates and Death Rates,https://data.gov.in/catalog/rural-health-statistics-in-india---2010
Estimates of Birth Rates and Death Rates,https://data.gov.in/catalog/rural-health-statistics-in-india---2011
Estimates of Birth Rates and Death Rates,https://data.gov.in/catalog/rural-health-statistics-in-india---2012
Estimates of Birth Rates and Death Rates,https://data.gov.in/catalog/rural-health-statistics-in-india---2013
Expectation of life at birth by sex and residence,https://data.gov.in/catalog/expectation-of-life-at-birth-by-sex-and-residence
Expectation of life at birth by sex and residence,https://data.gov.in/catalog/health-and-family-welfare-statistics---2015
Expectation of life at birth by sex and residence,https://data.gov.in/catalog/health-and-family-welfare-statistics---2017
Facilities at primary health centres,https://data.gov.in/catalog/rural-health-statistics---2015
Facilities at primary health centres,https://data.gov.in/catalog/rural-health-statistics-in-india---2013
Facilities at primary health centres,https://data.gov.in/catalog/rural-health-statistics-in-india---2014
Facilities available at community health centres,https://data.gov.in/catalog/rural-health-statistics---2015
Facilities available at community health centres,https://data.gov.in/catalog/rural-health-statistics-in-india---2013
Facilities available at community health centres,https://data.gov.in/catalog/rural-health-statistics-in-india---2014
Facilities available at sub centres,https://data.gov.in/catalog/rural-health-statistics---2015
Facilities available at sub centres,https://data.gov.in/catalog/rural-health-statistics-in-india---2013
Facilities available at sub centres,https://data.gov.in/catalog/rural-health-statistics-in-india---2014
Family Planning Acceptors by Methods,https://data.gov.in/catalog/health-and-family-welfare-statistics---2015
Family Planning Acceptors by Methods,https://data.gov.in/catalog/health-and-family-welfare-statistics---2017
Fertility Indicators for Major States,https://data.gov.in/catalog/fertility-indicators
Fertility Indicators for Major States,https://data.gov.in/catalog/health-and-family-welfare-statistics---2015
Fertility Indicators for Major States,https://data.gov.in/catalog/health-and-family-welfare-statistics---2017
Fertility Rate & Age Specific Fertility Rates by Educational Level of Women (SRS),https://data.gov.in/catalog/health-and-family-welfare-statistics---2017
Fertility Rate & Age Specific Fertility Rates by Educational Level of Women (SRS),https://data.gov.in/catalog/total-fertility-rate-and-age-specific-fertility-rates-by-educational-level-of-women
General Duty Medical Officers (GDMOs) - Allopathic at CHCs,https://data.gov.in/catalog/rural-health-statistics---2015
General Duty Medical Officers (GDMOs) - Allopathic at CHCs,https://data.gov.in/catalog/rural-health-statistics-in-india---2013
General Duty Medical Officers (GDMOs) - Allopathic at CHCs,https://data.gov.in/catalog/rural-health-statistics-in-india---2014
Health & family welfare training centres (HFWTC) and MPW(M) training centre,https://data.gov.in/catalog/rural-health-statistics---2015
Health & family welfare training centres (HFWTC) and MPW(M) training centre,https://data.gov.in/catalog/rural-health-statistics-in-india---2013
Health & family welfare training centres (HFWTC) and MPW(M) training centre,https://data.gov.in/catalog/rural-health-statistics-in-india---2014
Health Assistants [Male] at PHCS in Tribal Area,https://data.gov.in/catalog/rural-health-statistics---2015
Health Assistants [Male] at PHCS in Tribal Area,https://data.gov.in/catalog/rural-health-statistics-in-india---2013
Health Assistants [Male] at PHCS in Tribal Area,https://data.gov.in/catalog/rural-health-statistics-in-india---2014
Health Worker [Female] / Anm at Sub Centres & Phcs,https://data.gov.in/catalog/health-and-family-welfare-statistics---2015
Health Worker [Female] / Anm at Sub Centres & Phcs,https://data.gov.in/catalog/rural-health-statistics---2015
Health Worker [Female] / Anm at Sub Centres & Phcs,https://data.gov.in/catalog/rural-health-statistics-in-india---2013
Health Worker [Female] / Anm at Sub Centres & Phcs,https://data.gov.in/catalog/rural-health-statistics-in-india---2014
Health Worker [Male] at Sub Centres,https://data.gov.in/catalog/rural-health-statistics---2015
Health Worker [Male] at Sub Centres,https://data.gov.in/catalog/rural-health-statistics-in-india---2013
Health Worker [Male] at Sub Centres,https://data.gov.in/catalog/rural-health-statistics-in-india---2014
Health assistant [Male] at PHCs,https://data.gov.in/catalog/rural-health-statistics---2015
Health assistant [Male] at PHCs,https://data.gov.in/catalog/rural-health-statistics-in-india---2013
Health assistant [Male] at PHCs,https://data.gov.in/catalog/rural-health-statistics-in-india---2014
Health assistants [Female] / LHV at PHCs,https://data.gov.in/catalog/rural-health-statistics---2015
Health assistants [Female] / LHV at PHCs,https://data.gov.in/catalog/rural-health-statistics-in-india---2013
Health assistants [Female] / LHV at PHCs,https://data.gov.in/catalog/rural-health-statistics-in-india---2014
Health assistants [female] / LHV at PHCs in tribal area,https://data.gov.in/catalog/rural-health-statistics---2015
Health assistants [female] / LHV at PHCs in tribal area,https://data.gov.in/catalog/rural-health-statistics-in-india---2013
Health assistants [female] / LHV at PHCs in tribal area,https://data.gov.in/catalog/rural-health-statistics-in-india---2014
Health worker [Female] / ANM at sub centre- in tribal areas,https://data.gov.in/catalog/rural-health-statistics---2015
Health worker [Female] / ANM at sub centre- in tribal areas,https://data.gov.in/catalog/rural-health-statistics-in-india---2013
Health worker [Female] / ANM at sub centre- in tribal areas,https://data.gov.in/catalog/rural-health-statistics-in-india---2014
Health worker [Male] at sub centre- in tribal area,https://data.gov.in/catalog/rural-health-statistics---2015
Health worker [Male] at sub centre- in tribal area,https://data.gov.in/catalog/rural-health-statistics-in-india---2013
Health worker [Male] at sub centre- in tribal area,https://data.gov.in/catalog/rural-health-statistics-in-india---2014
Infant Mortality Rate by Sex,https://data.gov.in/catalog/health-and-family-welfare-statistics---2015
Infant Mortality Rate by Sex,https://data.gov.in/catalog/infant-mortality-rate-india
"Infant Mortality Rates by Sex, 2001 to 2012 for India and Major States",https://data.gov.in/catalog/health-and-family-welfare-statistics---2015
"Infant Mortality Rates by Sex, 2001 to 2012 for India and Major States",https://data.gov.in/catalog/infant-mortality-rate-india
Infant mortality rates,https://data.gov.in/catalog/rural-health-statistics---2015
Infant mortality rates,https://data.gov.in/catalog/rural-health-statistics-in-india---2013
Intensified TB case finding activities in Integrated Counselling and Testing Centre(ICTC) centres (from National AIDS Control Programme ),"https://data.gov.in/catalog/india-tuberculosis-report,-2023"
Item wise Cumulative Comparison Report,https://data.gov.in/catalog/hmis-district-level-item-wise-and-month-wise-cumulative-comparison-of-various-indicators-of-andaman-and-nicobar-islands
Item wise Cumulative Comparison Report,https://data.gov.in/catalog/hmis-district-level-item-wise-and-month-wise-cumulative-comparison-of-various-indicators-of-andhra-pradesh
Item wise Cumulative Comparison Report,https://data.gov.in/catalog/hmis-district-level-item-wise-and-month-wise-cumulative-comparison-of-various-indicators-of-arunachal-pradesh
Item wise Cumulative Comparison Report,https://data.gov.in/catalog/hmis-district-level-item-wise-and-month-wise-cumulative-comparison-of-various-indicators-of-assam
Item wise Cumulative Comparison Report,https://data.gov.in/catalog/hmis-district-level-item-wise-and-month-wise-cumulative-comparison-of-various-indicators-of-bihar
Item wise Cumulative Comparison Report,https://data.gov.in/catalog/hmis-district-level-item-wise-and-month-wise-cumulative-comparison-of-various-indicators-of-chandigarh
Item wise Cumulative Comparison Report,https://data.gov.in/catalog/hmis-district-level-item-wise-and-month-wise-cumulative-comparison-of-various-indicators-of-chhattisgarh
Item wise Cumulative Comparison Report,https://data.gov.in/catalog/hmis-district-level-item-wise-and-month-wise-cumulative-comparison-of-various-indicators-of-dadra-and-nagar-haveli
Item wise Cumulative Comparison Report,https://data.gov.in/catalog/hmis-district-level-item-wise-and-month-wise-cumulative-comparison-of-various-indicators-of-daman-and-diu
Item wise Cumulative Comparison Report,https://data.gov.in/catalog/hmis-district-level-item-wise-and-month-wise-cumulative-comparison-of-various-indicators-of-delhi
Item wise Cumulative Comparison Report,https://data.gov.in/catalog/hmis-district-level-item-wise-and-month-wise-cumulative-comparison-of-various-indicators-of-goa
Item wise Cumulative Comparison Report,https://data.gov.in/catalog/hmis-district-level-item-wise-and-month-wise-cumulative-comparison-of-various-indicators-of-gujarat
Item wise Cumulative Comparison Report,https://data.gov.in/catalog/hmis-district-level-item-wise-and-month-wise-cumulative-comparison-of-various-indicators-of-haryana
Item wise Cumulative Comparison Report,https://data.gov.in/catalog/hmis-district-level-item-wise-and-month-wise-cumulative-comparison-of-various-indicators-of-himachal-pradesh
Item wise Cumulative Comparison Report,https://data.gov.in/catalog/hmis-district-level-item-wise-and-month-wise-cumulative-comparison-of-various-indicators-of-jammu-and-kashmir
Item wise Cumulative Comparison Report,https://data.gov.in/catalog/hmis-district-level-item-wise-and-month-wise-cumulative-comparison-of-various-indicators-of-jharkhand
Item wise Cumulative Comparison Report,https://data.gov.in/catalog/hmis-district-level-item-wise-and-month-wise-cumulative-comparison-of-various-indicators-of-karnataka
Item wise Cumulative Comparison Report,https://data.gov.in/catalog/hmis-district-level-item-wise-and-month-wise-cumulative-comparison-of-various-indicators-of-kerala
Item wise Cumulative Comparison Report,https://data.gov.in/catalog/hmis-district-level-item-wise-and-month-wise-cumulative-comparison-of-various-indicators-of-lakshadweep
Item wise Cumulative Comparison Report,https://data.gov.in/catalog/hmis-district-level-item-wise-and-month-wise-cumulative-comparison-of-various-indicators-of-m/o-defence
Item wise Cumulative Comparison Report,https://data.gov.in/catalog/hmis-district-level-item-wise-and-month-wise-cumulative-comparison-of-various-indicators-of-m/o-railways
Item wise Cumulative Comparison Report,https://data.gov.in/catalog/hmis-district-level-item-wise-and-month-wise-cumulative-comparison-of-various-indicators-of-madhya-pradesh
Item wise Cumulative Comparison Report,https://data.gov.in/catalog/hmis-district-level-item-wise-and-month-wise-cumulative-comparison-of-various-indicators-of-maharashtra
Item wise Cumulative Comparison Report,https://data.gov.in/catalog/hmis-district-level-item-wise-and-month-wise-cumulative-comparison-of-various-indicators-of-manipur
Item wise Cumulative Comparison Report,https://data.gov.in/catalog/hmis-district-level-item-wise-and-month-wise-cumulative-comparison-of-various-indicators-of-meghalaya
Item wise Cumulative Comparison Report,https://data.gov.in/catalog/hmis-district-level-item-wise-and-month-wise-cumulative-comparison-of-various-indicators-of-mizoram
Item wise Cumulative Comparison Report,https://data.gov.in/catalog/hmis-district-level-item-wise-and-month-wise-cumulative-comparison-of-various-indicators-of-nagaland
Item wise Cumulative Comparison Report,https://data.gov.in/catalog/hmis-district-level-item-wise-and-month-wise-cumulative-comparison-of-various-indicators-of-odisha
Item wise Cumulative Comparison Report,https://data.gov.in/catalog/hmis-district-level-item-wise-and-month-wise-cumulative-comparison-of-various-indicators-of-puducherry
Item wise Cumulative Comparison Report,https://data.gov.in/catalog/hmis-district-level-item-wise-and-month-wise-cumulative-comparison-of-various-indicators-of-punjab
Item wise Cumulative Comparison Report,https://data.gov.in/catalog/hmis-district-level-item-wise-and-month-wise-cumulative-comparison-of-various-indicators-of-rajasthan
Item wise Cumulative Comparison Report,https://data.gov.in/catalog/hmis-district-level-item-wise-and-month-wise-cumulative-comparison-of-various-indicators-of-sikkim
Item wise Cumulative Comparison Report,https://data.gov.in/catalog/hmis-district-level-item-wise-and-month-wise-cumulative-comparison-of-various-indicators-of-tamil-nadu
Item wise Cumulative Comparison Report,https://data.gov.in/catalog/hmis-district-level-item-wise-and-month-wise-cumulative-comparison-of-various-indicators-of-telangana
Item wise Cumulative Comparison Report,https://data.gov.in/catalog/hmis-district-level-item-wise-and-month-wise-cumulative-comparison-of-various-indicators-of-tripura
Item wise Cumulative Comparison Report,https://data.gov.in/catalog/hmis-district-level-item-wise-and-month-wise-cumulative-comparison-of-various-indicators-of-uttar-pradesh
Item wise Cumulative Comparison Report,https://data.gov.in/catalog/hmis-district-level-item-wise-and-month-wise-cumulative-comparison-of-various-indicators-of-uttarakhand
Item wise Cumulative Comparison Report,https://data.gov.in/catalog/hmis-district-level-item-wise-and-month-wise-cumulative-comparison-of-various-indicators-of-west-bengal
Item-wise HMIS report,https://data.gov.in/catalog/item-wise-hmis-report-of-all-states-and-districts-across-the-months
Item-wise HMIS report at District level (for),https://data.gov.in/catalog/item-wise-monthly-hmis-report-at-district-level-of-andaman-and-nicobar-islands
Item-wise HMIS report at District level (for),https://data.gov.in/catalog/item-wise-monthly-hmis-report-at-district-level-of-andhra-pradesh
Item-wise HMIS report at District level (for),https://data.gov.in/catalog/item-wise-monthly-hmis-report-at-district-level-of-arunachal-pradesh
Item-wise HMIS report at District level (for),https://data.gov.in/catalog/item-wise-monthly-hmis-report-at-district-level-of-assam
Item-wise HMIS report at District level (for),https://data.gov.in/catalog/item-wise-monthly-hmis-report-at-district-level-of-bihar
Item-wise HMIS report at District level (for),https://data.gov.in/catalog/item-wise-monthly-hmis-report-at-district-level-of-chandigarh
Item-wise HMIS report at District level (for),https://data.gov.in/catalog/item-wise-monthly-hmis-report-at-district-level-of-chhattisgarh
Item-wise HMIS report at District level (for),https://data.gov.in/catalog/item-wise-monthly-hmis-report-at-district-level-of-dadra-and-nagar-haveli
Item-wise HMIS report at District level (for),https://data.gov.in/catalog/item-wise-monthly-hmis-report-at-district-level-of-daman-and-diu
Item-wise HMIS report at District level (for),https://data.gov.in/catalog/item-wise-monthly-hmis-report-at-district-level-of-delhi
Item-wise HMIS report at District level (for),https://data.gov.in/catalog/item-wise-monthly-hmis-report-at-district-level-of-goa
Item-wise HMIS report at District level (for),https://data.gov.in/catalog/item-wise-monthly-hmis-report-at-district-level-of-gujarat
Item-wise HMIS report at District level (for),https://data.gov.in/catalog/item-wise-monthly-hmis-report-at-district-level-of-haryana
Item-wise HMIS report at District level (for),https://data.gov.in/catalog/item-wise-monthly-hmis-report-at-district-level-of-himachal-pradesh
Item-wise HMIS report at District level (for),https://data.gov.in/catalog/item-wise-monthly-hmis-report-at-district-level-of-jammu-and-kashmir
Item-wise HMIS report at District level (for),https://data.gov.in/catalog/item-wise-monthly-hmis-report-at-district-level-of-jharkhand
Item-wise HMIS report at District level (for),https://data.gov.in/catalog/item-wise-monthly-hmis-report-at-district-level-of-karnataka
Item-wise HMIS report at District level (for),https://data.gov.in/catalog/item-wise-monthly-hmis-report-at-district-level-of-kerala
Item-wise HMIS report at District level (for),https://data.gov.in/catalog/item-wise-monthly-hmis-report-at-district-level-of-lakshadweep
Item-wise HMIS report at District level (for),https://data.gov.in/catalog/item-wise-monthly-hmis-report-at-district-level-of-madhya-pradesh
Item-wise HMIS report at District level (for),https://data.gov.in/catalog/item-wise-monthly-hmis-report-at-district-level-of-maharashtra
Item-wise HMIS report at District level (for),https://data.gov.in/catalog/item-wise-monthly-hmis-report-at-district-level-of-manipur
Item-wise HMIS report at District level (for),https://data.gov.in/catalog/item-wise-monthly-hmis-report-at-district-level-of-meghalaya
Item-wise HMIS report at District level (for),https://data.gov.in/catalog/item-wise-monthly-hmis-report-at-district-level-of-mizoram
Item-wise HMIS report at District level (for),https://data.gov.in/catalog/item-wise-monthly-hmis-report-at-district-level-of-nagaland
Item-wise HMIS report at District level (for),https://data.gov.in/catalog/item-wise-monthly-hmis-report-at-district-level-of-odisha
Item-wise HMIS report at District level (for),https://data.gov.in/catalog/item-wise-monthly-hmis-report-at-district-level-of-puducherry
Item-wise HMIS report at District level (for),https://data.gov.in/catalog/item-wise-monthly-hmis-report-at-district-level-of-punjab
Item-wise HMIS report at District level (for),https://data.gov.in/catalog/item-wise-monthly-hmis-report-at-district-level-of-rajasthan
Item-wise HMIS report at District level (for),https://data.gov.in/catalog/item-wise-monthly-hmis-report-at-district-level-of-sikkim
Item-wise HMIS report at District level (for),https://data.gov.in/catalog/item-wise-monthly-hmis-report-at-district-level-of-tamil-nadu
Item-wise HMIS report at District level (for),https://data.gov.in/catalog/item-wise-monthly-hmis-report-at-district-level-of-telangana
Item-wise HMIS report at District level (for),https://data.gov.in/catalog/item-wise-monthly-hmis-report-at-district-level-of-tripura
Item-wise HMIS report at District level (for),https://data.gov.in/catalog/item-wise-monthly-hmis-report-at-district-level-of-uttar-pradesh
Item-wise HMIS report at District level (for),https://data.gov.in/catalog/item-wise-monthly-hmis-report-at-district-level-of-uttarakhand
Item-wise HMIS report at District level (for),https://data.gov.in/catalog/item-wise-monthly-hmis-report-at-district-level-of-west-bengal
Item-wise HMIS report at District level (upto),https://data.gov.in/catalog/item-wise-monthly-hmis-report-at-district-level-of-andaman-and-nicobar-islands
Item-wise HMIS report at District level (upto),https://data.gov.in/catalog/item-wise-monthly-hmis-report-at-district-level-of-andhra-pradesh
Item-wise HMIS report at District level (upto),https://data.gov.in/catalog/item-wise-monthly-hmis-report-at-district-level-of-arunachal-pradesh
Item-wise HMIS report at District level (upto),https://data.gov.in/catalog/item-wise-monthly-hmis-report-at-district-level-of-assam
Item-wise HMIS report at District level (upto),https://data.gov.in/catalog/item-wise-monthly-hmis-report-at-district-level-of-bihar
Item-wise HMIS report at District level (upto),https://data.gov.in/catalog/item-wise-monthly-hmis-report-at-district-level-of-chandigarh
Item-wise HMIS report at District level (upto),https://data.gov.in/catalog/item-wise-monthly-hmis-report-at-district-level-of-chhattisgarh
Item-wise HMIS report at District level (upto),https://data.gov.in/catalog/item-wise-monthly-hmis-report-at-district-level-of-dadra-and-nagar-haveli
Item-wise HMIS report at District level (upto),https://data.gov.in/catalog/item-wise-monthly-hmis-report-at-district-level-of-daman-and-diu
Item-wise HMIS report at District level (upto),https://data.gov.in/catalog/item-wise-monthly-hmis-report-at-district-level-of-delhi
Item-wise HMIS report at District level (upto),https://data.gov.in/catalog/item-wise-monthly-hmis-report-at-district-level-of-goa
Item-wise HMIS report at District level (upto),https://data.gov.in/catalog/item-wise-monthly-hmis-report-at-district-level-of-gujarat
Item-wise HMIS report at District level (upto),https://data.gov.in/catalog/item-wise-monthly-hmis-report-at-district-level-of-haryana
Item-wise HMIS report at District level (upto),https://data.gov.in/catalog/item-wise-monthly-hmis-report-at-district-level-of-himachal-pradesh
Item-wise HMIS report at District level (upto),https://data.gov.in/catalog/item-wise-monthly-hmis-report-at-district-level-of-jammu-and-kashmir
Item-wise HMIS report at District level (upto),https://data.gov.in/catalog/item-wise-monthly-hmis-report-at-district-level-of-jharkhand
Item-wise HMIS report at District level (upto),https://data.gov.in/catalog/item-wise-monthly-hmis-report-at-district-level-of-karnataka
Item-wise HMIS report at District level (upto),https://data.gov.in/catalog/item-wise-monthly-hmis-report-at-district-level-of-kerala
Item-wise HMIS report at District level (upto),https://data.gov.in/catalog/item-wise-monthly-hmis-report-at-district-level-of-lakshadweep
Item-wise HMIS report at District level (upto),https://data.gov.in/catalog/item-wise-monthly-hmis-report-at-district-level-of-madhya-pradesh
Item-wise HMIS report at District level (upto),https://data.gov.in/catalog/item-wise-monthly-hmis-report-at-district-level-of-maharashtra
Item-wise HMIS report at District level (upto),https://data.gov.in/catalog/item-wise-monthly-hmis-report-at-district-level-of-manipur
Item-wise HMIS report at District level (upto),https://data.gov.in/catalog/item-wise-monthly-hmis-report-at-district-level-of-meghalaya
Item-wise HMIS report at District level (upto),https://data.gov.in/catalog/item-wise-monthly-hmis-report-at-district-level-of-mizoram
Item-wise HMIS report at District level (upto),https://data.gov.in/catalog/item-wise-monthly-hmis-report-at-district-level-of-nagaland
Item-wise HMIS report at District level (upto),https://data.gov.in/catalog/item-wise-monthly-hmis-report-at-district-level-of-odisha
Item-wise HMIS report at District level (upto),https://data.gov.in/catalog/item-wise-monthly-hmis-report-at-district-level-of-puducherry
Item-wise HMIS report at District level (upto),https://data.gov.in/catalog/item-wise-monthly-hmis-report-at-district-level-of-punjab
Item-wise HMIS report at District level (upto),https://data.gov.in/catalog/item-wise-monthly-hmis-report-at-district-level-of-rajasthan
Item-wise HMIS report at District level (upto),https://data.gov.in/catalog/item-wise-monthly-hmis-report-at-district-level-of-sikkim
Item-wise HMIS report at District level (upto),https://data.gov.in/catalog/item-wise-monthly-hmis-report-at-district-level-of-tamil-nadu
Item-wise HMIS report at District level (upto),https://data.gov.in/catalog/item-wise-monthly-hmis-report-at-district-level-of-telangana
Item-wise HMIS report at District level (upto),https://data.gov.in/catalog/item-wise-monthly-hmis-report-at-district-level-of-tripura
Item-wise HMIS report at District level (upto),https://data.gov.in/catalog/item-wise-monthly-hmis-report-at-district-level-of-uttar-pradesh
Item-wise HMIS report at District level (upto),https://data.gov.in/catalog/item-wise-monthly-hmis-report-at-district-level-of-uttarakhand
Item-wise HMIS report at District level (upto),https://data.gov.in/catalog/item-wise-monthly-hmis-report-at-district-level-of-west-bengal
Item-wise HMIS report at State level (for),https://data.gov.in/catalog/item-wise-monthly-hmis-report-of-all-india-across-states
Item-wise HMIS report at State level (upto),https://data.gov.in/catalog/item-wise-monthly-hmis-report-of-all-india-across-states
Item-wise report (for),https://data.gov.in/catalog/hmis-sub-district-level-item-wise-monthly-report-of-chandigarh
Item-wise report (for),https://data.gov.in/catalog/hmis-sub-district-level-item-wise-monthly-report-of-dadra-and-nagar-haveli
Item-wise report (for),https://data.gov.in/catalog/hmis-sub-district-level-item-wise-monthly-report-of-lakshadweep
Item-wise report (upto),https://data.gov.in/catalog/hmis-sub-district-level-item-wise-monthly-report-of-chandigarh
Item-wise report (upto),https://data.gov.in/catalog/hmis-sub-district-level-item-wise-monthly-report-of-dadra-and-nagar-haveli
Item-wise report (upto),https://data.gov.in/catalog/hmis-sub-district-level-item-wise-monthly-report-of-lakshadweep
Item-wise report for Agar Malwa (for),https://data.gov.in/catalog/hmis-sub-district-level-item-wise-monthly-report-of-madhya-pradesh
Item-wise report for Agar Malwa (upto),https://data.gov.in/catalog/hmis-sub-district-level-item-wise-monthly-report-of-madhya-pradesh
Item-wise report for Aizawl East (for),https://data.gov.in/catalog/hmis-sub-district-level-item-wise-monthly-report-of-mizoram
Item-wise report for Aizawl East (upto),https://data.gov.in/catalog/hmis-sub-district-level-item-wise-monthly-report-of-mizoram
Item-wise report for Aizawl West (for),https://data.gov.in/catalog/hmis-sub-district-level-item-wise-monthly-report-of-mizoram
Item-wise report for Aizawl West (upto),https://data.gov.in/catalog/hmis-sub-district-level-item-wise-monthly-report-of-mizoram
Item-wise report for Alappuzha (for),https://data.gov.in/catalog/hmis-sub-district-level-item-wise-monthly-report-of-kerala
Item-wise report for Alappuzha (upto),https://data.gov.in/catalog/hmis-sub-district-level-item-wise-monthly-report-of-kerala
Item-wise report for Alipurduar (for),https://data.gov.in/catalog/hmis-sub-district-level-item-wise-monthly-report-of-west-bengal
Item-wise report for Alipurduar (upto),https://data.gov.in/catalog/hmis-sub-district-level-item-wise-monthly-report-of-west-bengal
Item-wise report for Ambedkar Nagar (for),https://data.gov.in/catalog/hmis-sub-district-level-item-wise-monthly-report-of-uttar-pradesh
Item-wise report for Ambedkar Nagar (upto),https://data.gov.in/catalog/hmis-sub-district-level-item-wise-monthly-report-of-uttar-pradesh
Item-wise report for Amritsar (for),https://data.gov.in/catalog/hmis-sub-district-level-item-wise-monthly-report-of-punjab
Item-wise report for Amritsar (upto),https://data.gov.in/catalog/hmis-sub-district-level-item-wise-monthly-report-of-punjab
Item-wise report for Ashok Nagar (for),https://data.gov.in/catalog/hmis-sub-district-level-item-wise-monthly-report-of-madhya-pradesh
Item-wise report for Ashok Nagar (upto),https://data.gov.in/catalog/hmis-sub-district-level-item-wise-monthly-report-of-madhya-pradesh
Item-wise report for Aurangabad (for),https://data.gov.in/catalog/hmis-sub-district-level-item-wise-monthly-report-of-bihar
Item-wise report for Aurangabad (for),https://data.gov.in/catalog/hmis-sub-district-level-item-wise-monthly-report-of-maharashtra
Item-wise report for Aurangabad (upto),https://data.gov.in/catalog/hmis-sub-district-level-item-wise-monthly-report-of-bihar
Item-wise report for Aurangabad (upto),https://data.gov.in/catalog/hmis-sub-district-level-item-wise-monthly-report-of-maharashtra
Item-wise report for BHADRADRI KOTHAGUDEM (for),https://data.gov.in/catalog/hmis-sub-district-level-item-wise-monthly-report-of-telangana
Item-wise report for BHADRADRI KOTHAGUDEM (upto),https://data.gov.in/catalog/hmis-sub-district-level-item-wise-monthly-report-of-telangana
Item-wise report for Baloda Bazar (for),https://data.gov.in/catalog/hmis-sub-district-level-item-wise-monthly-report-of-chhattisgarh
Item-wise report for Baloda Bazar (upto),https://data.gov.in/catalog/hmis-sub-district-level-item-wise-monthly-report-of-chhattisgarh
Item-wise report for Banas Kantha (for),https://data.gov.in/catalog/hmis-sub-district-level-item-wise-monthly-report-of-gujarat
Item-wise report for Banas Kantha (upto),https://data.gov.in/catalog/hmis-sub-district-level-item-wise-monthly-report-of-gujarat
Item-wise report for Bangalore Rural (for),https://data.gov.in/catalog/hmis-sub-district-level-item-wise-monthly-report-of-karnataka
Item-wise report for Bangalore Rural (upto),https://data.gov.in/catalog/hmis-sub-district-level-item-wise-monthly-report-of-karnataka
Item-wise report for Bangalore Urban (for),https://data.gov.in/catalog/hmis-sub-district-level-item-wise-monthly-report-of-karnataka
Item-wise report for Bangalore Urban (upto),https://data.gov.in/catalog/hmis-sub-district-level-item-wise-monthly-report-of-karnataka
Item-wise report for Begusarai (for),https://data.gov.in/catalog/hmis-sub-district-level-item-wise-monthly-report-of-bihar
Item-wise report for Begusarai (upto),https://data.gov.in/catalog/hmis-sub-district-level-item-wise-monthly-report-of-bihar
Item-wise report for Bijapur (for),https://data.gov.in/catalog/hmis-sub-district-level-item-wise-monthly-report-of-andhra-pradesh
Item-wise report for Bijapur (for),https://data.gov.in/catalog/hmis-sub-district-level-item-wise-monthly-report-of-arunachal-pradesh
Item-wise report for Bijapur (for),https://data.gov.in/catalog/hmis-sub-district-level-item-wise-monthly-report-of-assam
Item-wise report for Bijapur (for),https://data.gov.in/catalog/hmis-sub-district-level-item-wise-monthly-report-of-bihar
Item-wise report for Bijapur (for),https://data.gov.in/catalog/hmis-sub-district-level-item-wise-monthly-report-of-chhattisgarh
Item-wise report for Bijapur (for),https://data.gov.in/catalog/hmis-sub-district-level-item-wise-monthly-report-of-daman-and-diu
Item-wise report for Bijapur (for),https://data.gov.in/catalog/hmis-sub-district-level-item-wise-monthly-report-of-delhi
Item-wise report for Bijapur (for),https://data.gov.in/catalog/hmis-sub-district-level-item-wise-monthly-report-of-gujarat
Item-wise report for Bijapur (for),https://data.gov.in/catalog/hmis-sub-district-level-item-wise-monthly-report-of-haryana
Item-wise report for Bijapur (for),https://data.gov.in/catalog/hmis-sub-district-level-item-wise-monthly-report-of-himachal-pradesh
Item-wise report for Bijapur (for),https://data.gov.in/catalog/hmis-sub-district-level-item-wise-monthly-report-of-jammu-and-kashmir
Item-wise report for Bijapur (for),https://data.gov.in/catalog/hmis-sub-district-level-item-wise-monthly-report-of-jharkhand
Item-wise report for Bijapur (for),https://data.gov.in/catalog/hmis-sub-district-level-item-wise-monthly-report-of-karnataka
Item-wise report for Bijapur (for),https://data.gov.in/catalog/hmis-sub-district-level-item-wise-monthly-report-of-madhya-pradesh
Item-wise report for Bijapur (for),https://data.gov.in/catalog/hmis-sub-district-level-item-wise-monthly-report-of-maharashtra
Item-wise report for Bijapur (for),https://data.gov.in/catalog/hmis-sub-district-level-item-wise-monthly-report-of-manipur
Item-wise report for Bijapur (for),https://data.gov.in/catalog/hmis-sub-district-level-item-wise-monthly-report-of-mizoram
Item-wise report for Bijapur (for),https://data.gov.in/catalog/hmis-sub-district-level-item-wise-monthly-report-of-nagaland
Item-wise report for Bijapur (for),https://data.gov.in/catalog/hmis-sub-district-level-item-wise-monthly-report-of-odisha
Item-wise report for Bijapur (for),https://data.gov.in/catalog/hmis-sub-district-level-item-wise-monthly-report-of-punjab
Item-wise report for Bijapur (for),https://data.gov.in/catalog/hmis-sub-district-level-item-wise-monthly-report-of-rajasthan
Item-wise report for Bijapur (for),https://data.gov.in/catalog/hmis-sub-district-level-item-wise-monthly-report-of-sikkim
Item-wise report for Bijapur (for),https://data.gov.in/catalog/hmis-sub-district-level-item-wise-monthly-report-of-tamil-nadu
Item-wise report for Bijapur (for),https://data.gov.in/catalog/hmis-sub-district-level-item-wise-monthly-report-of-telangana
Item-wise report for Bijapur (for),https://data.gov.in/catalog/hmis-sub-district-level-item-wise-monthly-report-of-tripura
Item-wise report for Bijapur (for),https://data.gov.in/catalog/hmis-sub-district-level-item-wise-monthly-report-of-uttar-pradesh
Item-wise report for Bijapur (for),https://data.gov.in/catalog/hmis-sub-district-level-item-wise-monthly-report-of-uttarakhand
Item-wise report for Bijapur (for),https://data.gov.in/catalog/hmis-sub-district-level-item-wise-monthly-report-of-west-bengal
Item-wise report for Bijapur (upto),https://data.gov.in/catalog/hmis-sub-district-level-item-wise-monthly-report-of-andhra-pradesh
Item-wise report for Bijapur (upto),https://data.gov.in/catalog/hmis-sub-district-level-item-wise-monthly-report-of-arunachal-pradesh
Item-wise report for Bijapur (upto),https://data.gov.in/catalog/hmis-sub-district-level-item-wise-monthly-report-of-assam
Item-wise report for Bijapur (upto),https://data.gov.in/catalog/hmis-sub-district-level-item-wise-monthly-report-of-bihar
Item-wise report for Bijapur (upto),https://data.gov.in/catalog/hmis-sub-district-level-item-wise-monthly-report-of-chhattisgarh
Item-wise report for Bijapur (upto),https://data.gov.in/catalog/hmis-sub-district-level-item-wise-monthly-report-of-daman-and-diu
Item-wise report for Bijapur (upto),https://data.gov.in/catalog/hmis-sub-district-level-item-wise-monthly-report-of-delhi
Item-wise report for Bijapur (upto),https://data.gov.in/catalog/hmis-sub-district-level-item-wise-monthly-report-of-gujarat
Item-wise report for Bijapur (upto),https://data.gov.in/catalog/hmis-sub-district-level-item-wise-monthly-report-of-haryana
Item-wise report for Bijapur (upto),https://data.gov.in/catalog/hmis-sub-district-level-item-wise-monthly-report-of-himachal-pradesh
Item-wise report for Bijapur (upto),https://data.gov.in/catalog/hmis-sub-district-level-item-wise-monthly-report-of-jammu-and-kashmir
Item-wise report for Bijapur (upto),https://data.gov.in/catalog/hmis-sub-district-level-item-wise-monthly-report-of-jharkhand
Item-wise report for Bijapur (upto),https://data.gov.in/catalog/hmis-sub-district-level-item-wise-monthly-report-of-karnataka
Item-wise report for Bijapur (upto),https://data.gov.in/catalog/hmis-sub-district-level-item-wise-monthly-report-of-madhya-pradesh
Item-wise report for Bijapur (upto),https://data.gov.in/catalog/hmis-sub-district-level-item-wise-monthly-report-of-maharashtra
Item-wise report for Bijapur (upto),https://data.gov.in/catalog/hmis-sub-district-level-item-wise-monthly-report-of-manipur
Item-wise report for Bijapur (upto),https://data.gov.in/catalog/hmis-sub-district-level-item-wise-monthly-report-of-mizoram
Item-wise report for Bijapur (upto),https://data.gov.in/catalog/hmis-sub-district-level-item-wise-monthly-report-of-nagaland
Item-wise report for Bijapur (upto),https://data.gov.in/catalog/hmis-sub-district-level-item-wise-monthly-report-of-odisha
Item-wise report for Bijapur (upto),https://data.gov.in/catalog/hmis-sub-district-level-item-wise-monthly-report-of-punjab
Item-wise report for Bijapur (upto),https://data.gov.in/catalog/hmis-sub-district-level-item-wise-monthly-report-of-rajasthan
Item-wise report for Bijapur (upto),https://data.gov.in/catalog/hmis-sub-district-level-item-wise-monthly-report-of-sikkim
Item-wise report for Bijapur (upto),https://data.gov.in/catalog/hmis-sub-district-level-item-wise-monthly-report-of-tamil-nadu
Item-wise report for Bijapur (upto),https://data.gov.in/catalog/hmis-sub-district-level-item-wise-monthly-report-of-telangana
Item-wise report for Bijapur (upto),https://data.gov.in/catalog/hmis-sub-district-level-item-wise-monthly-report-of-tripura
Item-wise report for Bijapur (upto),https://data.gov.in/catalog/hmis-sub-district-level-item-wise-monthly-report-of-uttar-pradesh
Item-wise report for Bijapur (upto),https://data.gov.in/catalog/hmis-sub-district-level-item-wise-monthly-report-of-uttarakhand
Item-wise report for Bijapur (upto),https://data.gov.in/catalog/hmis-sub-district-level-item-wise-monthly-report-of-west-bengal
Item-wise report for Birbhum (for),https://data.gov.in/catalog/hmis-sub-district-level-item-wise-monthly-report-of-west-bengal
Item-wise report for Birbhum (upto),https://data.gov.in/catalog/hmis-sub-district-level-item-wise-monthly-report-of-west-bengal
Item-wise report for Bongaigaon (for),https://data.gov.in/catalog/hmis-sub-district-level-item-wise-monthly-report-of-assam
Item-wise report for Bongaigaon (upto),https://data.gov.in/catalog/hmis-sub-district-level-item-wise-monthly-report-of-assam
Item-wise report for Brihan Mumbai (for),https://data.gov.in/catalog/hmis-sub-district-level-item-wise-monthly-report-of-maharashtra
Item-wise report for Brihan Mumbai (upto),https://data.gov.in/catalog/hmis-sub-district-level-item-wise-monthly-report-of-maharashtra
Item-wise report for Bulandshahar (for),https://data.gov.in/catalog/hmis-sub-district-level-item-wise-monthly-report-of-uttar-pradesh
Item-wise report for Bulandshahar (upto),https://data.gov.in/catalog/hmis-sub-district-level-item-wise-monthly-report-of-uttar-pradesh
Item-wise report for C S M Nagar (for),https://data.gov.in/catalog/hmis-sub-district-level-item-wise-monthly-report-of-uttar-pradesh
Item-wise report for C S M Nagar (upto),https://data.gov.in/catalog/hmis-sub-district-level-item-wise-monthly-report-of-uttar-pradesh
Item-wise report for Changlang (for),https://data.gov.in/catalog/hmis-sub-district-level-item-wise-monthly-report-of-arunachal-pradesh
Item-wise report for Changlang (upto),https://data.gov.in/catalog/hmis-sub-district-level-item-wise-monthly-report-of-arunachal-pradesh
Item-wise report for Charkhi Dadri (for),https://data.gov.in/catalog/hmis-sub-district-level-item-wise-monthly-report-of-haryana
Item-wise report for Charkhi Dadri (upto),https://data.gov.in/catalog/hmis-sub-district-level-item-wise-monthly-report-of-haryana
Item-wise report for Chennai (for),https://data.gov.in/catalog/hmis-sub-district-level-item-wise-monthly-report-of-tamil-nadu
Item-wise report for Chennai (upto),https://data.gov.in/catalog/hmis-sub-district-level-item-wise-monthly-report-of-tamil-nadu
Item-wise report for Chhindwada (for),https://data.gov.in/catalog/hmis-sub-district-level-item-wise-monthly-report-of-madhya-pradesh
Item-wise report for Chhindwada (upto),https://data.gov.in/catalog/hmis-sub-district-level-item-wise-monthly-report-of-madhya-pradesh
Item-wise report for Chhotaudepur (for),https://data.gov.in/catalog/hmis-sub-district-level-item-wise-monthly-report-of-gujarat
Item-wise report for Chhotaudepur (for),https://data.gov.in/catalog/hmis-sub-district-level-item-wise-monthly-report-of-madhya-pradesh
Item-wise report for Chikkaballapur (for),https://data.gov.in/catalog/hmis-sub-district-level-item-wise-monthly-report-of-karnataka
Item-wise report for Chikkaballapur (upto),https://data.gov.in/catalog/hmis-sub-district-level-item-wise-monthly-report-of-karnataka
Item-wise report for Chikmagalur (for),https://data.gov.in/catalog/hmis-sub-district-level-item-wise-monthly-report-of-karnataka
Item-wise report for Chitradurga (for),https://data.gov.in/catalog/hmis-sub-district-level-item-wise-monthly-report-of-karnataka
Item-wise report for Chitradurga (for),https://data.gov.in/catalog/hmis-sub-district-level-item-wise-monthly-report-of-rajasthan
Item-wise report for Chitradurga (upto),https://data.gov.in/catalog/hmis-sub-district-level-item-wise-monthly-report-of-karnataka
Item-wise report for Chitradurga (upto),https://data.gov.in/catalog/hmis-sub-district-level-item-wise-monthly-report-of-rajasthan
Item-wise report for Chitrakoot (for),https://data.gov.in/catalog/hmis-sub-district-level-item-wise-monthly-report-of-uttar-pradesh
Item-wise report for Chitrakoot (upto),https://data.gov.in/catalog/hmis-sub-district-level-item-wise-monthly-report-of-uttar-pradesh
Item-wise report for Chittoor (for),https://data.gov.in/catalog/hmis-sub-district-level-item-wise-monthly-report-of-andhra-pradesh
Item-wise report for Chittoor (upto),https://data.gov.in/catalog/hmis-sub-district-level-item-wise-monthly-report-of-andhra-pradesh
Item-wise report for Churachandpur (for),https://data.gov.in/catalog/hmis-sub-district-level-item-wise-monthly-report-of-madhya-pradesh
Item-wise report for Churachandpur (for),https://data.gov.in/catalog/hmis-sub-district-level-item-wise-monthly-report-of-manipur
Item-wise report for Churachandpur (upto),https://data.gov.in/catalog/hmis-sub-district-level-item-wise-monthly-report-of-madhya-pradesh
Item-wise report for Churachandpur (upto),https://data.gov.in/catalog/hmis-sub-district-level-item-wise-monthly-report-of-manipur
Item-wise report for Coimbatore (for),https://data.gov.in/catalog/hmis-sub-district-level-item-wise-monthly-report-of-tamil-nadu
Item-wise report for Coimbatore (upto),https://data.gov.in/catalog/hmis-sub-district-level-item-wise-monthly-report-of-tamil-nadu
Item-wise report for Cuddalore (for),https://data.gov.in/catalog/hmis-sub-district-level-item-wise-monthly-report-of-tamil-nadu
Item-wise report for Cuddalore (upto),https://data.gov.in/catalog/hmis-sub-district-level-item-wise-monthly-report-of-tamil-nadu
Item-wise report for Cuddapah (for),https://data.gov.in/catalog/hmis-sub-district-level-item-wise-monthly-report-of-andhra-pradesh
Item-wise report for Cuddapah (upto),https://data.gov.in/catalog/hmis-sub-district-level-item-wise-monthly-report-of-andhra-pradesh
Item-wise report for Cuttack (for),https://data.gov.in/catalog/hmis-sub-district-level-item-wise-monthly-report-of-odisha
Item-wise report for Cuttack (upto),https://data.gov.in/catalog/hmis-sub-district-level-item-wise-monthly-report-of-odisha
Item-wise report for Dakshin Dinajpur (for),https://data.gov.in/catalog/hmis-sub-district-level-item-wise-monthly-report-of-west-bengal
Item-wise report for Dakshin Dinajpur (upto),https://data.gov.in/catalog/hmis-sub-district-level-item-wise-monthly-report-of-west-bengal
Item-wise report for Dakshina Kannada (for),https://data.gov.in/catalog/hmis-sub-district-level-item-wise-monthly-report-of-karnataka
Item-wise report for Dakshina Kannada (upto),https://data.gov.in/catalog/hmis-sub-district-level-item-wise-monthly-report-of-karnataka
Item-wise report for Dantewada (for),https://data.gov.in/catalog/hmis-sub-district-level-item-wise-monthly-report-of-chhattisgarh
Item-wise report for Dantewada (upto),https://data.gov.in/catalog/hmis-sub-district-level-item-wise-monthly-report-of-chhattisgarh
Item-wise report for Darjiling (for),https://data.gov.in/catalog/hmis-sub-district-level-item-wise-monthly-report-of-west-bengal
Item-wise report for Darjiling (upto),https://data.gov.in/catalog/hmis-sub-district-level-item-wise-monthly-report-of-west-bengal
Item-wise report for Davanagere (for),https://data.gov.in/catalog/hmis-sub-district-level-item-wise-monthly-report-of-karnataka
Item-wise report for Davanagere (upto),https://data.gov.in/catalog/hmis-sub-district-level-item-wise-monthly-report-of-karnataka
Item-wise report for Devbhumi Dwarka (for),https://data.gov.in/catalog/hmis-sub-district-level-item-wise-monthly-report-of-gujarat
Item-wise report for Devbhumi Dwarka (upto),https://data.gov.in/catalog/hmis-sub-district-level-item-wise-monthly-report-of-gujarat
Item-wise report for Dhenkanal (for),https://data.gov.in/catalog/hmis-sub-district-level-item-wise-monthly-report-of-odisha
Item-wise report for Dhenkanal (upto),https://data.gov.in/catalog/hmis-sub-district-level-item-wise-monthly-report-of-odisha
Item-wise report for Dima Hasao (for),https://data.gov.in/catalog/hmis-sub-district-level-item-wise-monthly-report-of-assam
Item-wise report for Dima Hasao (upto),https://data.gov.in/catalog/hmis-sub-district-level-item-wise-monthly-report-of-assam
Item-wise report for Dungarpur (for),https://data.gov.in/catalog/hmis-sub-district-level-item-wise-monthly-report-of-rajasthan
Item-wise report for Dungarpur (upto),https://data.gov.in/catalog/hmis-sub-district-level-item-wise-monthly-report-of-rajasthan
Item-wise report for East Champaran (for),https://data.gov.in/catalog/hmis-sub-district-level-item-wise-monthly-report-of-bihar
Item-wise report for East Champaran (upto),https://data.gov.in/catalog/hmis-sub-district-level-item-wise-monthly-report-of-bihar
Item-wise report for East Garo Hills (for),https://data.gov.in/catalog/hmis-sub-district-level-item-wise-monthly-report-of-meghalaya
Item-wise report for East Garo Hills (upto),https://data.gov.in/catalog/hmis-sub-district-level-item-wise-monthly-report-of-meghalaya
Item-wise report for East Godavari (for),https://data.gov.in/catalog/hmis-sub-district-level-item-wise-monthly-report-of-andhra-pradesh
Item-wise report for East Godavari (upto),https://data.gov.in/catalog/hmis-sub-district-level-item-wise-monthly-report-of-andhra-pradesh
Item-wise report for East Jaintia Hills (for),https://data.gov.in/catalog/hmis-sub-district-level-item-wise-monthly-report-of-meghalaya
Item-wise report for East Jaintia Hills (upto),https://data.gov.in/catalog/hmis-sub-district-level-item-wise-monthly-report-of-meghalaya
Item-wise report for East Kameng (for),https://data.gov.in/catalog/hmis-sub-district-level-item-wise-monthly-report-of-arunachal-pradesh
Item-wise report for East Kameng (upto),https://data.gov.in/catalog/hmis-sub-district-level-item-wise-monthly-report-of-arunachal-pradesh
Item-wise report for East Khasi Hills (for),https://data.gov.in/catalog/hmis-sub-district-level-item-wise-monthly-report-of-meghalaya
Item-wise report for East Khasi Hills (upto),https://data.gov.in/catalog/hmis-sub-district-level-item-wise-monthly-report-of-meghalaya
Item-wise report for Ernakulam (for),https://data.gov.in/catalog/hmis-sub-district-level-item-wise-monthly-report-of-kerala
Item-wise report for Ernakulam (upto),https://data.gov.in/catalog/hmis-sub-district-level-item-wise-monthly-report-of-kerala
Item-wise report for Faridkot (for),https://data.gov.in/catalog/hmis-sub-district-level-item-wise-monthly-report-of-punjab
Item-wise report for Faridkot (upto),https://data.gov.in/catalog/hmis-sub-district-level-item-wise-monthly-report-of-punjab
Item-wise report for Farrukhabad (for),https://data.gov.in/catalog/hmis-sub-district-level-item-wise-monthly-report-of-uttar-pradesh
Item-wise report for Fatehgarh Sahib (for),https://data.gov.in/catalog/hmis-sub-district-level-item-wise-monthly-report-of-punjab
Item-wise report for Fatehgarh Sahib (upto),https://data.gov.in/catalog/hmis-sub-district-level-item-wise-monthly-report-of-punjab
Item-wise report for Fatehpur (for),https://data.gov.in/catalog/hmis-sub-district-level-item-wise-monthly-report-of-uttar-pradesh
Item-wise report for Fatehpur (upto),https://data.gov.in/catalog/hmis-sub-district-level-item-wise-monthly-report-of-uttar-pradesh
Item-wise report for Fazilka (for),https://data.gov.in/catalog/hmis-sub-district-level-item-wise-monthly-report-of-punjab
Item-wise report for Fazilka (upto),https://data.gov.in/catalog/hmis-sub-district-level-item-wise-monthly-report-of-punjab
Item-wise report for Firozpur (for),https://data.gov.in/catalog/hmis-sub-district-level-item-wise-monthly-report-of-punjab
Item-wise report for Firozpur (upto),https://data.gov.in/catalog/hmis-sub-district-level-item-wise-monthly-report-of-punjab
Item-wise report for Gadchiroli (for),https://data.gov.in/catalog/hmis-sub-district-level-item-wise-monthly-report-of-maharashtra
Item-wise report for Gadchiroli (upto),https://data.gov.in/catalog/hmis-sub-district-level-item-wise-monthly-report-of-maharashtra
Item-wise report for Gajapati (for),https://data.gov.in/catalog/hmis-sub-district-level-item-wise-monthly-report-of-odisha
Item-wise report for Gajapati (upto),https://data.gov.in/catalog/hmis-sub-district-level-item-wise-monthly-report-of-odisha
Item-wise report for Ganderbal (for),https://data.gov.in/catalog/hmis-sub-district-level-item-wise-monthly-report-of-jammu-and-kashmir
Item-wise report for Ganderbal (upto),https://data.gov.in/catalog/hmis-sub-district-level-item-wise-monthly-report-of-jammu-and-kashmir
Item-wise report for Ganganagar (for),https://data.gov.in/catalog/hmis-sub-district-level-item-wise-monthly-report-of-gujarat
Item-wise report for Ganganagar (for),https://data.gov.in/catalog/hmis-sub-district-level-item-wise-monthly-report-of-rajasthan
Item-wise report for Ganganagar (upto),https://data.gov.in/catalog/hmis-sub-district-level-item-wise-monthly-report-of-gujarat
Item-wise report for Ganganagar (upto),https://data.gov.in/catalog/hmis-sub-district-level-item-wise-monthly-report-of-rajasthan
Item-wise report for Gariyaband (for),https://data.gov.in/catalog/hmis-sub-district-level-item-wise-monthly-report-of-chhattisgarh
Item-wise report for Gariyaband (for),https://data.gov.in/catalog/hmis-sub-district-level-item-wise-monthly-report-of-uttar-pradesh
Item-wise report for Gariyaband (upto),https://data.gov.in/catalog/hmis-sub-district-level-item-wise-monthly-report-of-chhattisgarh
Item-wise report for Gariyaband (upto),https://data.gov.in/catalog/hmis-sub-district-level-item-wise-monthly-report-of-uttar-pradesh
Item-wise report for Gautam Buddha Nagar (for),https://data.gov.in/catalog/hmis-sub-district-level-item-wise-monthly-report-of-uttar-pradesh
Item-wise report for Gautam Buddha Nagar (upto),https://data.gov.in/catalog/hmis-sub-district-level-item-wise-monthly-report-of-uttar-pradesh
Item-wise report for Gir Somnath (for),https://data.gov.in/catalog/hmis-sub-district-level-item-wise-monthly-report-of-gujarat
Item-wise report for Gir Somnath (upto),https://data.gov.in/catalog/hmis-sub-district-level-item-wise-monthly-report-of-gujarat
Item-wise report for Giridih (for),https://data.gov.in/catalog/hmis-sub-district-level-item-wise-monthly-report-of-jharkhand
Item-wise report for Giridih (upto),https://data.gov.in/catalog/hmis-sub-district-level-item-wise-monthly-report-of-jharkhand
Item-wise report for Goalpara (for),https://data.gov.in/catalog/hmis-sub-district-level-item-wise-monthly-report-of-assam
Item-wise report for Goalpara (upto),https://data.gov.in/catalog/hmis-sub-district-level-item-wise-monthly-report-of-assam
Item-wise report for Golaghat (for),https://data.gov.in/catalog/hmis-sub-district-level-item-wise-monthly-report-of-assam
Item-wise report for Golaghat (upto),https://data.gov.in/catalog/hmis-sub-district-level-item-wise-monthly-report-of-assam
Item-wise report for Gopalganj (for),https://data.gov.in/catalog/hmis-sub-district-level-item-wise-monthly-report-of-bihar
Item-wise report for Gopalganj (upto),https://data.gov.in/catalog/hmis-sub-district-level-item-wise-monthly-report-of-bihar
Item-wise report for Gorakhpur (for),https://data.gov.in/catalog/hmis-sub-district-level-item-wise-monthly-report-of-uttar-pradesh
Item-wise report for Gorakhpur (upto),https://data.gov.in/catalog/hmis-sub-district-level-item-wise-monthly-report-of-uttar-pradesh
Item-wise report for Gurdaspur (for),https://data.gov.in/catalog/hmis-sub-district-level-item-wise-monthly-report-of-punjab
Item-wise report for Gurdaspur (upto),https://data.gov.in/catalog/hmis-sub-district-level-item-wise-monthly-report-of-punjab
Item-wise report for Gwalior (for),https://data.gov.in/catalog/hmis-sub-district-level-item-wise-monthly-report-of-madhya-pradesh
Item-wise report for Gwalior (upto),https://data.gov.in/catalog/hmis-sub-district-level-item-wise-monthly-report-of-madhya-pradesh
Item-wise report for Hailakandi (for),https://data.gov.in/catalog/hmis-sub-district-level-item-wise-monthly-report-of-assam
Item-wise report for Hailakandi (upto),https://data.gov.in/catalog/hmis-sub-district-level-item-wise-monthly-report-of-assam
Item-wise report for Hamirpur (for),https://data.gov.in/catalog/hmis-sub-district-level-item-wise-monthly-report-of-andhra-pradesh
Item-wise report for Hamirpur (for),https://data.gov.in/catalog/hmis-sub-district-level-item-wise-monthly-report-of-bihar
Item-wise report for Hamirpur (for),https://data.gov.in/catalog/hmis-sub-district-level-item-wise-monthly-report-of-haryana
Item-wise report for Hamirpur (for),https://data.gov.in/catalog/hmis-sub-district-level-item-wise-monthly-report-of-himachal-pradesh
Item-wise report for Hamirpur (for),https://data.gov.in/catalog/hmis-sub-district-level-item-wise-monthly-report-of-jharkhand
Item-wise report for Hamirpur (for),https://data.gov.in/catalog/hmis-sub-district-level-item-wise-monthly-report-of-karnataka
Item-wise report for Hamirpur (for),https://data.gov.in/catalog/hmis-sub-district-level-item-wise-monthly-report-of-madhya-pradesh
Item-wise report for Hamirpur (for),https://data.gov.in/catalog/hmis-sub-district-level-item-wise-monthly-report-of-maharashtra
Item-wise report for Hamirpur (for),https://data.gov.in/catalog/hmis-sub-district-level-item-wise-monthly-report-of-odisha
Item-wise report for Hamirpur (for),https://data.gov.in/catalog/hmis-sub-district-level-item-wise-monthly-report-of-punjab
Item-wise report for Hamirpur (for),https://data.gov.in/catalog/hmis-sub-district-level-item-wise-monthly-report-of-tripura
Item-wise report for Hamirpur (for),https://data.gov.in/catalog/hmis-sub-district-level-item-wise-monthly-report-of-uttar-pradesh
Item-wise report for Hamirpur (for),https://data.gov.in/catalog/hmis-sub-district-level-item-wise-monthly-report-of-uttarakhand
Item-wise report for Hamirpur (for),https://data.gov.in/catalog/hmis-sub-district-level-item-wise-monthly-report-of-west-bengal
Item-wise report for Hamirpur (upto),https://data.gov.in/catalog/hmis-sub-district-level-item-wise-monthly-report-of-andhra-pradesh
Item-wise report for Hamirpur (upto),https://data.gov.in/catalog/hmis-sub-district-level-item-wise-monthly-report-of-bihar
Item-wise report for Hamirpur (upto),https://data.gov.in/catalog/hmis-sub-district-level-item-wise-monthly-report-of-haryana
Item-wise report for Hamirpur (upto),https://data.gov.in/catalog/hmis-sub-district-level-item-wise-monthly-report-of-himachal-pradesh
Item-wise report for Hamirpur (upto),https://data.gov.in/catalog/hmis-sub-district-level-item-wise-monthly-report-of-jharkhand
Item-wise report for Hamirpur (upto),https://data.gov.in/catalog/hmis-sub-district-level-item-wise-monthly-report-of-karnataka
Item-wise report for Hamirpur (upto),https://data.gov.in/catalog/hmis-sub-district-level-item-wise-monthly-report-of-madhya-pradesh
Item-wise report for Hamirpur (upto),https://data.gov.in/catalog/hmis-sub-district-level-item-wise-monthly-report-of-maharashtra
Item-wise report for Hamirpur (upto),https://data.gov.in/catalog/hmis-sub-district-level-item-wise-monthly-report-of-odisha
Item-wise report for Hamirpur (upto),https://data.gov.in/catalog/hmis-sub-district-level-item-wise-monthly-report-of-punjab
Item-wise report for Hamirpur (upto),https://data.gov.in/catalog/hmis-sub-district-level-item-wise-monthly-report-of-tripura
Item-wise report for Hamirpur (upto),https://data.gov.in/catalog/hmis-sub-district-level-item-wise-monthly-report-of-uttar-pradesh
Item-wise report for Hamirpur (upto),https://data.gov.in/catalog/hmis-sub-district-level-item-wise-monthly-report-of-uttarakhand
Item-wise report for Hamirpur (upto),https://data.gov.in/catalog/hmis-sub-district-level-item-wise-monthly-report-of-west-bengal
Item-wise report for Hanumangarh (for),https://data.gov.in/catalog/hmis-sub-district-level-item-wise-monthly-report-of-rajasthan
Item-wise report for Hanumangarh (upto),https://data.gov.in/catalog/hmis-sub-district-level-item-wise-monthly-report-of-rajasthan
Item-wise report for Hazaribagh (for),https://data.gov.in/catalog/hmis-sub-district-level-item-wise-monthly-report-of-jharkhand
Item-wise report for Hazaribagh (upto),https://data.gov.in/catalog/hmis-sub-district-level-item-wise-monthly-report-of-jharkhand
Item-wise report for Hingoli (for),https://data.gov.in/catalog/hmis-sub-district-level-item-wise-monthly-report-of-maharashtra
Item-wise report for Hingoli (for),https://data.gov.in/catalog/hmis-sub-district-level-item-wise-monthly-report-of-west-bengal
Item-wise report for Hingoli (upto),https://data.gov.in/catalog/hmis-sub-district-level-item-wise-monthly-report-of-maharashtra
Item-wise report for Hingoli (upto),https://data.gov.in/catalog/hmis-sub-district-level-item-wise-monthly-report-of-west-bengal
Item-wise report for Hooghly (for),https://data.gov.in/catalog/hmis-sub-district-level-item-wise-monthly-report-of-west-bengal
Item-wise report for Hooghly (upto),https://data.gov.in/catalog/hmis-sub-district-level-item-wise-monthly-report-of-west-bengal
Item-wise report for Hoshangabad (for),https://data.gov.in/catalog/hmis-sub-district-level-item-wise-monthly-report-of-madhya-pradesh
Item-wise report for Hoshangabad (upto),https://data.gov.in/catalog/hmis-sub-district-level-item-wise-monthly-report-of-madhya-pradesh
Item-wise report for Hyderabad (for),https://data.gov.in/catalog/hmis-sub-district-level-item-wise-monthly-report-of-andhra-pradesh
Item-wise report for Hyderabad (for),https://data.gov.in/catalog/hmis-sub-district-level-item-wise-monthly-report-of-telangana
Item-wise report for Hyderabad (upto),https://data.gov.in/catalog/hmis-sub-district-level-item-wise-monthly-report-of-andhra-pradesh
Item-wise report for Hyderabad (upto),https://data.gov.in/catalog/hmis-sub-district-level-item-wise-monthly-report-of-telangana
Item-wise report for Idukki (for),https://data.gov.in/catalog/hmis-sub-district-level-item-wise-monthly-report-of-kerala
Item-wise report for Idukki (upto),https://data.gov.in/catalog/hmis-sub-district-level-item-wise-monthly-report-of-kerala
Item-wise report for Imphal East (for),https://data.gov.in/catalog/hmis-sub-district-level-item-wise-monthly-report-of-manipur
Item-wise report for Imphal East (upto),https://data.gov.in/catalog/hmis-sub-district-level-item-wise-monthly-report-of-manipur
Item-wise report for Imphal West (for),https://data.gov.in/catalog/hmis-sub-district-level-item-wise-monthly-report-of-manipur
Item-wise report for Imphal West (upto),https://data.gov.in/catalog/hmis-sub-district-level-item-wise-monthly-report-of-manipur
Item-wise report for Indore (for),https://data.gov.in/catalog/hmis-sub-district-level-item-wise-monthly-report-of-madhya-pradesh
Item-wise report for Indore (upto),https://data.gov.in/catalog/hmis-sub-district-level-item-wise-monthly-report-of-madhya-pradesh
Item-wise report for JAYASHANKAR BHUPALPALLY (for),https://data.gov.in/catalog/hmis-sub-district-level-item-wise-monthly-report-of-telangana
Item-wise report for JAYASHANKAR BHUPALPALLY (upto),https://data.gov.in/catalog/hmis-sub-district-level-item-wise-monthly-report-of-telangana
Item-wise report for JOGULAMBA GADWAL (for),https://data.gov.in/catalog/hmis-sub-district-level-item-wise-monthly-report-of-telangana
Item-wise report for JOGULAMBA GADWAL (upto),https://data.gov.in/catalog/hmis-sub-district-level-item-wise-monthly-report-of-telangana
Item-wise report for Jaisalmer (for),https://data.gov.in/catalog/hmis-sub-district-level-item-wise-monthly-report-of-rajasthan
Item-wise report for Jaisalmer (upto),https://data.gov.in/catalog/hmis-sub-district-level-item-wise-monthly-report-of-rajasthan
Item-wise report for Jalpaiguri (for),https://data.gov.in/catalog/hmis-sub-district-level-item-wise-monthly-report-of-west-bengal
Item-wise report for Jalpaiguri (upto),https://data.gov.in/catalog/hmis-sub-district-level-item-wise-monthly-report-of-west-bengal
Item-wise report for Janjgir Champa (for),https://data.gov.in/catalog/hmis-sub-district-level-item-wise-monthly-report-of-chhattisgarh
Item-wise report for Janjgir Champa (upto),https://data.gov.in/catalog/hmis-sub-district-level-item-wise-monthly-report-of-chhattisgarh
Item-wise report for Jhargram (for),https://data.gov.in/catalog/hmis-sub-district-level-item-wise-monthly-report-of-west-bengal
Item-wise report for Jhargram (upto),https://data.gov.in/catalog/hmis-sub-district-level-item-wise-monthly-report-of-west-bengal
Item-wise report for Jharsuguda (for),https://data.gov.in/catalog/hmis-sub-district-level-item-wise-monthly-report-of-odisha
Item-wise report for Jharsuguda (upto),https://data.gov.in/catalog/hmis-sub-district-level-item-wise-monthly-report-of-odisha
Item-wise report for Jhunjhunun (for),https://data.gov.in/catalog/hmis-sub-district-level-item-wise-monthly-report-of-rajasthan
Item-wise report for Jhunjhunun (upto),https://data.gov.in/catalog/hmis-sub-district-level-item-wise-monthly-report-of-rajasthan
Item-wise report for Junagadh (for),https://data.gov.in/catalog/hmis-sub-district-level-item-wise-monthly-report-of-gujarat
Item-wise report for Junagadh (upto),https://data.gov.in/catalog/hmis-sub-district-level-item-wise-monthly-report-of-gujarat
Item-wise report for Jyotiba Phule Nagar (for),https://data.gov.in/catalog/hmis-sub-district-level-item-wise-monthly-report-of-uttar-pradesh
Item-wise report for Jyotiba Phule Nagar (upto),https://data.gov.in/catalog/hmis-sub-district-level-item-wise-monthly-report-of-uttar-pradesh
Item-wise report for KAMAREDDY (for),https://data.gov.in/catalog/hmis-sub-district-level-item-wise-monthly-report-of-telangana
Item-wise report for KOMARAM BHEEM (for),https://data.gov.in/catalog/hmis-sub-district-level-item-wise-monthly-report-of-telangana
Item-wise report for KOMARAM BHEEM (upto),https://data.gov.in/catalog/hmis-sub-district-level-item-wise-monthly-report-of-telangana
Item-wise report for KOZHIKKODE (for),https://data.gov.in/catalog/hmis-sub-district-level-item-wise-monthly-report-of-kerala
Item-wise report for KOZHIKKODE (upto),https://data.gov.in/catalog/hmis-sub-district-level-item-wise-monthly-report-of-kerala
Item-wise report for Kaimur Bhabua (for),https://data.gov.in/catalog/hmis-sub-district-level-item-wise-monthly-report-of-bihar
Item-wise report for Kaimur Bhabua (upto),https://data.gov.in/catalog/hmis-sub-district-level-item-wise-monthly-report-of-bihar
Item-wise report for Kalahandi (for),https://data.gov.in/catalog/hmis-sub-district-level-item-wise-monthly-report-of-odisha
Item-wise report for Kalahandi (upto),https://data.gov.in/catalog/hmis-sub-district-level-item-wise-monthly-report-of-odisha
Item-wise report for Kalimpong (for),https://data.gov.in/catalog/hmis-sub-district-level-item-wise-monthly-report-of-west-bengal
Item-wise report for Kalimpong (upto),https://data.gov.in/catalog/hmis-sub-district-level-item-wise-monthly-report-of-west-bengal
Item-wise report for Kamrup Metropolitan (for),https://data.gov.in/catalog/hmis-sub-district-level-item-wise-monthly-report-of-assam
Item-wise report for Kamrup Rural (for),https://data.gov.in/catalog/hmis-sub-district-level-item-wise-monthly-report-of-assam
Item-wise report for Kancheepuram (for),https://data.gov.in/catalog/hmis-sub-district-level-item-wise-monthly-report-of-tamil-nadu
Item-wise report for Kancheepuram (upto),https://data.gov.in/catalog/hmis-sub-district-level-item-wise-monthly-report-of-tamil-nadu
Item-wise report for Kanniyakumari (for),https://data.gov.in/catalog/hmis-sub-district-level-item-wise-monthly-report-of-tamil-nadu
Item-wise report for Kanniyakumari (upto),https://data.gov.in/catalog/hmis-sub-district-level-item-wise-monthly-report-of-tamil-nadu
Item-wise report for Kanpur Dehat (for),https://data.gov.in/catalog/hmis-sub-district-level-item-wise-monthly-report-of-uttar-pradesh
Item-wise report for Kanpur Dehat (upto),https://data.gov.in/catalog/hmis-sub-district-level-item-wise-monthly-report-of-uttar-pradesh
Item-wise report for Karbi Anglong (for),https://data.gov.in/catalog/hmis-sub-district-level-item-wise-monthly-report-of-assam
Item-wise report for Karbi Anglong (upto),https://data.gov.in/catalog/hmis-sub-district-level-item-wise-monthly-report-of-assam
Item-wise report for Kasaragod (for),https://data.gov.in/catalog/hmis-sub-district-level-item-wise-monthly-report-of-kerala
Item-wise report for Kasaragod (upto),https://data.gov.in/catalog/hmis-sub-district-level-item-wise-monthly-report-of-kerala
Item-wise report for Kashi Ram Nagar (for),https://data.gov.in/catalog/hmis-sub-district-level-item-wise-monthly-report-of-uttar-pradesh
Item-wise report for Kashi Ram Nagar (upto),https://data.gov.in/catalog/hmis-sub-district-level-item-wise-monthly-report-of-uttar-pradesh
Item-wise report for Kaushambi (for),https://data.gov.in/catalog/hmis-sub-district-level-item-wise-monthly-report-of-uttar-pradesh
Item-wise report for Kaushambi (upto),https://data.gov.in/catalog/hmis-sub-district-level-item-wise-monthly-report-of-uttar-pradesh
Item-wise report for Kendrapara (for),https://data.gov.in/catalog/hmis-sub-district-level-item-wise-monthly-report-of-odisha
Item-wise report for Kendrapara (upto),https://data.gov.in/catalog/hmis-sub-district-level-item-wise-monthly-report-of-odisha
Item-wise report for Khargone (for),https://data.gov.in/catalog/hmis-sub-district-level-item-wise-monthly-report-of-madhya-pradesh
Item-wise report for Khargone (upto),https://data.gov.in/catalog/hmis-sub-district-level-item-wise-monthly-report-of-madhya-pradesh
Item-wise report for Kra Daadi (for),https://data.gov.in/catalog/hmis-sub-district-level-item-wise-monthly-report-of-arunachal-pradesh
Item-wise report for Kra Daadi (upto),https://data.gov.in/catalog/hmis-sub-district-level-item-wise-monthly-report-of-arunachal-pradesh
Item-wise report for Kurukshetra (for),https://data.gov.in/catalog/hmis-sub-district-level-item-wise-monthly-report-of-haryana
Item-wise report for Kurukshetra (upto),https://data.gov.in/catalog/hmis-sub-district-level-item-wise-monthly-report-of-haryana
Item-wise report for Kurung Kumey (for),https://data.gov.in/catalog/hmis-sub-district-level-item-wise-monthly-report-of-arunachal-pradesh
Item-wise report for Kurung Kumey (upto),https://data.gov.in/catalog/hmis-sub-district-level-item-wise-monthly-report-of-arunachal-pradesh
Item-wise report for Kushinagar (for),https://data.gov.in/catalog/hmis-sub-district-level-item-wise-monthly-report-of-uttar-pradesh
Item-wise report for Kushinagar (upto),https://data.gov.in/catalog/hmis-sub-district-level-item-wise-monthly-report-of-uttar-pradesh
Item-wise report for Lahul Spiti (for),https://data.gov.in/catalog/hmis-sub-district-level-item-wise-monthly-report-of-himachal-pradesh
Item-wise report for Lahul Spiti (upto),https://data.gov.in/catalog/hmis-sub-district-level-item-wise-monthly-report-of-himachal-pradesh
Item-wise report for Lakhisarai (for),https://data.gov.in/catalog/hmis-sub-district-level-item-wise-monthly-report-of-bihar
Item-wise report for Lakhisarai (upto),https://data.gov.in/catalog/hmis-sub-district-level-item-wise-monthly-report-of-bihar
Item-wise report for Lawngtlai (for),https://data.gov.in/catalog/hmis-sub-district-level-item-wise-monthly-report-of-mizoram
Item-wise report for Lawngtlai (upto),https://data.gov.in/catalog/hmis-sub-district-level-item-wise-monthly-report-of-mizoram
Item-wise report for Leh Ladakh (for),https://data.gov.in/catalog/hmis-sub-district-level-item-wise-monthly-report-of-jammu-and-kashmir
Item-wise report for Leh Ladakh (upto),https://data.gov.in/catalog/hmis-sub-district-level-item-wise-monthly-report-of-jammu-and-kashmir
Item-wise report for Lohardaga (for),https://data.gov.in/catalog/hmis-sub-district-level-item-wise-monthly-report-of-jharkhand
Item-wise report for Lohardaga (upto),https://data.gov.in/catalog/hmis-sub-district-level-item-wise-monthly-report-of-jharkhand
Item-wise report for Lower Dibang Valley (for),https://data.gov.in/catalog/hmis-sub-district-level-item-wise-monthly-report-of-arunachal-pradesh
Item-wise report for Lower Dibang Valley (upto),https://data.gov.in/catalog/hmis-sub-district-level-item-wise-monthly-report-of-arunachal-pradesh
Item-wise report for Lower Subansiri (for),https://data.gov.in/catalog/hmis-sub-district-level-item-wise-monthly-report-of-arunachal-pradesh
Item-wise report for Lower Subansiri (upto),https://data.gov.in/catalog/hmis-sub-district-level-item-wise-monthly-report-of-arunachal-pradesh
Item-wise report for Lucknow (for),https://data.gov.in/catalog/hmis-sub-district-level-item-wise-monthly-report-of-uttar-pradesh
Item-wise report for Lucknow (upto),https://data.gov.in/catalog/hmis-sub-district-level-item-wise-monthly-report-of-uttar-pradesh
Item-wise report for Ludhiana (for),https://data.gov.in/catalog/hmis-sub-district-level-item-wise-monthly-report-of-punjab
Item-wise report for Ludhiana (upto),https://data.gov.in/catalog/hmis-sub-district-level-item-wise-monthly-report-of-punjab
Item-wise report for MANCHERIAL (for),https://data.gov.in/catalog/hmis-sub-district-level-item-wise-monthly-report-of-telangana
Item-wise report for MANCHERIAL (upto),https://data.gov.in/catalog/hmis-sub-district-level-item-wise-monthly-report-of-telangana
Item-wise report for MEDCHAL MALKAJGIRI (for),https://data.gov.in/catalog/hmis-sub-district-level-item-wise-monthly-report-of-telangana
Item-wise report for MEDCHAL MALKAJGIRI (upto),https://data.gov.in/catalog/hmis-sub-district-level-item-wise-monthly-report-of-telangana
Item-wise report for Maharajganj (for),https://data.gov.in/catalog/hmis-sub-district-level-item-wise-monthly-report-of-uttar-pradesh
Item-wise report for Maharajganj (upto),https://data.gov.in/catalog/hmis-sub-district-level-item-wise-monthly-report-of-uttar-pradesh
Item-wise report for Mahasamund (for),https://data.gov.in/catalog/hmis-sub-district-level-item-wise-monthly-report-of-chhattisgarh
Item-wise report for Mahasamund (upto),https://data.gov.in/catalog/hmis-sub-district-level-item-wise-monthly-report-of-chhattisgarh
Item-wise report for Mahbubnagar (for),https://data.gov.in/catalog/hmis-sub-district-level-item-wise-monthly-report-of-andhra-pradesh
Item-wise report for Mahbubnagar (for),https://data.gov.in/catalog/hmis-sub-district-level-item-wise-monthly-report-of-telangana
Item-wise report for Mahendragarh (for),https://data.gov.in/catalog/hmis-sub-district-level-item-wise-monthly-report-of-haryana
Item-wise report for Mahendragarh (upto),https://data.gov.in/catalog/hmis-sub-district-level-item-wise-monthly-report-of-haryana
Item-wise report for Malappuram (for),https://data.gov.in/catalog/hmis-sub-district-level-item-wise-monthly-report-of-kerala
Item-wise report for Malappuram (upto),https://data.gov.in/catalog/hmis-sub-district-level-item-wise-monthly-report-of-kerala
Item-wise report for Malkangiri (for),https://data.gov.in/catalog/hmis-sub-district-level-item-wise-monthly-report-of-odisha
Item-wise report for Malkangiri (upto),https://data.gov.in/catalog/hmis-sub-district-level-item-wise-monthly-report-of-odisha
Item-wise report for Maunathbhanjan (for),https://data.gov.in/catalog/hmis-sub-district-level-item-wise-monthly-report-of-uttar-pradesh
Item-wise report for Maunathbhanjan (upto),https://data.gov.in/catalog/hmis-sub-district-level-item-wise-monthly-report-of-uttar-pradesh
Item-wise report for Mayurbhanj (for),https://data.gov.in/catalog/hmis-sub-district-level-item-wise-monthly-report-of-odisha
Item-wise report for Mayurbhanj (upto),https://data.gov.in/catalog/hmis-sub-district-level-item-wise-monthly-report-of-odisha
Item-wise report for Medinipur East (for),https://data.gov.in/catalog/hmis-sub-district-level-item-wise-monthly-report-of-west-bengal
Item-wise report for Medinipur East (upto),https://data.gov.in/catalog/hmis-sub-district-level-item-wise-monthly-report-of-west-bengal
Item-wise report for Medinipur West (for),https://data.gov.in/catalog/hmis-sub-district-level-item-wise-monthly-report-of-west-bengal
Item-wise report for Medinipur West (upto),https://data.gov.in/catalog/hmis-sub-district-level-item-wise-monthly-report-of-west-bengal
Item-wise report for Mohali SAS Nagar (for),https://data.gov.in/catalog/hmis-sub-district-level-item-wise-monthly-report-of-punjab
Item-wise report for Mohali SAS Nagar (upto),https://data.gov.in/catalog/hmis-sub-district-level-item-wise-monthly-report-of-punjab
Item-wise report for Mokokchung (for),https://data.gov.in/catalog/hmis-sub-district-level-item-wise-monthly-report-of-nagaland
Item-wise report for Mokokchung (upto),https://data.gov.in/catalog/hmis-sub-district-level-item-wise-monthly-report-of-nagaland
Item-wise report for Moradabad (for),https://data.gov.in/catalog/hmis-sub-district-level-item-wise-monthly-report-of-uttar-pradesh
Item-wise report for Murshidabad (for),https://data.gov.in/catalog/hmis-sub-district-level-item-wise-monthly-report-of-west-bengal
Item-wise report for Murshidabad (upto),https://data.gov.in/catalog/hmis-sub-district-level-item-wise-monthly-report-of-uttar-pradesh
Item-wise report for Murshidabad (upto),https://data.gov.in/catalog/hmis-sub-district-level-item-wise-monthly-report-of-west-bengal
Item-wise report for Muzaffarnagar (for),https://data.gov.in/catalog/hmis-sub-district-level-item-wise-monthly-report-of-bihar
Item-wise report for Muzaffarnagar (for),https://data.gov.in/catalog/hmis-sub-district-level-item-wise-monthly-report-of-uttar-pradesh
Item-wise report for Muzaffarnagar (upto),https://data.gov.in/catalog/hmis-sub-district-level-item-wise-monthly-report-of-bihar
Item-wise report for Muzaffarnagar (upto),https://data.gov.in/catalog/hmis-sub-district-level-item-wise-monthly-report-of-uttar-pradesh
Item-wise report for Nagapattinam (for),https://data.gov.in/catalog/hmis-sub-district-level-item-wise-monthly-report-of-tamil-nadu
Item-wise report for Nagapattinam (upto),https://data.gov.in/catalog/hmis-sub-district-level-item-wise-monthly-report-of-tamil-nadu
Item-wise report for Nandurbar (for),https://data.gov.in/catalog/hmis-sub-district-level-item-wise-monthly-report-of-maharashtra
Item-wise report for Nandurbar (upto),https://data.gov.in/catalog/hmis-sub-district-level-item-wise-monthly-report-of-maharashtra
Item-wise report for Narayanpur (for),https://data.gov.in/catalog/hmis-sub-district-level-item-wise-monthly-report-of-chhattisgarh
Item-wise report for Narayanpur (for),https://data.gov.in/catalog/hmis-sub-district-level-item-wise-monthly-report-of-odisha
Item-wise report for Narayanpur (upto),https://data.gov.in/catalog/hmis-sub-district-level-item-wise-monthly-report-of-chhattisgarh
Item-wise report for Narayanpur (upto),https://data.gov.in/catalog/hmis-sub-district-level-item-wise-monthly-report-of-odisha
Item-wise report for Nawanshahr (for),https://data.gov.in/catalog/hmis-sub-district-level-item-wise-monthly-report-of-punjab
Item-wise report for Nawanshahr (upto),https://data.gov.in/catalog/hmis-sub-district-level-item-wise-monthly-report-of-punjab
Item-wise report for Neemuch (for),https://data.gov.in/catalog/hmis-sub-district-level-item-wise-monthly-report-of-madhya-pradesh
Item-wise report for Neemuch (upto),https://data.gov.in/catalog/hmis-sub-district-level-item-wise-monthly-report-of-madhya-pradesh
Item-wise report for Nellore (for),https://data.gov.in/catalog/hmis-sub-district-level-item-wise-monthly-report-of-andhra-pradesh
Item-wise report for Nellore (upto),https://data.gov.in/catalog/hmis-sub-district-level-item-wise-monthly-report-of-andhra-pradesh
Item-wise report for Nicobar (for),https://data.gov.in/catalog/hmis-sub-district-level-item-wise-monthly-report-of-andaman-and-nicobar-islands
Item-wise report for Nicobar (upto),https://data.gov.in/catalog/hmis-sub-district-level-item-wise-monthly-report-of-andaman-and-nicobar-islands
Item-wise report for Nilgiris (for),https://data.gov.in/catalog/hmis-sub-district-level-item-wise-monthly-report-of-tamil-nadu
Item-wise report for Nilgiris (upto),https://data.gov.in/catalog/hmis-sub-district-level-item-wise-monthly-report-of-tamil-nadu
Item-wise report for Nizamabad (for),https://data.gov.in/catalog/hmis-sub-district-level-item-wise-monthly-report-of-andhra-pradesh
Item-wise report for Nizamabad (for),https://data.gov.in/catalog/hmis-sub-district-level-item-wise-monthly-report-of-telangana
Item-wise report for Nizamabad (upto),https://data.gov.in/catalog/hmis-sub-district-level-item-wise-monthly-report-of-andhra-pradesh
Item-wise report for Nizamabad (upto),https://data.gov.in/catalog/hmis-sub-district-level-item-wise-monthly-report-of-telangana
Item-wise report for North (for),https://data.gov.in/catalog/hmis-sub-district-level-item-wise-monthly-report-of-andhra-pradesh
Item-wise report for North (for),https://data.gov.in/catalog/hmis-sub-district-level-item-wise-monthly-report-of-arunachal-pradesh
Item-wise report for North (for),https://data.gov.in/catalog/hmis-sub-district-level-item-wise-monthly-report-of-assam
Item-wise report for North (for),https://data.gov.in/catalog/hmis-sub-district-level-item-wise-monthly-report-of-bihar
Item-wise report for North (for),https://data.gov.in/catalog/hmis-sub-district-level-item-wise-monthly-report-of-chhattisgarh
Item-wise report for North (for),https://data.gov.in/catalog/hmis-sub-district-level-item-wise-monthly-report-of-delhi
Item-wise report for North (for),https://data.gov.in/catalog/hmis-sub-district-level-item-wise-monthly-report-of-goa
Item-wise report for North (for),https://data.gov.in/catalog/hmis-sub-district-level-item-wise-monthly-report-of-gujarat
Item-wise report for North (for),https://data.gov.in/catalog/hmis-sub-district-level-item-wise-monthly-report-of-haryana
Item-wise report for North (for),https://data.gov.in/catalog/hmis-sub-district-level-item-wise-monthly-report-of-himachal-pradesh
Item-wise report for North (for),https://data.gov.in/catalog/hmis-sub-district-level-item-wise-monthly-report-of-jammu-and-kashmir
Item-wise report for North (for),https://data.gov.in/catalog/hmis-sub-district-level-item-wise-monthly-report-of-jharkhand
Item-wise report for North (for),https://data.gov.in/catalog/hmis-sub-district-level-item-wise-monthly-report-of-karnataka
Item-wise report for North (for),https://data.gov.in/catalog/hmis-sub-district-level-item-wise-monthly-report-of-kerala
Item-wise report for North (for),https://data.gov.in/catalog/hmis-sub-district-level-item-wise-monthly-report-of-madhya-pradesh
Item-wise report for North (for),https://data.gov.in/catalog/hmis-sub-district-level-item-wise-monthly-report-of-maharashtra
Item-wise report for North (for),https://data.gov.in/catalog/hmis-sub-district-level-item-wise-monthly-report-of-mizoram
Item-wise report for North (for),https://data.gov.in/catalog/hmis-sub-district-level-item-wise-monthly-report-of-nagaland
Item-wise report for North (for),https://data.gov.in/catalog/hmis-sub-district-level-item-wise-monthly-report-of-odisha
Item-wise report for North (for),https://data.gov.in/catalog/hmis-sub-district-level-item-wise-monthly-report-of-puducherry
Item-wise report for North (for),https://data.gov.in/catalog/hmis-sub-district-level-item-wise-monthly-report-of-punjab
Item-wise report for North (for),https://data.gov.in/catalog/hmis-sub-district-level-item-wise-monthly-report-of-rajasthan
Item-wise report for North (for),https://data.gov.in/catalog/hmis-sub-district-level-item-wise-monthly-report-of-sikkim
Item-wise report for North (for),https://data.gov.in/catalog/hmis-sub-district-level-item-wise-monthly-report-of-tamil-nadu
Item-wise report for North (for),https://data.gov.in/catalog/hmis-sub-district-level-item-wise-monthly-report-of-telangana
Item-wise report for North (for),https://data.gov.in/catalog/hmis-sub-district-level-item-wise-monthly-report-of-tripura
Item-wise report for North (for),https://data.gov.in/catalog/hmis-sub-district-level-item-wise-monthly-report-of-uttar-pradesh
Item-wise report for North (for),https://data.gov.in/catalog/hmis-sub-district-level-item-wise-monthly-report-of-uttarakhand
Item-wise report for North (for),https://data.gov.in/catalog/hmis-sub-district-level-item-wise-monthly-report-of-west-bengal
Item-wise report for North (upto),https://data.gov.in/catalog/hmis-sub-district-level-item-wise-monthly-report-of-andhra-pradesh
Item-wise report for North (upto),https://data.gov.in/catalog/hmis-sub-district-level-item-wise-monthly-report-of-arunachal-pradesh
Item-wise report for North (upto),https://data.gov.in/catalog/hmis-sub-district-level-item-wise-monthly-report-of-assam
Item-wise report for North (upto),https://data.gov.in/catalog/hmis-sub-district-level-item-wise-monthly-report-of-bihar
Item-wise report for North (upto),https://data.gov.in/catalog/hmis-sub-district-level-item-wise-monthly-report-of-chhattisgarh
Item-wise report for North (upto),https://data.gov.in/catalog/hmis-sub-district-level-item-wise-monthly-report-of-delhi
Item-wise report for North (upto),https://data.gov.in/catalog/hmis-sub-district-level-item-wise-monthly-report-of-goa
Item-wise report for North (upto),https://data.gov.in/catalog/hmis-sub-district-level-item-wise-monthly-report-of-gujarat
Item-wise report for North (upto),https://data.gov.in/catalog/hmis-sub-district-level-item-wise-monthly-report-of-haryana
Item-wise report for North (upto),https://data.gov.in/catalog/hmis-sub-district-level-item-wise-monthly-report-of-himachal-pradesh
Item-wise report for North (upto),https://data.gov.in/catalog/hmis-sub-district-level-item-wise-monthly-report-of-jammu-and-kashmir
Item-wise report for North (upto),https://data.gov.in/catalog/hmis-sub-district-level-item-wise-monthly-report-of-jharkhand
Item-wise report for North (upto),https://data.gov.in/catalog/hmis-sub-district-level-item-wise-monthly-report-of-karnataka
Item-wise report for North (upto),https://data.gov.in/catalog/hmis-sub-district-level-item-wise-monthly-report-of-kerala
Item-wise report for North (upto),https://data.gov.in/catalog/hmis-sub-district-level-item-wise-monthly-report-of-madhya-pradesh
Item-wise report for North (upto),https://data.gov.in/catalog/hmis-sub-district-level-item-wise-monthly-report-of-maharashtra
Item-wise report for North (upto),https://data.gov.in/catalog/hmis-sub-district-level-item-wise-monthly-report-of-mizoram
Item-wise report for North (upto),https://data.gov.in/catalog/hmis-sub-district-level-item-wise-monthly-report-of-nagaland
Item-wise report for North (upto),https://data.gov.in/catalog/hmis-sub-district-level-item-wise-monthly-report-of-odisha
Item-wise report for North (upto),https://data.gov.in/catalog/hmis-sub-district-level-item-wise-monthly-report-of-puducherry
Item-wise report for North (upto),https://data.gov.in/catalog/hmis-sub-district-level-item-wise-monthly-report-of-punjab
Item-wise report for North (upto),https://data.gov.in/catalog/hmis-sub-district-level-item-wise-monthly-report-of-rajasthan
Item-wise report for North (upto),https://data.gov.in/catalog/hmis-sub-district-level-item-wise-monthly-report-of-sikkim
Item-wise report for North (upto),https://data.gov.in/catalog/hmis-sub-district-level-item-wise-monthly-report-of-tamil-nadu
Item-wise report for North (upto),https://data.gov.in/catalog/hmis-sub-district-level-item-wise-monthly-report-of-telangana
Item-wise report for North (upto),https://data.gov.in/catalog/hmis-sub-district-level-item-wise-monthly-report-of-tripura
Item-wise report for North (upto),https://data.gov.in/catalog/hmis-sub-district-level-item-wise-monthly-report-of-uttar-pradesh
Item-wise report for North (upto),https://data.gov.in/catalog/hmis-sub-district-level-item-wise-monthly-report-of-uttarakhand
Item-wise report for North (upto),https://data.gov.in/catalog/hmis-sub-district-level-item-wise-monthly-report-of-west-bengal
Item-wise report for North 24 Parganas (for),https://data.gov.in/catalog/hmis-sub-district-level-item-wise-monthly-report-of-west-bengal
Item-wise report for North 24 Parganas (upto),https://data.gov.in/catalog/hmis-sub-district-level-item-wise-monthly-report-of-west-bengal
Item-wise report for North Cachar Hills (for),https://data.gov.in/catalog/hmis-sub-district-level-item-wise-monthly-report-of-assam
Item-wise report for North Cachar Hills (upto),https://data.gov.in/catalog/hmis-sub-district-level-item-wise-monthly-report-of-assam
Item-wise report for North Garo Hills (for),https://data.gov.in/catalog/hmis-sub-district-level-item-wise-monthly-report-of-meghalaya
Item-wise report for North Garo Hills (upto),https://data.gov.in/catalog/hmis-sub-district-level-item-wise-monthly-report-of-meghalaya
Item-wise report for North Twenty Four Parganas (for),https://data.gov.in/catalog/hmis-sub-district-level-item-wise-monthly-report-of-west-bengal
Item-wise report for North Twenty Four Parganas (upto),https://data.gov.in/catalog/hmis-sub-district-level-item-wise-monthly-report-of-west-bengal
Item-wise report for North and Middle Andaman (for),https://data.gov.in/catalog/hmis-sub-district-level-item-wise-monthly-report-of-andaman-and-nicobar-islands
Item-wise report for North and Middle Andaman (upto),https://data.gov.in/catalog/hmis-sub-district-level-item-wise-monthly-report-of-andaman-and-nicobar-islands
Item-wise report for Osmanabad (for),https://data.gov.in/catalog/hmis-sub-district-level-item-wise-monthly-report-of-maharashtra
Item-wise report for Osmanabad (upto),https://data.gov.in/catalog/hmis-sub-district-level-item-wise-monthly-report-of-maharashtra
Item-wise report for PEDDAPALLI (for),https://data.gov.in/catalog/hmis-sub-district-level-item-wise-monthly-report-of-telangana
Item-wise report for PEDDAPALLI (upto),https://data.gov.in/catalog/hmis-sub-district-level-item-wise-monthly-report-of-telangana
Item-wise report for Palakkad (for),https://data.gov.in/catalog/hmis-sub-district-level-item-wise-monthly-report-of-kerala
Item-wise report for Palakkad (upto),https://data.gov.in/catalog/hmis-sub-district-level-item-wise-monthly-report-of-kerala
Item-wise report for Panch Mahals (for),https://data.gov.in/catalog/hmis-sub-district-level-item-wise-monthly-report-of-gujarat
Item-wise report for Panch Mahals (upto),https://data.gov.in/catalog/hmis-sub-district-level-item-wise-monthly-report-of-gujarat
Item-wise report for Panchkula (for),https://data.gov.in/catalog/hmis-sub-district-level-item-wise-monthly-report-of-haryana
Item-wise report for Panchkula (upto),https://data.gov.in/catalog/hmis-sub-district-level-item-wise-monthly-report-of-haryana
Item-wise report for Papum Pare (for),https://data.gov.in/catalog/hmis-sub-district-level-item-wise-monthly-report-of-arunachal-pradesh
Item-wise report for Papum Pare (upto),https://data.gov.in/catalog/hmis-sub-district-level-item-wise-monthly-report-of-arunachal-pradesh
Item-wise report for Paschim Barddhaman (for),https://data.gov.in/catalog/hmis-sub-district-level-item-wise-monthly-report-of-west-bengal
Item-wise report for Paschim Barddhaman (upto),https://data.gov.in/catalog/hmis-sub-district-level-item-wise-monthly-report-of-west-bengal
Item-wise report for Paschim Medinipur (for),https://data.gov.in/catalog/hmis-sub-district-level-item-wise-monthly-report-of-west-bengal
Item-wise report for Paschim Medinipur (upto),https://data.gov.in/catalog/hmis-sub-district-level-item-wise-monthly-report-of-west-bengal
Item-wise report for Pashchimi Singhbhum (for),https://data.gov.in/catalog/hmis-sub-district-level-item-wise-monthly-report-of-jharkhand
Item-wise report for Pashchimi Singhbhum (upto),https://data.gov.in/catalog/hmis-sub-district-level-item-wise-monthly-report-of-jharkhand
Item-wise report for Pathanamthitta (for),https://data.gov.in/catalog/hmis-sub-district-level-item-wise-monthly-report-of-kerala
Item-wise report for Pathanamthitta (upto),https://data.gov.in/catalog/hmis-sub-district-level-item-wise-monthly-report-of-kerala
Item-wise report for Perambalur (for),https://data.gov.in/catalog/hmis-sub-district-level-item-wise-monthly-report-of-tamil-nadu
Item-wise report for Perambalur (upto),https://data.gov.in/catalog/hmis-sub-district-level-item-wise-monthly-report-of-tamil-nadu
Item-wise report for Pithoragarh (for),https://data.gov.in/catalog/hmis-sub-district-level-item-wise-monthly-report-of-uttarakhand
Item-wise report for Pithoragarh (upto),https://data.gov.in/catalog/hmis-sub-district-level-item-wise-monthly-report-of-uttarakhand
Item-wise report for Pondicherry (for),https://data.gov.in/catalog/hmis-sub-district-level-item-wise-monthly-report-of-puducherry
Item-wise report for Pondicherry (upto),https://data.gov.in/catalog/hmis-sub-district-level-item-wise-monthly-report-of-puducherry
Item-wise report for Porbandar (for),https://data.gov.in/catalog/hmis-sub-district-level-item-wise-monthly-report-of-gujarat
Item-wise report for Porbandar (upto),https://data.gov.in/catalog/hmis-sub-district-level-item-wise-monthly-report-of-gujarat
Item-wise report for Prakasam (for),https://data.gov.in/catalog/hmis-sub-district-level-item-wise-monthly-report-of-andhra-pradesh
Item-wise report for Prakasam (upto),https://data.gov.in/catalog/hmis-sub-district-level-item-wise-monthly-report-of-andhra-pradesh
Item-wise report for Pudukkottai (for),https://data.gov.in/catalog/hmis-sub-district-level-item-wise-monthly-report-of-tamil-nadu
Item-wise report for Pudukkottai (upto),https://data.gov.in/catalog/hmis-sub-district-level-item-wise-monthly-report-of-tamil-nadu
Item-wise report for Purba Medinipur (for),https://data.gov.in/catalog/hmis-sub-district-level-item-wise-monthly-report-of-west-bengal
Item-wise report for Purba Medinipur (upto),https://data.gov.in/catalog/hmis-sub-district-level-item-wise-monthly-report-of-west-bengal
Item-wise report for Purbi Singhbhum (for),https://data.gov.in/catalog/hmis-sub-district-level-item-wise-monthly-report-of-jharkhand
Item-wise report for Purbi Singhbhum (upto),https://data.gov.in/catalog/hmis-sub-district-level-item-wise-monthly-report-of-jharkhand
Item-wise report for RAJANNA SIRCILLA (for),https://data.gov.in/catalog/hmis-sub-district-level-item-wise-monthly-report-of-telangana
Item-wise report for RAJANNA SIRCILLA (upto),https://data.gov.in/catalog/hmis-sub-district-level-item-wise-monthly-report-of-telangana
Item-wise report for Rae Bareli (for),https://data.gov.in/catalog/hmis-sub-district-level-item-wise-monthly-report-of-uttar-pradesh
Item-wise report for Rae Bareli (upto),https://data.gov.in/catalog/hmis-sub-district-level-item-wise-monthly-report-of-uttar-pradesh
Item-wise report for Ramanathapuram (for),https://data.gov.in/catalog/hmis-sub-district-level-item-wise-monthly-report-of-tamil-nadu
Item-wise report for Ramanathapuram (upto),https://data.gov.in/catalog/hmis-sub-district-level-item-wise-monthly-report-of-tamil-nadu
Item-wise report for Ranga Reddy (for),https://data.gov.in/catalog/hmis-sub-district-level-item-wise-monthly-report-of-andhra-pradesh
Item-wise report for Ranga Reddy (for),https://data.gov.in/catalog/hmis-sub-district-level-item-wise-monthly-report-of-telangana
Item-wise report for Ranga Reddy (upto),https://data.gov.in/catalog/hmis-sub-district-level-item-wise-monthly-report-of-andhra-pradesh
Item-wise report for Ranga Reddy (upto),https://data.gov.in/catalog/hmis-sub-district-level-item-wise-monthly-report-of-telangana
Item-wise report for Ratnagiri (for),https://data.gov.in/catalog/hmis-sub-district-level-item-wise-monthly-report-of-maharashtra
Item-wise report for Rayagada (for),https://data.gov.in/catalog/hmis-sub-district-level-item-wise-monthly-report-of-odisha
Item-wise report for Rayagada (upto),https://data.gov.in/catalog/hmis-sub-district-level-item-wise-monthly-report-of-odisha
Item-wise report for Ri Bhoi (for),https://data.gov.in/catalog/hmis-sub-district-level-item-wise-monthly-report-of-meghalaya
Item-wise report for Ri Bhoi (upto),https://data.gov.in/catalog/hmis-sub-district-level-item-wise-monthly-report-of-meghalaya
Item-wise report for Rohtak (for),https://data.gov.in/catalog/hmis-sub-district-level-item-wise-monthly-report-of-bihar
Item-wise report for Rohtak (for),https://data.gov.in/catalog/hmis-sub-district-level-item-wise-monthly-report-of-haryana
Item-wise report for Rohtak (upto),https://data.gov.in/catalog/hmis-sub-district-level-item-wise-monthly-report-of-bihar
Item-wise report for Rohtak (upto),https://data.gov.in/catalog/hmis-sub-district-level-item-wise-monthly-report-of-haryana
Item-wise report for Rudraprayag (for),https://data.gov.in/catalog/hmis-sub-district-level-item-wise-monthly-report-of-uttarakhand
Item-wise report for Rudraprayag (upto),https://data.gov.in/catalog/hmis-sub-district-level-item-wise-monthly-report-of-uttarakhand
Item-wise report for Sabar Kantha (for),https://data.gov.in/catalog/hmis-sub-district-level-item-wise-monthly-report-of-gujarat
Item-wise report for Sabar Kantha (upto),https://data.gov.in/catalog/hmis-sub-district-level-item-wise-monthly-report-of-gujarat
Item-wise report for Sahibganj (for),https://data.gov.in/catalog/hmis-sub-district-level-item-wise-monthly-report-of-jharkhand
Item-wise report for Sahibganj (upto),https://data.gov.in/catalog/hmis-sub-district-level-item-wise-monthly-report-of-jharkhand
Item-wise report for Sant Kabir Nagar (for),https://data.gov.in/catalog/hmis-sub-district-level-item-wise-monthly-report-of-uttar-pradesh
Item-wise report for Sant Kabir Nagar (upto),https://data.gov.in/catalog/hmis-sub-district-level-item-wise-monthly-report-of-uttar-pradesh
Item-wise report for Sant Ravidas Nagar (for),https://data.gov.in/catalog/hmis-sub-district-level-item-wise-monthly-report-of-uttar-pradesh
Item-wise report for Sant Ravidas Nagar (upto),https://data.gov.in/catalog/hmis-sub-district-level-item-wise-monthly-report-of-uttar-pradesh
Item-wise report for Saraikela (for),https://data.gov.in/catalog/hmis-sub-district-level-item-wise-monthly-report-of-jharkhand
Item-wise report for Saraikela (upto),https://data.gov.in/catalog/hmis-sub-district-level-item-wise-monthly-report-of-jharkhand
Item-wise report for Sawai Madhopur (for),https://data.gov.in/catalog/hmis-sub-district-level-item-wise-monthly-report-of-rajasthan
Item-wise report for Sawai Madhopur (upto),https://data.gov.in/catalog/hmis-sub-district-level-item-wise-monthly-report-of-rajasthan
Item-wise report for Serchhip (for),https://data.gov.in/catalog/hmis-sub-district-level-item-wise-monthly-report-of-mizoram
Item-wise report for Serchhip (upto),https://data.gov.in/catalog/hmis-sub-district-level-item-wise-monthly-report-of-mizoram
Item-wise report for Shrawasti (for),https://data.gov.in/catalog/hmis-sub-district-level-item-wise-monthly-report-of-uttar-pradesh
Item-wise report for Shrawasti (upto),https://data.gov.in/catalog/hmis-sub-district-level-item-wise-monthly-report-of-uttar-pradesh
Item-wise report for Siddharth Nagar (for),https://data.gov.in/catalog/hmis-sub-district-level-item-wise-monthly-report-of-uttar-pradesh
Item-wise report for Siddharth Nagar (upto),https://data.gov.in/catalog/hmis-sub-district-level-item-wise-monthly-report-of-uttar-pradesh
Item-wise report for Sindhudurg (for),https://data.gov.in/catalog/hmis-sub-district-level-item-wise-monthly-report-of-maharashtra
Item-wise report for Sindhudurg (upto),https://data.gov.in/catalog/hmis-sub-district-level-item-wise-monthly-report-of-maharashtra
Item-wise report for Sipahijala (for),https://data.gov.in/catalog/hmis-sub-district-level-item-wise-monthly-report-of-tripura
Item-wise report for Sipahijala (upto),https://data.gov.in/catalog/hmis-sub-district-level-item-wise-monthly-report-of-tripura
Item-wise report for South (for),https://data.gov.in/catalog/hmis-sub-district-level-item-wise-monthly-report-of-andhra-pradesh
Item-wise report for South (for),https://data.gov.in/catalog/hmis-sub-district-level-item-wise-monthly-report-of-arunachal-pradesh
Item-wise report for South (for),https://data.gov.in/catalog/hmis-sub-district-level-item-wise-monthly-report-of-assam
Item-wise report for South (for),https://data.gov.in/catalog/hmis-sub-district-level-item-wise-monthly-report-of-bihar
Item-wise report for South (for),https://data.gov.in/catalog/hmis-sub-district-level-item-wise-monthly-report-of-chhattisgarh
Item-wise report for South (for),https://data.gov.in/catalog/hmis-sub-district-level-item-wise-monthly-report-of-delhi
Item-wise report for South (for),https://data.gov.in/catalog/hmis-sub-district-level-item-wise-monthly-report-of-goa
Item-wise report for South (for),https://data.gov.in/catalog/hmis-sub-district-level-item-wise-monthly-report-of-gujarat
Item-wise report for South (for),https://data.gov.in/catalog/hmis-sub-district-level-item-wise-monthly-report-of-haryana
Item-wise report for South (for),https://data.gov.in/catalog/hmis-sub-district-level-item-wise-monthly-report-of-himachal-pradesh
Item-wise report for South (for),https://data.gov.in/catalog/hmis-sub-district-level-item-wise-monthly-report-of-jammu-and-kashmir
Item-wise report for South (for),https://data.gov.in/catalog/hmis-sub-district-level-item-wise-monthly-report-of-jharkhand
Item-wise report for South (for),https://data.gov.in/catalog/hmis-sub-district-level-item-wise-monthly-report-of-karnataka
Item-wise report for South (for),https://data.gov.in/catalog/hmis-sub-district-level-item-wise-monthly-report-of-kerala
Item-wise report for South (for),https://data.gov.in/catalog/hmis-sub-district-level-item-wise-monthly-report-of-madhya-pradesh
Item-wise report for South (for),https://data.gov.in/catalog/hmis-sub-district-level-item-wise-monthly-report-of-maharashtra
Item-wise report for South (for),https://data.gov.in/catalog/hmis-sub-district-level-item-wise-monthly-report-of-manipur
Item-wise report for South (for),https://data.gov.in/catalog/hmis-sub-district-level-item-wise-monthly-report-of-mizoram
Item-wise report for South (for),https://data.gov.in/catalog/hmis-sub-district-level-item-wise-monthly-report-of-nagaland
Item-wise report for South (for),https://data.gov.in/catalog/hmis-sub-district-level-item-wise-monthly-report-of-odisha
Item-wise report for South (for),https://data.gov.in/catalog/hmis-sub-district-level-item-wise-monthly-report-of-punjab
Item-wise report for South (for),https://data.gov.in/catalog/hmis-sub-district-level-item-wise-monthly-report-of-rajasthan
Item-wise report for South (for),https://data.gov.in/catalog/hmis-sub-district-level-item-wise-monthly-report-of-sikkim
Item-wise report for South (for),https://data.gov.in/catalog/hmis-sub-district-level-item-wise-monthly-report-of-tamil-nadu
Item-wise report for South (for),https://data.gov.in/catalog/hmis-sub-district-level-item-wise-monthly-report-of-telangana
Item-wise report for South (for),https://data.gov.in/catalog/hmis-sub-district-level-item-wise-monthly-report-of-tripura
Item-wise report for South (for),https://data.gov.in/catalog/hmis-sub-district-level-item-wise-monthly-report-of-uttar-pradesh
Item-wise report for South (upto),https://data.gov.in/catalog/hmis-sub-district-level-item-wise-monthly-report-of-arunachal-pradesh
Item-wise report for South (upto),https://data.gov.in/catalog/hmis-sub-district-level-item-wise-monthly-report-of-assam
Item-wise report for South (upto),https://data.gov.in/catalog/hmis-sub-district-level-item-wise-monthly-report-of-bihar
Item-wise report for South (upto),https://data.gov.in/catalog/hmis-sub-district-level-item-wise-monthly-report-of-chhattisgarh
Item-wise report for South (upto),https://data.gov.in/catalog/hmis-sub-district-level-item-wise-monthly-report-of-delhi
Item-wise report for South (upto),https://data.gov.in/catalog/hmis-sub-district-level-item-wise-monthly-report-of-goa
Item-wise report for South (upto),https://data.gov.in/catalog/hmis-sub-district-level-item-wise-monthly-report-of-gujarat
Item-wise report for South (upto),https://data.gov.in/catalog/hmis-sub-district-level-item-wise-monthly-report-of-haryana
Item-wise report for South (upto),https://data.gov.in/catalog/hmis-sub-district-level-item-wise-monthly-report-of-himachal-pradesh
Item-wise report for South (upto),https://data.gov.in/catalog/hmis-sub-district-level-item-wise-monthly-report-of-jammu-and-kashmir
Item-wise report for South (upto),https://data.gov.in/catalog/hmis-sub-district-level-item-wise-monthly-report-of-jharkhand
Item-wise report for South (upto),https://data.gov.in/catalog/hmis-sub-district-level-item-wise-monthly-report-of-karnataka
Item-wise report for South (upto),https://data.gov.in/catalog/hmis-sub-district-level-item-wise-monthly-report-of-madhya-pradesh
Item-wise report for South (upto),https://data.gov.in/catalog/hmis-sub-district-level-item-wise-monthly-report-of-maharashtra
Item-wise report for South (upto),https://data.gov.in/catalog/hmis-sub-district-level-item-wise-monthly-report-of-manipur
Item-wise report for South (upto),https://data.gov.in/catalog/hmis-sub-district-level-item-wise-monthly-report-of-mizoram
Item-wise report for South (upto),https://data.gov.in/catalog/hmis-sub-district-level-item-wise-monthly-report-of-nagaland
Item-wise report for South (upto),https://data.gov.in/catalog/hmis-sub-district-level-item-wise-monthly-report-of-odisha
Item-wise report for South (upto),https://data.gov.in/catalog/hmis-sub-district-level-item-wise-monthly-report-of-punjab
Item-wise report for South (upto),https://data.gov.in/catalog/hmis-sub-district-level-item-wise-monthly-report-of-rajasthan
Item-wise report for South (upto),https://data.gov.in/catalog/hmis-sub-district-level-item-wise-monthly-report-of-sikkim
Item-wise report for South (upto),https://data.gov.in/catalog/hmis-sub-district-level-item-wise-monthly-report-of-tamil-nadu
Item-wise report for South (upto),https://data.gov.in/catalog/hmis-sub-district-level-item-wise-monthly-report-of-telangana
Item-wise report for South (upto),https://data.gov.in/catalog/hmis-sub-district-level-item-wise-monthly-report-of-tripura
Item-wise report for South (upto),https://data.gov.in/catalog/hmis-sub-district-level-item-wise-monthly-report-of-uttar-pradesh
Item-wise report for South 24 Parganas (for),https://data.gov.in/catalog/hmis-sub-district-level-item-wise-monthly-report-of-west-bengal
Item-wise report for South 24 Parganas (upto),https://data.gov.in/catalog/hmis-sub-district-level-item-wise-monthly-report-of-west-bengal
Item-wise report for South Andaman (for),https://data.gov.in/catalog/hmis-sub-district-level-item-wise-monthly-report-of-andaman-and-nicobar-islands
Item-wise report for South Andaman (upto),https://data.gov.in/catalog/hmis-sub-district-level-item-wise-monthly-report-of-andaman-and-nicobar-islands
Item-wise report for South Garo Hills (for),https://data.gov.in/catalog/hmis-sub-district-level-item-wise-monthly-report-of-meghalaya
Item-wise report for South Twenty Four Parganas (for),https://data.gov.in/catalog/hmis-sub-district-level-item-wise-monthly-report-of-west-bengal
Item-wise report for South Twenty Four Parganas (upto),https://data.gov.in/catalog/hmis-sub-district-level-item-wise-monthly-report-of-west-bengal
Item-wise report for Srikakulam (for),https://data.gov.in/catalog/hmis-sub-district-level-item-wise-monthly-report-of-andhra-pradesh
Item-wise report for Srikakulam (upto),https://data.gov.in/catalog/hmis-sub-district-level-item-wise-monthly-report-of-andhra-pradesh
Item-wise report for Surendranagar (for),https://data.gov.in/catalog/hmis-sub-district-level-item-wise-monthly-report-of-gujarat
Item-wise report for Surendranagar (upto),https://data.gov.in/catalog/hmis-sub-district-level-item-wise-monthly-report-of-gujarat
Item-wise report for Tamenglong (for),https://data.gov.in/catalog/hmis-sub-district-level-item-wise-monthly-report-of-manipur
Item-wise report for Tamenglong (upto),https://data.gov.in/catalog/hmis-sub-district-level-item-wise-monthly-report-of-manipur
Item-wise report for Tarn Taran (for),https://data.gov.in/catalog/hmis-sub-district-level-item-wise-monthly-report-of-punjab
Item-wise report for Tarn Taran (upto),https://data.gov.in/catalog/hmis-sub-district-level-item-wise-monthly-report-of-punjab
Item-wise report for Tehri Garhwal (for),https://data.gov.in/catalog/hmis-sub-district-level-item-wise-monthly-report-of-uttarakhand
Item-wise report for The Dangs (for),https://data.gov.in/catalog/hmis-sub-district-level-item-wise-monthly-report-of-gujarat
Item-wise report for The Dangs (upto),https://data.gov.in/catalog/hmis-sub-district-level-item-wise-monthly-report-of-gujarat
Item-wise report for Thiruvananthapuram (for),https://data.gov.in/catalog/hmis-sub-district-level-item-wise-monthly-report-of-kerala
Item-wise report for Thiruvananthapuram (upto),https://data.gov.in/catalog/hmis-sub-district-level-item-wise-monthly-report-of-kerala
Item-wise report for Thoubal (for),https://data.gov.in/catalog/hmis-sub-district-level-item-wise-monthly-report-of-manipur
Item-wise report for Thoubal (upto),https://data.gov.in/catalog/hmis-sub-district-level-item-wise-monthly-report-of-manipur
Item-wise report for Thrissur (for),https://data.gov.in/catalog/hmis-sub-district-level-item-wise-monthly-report-of-kerala
Item-wise report for Thrissur (upto),https://data.gov.in/catalog/hmis-sub-district-level-item-wise-monthly-report-of-kerala
Item-wise report for Tikamgarh (for),https://data.gov.in/catalog/hmis-sub-district-level-item-wise-monthly-report-of-madhya-pradesh
Item-wise report for Tikamgarh (upto),https://data.gov.in/catalog/hmis-sub-district-level-item-wise-monthly-report-of-madhya-pradesh
Item-wise report for Tiruchirappalli (for),https://data.gov.in/catalog/hmis-sub-district-level-item-wise-monthly-report-of-tamil-nadu
Item-wise report for Tiruchirappalli (upto),https://data.gov.in/catalog/hmis-sub-district-level-item-wise-monthly-report-of-tamil-nadu
Item-wise report for Tirunelveli (for),https://data.gov.in/catalog/hmis-sub-district-level-item-wise-monthly-report-of-tamil-nadu
Item-wise report for Tirunelveli (upto),https://data.gov.in/catalog/hmis-sub-district-level-item-wise-monthly-report-of-tamil-nadu
Item-wise report for Tiruvanamalai (for),https://data.gov.in/catalog/hmis-sub-district-level-item-wise-monthly-report-of-tamil-nadu
Item-wise report for Tiruvanamalai (upto),https://data.gov.in/catalog/hmis-sub-district-level-item-wise-monthly-report-of-tamil-nadu
Item-wise report for Toothukudi (for),https://data.gov.in/catalog/hmis-sub-district-level-item-wise-monthly-report-of-tamil-nadu
Item-wise report for Toothukudi (upto),https://data.gov.in/catalog/hmis-sub-district-level-item-wise-monthly-report-of-tamil-nadu
Item-wise report for Udham Singh Nagar (for),https://data.gov.in/catalog/hmis-sub-district-level-item-wise-monthly-report-of-uttarakhand
Item-wise report for Udham Singh Nagar (upto),https://data.gov.in/catalog/hmis-sub-district-level-item-wise-monthly-report-of-uttarakhand
Item-wise report for Ukhrul (for),https://data.gov.in/catalog/hmis-sub-district-level-item-wise-monthly-report-of-manipur
Item-wise report for Ukhrul (upto),https://data.gov.in/catalog/hmis-sub-district-level-item-wise-monthly-report-of-manipur
Item-wise report for Upper Siang (for),https://data.gov.in/catalog/hmis-sub-district-level-item-wise-monthly-report-of-arunachal-pradesh
Item-wise report for Upper Siang (upto),https://data.gov.in/catalog/hmis-sub-district-level-item-wise-monthly-report-of-arunachal-pradesh
Item-wise report for Upper Subansiri (for),https://data.gov.in/catalog/hmis-sub-district-level-item-wise-monthly-report-of-arunachal-pradesh
Item-wise report for Upper Subansiri (upto),https://data.gov.in/catalog/hmis-sub-district-level-item-wise-monthly-report-of-arunachal-pradesh
Item-wise report for Uttar Dinajpur (for),https://data.gov.in/catalog/hmis-sub-district-level-item-wise-monthly-report-of-west-bengal
Item-wise report for Uttar Dinajpur (upto),https://data.gov.in/catalog/hmis-sub-district-level-item-wise-monthly-report-of-west-bengal
Item-wise report for Uttara Kannada (for),https://data.gov.in/catalog/hmis-sub-district-level-item-wise-monthly-report-of-karnataka
Item-wise report for Uttara Kannada (upto),https://data.gov.in/catalog/hmis-sub-district-level-item-wise-monthly-report-of-karnataka
Item-wise report for Uttarkashi (for),https://data.gov.in/catalog/hmis-sub-district-level-item-wise-monthly-report-of-uttarakhand
Item-wise report for Uttarkashi (upto),https://data.gov.in/catalog/hmis-sub-district-level-item-wise-monthly-report-of-uttarakhand
Item-wise report for VIKARABAD (for),https://data.gov.in/catalog/hmis-sub-district-level-item-wise-monthly-report-of-telangana
Item-wise report for VIKARABAD (upto),https://data.gov.in/catalog/hmis-sub-district-level-item-wise-monthly-report-of-telangana
Item-wise report for Vadodara (for),https://data.gov.in/catalog/hmis-sub-district-level-item-wise-monthly-report-of-gujarat
Item-wise report for Vadodara (upto),https://data.gov.in/catalog/hmis-sub-district-level-item-wise-monthly-report-of-gujarat
Item-wise report for Vaishali (upto),https://data.gov.in/catalog/hmis-sub-district-level-item-wise-monthly-report-of-bihar
Item-wise report for Vaishali (upto),https://data.gov.in/catalog/hmis-sub-district-level-item-wise-monthly-report-of-madhya-pradesh
Item-wise report for Valsad (for),https://data.gov.in/catalog/hmis-sub-district-level-item-wise-monthly-report-of-gujarat
Item-wise report for Valsad (upto),https://data.gov.in/catalog/hmis-sub-district-level-item-wise-monthly-report-of-gujarat
Item-wise report for Varanasi (upto),https://data.gov.in/catalog/hmis-sub-district-level-item-wise-monthly-report-of-uttar-pradesh
Item-wise report for Vellore (upto),https://data.gov.in/catalog/hmis-sub-district-level-item-wise-monthly-report-of-tamil-nadu
Item-wise report for Viluppuram (for),https://data.gov.in/catalog/hmis-sub-district-level-item-wise-monthly-report-of-tamil-nadu
Item-wise report for Viluppuram (upto),https://data.gov.in/catalog/hmis-sub-district-level-item-wise-monthly-report-of-tamil-nadu
Item-wise report for Virudhunagar (for),https://data.gov.in/catalog/hmis-sub-district-level-item-wise-monthly-report-of-tamil-nadu
Item-wise report for Virudhunagar (upto),https://data.gov.in/catalog/hmis-sub-district-level-item-wise-monthly-report-of-tamil-nadu
Item-wise report for Vishakapatnam (for),https://data.gov.in/catalog/hmis-sub-district-level-item-wise-monthly-report-of-andhra-pradesh
Item-wise report for Vishakapatnam (upto),https://data.gov.in/catalog/hmis-sub-district-level-item-wise-monthly-report-of-andhra-pradesh
Item-wise report for Vizianagaram (for),https://data.gov.in/catalog/hmis-sub-district-level-item-wise-monthly-report-of-andhra-pradesh
Item-wise report for Vizianagaram (upto),https://data.gov.in/catalog/hmis-sub-district-level-item-wise-monthly-report-of-andhra-pradesh
Item-wise report for WANAPARTHY (for),https://data.gov.in/catalog/hmis-sub-district-level-item-wise-monthly-report-of-telangana
Item-wise report for WANAPARTHY (upto),https://data.gov.in/catalog/hmis-sub-district-level-item-wise-monthly-report-of-telangana
Item-wise report for Wardha (upto),https://data.gov.in/catalog/hmis-sub-district-level-item-wise-monthly-report-of-maharashtra
Item-wise report for Washim (upto),https://data.gov.in/catalog/hmis-sub-district-level-item-wise-monthly-report-of-maharashtra
Item-wise report for Wayanad (upto),https://data.gov.in/catalog/hmis-sub-district-level-item-wise-monthly-report-of-andhra-pradesh
Item-wise report for Wayanad (upto),https://data.gov.in/catalog/hmis-sub-district-level-item-wise-monthly-report-of-kerala
Item-wise report for Wayanad (upto),https://data.gov.in/catalog/hmis-sub-district-level-item-wise-monthly-report-of-telangana
Item-wise report for West (upto),https://data.gov.in/catalog/hmis-sub-district-level-item-wise-monthly-report-of-delhi
Item-wise report for West (upto),https://data.gov.in/catalog/hmis-sub-district-level-item-wise-monthly-report-of-sikkim
Item-wise report for West (upto),https://data.gov.in/catalog/hmis-sub-district-level-item-wise-monthly-report-of-tripura
Item-wise report for West Champaran (for),https://data.gov.in/catalog/hmis-sub-district-level-item-wise-monthly-report-of-bihar
Item-wise report for West Champaran (upto),https://data.gov.in/catalog/hmis-sub-district-level-item-wise-monthly-report-of-bihar
Item-wise report for West Garo Hills (upto),https://data.gov.in/catalog/hmis-sub-district-level-item-wise-monthly-report-of-meghalaya
Item-wise report for West Godavari (for),https://data.gov.in/catalog/hmis-sub-district-level-item-wise-monthly-report-of-andhra-pradesh
Item-wise report for West Godavari (upto),https://data.gov.in/catalog/hmis-sub-district-level-item-wise-monthly-report-of-andhra-pradesh
Item-wise report for West Jaintia Hills (for),https://data.gov.in/catalog/hmis-sub-district-level-item-wise-monthly-report-of-meghalaya
Item-wise report for West Jaintia Hills (upto),https://data.gov.in/catalog/hmis-sub-district-level-item-wise-monthly-report-of-meghalaya
Item-wise report for West Kameng (for),https://data.gov.in/catalog/hmis-sub-district-level-item-wise-monthly-report-of-arunachal-pradesh
Item-wise report for West Kameng (upto),https://data.gov.in/catalog/hmis-sub-district-level-item-wise-monthly-report-of-arunachal-pradesh
Item-wise report for West Khasi Hills (for),https://data.gov.in/catalog/hmis-sub-district-level-item-wise-monthly-report-of-meghalaya
Item-wise report for West Khasi Hills (upto),https://data.gov.in/catalog/hmis-sub-district-level-item-wise-monthly-report-of-meghalaya
Item-wise report for Wokha (for),https://data.gov.in/catalog/hmis-sub-district-level-item-wise-monthly-report-of-nagaland
Item-wise report for Wokha (upto),https://data.gov.in/catalog/hmis-sub-district-level-item-wise-monthly-report-of-nagaland
Item-wise report for YADADRI BHONAGIRI (for),https://data.gov.in/catalog/hmis-sub-district-level-item-wise-monthly-report-of-telangana
Item-wise report for YADADRI BHONAGIRI (upto),https://data.gov.in/catalog/hmis-sub-district-level-item-wise-monthly-report-of-telangana
Item-wise report for Yadgir (for),https://data.gov.in/catalog/hmis-sub-district-level-item-wise-monthly-report-of-karnataka
Item-wise report for Yadgir (upto),https://data.gov.in/catalog/hmis-sub-district-level-item-wise-monthly-report-of-karnataka
Item-wise report for Yamunanagar (for),https://data.gov.in/catalog/hmis-sub-district-level-item-wise-monthly-report-of-haryana
Item-wise report for Yamunanagar (upto),https://data.gov.in/catalog/hmis-sub-district-level-item-wise-monthly-report-of-haryana
Item-wise report for Yavatmal (for),https://data.gov.in/catalog/hmis-sub-district-level-item-wise-monthly-report-of-maharashtra
Item-wise report for Yavatmal (for),https://data.gov.in/catalog/hmis-sub-district-level-item-wise-monthly-report-of-puducherry
Item-wise report for Yavatmal (upto),https://data.gov.in/catalog/hmis-sub-district-level-item-wise-monthly-report-of-maharashtra
Item-wise report for Yavatmal (upto),https://data.gov.in/catalog/hmis-sub-district-level-item-wise-monthly-report-of-puducherry
Item-wise report for Zunheboto (for),https://data.gov.in/catalog/hmis-sub-district-level-item-wise-monthly-report-of-nagaland
Item-wise report for Zunheboto (upto),https://data.gov.in/catalog/hmis-sub-district-level-item-wise-monthly-report-of-nagaland
Knowledge of HIV-AIDs and RTI-STI among ever married women (15 to 49 age)-Rural - DLHS III,https://data.gov.in/catalog/district-level-household-and-facility-survey-(dlhs-3)
Lab technicians at PHCs & CHCs in tribal area,https://data.gov.in/catalog/rural-health-statistics---2015
Lab technicians at PHCs & CHCs in tribal area,https://data.gov.in/catalog/rural-health-statistics-in-india---2013
Lab technicians at PHCs & CHCs in tribal area,https://data.gov.in/catalog/rural-health-statistics-in-india---2014
Laboratory Technicians at PHCS and CHCS,https://data.gov.in/catalog/rural-health-statistics---2015
Laboratory Technicians at PHCS and CHCS,https://data.gov.in/catalog/rural-health-statistics-in-india---2013
Laboratory Technicians at PHCS and CHCS,https://data.gov.in/catalog/rural-health-statistics-in-india---2014
Manpower at Primary Health Centres,https://data.gov.in/catalog/manpower-at-primary-health-centres
Manpower at Sub-Centres and Primary Health Centres,https://data.gov.in/catalog/manpower-at-sub-centres-and-primary-health-centres
Maternal Mortality Ratio,https://data.gov.in/catalog/health-and-family-welfare-statistics---2015
"Mean age at effective marriage (Female), India and Major States (SRS)",https://data.gov.in/catalog/health-and-family-welfare-statistics---2015
"Mean age at effective marriage (Female), India and Major States (SRS)",https://data.gov.in/catalog/health-and-family-welfare-statistics---2017
"Mean age at effective marriage (Female), India and Major States (SRS)",https://data.gov.in/catalog/health-and-family-welfare-statistics---2019-20
Mortality Indicators by residence (SRS),https://data.gov.in/catalog/health-and-family-welfare-statistics---2015
Mortality Indicators by residence (SRS),https://data.gov.in/catalog/health-and-family-welfare-statistics---2017
Mortality Indicators by residence (SRS),https://data.gov.in/catalog/health-and-family-welfare-statistics---2019-20
Mortality Indicators by residence (SRS),https://data.gov.in/catalog/mortality-indicators-by-residence
Number of Community Health Centres during Five Year Plans,https://data.gov.in/catalog/rural-health-statistics---2015
Number of Community Health Centres during Five Year Plans,https://data.gov.in/catalog/rural-health-statistics-in-india---2013
Number of Community Health Centres during Five Year Plans,https://data.gov.in/catalog/rural-health-statistics-in-india---2014
Number of Condom Pieces and Oral Pill Cycles distributed,https://data.gov.in/catalog/health-and-family-welfare-statistics---2015
Number of Condom Pieces and Oral Pill Cycles distributed,https://data.gov.in/catalog/health-and-family-welfare-statistics---2017
Number of Newborn Visited within 24 Hrs of Home Delivery,https://data.gov.in/catalog/health-and-family-welfare-statistics---2015
Number of Newborn Visited within 24 Hrs of Home Delivery,https://data.gov.in/catalog/number-of-newborn-visited-within-24-hrs-of-home-delivery-in-india
Number of Newborns Having Weight Less Than 2.5 Kgs,https://data.gov.in/catalog/health-and-family-welfare-statistics---2015
Number of Newborns Having Weight Less Than 2.5 Kgs,https://data.gov.in/catalog/number-of-newborns-having-weight-less-than-2.5-kgs-in-india
Number of PHCs with Ayush facility,https://data.gov.in/catalog/rural-health-statistics---2015
Number of PHCs with Ayush facility,https://data.gov.in/catalog/rural-health-statistics-in-india---2013
Number of PHCs with Ayush facility,https://data.gov.in/catalog/rural-health-statistics-in-india---2014
Number of PHCs with doctors and without doctor/lab technician/pharmacist,https://data.gov.in/catalog/health-and-family-welfare-statistics---2015
Number of PHCs with doctors and without doctor/lab technician/pharmacist,https://data.gov.in/catalog/rural-health-statistics-in-india---2013
Number of PHCs with doctors and without doctor/lab technician/pharmacist,https://data.gov.in/catalog/rural-health-statistics-in-india---2014
Number of Pregnant Women Received 3 ANC Check-ups,https://data.gov.in/catalog/health-and-family-welfare-statistics---2015
Number of Pregnant Women Received 3 ANC Check-ups,https://data.gov.in/catalog/number-of-pregnant-women-received-3-anc-check-ups-in-india
Number of Primary Health Centres during Five Year Plans,https://data.gov.in/catalog/rural-health-statistics---2015
Number of Primary Health Centres during Five Year Plans,https://data.gov.in/catalog/rural-health-statistics-in-india---2013
Number of Primary Health Centres during Five Year Plans,https://data.gov.in/catalog/rural-health-statistics-in-india---2014
Number of Sub Centres during Five Year Plans,https://data.gov.in/catalog/rural-health-statistics---2015
Number of Sub Centres during Five Year Plans,https://data.gov.in/catalog/rural-health-statistics-in-india---2013
Number of Sub Centres during Five Year Plans,https://data.gov.in/catalog/rural-health-statistics-in-india---2014
"Number of Sub-Centres, PHCs, and CHCs Functioning",https://data.gov.in/catalog/health-and-family-welfare-statistics---2015
"Number of Sub-Centres, PHCs, and CHCs Functioning","https://data.gov.in/catalog/number-of-sub-centres,-primary-health-centres-(phcs)-and-community-health-centres(chcs)"
"Number of Sub-Centres, PHCs, and CHCs Functioning",https://data.gov.in/catalog/rural-health-statistics-in-india---2013
"Number of Sub-Centres, PHCs, and CHCs Functioning",https://data.gov.in/catalog/rural-health-statistics-in-india---2014
Number of Women Discharged within 48 hrs of Delivery from Public Facility,https://data.gov.in/catalog/health-and-family-welfare-statistics---2015
Number of Women Discharged within 48 hrs of Delivery from Public Facility,https://data.gov.in/catalog/health-and-family-welfare-statistics---2017
Number of Women Discharged within 48 hrs of Delivery from Public Facility,https://data.gov.in/catalog/number-of-women-discharged-under-48-hrs-of-delivery-from-public-facility-in-india
Number of Women Given TT2/Booster,https://data.gov.in/catalog/health-and-family-welfare-statistics---2015
Number of Women Given TT2/Booster,https://data.gov.in/catalog/number-of-women-given-tt2/booster-in-india
Number of Women Received post Partum Check-up within 48 hours after Delivery,https://data.gov.in/catalog/health-and-family-welfare-statistics---2015
Number of Women Received post Partum Check-up within 48 hours after Delivery,https://data.gov.in/catalog/health-and-family-welfare-statistics---2017
Number of Women Received post Partum Check-up within 48 hours after Delivery,https://data.gov.in/catalog/number-of-women-having-hemoglobin-(hb)-level-less-than-11-(tested-cases)-in-india
Number of Women Received post Partum Check-up within 48 hours after Delivery,https://data.gov.in/catalog/number-of-women-receiving-post-partum-check-up-within-48-hours-after-delivery-in-india
"Number of Women and Men Age 15-49 per 100,000 who Reported that they have Asthma - NFHS 3 (2005-06)",https://data.gov.in/catalog/health-and-family-welfare-statistics---2015
Number of sub centres and PHCs & CHCs in tribal areas,https://data.gov.in/catalog/rural-health-statistics---2015
Number of sub centres and PHCs & CHCs in tribal areas,https://data.gov.in/catalog/rural-health-statistics-in-india---2013
Number of sub centres and PHCs & CHCs in tribal areas,https://data.gov.in/catalog/rural-health-statistics-in-india---2014
Number of subcenters without ANMs or/and health workers [male],https://data.gov.in/catalog/rural-health-statistics---2015
Number of subcenters without ANMs or/and health workers [male],https://data.gov.in/catalog/rural-health-statistics-in-india---2013
Number of subcenters without ANMs or/and health workers [male],https://data.gov.in/catalog/rural-health-statistics-in-india---2014
Number of women and men age 15-49 per 100000 who reported that they have Diabetes -National Family Health Survey (NFHS) III(2005-06),https://data.gov.in/catalog/number-of-women-and-men-aged-15-49-per-100000-who-reported-that-they-have-diabetes
Number of women and men age 15-49 per 100000 who reported that they have Diabetes -National Family Health Survey (NFHS) III(2005-06),https://data.gov.in/catalog/number-of-women-and-men-aged-15-49-per-100000-who-reported-that-they-have-asthma
Nursing staff at PHCs & CHCs,https://data.gov.in/catalog/rural-health-statistics---2015
Nursing staff at PHCs & CHCs,https://data.gov.in/catalog/rural-health-statistics-in-india---2013
Nursing staff at PHCs & CHCs,https://data.gov.in/catalog/rural-health-statistics-in-india---2014
Nursing staff at PHCs & CHCs in tribal area,https://data.gov.in/catalog/rural-health-statistics---2015
Nursing staff at PHCs & CHCs in tribal area,https://data.gov.in/catalog/rural-health-statistics-in-india---2013
Nursing staff at PHCs & CHCs in tribal area,https://data.gov.in/catalog/rural-health-statistics-in-india---2014
Obstetricians & gynaecologists at CHCs,https://data.gov.in/catalog/rural-health-statistics---2015
Obstetricians & gynaecologists at CHCs,https://data.gov.in/catalog/rural-health-statistics-in-india---2013
Obstetricians & gynaecologists at CHCs,https://data.gov.in/catalog/rural-health-statistics-in-india---2014
Obstetricians & gynaecologists at CHCs in tribal area,https://data.gov.in/catalog/rural-health-statistics---2015
Obstetricians & gynaecologists at CHCs in tribal area,https://data.gov.in/catalog/rural-health-statistics-in-india---2013
Obstetricians & gynaecologists at CHCs in tribal area,https://data.gov.in/catalog/rural-health-statistics-in-india---2014
Paediatrician at community health centres in tribal area,https://data.gov.in/catalog/rural-health-statistics---2015
Paediatrician at community health centres in tribal area,https://data.gov.in/catalog/rural-health-statistics-in-india---2013
Paediatrician at community health centres in tribal area,https://data.gov.in/catalog/rural-health-statistics-in-india---2014
Paediatricians at CHCs,https://data.gov.in/catalog/rural-health-statistics---2015
Paediatricians at CHCs,https://data.gov.in/catalog/rural-health-statistics-in-india---2013
Paediatricians at CHCs,https://data.gov.in/catalog/rural-health-statistics-in-india---2014
Para medical staff at district hospital and sub district/ sub divisional hospital,https://data.gov.in/catalog/rural-health-statistics---2015
Para medical staff at district hospital and sub district/ sub divisional hospital,https://data.gov.in/catalog/rural-health-statistics---2016
Para medical staff at district hospital and sub district/ sub divisional hospital,https://data.gov.in/catalog/rural-health-statistics---2017
Para medical staff at district hospital and sub district/ sub divisional hospital,https://data.gov.in/catalog/rural-health-statistics---2018
Para medical staff at district hospital and sub district/ sub divisional hospital,https://data.gov.in/catalog/rural-health-statistics---2019
Para medical staff at district hospital and sub district/ sub divisional hospital,https://data.gov.in/catalog/rural-health-statistics-in-india---2014
Percent Distribution of Live Births by Type of Medical Attention Received by the Mother at Delivery of Residence,https://data.gov.in/catalog/health-and-family-welfare-statistics---2015
Percent Distribution of Live Births by Type of Medical Attention Received by the Mother at Delivery of Residence,https://data.gov.in/catalog/health-and-family-welfare-statistics---2017
Percent Distribution of Live Births by Type of Medical Attention Received by the Mother at Delivery of Residence,https://data.gov.in/catalog/percent-distribution-of-live-births-by-type-of-medical-attention-received-by-the-mother
Percentage Distribution of Births by Order of Births by Residence,https://data.gov.in/catalog/health-and-family-welfare-statistics---2015
Percentage Distribution of Births by Order of Births by Residence,https://data.gov.in/catalog/health-and-family-welfare-statistics---2017
Percentage Distribution of Births by Order of Births by Residence,https://data.gov.in/catalog/health-and-family-welfare-statistics---2019-20
Percentage Distribution of Births by Order of Births by Residence,https://data.gov.in/catalog/percentage-distribution-of-births-by-order-of-births-by-residence
"Percentage distribution of live births by order of birth (SRS), India and Major States",https://data.gov.in/catalog/health-and-family-welfare-statistics---2015
"Percentage distribution of live births by order of birth (SRS), India and Major States",https://data.gov.in/catalog/health-and-family-welfare-statistics---2019-20
"Percentage distribution of live births by order of birth (SRS), India and Major States",https://data.gov.in/catalog/percentage-distribution-of-live-births-by-order-of-birth
Percentage of Children Aged 12-35 Month Received Vitamin-A and Hepatitis-B Injection - DLHS 3 (2007-08),https://data.gov.in/catalog/health-and-family-welfare-statistics---2015
Percentage of Children who Suffered from Diarrhoea and Sought Advice/Treatment - DLHS 3 (2007-08),https://data.gov.in/catalog/health-and-family-welfare-statistics---2015
Percentage of Death by Causes Related to Child Birth and Pregnancy (Maternal) in All India (Rural),https://data.gov.in/catalog/health-and-family-welfare-statistics---2015
Percentage of Death by Causes Related to Child Birth and Pregnancy (Maternal) in All India (Rural),https://data.gov.in/catalog/percentage-of-death-by-causes-related-to-child-birth-and-pregnancy-(maternal)-in-rural-area
"Percentage of Females by Age at Effective Marriage by Residence, India and Major States (SRS)",https://data.gov.in/catalog/health-and-family-welfare-statistics---2015
"Percentage of Females by Age at Effective Marriage by Residence, India and Major States (SRS)",https://data.gov.in/catalog/health-and-family-welfare-statistics---2017
"Percentage of Females by Age at Effective Marriage by Residence, India and Major States (SRS)",https://data.gov.in/catalog/health-and-family-welfare-statistics---2019-20
"Percentage of Households that do not Generally use Government Health Facilities when they are Sick and the Percentage giving Specific reasons for not Utilizing Government Health Facility According to State, India -NFHS-3 2005-06, NFHS-4",https://data.gov.in/catalog/health-and-family-welfare-statistics---2015
"Percentage of Households that do not Generally use Government Health Facilities when they are Sick and the Percentage giving Specific reasons for not Utilizing Government Health Facility According to State, India -NFHS-3 2005-06, NFHS-4",https://data.gov.in/catalog/health-and-family-welfare-statistics---2017
"Percentage of Households that do not Generally use Government Health Facilities when they are Sick and the Percentage giving Specific reasons for not Utilizing Government Health Facility According to State, India -NFHS-3 2005-06, NFHS-4",https://data.gov.in/catalog/households-that-do-not-generally-use-government-health-facilities-and-specific-reasons-for-not-utilizing
Performance of Key HMIS Indicators,https://data.gov.in/catalog/performance-of-key-hmis-indicators-across-sub-districts-of-chandigarh
Performance of Key HMIS Indicators,https://data.gov.in/catalog/performance-of-key-hmis-indicators-across-sub-districts-of-dadra-&-nagar-haveli
Performance of Key HMIS Indicators,https://data.gov.in/catalog/performance-of-key-hmis-indicators-across-sub-districts-of-jammu-&-kashmir
Performance of Key HMIS Indicators,https://data.gov.in/catalog/performance-of-key-hmis-indicators-across-sub-districts-of-lakshadweep
Performance of Key HMIS Indicators,https://data.gov.in/catalog/performance-of-key-hmis-indicators-across-sub-districts-of-manipur
Performance of Key HMIS Indicators,https://data.gov.in/catalog/performance-of-key-hmis-indicators-across-sub-districts-of-meghalaya
Performance of Key HMIS Indicators,https://data.gov.in/catalog/performance-of-key-hmis-indicators-across-sub-districts-of-nagaland
Performance of Key HMIS Indicators,https://data.gov.in/catalog/performance-of-key-hmis-indicators-across-sub-districts-of-tripura
Performance of Key HMIS Indicators,https://data.gov.in/catalog/performance-of-key-hmis-indicators-across-sub-districts-of-arunachal-pradesh
Performance of Key HMIS Indicators,https://data.gov.in/catalog/performance-of-key-hmis-indicators-across-sub-districts-of-assam
Performance of Key HMIS Indicators,https://data.gov.in/catalog/performance-of-key-hmis-indicators-across-sub-districts-of-chhattisgarh
Performance of Key HMIS Indicators,https://data.gov.in/catalog/performance-of-key-hmis-indicators-across-sub-districts-of-daman-&-diu
Performance of Key HMIS Indicators,https://data.gov.in/catalog/performance-of-key-hmis-indicators-across-sub-districts-of-delhi
Performance of Key HMIS Indicators,https://data.gov.in/catalog/performance-of-key-hmis-indicators-across-sub-districts-of-jharkhand
Performance of Key HMIS Indicators,https://data.gov.in/catalog/performance-of-key-hmis-indicators-across-sub-districts-of-karnataka
Performance of Key HMIS Indicators,https://data.gov.in/catalog/performance-of-key-hmis-indicators-across-sub-districts-of-mizoram
Performance of Key HMIS Indicators,https://data.gov.in/catalog/performance-of-key-hmis-indicators-across-sub-districts-of-odisha
Performance of Key HMIS Indicators,https://data.gov.in/catalog/performance-of-key-hmis-indicators-across-sub-districts-of-punjab
Performance of Key HMIS Indicators,https://data.gov.in/catalog/performance-of-key-hmis-indicators-across-sub-districts-of-sikkim
Performance of Key HMIS Indicators,https://data.gov.in/catalog/performance-of-key-hmis-indicators-across-sub-districts-of-uttarakhand
Performance of Key HMIS Indicators,https://data.gov.in/catalog/performance-of-key-hmis-indicators-across-sub-districts-of-west-bengal
Performance of Key HMIS Indicators (Across Sub Districts),https://data.gov.in/catalog/performance-of-key-hmis-indicators-across-sub-districts-of-chandigarh
Performance of Key HMIS Indicators (Across Sub Districts),https://data.gov.in/catalog/performance-of-key-hmis-indicators-across-sub-districts-of-dadra-&-nagar-haveli
Performance of Key HMIS Indicators (Across Sub Districts),https://data.gov.in/catalog/performance-of-key-hmis-indicators-across-sub-districts-of-jammu-&-kashmir
Performance of Key HMIS Indicators (Across Sub Districts),https://data.gov.in/catalog/performance-of-key-hmis-indicators-across-sub-districts-of-lakshadweep
Performance of Key HMIS Indicators (Across Sub Districts),https://data.gov.in/catalog/performance-of-key-hmis-indicators-across-sub-districts-of-manipur
Performance of Key HMIS Indicators (Across Sub Districts),https://data.gov.in/catalog/performance-of-key-hmis-indicators-across-sub-districts-of-meghalaya
Performance of Key HMIS Indicators (Across Sub Districts),https://data.gov.in/catalog/performance-of-key-hmis-indicators-across-sub-districts-of-nagaland
Performance of Key HMIS Indicators (Across Sub Districts),https://data.gov.in/catalog/performance-of-key-hmis-indicators-across-sub-districts-of-tripura
Performance of Key HMIS Indicators (Across Sub Districts),https://data.gov.in/catalog/performance-of-key-hmis-indicators-across-sub-districts-of-andaman-and-nicobar-islands
Performance of Key HMIS Indicators (Across Sub Districts),https://data.gov.in/catalog/performance-of-key-hmis-indicators-across-sub-districts-of-andhra-pradesh
Performance of Key HMIS Indicators (Across Sub Districts),https://data.gov.in/catalog/performance-of-key-hmis-indicators-across-sub-districts-of-arunachal-pradesh
Performance of Key HMIS Indicators (Across Sub Districts),https://data.gov.in/catalog/performance-of-key-hmis-indicators-across-sub-districts-of-assam
Performance of Key HMIS Indicators (Across Sub Districts),https://data.gov.in/catalog/performance-of-key-hmis-indicators-across-sub-districts-of-bihar
Performance of Key HMIS Indicators (Across Sub Districts),https://data.gov.in/catalog/performance-of-key-hmis-indicators-across-sub-districts-of-chhattisgarh
Performance of Key HMIS Indicators (Across Sub Districts),https://data.gov.in/catalog/performance-of-key-hmis-indicators-across-sub-districts-of-daman-&-diu
Performance of Key HMIS Indicators (Across Sub Districts),https://data.gov.in/catalog/performance-of-key-hmis-indicators-across-sub-districts-of-delhi
Performance of Key HMIS Indicators (Across Sub Districts),https://data.gov.in/catalog/performance-of-key-hmis-indicators-across-sub-districts-of-goa
Performance of Key HMIS Indicators (Across Sub Districts),https://data.gov.in/catalog/performance-of-key-hmis-indicators-across-sub-districts-of-gujarat
Performance of Key HMIS Indicators (Across Sub Districts),https://data.gov.in/catalog/performance-of-key-hmis-indicators-across-sub-districts-of-haryana
Performance of Key HMIS Indicators (Across Sub Districts),https://data.gov.in/catalog/performance-of-key-hmis-indicators-across-sub-districts-of-himachal-pradesh
Performance of Key HMIS Indicators (Across Sub Districts),https://data.gov.in/catalog/performance-of-key-hmis-indicators-across-sub-districts-of-jharkhand
Performance of Key HMIS Indicators (Across Sub Districts),https://data.gov.in/catalog/performance-of-key-hmis-indicators-across-sub-districts-of-karnataka
Performance of Key HMIS Indicators (Across Sub Districts),https://data.gov.in/catalog/performance-of-key-hmis-indicators-across-sub-districts-of-kerala
Performance of Key HMIS Indicators (Across Sub Districts),https://data.gov.in/catalog/performance-of-key-hmis-indicators-across-sub-districts-of-madhya-pradesh
Performance of Key HMIS Indicators (Across Sub Districts),https://data.gov.in/catalog/performance-of-key-hmis-indicators-across-sub-districts-of-maharashtra
Performance of Key HMIS Indicators (Across Sub Districts),https://data.gov.in/catalog/performance-of-key-hmis-indicators-across-sub-districts-of-mizoram
Performance of Key HMIS Indicators (Across Sub Districts),https://data.gov.in/catalog/performance-of-key-hmis-indicators-across-sub-districts-of-odisha
Performance of Key HMIS Indicators (Across Sub Districts),https://data.gov.in/catalog/performance-of-key-hmis-indicators-across-sub-districts-of-puducherry
Performance of Key HMIS Indicators (Across Sub Districts),https://data.gov.in/catalog/performance-of-key-hmis-indicators-across-sub-districts-of-punjab
Performance of Key HMIS Indicators (Across Sub Districts),https://data.gov.in/catalog/performance-of-key-hmis-indicators-across-sub-districts-of-rajasthan
Performance of Key HMIS Indicators (Across Sub Districts),https://data.gov.in/catalog/performance-of-key-hmis-indicators-across-sub-districts-of-sikkim
Performance of Key HMIS Indicators (Across Sub Districts),https://data.gov.in/catalog/performance-of-key-hmis-indicators-across-sub-districts-of-tamil-nadu
Performance of Key HMIS Indicators (Across Sub Districts),https://data.gov.in/catalog/performance-of-key-hmis-indicators-across-sub-districts-of-telangana
Performance of Key HMIS Indicators (Across Sub Districts),https://data.gov.in/catalog/performance-of-key-hmis-indicators-across-sub-districts-of-uttar-pradesh
Performance of Key HMIS Indicators (Across Sub Districts),https://data.gov.in/catalog/performance-of-key-hmis-indicators-across-sub-districts-of-uttarakhand
Performance of Key HMIS Indicators (Across Sub Districts),https://data.gov.in/catalog/performance-of-key-hmis-indicators-across-sub-districts-of-west-bengal
Performance of Key HMIS Indicators for All Indicators,https://data.gov.in/catalog/performance-of-key-hmis-indicators-(upto-district-level)-for-all-indicators
Performance of Key HMIS Indicators for Child Health,https://data.gov.in/catalog/performance-of-key-hmis-indicators-(upto-district-level)-for-child-health
Performance of Key HMIS Indicators for Family Planning,https://data.gov.in/catalog/performance-of-key-hmis-indicators-(upto-district-level)-for-family-planning
Performance of Key HMIS Indicators for Maternal Health,https://data.gov.in/catalog/performance-of-key-hmis-indicators-(upto-district-level)-for-maternal-health
Performance of Key HMIS Indicators for North,https://data.gov.in/catalog/performance-of-key-hmis-indicators-across-sub-districts-of-tripura
Performance of Key HMIS Indicators for North,https://data.gov.in/catalog/performance-of-key-hmis-indicators-across-sub-districts-of-delhi
Performance of Key HMIS Indicators for North,https://data.gov.in/catalog/performance-of-key-hmis-indicators-across-sub-districts-of-goa
Performance of Key HMIS Indicators for North,https://data.gov.in/catalog/performance-of-key-hmis-indicators-across-sub-districts-of-sikkim
Performance of Key HMIS Indicators for Other Indicators,https://data.gov.in/catalog/performance-of-key-hmis-indicators-(upto-district-level)-for-other-indicators
Performance of Key HMIS Indicators for South,https://data.gov.in/catalog/performance-of-key-hmis-indicators-across-sub-districts-of-tripura
Performance of Key HMIS Indicators for South,https://data.gov.in/catalog/performance-of-key-hmis-indicators-across-sub-districts-of-delhi
Performance of Key HMIS Indicators for South,https://data.gov.in/catalog/performance-of-key-hmis-indicators-across-sub-districts-of-goa
Performance of Key HMIS Indicators for South,https://data.gov.in/catalog/performance-of-key-hmis-indicators-across-sub-districts-of-sikkim
Performance on Reproductive Child Health (RCH) Indicators,https://data.gov.in/catalog/all-india-and-state-wise-reproductive-child-health-(rch)-report
Peri-Natal Mortality Rates by Residence,https://data.gov.in/catalog/health-and-family-welfare-statistics---2015
Pharmacists at PHCs & CHCs,https://data.gov.in/catalog/rural-health-statistics---2015
Pharmacists at PHCs & CHCs,https://data.gov.in/catalog/rural-health-statistics-in-india---2013
Pharmacists at PHCs & CHCs,https://data.gov.in/catalog/rural-health-statistics-in-india---2014
Pharmacists at PHCs & CHCs in tribal area,https://data.gov.in/catalog/rural-health-statistics---2015
Pharmacists at PHCs & CHCs in tribal area,https://data.gov.in/catalog/rural-health-statistics-in-india---2013
Pharmacists at PHCs & CHCs in tribal area,https://data.gov.in/catalog/rural-health-statistics-in-india---2014
"Pharmacists, Laboratory Technicians and Nursing Staff At Primary Health Centres & Community Health Centres as of March","https://data.gov.in/catalog/pharmacists,-laboratory-technicians-and-nursing-staff-at-primary-health-centres-&-community-health-centres"
"Pharmacists, Laboratory Technicians and Nursing Staff At Primary Health Centres & Community Health Centres as of March","https://data.gov.in/catalog/pharmacists,-laboratory-technicians-and-nursing-staff-at-primary-health-centres-and-community-health-centres"
Physicians at CHCs,https://data.gov.in/catalog/rural-health-statistics---2015
Physicians at CHCs,https://data.gov.in/catalog/rural-health-statistics-in-india---2013
Physicians at CHCs,https://data.gov.in/catalog/rural-health-statistics-in-india---2014
Physicians at CHCs in tribal area,https://data.gov.in/catalog/rural-health-statistics---2015
Physicians at CHCs in tribal area,https://data.gov.in/catalog/rural-health-statistics-in-india---2013
Physicians at CHCs in tribal area,https://data.gov.in/catalog/rural-health-statistics-in-india---2014
Population and household characteristics-Total - DLHS III,https://data.gov.in/catalog/district-level-household-and-facility-survey-(dlhs-3)
Pregnant Women Consuming 100+ IFA Tablets or Syrup Equivalent,https://data.gov.in/catalog/health-and-family-welfare-statistics---2015
Pregnant Women Consuming 100+ IFA Tablets or Syrup Equivalent,https://data.gov.in/catalog/health-and-family-welfare-statistics---2017
Projected Levels of the Expectation of Life at Birth,https://data.gov.in/catalog/health-and-family-welfare-statistics---2015
Projected Levels of the Expectation of Life at Birth,https://data.gov.in/catalog/projected-levels-of-the-expectation-of-life-at-birth
Projected Population Characteristics as on 1st March,https://data.gov.in/catalog/health-and-family-welfare-statistics---2017
Quarterly Range-wise Performance of Public Facilities for Ayush - Outpatient attendance,https://data.gov.in/catalog/quarterly-range-wise-performance-of-public-facilities-for-opd-attendance
Quarterly Range-wise Performance of Public Facilities for Ayush - Outpatient attendance,https://data.gov.in/catalog/range-wise-quarterly-performance-of-public-facilities-for-opd-attendance-in-india-(across-states/uts)
Quarterly Range-wise Performance of Public Facilities for IPD Attendance,https://data.gov.in/catalog/quarterly-range-wise-performance-of-public-facilities-for-ipd-attendance
Quarterly Range-wise Performance of Public Facilities for IPD Attendance,https://data.gov.in/catalog/quarterly-range-wise-performance-of-public-facilities-for-opd-attendance
Quarterly Range-wise Performance of Public Facilities for IPD Attendance,https://data.gov.in/catalog/range-wise-quarterly-performance-of-public-facilities-for-ipd-attendance-in-india-(across-states/uts)
Quarterly Range-wise Performance of Public Facilities for IPD Attendance,https://data.gov.in/catalog/range-wise-quarterly-performance-of-public-facilities-for-opd-attendance-in-india-(across-states/uts)
RCH Report Indicator Wise: Performance Related to Family Planning: Condom Users,https://data.gov.in/catalog/indicator-wise-reproductive-child-health-(rch)-report:-family-planning
RCH Report Indicator Wise: Performance Related to Family Planning: Intra Uterine Contraceptive Device (IUCD Insertions),https://data.gov.in/catalog/indicator-wise-reproductive-child-health-(rch)-report:-family-planning
RCH Report Indicator Wise: Performance Related to Family Planning: Oral Pill Users,https://data.gov.in/catalog/indicator-wise-reproductive-child-health-(rch)-report:-family-planning
RCH Report Indicator Wise: Performance Related to Family Planning: Sterilisation,https://data.gov.in/catalog/indicator-wise-reproductive-child-health-(rch)-report:-family-planning
RCH Report Indicator Wise: Performance Related to Family Planning: Vasectomy & Tubectomy,https://data.gov.in/catalog/indicator-wise-reproductive-child-health-(rch)-report:-family-planning
RCH Report Indicator Wise: Performance Related to Immunisation: Bacillus Calmette Guerin (BCG),https://data.gov.in/catalog/indicator-wise-reproductive-child-health-(rch)-report:-immunization
RCH Report Indicator Wise: Performance Related to Immunisation: DT (2nd Dose) or DPT5,https://data.gov.in/catalog/indicator-wise-reproductive-child-health-(rch)-report:-immunization
"RCH Report Indicator Wise: Performance Related to Immunisation: Diphtheria, Pertussis and Tetanus (DPT3)",https://data.gov.in/catalog/indicator-wise-reproductive-child-health-(rch)-report:-immunization
RCH Report Indicator Wise: Performance Related to Immunisation: Measles,https://data.gov.in/catalog/indicator-wise-reproductive-child-health-(rch)-report:-immunization
RCH Report Indicator Wise: Performance Related to Immunisation: Polio (OPV3),https://data.gov.in/catalog/indicator-wise-reproductive-child-health-(rch)-report:-immunization
RCH Report Indicator Wise: Performance Related to Immunisation: Tetanus Toxoid (TT16),https://data.gov.in/catalog/indicator-wise-reproductive-child-health-(rch)-report:-immunization
RCH Report Indicator Wise: Performance Related to Immunisation: Vitamin A (9th Dose),https://data.gov.in/catalog/indicator-wise-reproductive-child-health-(rch)-report:-immunization
RCH Report Indicator Wise: Performance Related to Maternal Health: Ante Natal Care (ANC),https://data.gov.in/catalog/indicator-wise-reproductive-child-health-(rch)-report:-maternal-health
RCH Report Indicator Wise: Performance Related to Maternal Health: Home Deliveries,https://data.gov.in/catalog/indicator-wise-reproductive-child-health-(rch)-report:-maternal-health
RCH Report Indicator Wise: Performance Related to Maternal Health: Institutional Deliveries,https://data.gov.in/catalog/indicator-wise-reproductive-child-health-(rch)-report:-maternal-health
RCH Report Indicator Wise: Performance Related to Maternal Health: Pregnant Women given 100 IFA (Prophylaxis Against Nutritional Anaemia),https://data.gov.in/catalog/indicator-wise-reproductive-child-health-(rch)-report:-maternal-health
RCH Report Indicator Wise: Performance Related to Maternal Health: Pregnant Women given Tetanus Immunisation,https://data.gov.in/catalog/indicator-wise-reproductive-child-health-(rch)-report:-maternal-health
RCH Report Indicator Wise: Performance related to Pentavalent 3 (including DPT 3),https://data.gov.in/catalog/indicator-wise-reproductive-child-health-(rch)-report:-immunization
Radiographer at community health centres in tribal area,https://data.gov.in/catalog/rural-health-statistics---2015
Radiographer at community health centres in tribal area,https://data.gov.in/catalog/rural-health-statistics-in-india---2013
Radiographer at community health centres in tribal area,https://data.gov.in/catalog/rural-health-statistics-in-india---2014
Radiographers at CHCs,https://data.gov.in/catalog/rural-health-statistics---2015
Radiographers at CHCs,https://data.gov.in/catalog/rural-health-statistics-in-india---2013
Radiographers at CHCs,https://data.gov.in/catalog/rural-health-statistics-in-india---2014
Range-wise Performance of Public Facilities for Allopathic - Outpatient attendance (for),https://data.gov.in/catalog/annual-range-wise-performance-of-public-facilities-for-opd-attendance
Range-wise Performance of Public Facilities for Allopathic - Outpatient attendance (for),https://data.gov.in/catalog/quarterly-range-wise-performance-of-public-facilities-for-opd-attendance
Range-wise Performance of Public Facilities for Allopathic - Outpatient attendance (for),https://data.gov.in/catalog/range-wise-monthly-performance-of-public-facilities-for-opd-attendance-in-india-(across-states/uts)
Range-wise Performance of Public Facilities for Allopathic - Outpatient attendance (for),https://data.gov.in/catalog/range-wise-performance-of-public-facilities-for-opd-attendance
Range-wise Performance of Public Facilities for Allopathic - Outpatient attendance (for),https://data.gov.in/catalog/range-wise-quarterly-performance-of-public-facilities-for-opd-attendance-in-india-(across-states/uts)
Range-wise Performance of Public Facilities for Ayush - Outpatient attendance (for),https://data.gov.in/catalog/annual-range-wise-performance-of-public-facilities-for-opd-attendance
Range-wise Performance of Public Facilities for Ayush - Outpatient attendance (for),https://data.gov.in/catalog/range-wise-monthly-performance-of-public-facilities-for-opd-attendance-in-india-(across-states/uts)
Range-wise Performance of Public Facilities for Ayush - Outpatient attendance (for),https://data.gov.in/catalog/range-wise-performance-of-public-facilities-for-opd-attendance
Range-wise Performance of Public Facilities for C-Section deliveries at facility (for),https://data.gov.in/catalog/annual-range-wise-performance-of-public-facilities-for-c-section-deliveries-at-facility
Range-wise Performance of Public Facilities for C-Section deliveries at facility (for),https://data.gov.in/catalog/quarterly-range-wise-performance-of-public-facilities-for-c-section-deliveries-at-facility
Range-wise Performance of Public Facilities for C-Section deliveries at facility (for),https://data.gov.in/catalog/range-wise-monthly-performance-of-public-facilities-for-c-section-deliveries-at-facility-in-india-(across-states/uts)
Range-wise Performance of Public Facilities for C-Section deliveries at facility (for),https://data.gov.in/catalog/range-wise-performance-of-public-facilities-for-c-section-deliveries-at-facility
Range-wise Performance of Public Facilities for C-Section deliveries at facility (for),https://data.gov.in/catalog/range-wise-quarterly-performance-of-public-facilities-for-c-section-deliveries-at-facility-in-india-(across-states/uts)
Range-wise Performance of Public Facilities for Deliveries conducted at facility (for),https://data.gov.in/catalog/annual-range-wise-performance-of-public-facilities-for-deliveries-conducted-at-facility
Range-wise Performance of Public Facilities for Deliveries conducted at facility (for),https://data.gov.in/catalog/quarterly-range-wise-performance-of-public-facilities-for-deliveries-conducted-at-facility
Range-wise Performance of Public Facilities for Deliveries conducted at facility (for),https://data.gov.in/catalog/range-wise-monthly-performance-of-public-facilities-for-deliveries-conducted-at-facility-in-india-(across-states/uts)
Range-wise Performance of Public Facilities for Deliveries conducted at facility (for),https://data.gov.in/catalog/range-wise-performance-of-public-facilities-for-deliveries-conducted-at-facility
Range-wise Performance of Public Facilities for Deliveries conducted at facility (for),https://data.gov.in/catalog/range-wise-quarterly-performance-of-public-facilities-for-deliveries-conducted-at-facility-in-india-(across-states/uts)
Range-wise Performance of Public Facilities for IPD Attendance (for),https://data.gov.in/catalog/annual-range-wise-performance-of-public-facilities-for-ipd-attendance
Range-wise Performance of Public Facilities for IPD Attendance (for),https://data.gov.in/catalog/annual-range-wise-performance-of-public-facilities-for-opd-attendance
Range-wise Performance of Public Facilities for IPD Attendance (for),https://data.gov.in/catalog/range-wise-monthly-performance-of-public-facilities-for-ipd-attendance-in-india-(across-states/uts)
Range-wise Performance of Public Facilities for IPD Attendance (for),https://data.gov.in/catalog/range-wise-monthly-performance-of-public-facilities-for-opd-attendance-in-india-(across-states/uts)
Range-wise Performance of Public Facilities for IPD Attendance (for),https://data.gov.in/catalog/range-wise-performance-of-public-facilities-for-ipd-attendance
Range-wise Performance of Public Facilities for IPD Attendance (for),https://data.gov.in/catalog/range-wise-performance-of-public-facilities-for-opd-attendance
Range-wise Performance of Public Facilities for Operation major (General and spinal anaesthesia) (for),https://data.gov.in/catalog/annual-range-wise-performance-of-public-facilities-for-operation-major-(general-and-spinal-anaesthesia)
Range-wise Performance of Public Facilities for Operation major (General and spinal anaesthesia) (for),https://data.gov.in/catalog/quarterly-range-wise-performance-of-public-facilities-for-operation-major-(general-and-spinal-anaesthesia)
Range-wise Performance of Public Facilities for Operation major (General and spinal anaesthesia) (for),https://data.gov.in/catalog/range-wise-monthly-performance-of-public-facilities-for-operation-major-(general-and-spinal-anaesthesia)-in-india-(across-states/uts)
Range-wise Performance of Public Facilities for Operation major (General and spinal anaesthesia) (for),https://data.gov.in/catalog/range-wise-performance-of-public-facilities-for-operation-major-(general-and-spinal-anaesthesia)
Range-wise Performance of Public Facilities for Operation major (General and spinal anaesthesia) (for),https://data.gov.in/catalog/range-wise-quarterly-performance-of-public-facilities-for-operation-major-(general-and-spinal-anaesthesia)-in-india-(across-states/uts)
Range-wise Performance of Public Facilities for Operation minor (No or local anaesthesia) (for),https://data.gov.in/catalog/annual-range-wise-performance-of-public-facilities-for-operation-minor-(no-or-local-anaesthesia)
Range-wise Performance of Public Facilities for Operation minor (No or local anaesthesia) (for),https://data.gov.in/catalog/quarterly-range-wise-performance-of-public-facilities-for-operation-minor-(no-or-local-anaesthesia)
Range-wise Performance of Public Facilities for Operation minor (No or local anaesthesia) (for),https://data.gov.in/catalog/range-wise-monthly-performance-of-public-facilities-for-operation-minor-(no-or-local-anaesthesia)-in-india-(across-states/uts)
Range-wise Performance of Public Facilities for Operation minor (No or local anaesthesia) (for),https://data.gov.in/catalog/range-wise-performance-of-public-facilities-for-operation-minor-(no-or-local-anaesthesia)
Range-wise Performance of Public Facilities for Operation minor (No or local anaesthesia) (for),https://data.gov.in/catalog/range-wise-quarterly-performance-of-public-facilities-for-operation-minor-(no-or-local-anaesthesia)-in-india-(across-states/uts)
Ratio of Health Worker [Female]/ANM schools to LHV/health assistant [Female] training schools and average population covered,https://data.gov.in/catalog/rural-health-statistics-in-india---2013
Ratio of Health Worker [Female]/ANM schools to LHV/health assistant [Female] training schools and average population covered,https://data.gov.in/catalog/rural-health-statistics-in-india---2014
Safe Delivery - Births Assisted by Doctor/nurse/lhv/anm/other Health Personnel,https://data.gov.in/catalog/health-and-family-welfare-statistics---2015
Safe Delivery - Births Assisted by Doctor/nurse/lhv/anm/other Health Personnel,https://data.gov.in/catalog/health-and-family-welfare-statistics---2017
Sex-wise Break-up of Sterilisation Performed,https://data.gov.in/catalog/health-and-family-welfare-statistics---2015
Sex-wise Break-up of Sterilisation Performed,https://data.gov.in/catalog/health-and-family-welfare-statistics---2017
Shortfall in Health Infrastructure as per 2011 Provisional Population,https://data.gov.in/catalog/shortfall-in-health-infrastructure
Shortfall in health infrastructure as per 2011 population,https://data.gov.in/catalog/rural-health-statistics---2015
Shortfall in health infrastructure as per 2011 population,https://data.gov.in/catalog/rural-health-statistics-in-india---2013
Shortfall in health infrastructure as per 2011 population,https://data.gov.in/catalog/rural-health-statistics-in-india---2014
State Wise Number of Community Health Centres During Five Year Plans up,https://data.gov.in/catalog/rural-health-statistics---2016
State Wise Number of Community Health Centres During Five Year Plans up,https://data.gov.in/catalog/rural-health-statistics---2017
State Wise Number of Community Health Centres During Five Year Plans up,https://data.gov.in/catalog/rural-health-statistics---2018
State wise Grants in aid released for Running & Maintenance of Sub-centres,https://data.gov.in/catalog/rural-health-statistics-in-india---2005
State wise Grants in aid released for Running & Maintenance of Sub-centres,https://data.gov.in/catalog/rural-health-statistics-in-india---2006
State-Wise Achievements in Respect of Intra Uterine Device Insertions,https://data.gov.in/catalog/state-wise-achievements-in-respect-of-intra-uterine-device-insertions-in-india
State-wise Achievements in Respect of IUD Insertions,https://data.gov.in/catalog/health-and-family-welfare-statistics---2015
State-wise Achievements in Respect of IUD Insertions,https://data.gov.in/catalog/health-and-family-welfare-statistics---2017
State-wise Achievements in Respect of Sterilisations,https://data.gov.in/catalog/health-and-family-welfare-statistics---2015
State-wise Achievements in Respect of Sterilisations,https://data.gov.in/catalog/health-and-family-welfare-statistics---2017
State-wise Achievements in Respect of Sterilisations,https://data.gov.in/catalog/state-wise-achievements-in-respect-of-sterilisations-in-india
State-wise Nutritional Status of Adolescent Girls (15-18 years) as per RSOC,https://data.gov.in/catalog/health-and-family-welfare-statistics---2017
State-wise Percentage of Women Aged 15 to 49 who received any Antenatal checkup (ANC) in Pregnancy by Casts/Tribes as per DLHS-4,https://data.gov.in/catalog/health-and-family-welfare-statistics---2017
State-wise Peri-natal Mortality Rates by Residence,https://data.gov.in/catalog/health-and-family-welfare-statistics---2017
State-wise Sex ratio of child at birth(SRS),https://data.gov.in/catalog/health-and-family-welfare-statistics---2017
State-wise Sex ratio of child at birth(SRS),https://data.gov.in/catalog/health-and-family-welfare-statistics---2019-20
State-wise Total Fertility Rate (TFR) by residence (SRS),https://data.gov.in/catalog/health-and-family-welfare-statistics---2017
State-wise Total Fertility Rate (TFR) by residence (SRS),https://data.gov.in/catalog/health-and-family-welfare-statistics---2019-20
State-wise Trends in Under-Five Mortality Rates (U5MR) (per 1000 live births) by Residence,https://data.gov.in/catalog/health-and-family-welfare-statistics---2017
State-wise Trends in Under-Five Mortality Rates (U5MR) (per 1000 live births) by Residence,https://data.gov.in/catalog/health-and-family-welfare-statistics---2019-20
State-wise Vasectomies- Tubectomies and share of Tubectomy in total Sterilisations,https://data.gov.in/catalog/health-and-family-welfare-statistics---2015
State-wise Vasectomies- Tubectomies and share of Tubectomy in total Sterilisations,https://data.gov.in/catalog/health-and-family-welfare-statistics---2017
State-wise Vasectomies- Tubectomies and share of Tubectomy in total Sterilisations,https://data.gov.in/catalog/vasectomies--tubectomies-and-share-of-tubectomy-in-total-sterilisations
State-wise achievement of need assessed - DPT immunisation for children (III dose) (2008-09 to 2012-13),https://data.gov.in/catalog/dt-5/dpt-5/dpt-immunisation-for-children
State-wise achievement of need assessed - Prophylaxis against blindness due to Vitamin A Deficiency - 1st Dose for the children below 1 year,https://data.gov.in/catalog/prophylaxis-against-blindness-due-to-vitamin-a-deficiency
State-wise achievement of need assessed - Tetanus Toxoid (TT) for children of 16 years (2008-09 to 2012-13),https://data.gov.in/catalog/tetanus-toxoid-(tt)-for-children
State-wise achievements in respect of Condom Users,https://data.gov.in/catalog/health-and-family-welfare-statistics---2015
State-wise achievements in respect of Condom Users,https://data.gov.in/catalog/health-and-family-welfare-statistics---2017
State-wise achievements in respect of Condom Users,https://data.gov.in/catalog/state-wise-achievements-in-respect-of-condom-users-in-india
State-wise achievements in respect of Oral Pill Users,https://data.gov.in/catalog/health-and-family-welfare-statistics---2015
State-wise achievements in respect of Oral Pill Users,https://data.gov.in/catalog/health-and-family-welfare-statistics---2017
State-wise achievements in respect of Oral Pill Users,https://data.gov.in/catalog/state-wise-achievements-in-respect-of-oral-pill-users-in-india
State-wise number of laparoscopic tubectomies alongwith total number of tubectomy operations performed,https://data.gov.in/catalog/health-and-family-welfare-statistics---2015
State-wise number of laparoscopic tubectomies alongwith total number of tubectomy operations performed,https://data.gov.in/catalog/health-and-family-welfare-statistics---2017
State-wise number of laparoscopic tubectomies alongwith total number of tubectomy operations performed,https://data.gov.in/catalog/number-of-tubectomies-alongwith-total-number-of-tubectomy-operations-performed
State-wise number of newborn visited within 24 hrs of home delivery,https://data.gov.in/catalog/health-and-family-welfare-statistics---2017
State-wise number of newborn visited within 24 hrs of home delivery,https://data.gov.in/catalog/number-of-newborn-visited-within-24-hrs-of-home-delivery-in-india
State-wise number of newborns having weight less than 2.5 Kgs,https://data.gov.in/catalog/health-and-family-welfare-statistics---2017
State-wise number of newborns having weight less than 2.5 Kgs,https://data.gov.in/catalog/number-of-newborns-having-weight-less-than-2.5-kgs-in-india
State-wise number of women given TT2/Booster,https://data.gov.in/catalog/health-and-family-welfare-statistics---2017
State-wise number of women given TT2/Booster,https://data.gov.in/catalog/number-of-women-given-tt2/booster-in-india
State-wise number of women having Hb level < 11 (tested cases),https://data.gov.in/catalog/health-and-family-welfare-statistics---2017
State-wise number of women having Hb level < 11 (tested cases),https://data.gov.in/catalog/number-of-women-having-hemoglobin-(hb)-level-less-than-11-(tested-cases)-in-india
State/ UT-wise Area Districts and Villages in India in Census,https://data.gov.in/catalog/rural-health-statistics---2016
State/ UT-wise Area Districts and Villages in India in Census,https://data.gov.in/catalog/rural-health-statistics---2017
State/ UT-wise Female Health Worker / ANM at Sub Centres and PHCs as on 31-03,https://data.gov.in/catalog/rural-health-statistics---2017
State/ UT-wise Number of Primary Health Centres Five Year Plans,https://data.gov.in/catalog/rural-health-statistics---2017
State/ UT-wise Number of Primary Health Centres Five Year Plans,https://data.gov.in/catalog/rural-health-statistics---2018
State/ UT-wise Paediatricians at Community Health Centres (CHCs) as on 31-03,https://data.gov.in/catalog/rural-health-statistics---2017
State/UT wise Auxiliary Nurse Midwife(ANM) and LHV training school,https://data.gov.in/catalog/rural-health-statistics-in-india---2005
State/UT wise Auxiliary Nurse Midwife(ANM) and LHV training school,https://data.gov.in/catalog/rural-health-statistics-in-india---2006
State/UT wise Auxiliary Nurse Midwife(ANM) and LHV training school,https://data.gov.in/catalog/rural-health-statistics-in-india---2007
State/UT wise Auxiliary Nurse Midwife(ANM) and LHV training school,https://data.gov.in/catalog/rural-health-statistics-in-india---2008
State/UT wise Auxiliary Nurse Midwife(ANM) and LHV training school,https://data.gov.in/catalog/rural-health-statistics-in-india---2009
State/UT wise Auxiliary Nurse Midwife(ANM) and LHV training school,https://data.gov.in/catalog/rural-health-statistics-in-india---2010
State/UT wise Auxiliary Nurse Midwife(ANM) and LHV training school,https://data.gov.in/catalog/rural-health-statistics-in-india---2011
State/UT wise Auxiliary Nurse Midwife(ANM) and LHV training school,https://data.gov.in/catalog/rural-health-statistics-in-india---2012
State/UT wise Average number of H.W.(M) per health assistant (M) and average rural population covered by a HW(M),https://data.gov.in/catalog/rural-health-statistics---2015
State/UT wise Average number of H.W.(M) per health assistant (M) and average rural population covered by a HW(M),https://data.gov.in/catalog/rural-health-statistics---2016
State/UT wise Average number of H.W.(M) per health assistant (M) and average rural population covered by a HW(M),https://data.gov.in/catalog/rural-health-statistics---2018
State/UT wise Average number of H.W.(M) per health assistant (M) and average rural population covered by a HW(M),https://data.gov.in/catalog/rural-health-statistics---2019
State/UT wise Average number of H.W.(M) per health assistant (M) and average rural population covered by a HW(M),https://data.gov.in/catalog/rural-health-statistics-in-india---2005
State/UT wise Average number of H.W.(M) per health assistant (M) and average rural population covered by a HW(M),https://data.gov.in/catalog/rural-health-statistics-in-india---2006
State/UT wise Average number of H.W.(M) per health assistant (M) and average rural population covered by a HW(M),https://data.gov.in/catalog/rural-health-statistics-in-india---2007
State/UT wise Average number of H.W.(M) per health assistant (M) and average rural population covered by a HW(M),https://data.gov.in/catalog/rural-health-statistics-in-india---2008
State/UT wise Average number of H.W.(M) per health assistant (M) and average rural population covered by a HW(M),https://data.gov.in/catalog/rural-health-statistics-in-india---2009
State/UT wise Average number of H.W.(M) per health assistant (M) and average rural population covered by a HW(M),https://data.gov.in/catalog/rural-health-statistics-in-india---2010
State/UT wise Average number of H.W.(M) per health assistant (M) and average rural population covered by a HW(M),https://data.gov.in/catalog/rural-health-statistics-in-india---2011
State/UT wise Average number of H.W.(M) per health assistant (M) and average rural population covered by a HW(M),https://data.gov.in/catalog/rural-health-statistics-in-india---2012
State/UT wise Average number of H.W.(M) per health assistant (M) and average rural population covered by a HW(M),https://data.gov.in/catalog/rural-health-statistics-in-india---2013
State/UT wise Average number of H.W.(M) per health assistant (M) and average rural population covered by a HW(M),https://data.gov.in/catalog/rural-health-statistics-in-india---2014
State/UT wise Average number of HW(F)/ Auxiliary Nurse Midwife(ANM) per Health Assistant (F)/ LHV and Average rural population covered by an HW(F)/ Auxiliary Nurse Midwife(ANM),https://data.gov.in/catalog/rural-health-statistics-in-india---2005
State/UT wise Average number of HW(F)/ Auxiliary Nurse Midwife(ANM) per Health Assistant (F)/ LHV and Average rural population covered by an HW(F)/ Auxiliary Nurse Midwife(ANM),https://data.gov.in/catalog/rural-health-statistics-in-india---2006
State/UT wise Average number of HW(F)/ Auxiliary Nurse Midwife(ANM) per Health Assistant (F)/ LHV and Average rural population covered by an HW(F)/ Auxiliary Nurse Midwife(ANM),https://data.gov.in/catalog/rural-health-statistics-in-india---2007
State/UT wise Average number of HW(F)/ Auxiliary Nurse Midwife(ANM) per Health Assistant (F)/ LHV and Average rural population covered by an HW(F)/ Auxiliary Nurse Midwife(ANM),https://data.gov.in/catalog/rural-health-statistics-in-india---2008
State/UT wise Average number of HW(F)/ Auxiliary Nurse Midwife(ANM) per Health Assistant (F)/ LHV and Average rural population covered by an HW(F)/ Auxiliary Nurse Midwife(ANM),https://data.gov.in/catalog/rural-health-statistics-in-india---2009
State/UT wise Average number of HW(F)/ Auxiliary Nurse Midwife(ANM) per Health Assistant (F)/ LHV and Average rural population covered by an HW(F)/ Auxiliary Nurse Midwife(ANM),https://data.gov.in/catalog/rural-health-statistics-in-india---2010
State/UT wise Average number of HW(F)/ Auxiliary Nurse Midwife(ANM) per Health Assistant (F)/ LHV and Average rural population covered by an HW(F)/ Auxiliary Nurse Midwife(ANM),https://data.gov.in/catalog/rural-health-statistics-in-india---2011
State/UT wise Average number of HW(F)/ Auxiliary Nurse Midwife(ANM) per Health Assistant (F)/ LHV and Average rural population covered by an HW(F)/ Auxiliary Nurse Midwife(ANM),https://data.gov.in/catalog/rural-health-statistics-in-india---2012
State/UT wise Average number of villages covered by a Sub-centre/PHC/CHC and number of Sub-centres per PHC and number of primary health centres(PHCs) per CHC,https://data.gov.in/catalog/rural-health-statistics---2015
State/UT wise Average number of villages covered by a Sub-centre/PHC/CHC and number of Sub-centres per PHC and number of primary health centres(PHCs) per CHC,https://data.gov.in/catalog/rural-health-statistics---2016
State/UT wise Average number of villages covered by a Sub-centre/PHC/CHC and number of Sub-centres per PHC and number of primary health centres(PHCs) per CHC,https://data.gov.in/catalog/rural-health-statistics---2017
State/UT wise Average number of villages covered by a Sub-centre/PHC/CHC and number of Sub-centres per PHC and number of primary health centres(PHCs) per CHC,https://data.gov.in/catalog/rural-health-statistics---2018
State/UT wise Average number of villages covered by a Sub-centre/PHC/CHC and number of Sub-centres per PHC and number of primary health centres(PHCs) per CHC,https://data.gov.in/catalog/rural-health-statistics-in-india---2007
State/UT wise Average number of villages covered by a Sub-centre/PHC/CHC and number of Sub-centres per PHC and number of primary health centres(PHCs) per CHC,https://data.gov.in/catalog/rural-health-statistics-in-india---2008
State/UT wise Average number of villages covered by a Sub-centre/PHC/CHC and number of Sub-centres per PHC and number of primary health centres(PHCs) per CHC,https://data.gov.in/catalog/rural-health-statistics-in-india---2009
State/UT wise Average number of villages covered by a Sub-centre/PHC/CHC and number of Sub-centres per PHC and number of primary health centres(PHCs) per CHC,https://data.gov.in/catalog/rural-health-statistics-in-india---2010
State/UT wise Average number of villages covered by a Sub-centre/PHC/CHC and number of Sub-centres per PHC and number of primary health centres(PHCs) per CHC,https://data.gov.in/catalog/rural-health-statistics-in-india---2011
State/UT wise Average number of villages covered by a Sub-centre/PHC/CHC and number of Sub-centres per PHC and number of primary health centres(PHCs) per CHC,https://data.gov.in/catalog/rural-health-statistics-in-india---2012
State/UT wise Average number of villages covered by a Sub-centre/PHC/CHC and number of Sub-centres per PHC and number of primary health centres(PHCs) per CHC,https://data.gov.in/catalog/rural-health-statistics-in-india---2013
State/UT wise Average number of villages covered by a Sub-centre/PHC/CHC and number of Sub-centres per PHC and number of primary health centres(PHCs) per CHC,https://data.gov.in/catalog/rural-health-statistics-in-india---2014
State/UT wise Average rural area and Average radial distance covered by primary health care institutions,https://data.gov.in/catalog/rural-health-statistics---2015
State/UT wise Average rural area and Average radial distance covered by primary health care institutions,https://data.gov.in/catalog/rural-health-statistics---2016
State/UT wise Average rural area and Average radial distance covered by primary health care institutions,https://data.gov.in/catalog/rural-health-statistics---2017
State/UT wise Average rural area and Average radial distance covered by primary health care institutions,https://data.gov.in/catalog/rural-health-statistics-in-india---2005
State/UT wise Average rural area and Average radial distance covered by primary health care institutions,https://data.gov.in/catalog/rural-health-statistics-in-india---2006
State/UT wise Average rural area and Average radial distance covered by primary health care institutions,https://data.gov.in/catalog/rural-health-statistics-in-india---2007
State/UT wise Average rural area and Average radial distance covered by primary health care institutions,https://data.gov.in/catalog/rural-health-statistics-in-india---2008
State/UT wise Average rural area and Average radial distance covered by primary health care institutions,https://data.gov.in/catalog/rural-health-statistics-in-india---2009
State/UT wise Average rural area and Average radial distance covered by primary health care institutions,https://data.gov.in/catalog/rural-health-statistics-in-india---2010
State/UT wise Average rural area and Average radial distance covered by primary health care institutions,https://data.gov.in/catalog/rural-health-statistics-in-india---2011
State/UT wise Average rural area and Average radial distance covered by primary health care institutions,https://data.gov.in/catalog/rural-health-statistics-in-india---2012
State/UT wise Average rural area and Average radial distance covered by primary health care institutions,https://data.gov.in/catalog/rural-health-statistics-in-india---2013
State/UT wise Average rural area and Average radial distance covered by primary health care institutions,https://data.gov.in/catalog/rural-health-statistics-in-india---2014
State/UT wise Block extension educator,https://data.gov.in/catalog/rural-health-statistics-in-india---2006
State/UT wise Block extension educator,https://data.gov.in/catalog/rural-health-statistics-in-india---2007
State/UT wise Block extension educator,https://data.gov.in/catalog/rural-health-statistics-in-india---2008
State/UT wise Block extension educator,https://data.gov.in/catalog/rural-health-statistics-in-india---2009
State/UT wise Block extension educator,https://data.gov.in/catalog/rural-health-statistics-in-india---2010
State/UT wise Block extension educator,https://data.gov.in/catalog/rural-health-statistics-in-india---2011
State/UT wise Block extension educator,https://data.gov.in/catalog/rural-health-statistics-in-india---2012
State/UT wise Building Position for Primary Health Centres,https://data.gov.in/catalog/rural-health-statistics---2016
State/UT wise Building Position for Primary Health Centres,https://data.gov.in/catalog/rural-health-statistics---2018
State/UT wise Building Position for Primary Health Centres,https://data.gov.in/catalog/rural-health-statistics---2019
State/UT wise Building Position for Primary Health Centres,https://data.gov.in/catalog/rural-health-statistics-in-india---2005
State/UT wise Building Position for Primary Health Centres,https://data.gov.in/catalog/rural-health-statistics-in-india---2006
State/UT wise Building Position for Primary Health Centres,https://data.gov.in/catalog/rural-health-statistics-in-india---2007
State/UT wise Building Position for Primary Health Centres,https://data.gov.in/catalog/rural-health-statistics-in-india---2008
State/UT wise Building Position for Primary Health Centres,https://data.gov.in/catalog/rural-health-statistics-in-india---2009
State/UT wise Building Position for Primary Health Centres,https://data.gov.in/catalog/rural-health-statistics-in-india---2010
State/UT wise Building Position for Primary Health Centres,https://data.gov.in/catalog/rural-health-statistics-in-india---2011
State/UT wise Building Position for Primary Health Centres,https://data.gov.in/catalog/rural-health-statistics-in-india---2012
State/UT wise Building Position for community health centres(CHCs) in tribal areas,https://data.gov.in/catalog/rural-health-statistics---2017
State/UT wise Building Position for community health centres(CHCs) in tribal areas,https://data.gov.in/catalog/rural-health-statistics-in-india---2006
State/UT wise Building Position for community health centres(CHCs) in tribal areas,https://data.gov.in/catalog/rural-health-statistics-in-india---2007
State/UT wise Building Position for community health centres(CHCs) in tribal areas,https://data.gov.in/catalog/rural-health-statistics-in-india---2008
State/UT wise Building Position for community health centres(CHCs) in tribal areas,https://data.gov.in/catalog/rural-health-statistics-in-india---2009
State/UT wise Building Position for community health centres(CHCs) in tribal areas,https://data.gov.in/catalog/rural-health-statistics-in-india---2010
State/UT wise Building Position for community health centres(CHCs) in tribal areas,https://data.gov.in/catalog/rural-health-statistics-in-india---2011
State/UT wise Building Position for community health centres(CHCs) in tribal areas,https://data.gov.in/catalog/rural-health-statistics-in-india---2012
State/UT wise Building position for community health centre,https://data.gov.in/catalog/rural-health-statistics---2016
State/UT wise Building position for community health centre,https://data.gov.in/catalog/rural-health-statistics---2018
State/UT wise Building position for community health centre,https://data.gov.in/catalog/rural-health-statistics-in-india---2005
State/UT wise Building position for community health centre,https://data.gov.in/catalog/rural-health-statistics-in-india---2006
State/UT wise Building position for community health centre,https://data.gov.in/catalog/rural-health-statistics-in-india---2007
State/UT wise Building position for community health centre,https://data.gov.in/catalog/rural-health-statistics-in-india---2008
State/UT wise Building position for community health centre,https://data.gov.in/catalog/rural-health-statistics-in-india---2009
State/UT wise Building position for community health centre,https://data.gov.in/catalog/rural-health-statistics-in-india---2010
State/UT wise Building position for community health centre,https://data.gov.in/catalog/rural-health-statistics-in-india---2011
State/UT wise Building position for community health centre,https://data.gov.in/catalog/rural-health-statistics-in-india---2012
State/UT wise Building position for primary health centres(PHCs) in tribal areas,https://data.gov.in/catalog/rural-health-statistics---2017
State/UT wise Building position for primary health centres(PHCs) in tribal areas,https://data.gov.in/catalog/rural-health-statistics-in-india---2006
State/UT wise Building position for primary health centres(PHCs) in tribal areas,https://data.gov.in/catalog/rural-health-statistics-in-india---2007
State/UT wise Building position for primary health centres(PHCs) in tribal areas,https://data.gov.in/catalog/rural-health-statistics-in-india---2008
State/UT wise Building position for primary health centres(PHCs) in tribal areas,https://data.gov.in/catalog/rural-health-statistics-in-india---2009
State/UT wise Building position for primary health centres(PHCs) in tribal areas,https://data.gov.in/catalog/rural-health-statistics-in-india---2010
State/UT wise Building position for primary health centres(PHCs) in tribal areas,https://data.gov.in/catalog/rural-health-statistics-in-india---2011
State/UT wise Building position for primary health centres(PHCs) in tribal areas,https://data.gov.in/catalog/rural-health-statistics-in-india---2012
State/UT wise Classification of States/UTs according to Average population covered by a primary health centre,https://data.gov.in/catalog/rural-health-statistics---2015
State/UT wise Classification of States/UTs according to Average population covered by a primary health centre,https://data.gov.in/catalog/rural-health-statistics---2016
State/UT wise Classification of States/UTs according to Average population covered by a primary health centre,https://data.gov.in/catalog/rural-health-statistics---2017
State/UT wise Classification of States/UTs according to Average population covered by a primary health centre,https://data.gov.in/catalog/rural-health-statistics---2018
State/UT wise Classification of States/UTs according to Average population covered by a primary health centre,https://data.gov.in/catalog/rural-health-statistics---2019
State/UT wise Classification of States/UTs according to Average population covered by a primary health centre,https://data.gov.in/catalog/rural-health-statistics-in-india---2005
State/UT wise Classification of States/UTs according to Average population covered by a primary health centre,https://data.gov.in/catalog/rural-health-statistics-in-india---2006
State/UT wise Classification of States/UTs according to Average population covered by a primary health centre,https://data.gov.in/catalog/rural-health-statistics-in-india---2007
State/UT wise Classification of States/UTs according to Average population covered by a primary health centre,https://data.gov.in/catalog/rural-health-statistics-in-india---2008
State/UT wise Classification of States/UTs according to Average population covered by a primary health centre,https://data.gov.in/catalog/rural-health-statistics-in-india---2009
State/UT wise Classification of States/UTs according to Average population covered by a primary health centre,https://data.gov.in/catalog/rural-health-statistics-in-india---2010
State/UT wise Classification of States/UTs according to Average population covered by a primary health centre,https://data.gov.in/catalog/rural-health-statistics-in-india---2011
State/UT wise Classification of States/UTs according to Average population covered by a primary health centre,https://data.gov.in/catalog/rural-health-statistics-in-india---2012
State/UT wise Classification of States/UTs according to Average population covered by a primary health centre,https://data.gov.in/catalog/rural-health-statistics-in-india---2013
State/UT wise Classification of States/UTs according to Average population covered by a primary health centre,https://data.gov.in/catalog/rural-health-statistics-in-india---2014
State/UT wise Classification of States/UTs according to Average rural population covered by a Sub-centre,https://data.gov.in/catalog/rural-health-statistics---2015
State/UT wise Classification of States/UTs according to Average rural population covered by a Sub-centre,https://data.gov.in/catalog/rural-health-statistics---2016
State/UT wise Classification of States/UTs according to Average rural population covered by a Sub-centre,https://data.gov.in/catalog/rural-health-statistics---2017
State/UT wise Classification of States/UTs according to Average rural population covered by a Sub-centre,https://data.gov.in/catalog/rural-health-statistics---2018
State/UT wise Classification of States/UTs according to Average rural population covered by a Sub-centre,https://data.gov.in/catalog/rural-health-statistics-in-india---2005
State/UT wise Classification of States/UTs according to Average rural population covered by a Sub-centre,https://data.gov.in/catalog/rural-health-statistics-in-india---2006
State/UT wise Classification of States/UTs according to Average rural population covered by a Sub-centre,https://data.gov.in/catalog/rural-health-statistics-in-india---2007
State/UT wise Classification of States/UTs according to Average rural population covered by a Sub-centre,https://data.gov.in/catalog/rural-health-statistics-in-india---2008
State/UT wise Classification of States/UTs according to Average rural population covered by a Sub-centre,https://data.gov.in/catalog/rural-health-statistics-in-india---2009
State/UT wise Classification of States/UTs according to Average rural population covered by a Sub-centre,https://data.gov.in/catalog/rural-health-statistics-in-india---2010
State/UT wise Classification of States/UTs according to Average rural population covered by a Sub-centre,https://data.gov.in/catalog/rural-health-statistics-in-india---2011
State/UT wise Classification of States/UTs according to Average rural population covered by a Sub-centre,https://data.gov.in/catalog/rural-health-statistics-in-india---2012
State/UT wise Classification of States/UTs according to Average rural population covered by a Sub-centre,https://data.gov.in/catalog/rural-health-statistics-in-india---2013
State/UT wise Classification of States/UTs according to Average rural population covered by a Sub-centre,https://data.gov.in/catalog/rural-health-statistics-in-india---2014
State/UT wise Doctors at primary health centres,https://data.gov.in/catalog/health-and-family-welfare-statistics---2017
State/UT wise Doctors at primary health centres,https://data.gov.in/catalog/rural-health-statistics---2016
State/UT wise Doctors at primary health centres,https://data.gov.in/catalog/rural-health-statistics---2018
State/UT wise Doctors at primary health centres,https://data.gov.in/catalog/rural-health-statistics-in-india---2005
State/UT wise Doctors at primary health centres,https://data.gov.in/catalog/rural-health-statistics-in-india---2006
State/UT wise Doctors at primary health centres,https://data.gov.in/catalog/rural-health-statistics-in-india---2007
State/UT wise Doctors at primary health centres,https://data.gov.in/catalog/rural-health-statistics-in-india---2008
State/UT wise Doctors at primary health centres,https://data.gov.in/catalog/rural-health-statistics-in-india---2009
State/UT wise Doctors at primary health centres,https://data.gov.in/catalog/rural-health-statistics-in-india---2010
State/UT wise Doctors at primary health centres,https://data.gov.in/catalog/rural-health-statistics-in-india---2011
State/UT wise Doctors at primary health centres,https://data.gov.in/catalog/rural-health-statistics-in-india---2012
State/UT wise Doctors at primary health centres(PHCs) in tribal area,https://data.gov.in/catalog/rural-health-statistics-in-india---2006
State/UT wise Doctors at primary health centres(PHCs) in tribal area,https://data.gov.in/catalog/rural-health-statistics-in-india---2007
State/UT wise Doctors at primary health centres(PHCs) in tribal area,https://data.gov.in/catalog/rural-health-statistics-in-india---2008
State/UT wise Doctors at primary health centres(PHCs) in tribal area,https://data.gov.in/catalog/rural-health-statistics-in-india---2009
State/UT wise Doctors at primary health centres(PHCs) in tribal area,https://data.gov.in/catalog/rural-health-statistics-in-india---2010
State/UT wise Doctors at primary health centres(PHCs) in tribal area,https://data.gov.in/catalog/rural-health-statistics-in-india---2011
State/UT wise Doctors at primary health centres(PHCs) in tribal area,https://data.gov.in/catalog/rural-health-statistics-in-india---2012
State/UT wise Establishment of Community Health Centres during five year plans-till March,https://data.gov.in/catalog/rural-health-statistics-in-india---2005
State/UT wise Establishment of Community Health Centres during five year plans-till March,https://data.gov.in/catalog/rural-health-statistics-in-india---2006
State/UT wise Establishment of Community Health Centres during five year plans-till March,https://data.gov.in/catalog/rural-health-statistics-in-india---2008
State/UT wise Establishment of Community Health Centres during five year plans-till March,https://data.gov.in/catalog/rural-health-statistics-in-india---2009
State/UT wise Establishment of Community Health Centres during five year plans-till March,https://data.gov.in/catalog/rural-health-statistics-in-india---2010
State/UT wise Establishment of Community Health Centres during five year plans-till March,https://data.gov.in/catalog/rural-health-statistics-in-india---2011
State/UT wise Establishment of Sub-centres during Five year plans - till March,https://data.gov.in/catalog/rural-health-statistics-in-india---2005
State/UT wise Establishment of Sub-centres during Five year plans - till March,https://data.gov.in/catalog/rural-health-statistics-in-india---2006
State/UT wise Establishment of Sub-centres during Five year plans - till March,https://data.gov.in/catalog/rural-health-statistics-in-india---2008
State/UT wise Establishment of Sub-centres during Five year plans - till March,https://data.gov.in/catalog/rural-health-statistics-in-india---2009
State/UT wise Establishment of Sub-centres during Five year plans - till March,https://data.gov.in/catalog/rural-health-statistics-in-india---2010
State/UT wise Establishment of Sub-centres during Five year plans - till March,https://data.gov.in/catalog/rural-health-statistics-in-india---2011
State/UT wise Facilities available at community health centres,https://data.gov.in/catalog/rural-health-statistics---2016
State/UT wise Facilities available at community health centres,https://data.gov.in/catalog/rural-health-statistics-in-india---2010
State/UT wise Facilities available at community health centres,https://data.gov.in/catalog/rural-health-statistics-in-india---2011
State/UT wise Facilities available at community health centres,https://data.gov.in/catalog/rural-health-statistics-in-india---2012
State/UT wise First Referral Units at Health Centres (upto),https://data.gov.in/catalog/rural-health-statistics-in-india---2006
State/UT wise First Referral Units at Health Centres (upto),https://data.gov.in/catalog/rural-health-statistics-in-india---2007
State/UT wise First Referral Units at Health Centres (upto),https://data.gov.in/catalog/rural-health-statistics-in-india---2008
State/UT wise First Referral Units at Health Centres (upto),https://data.gov.in/catalog/rural-health-statistics-in-india---2009
State/UT wise General Duty Medical Officers (GDMOs) at community health centres(CHCs),https://data.gov.in/catalog/rural-health-statistics-in-india---2009
State/UT wise General Duty Medical Officers (GDMOs) at community health centres(CHCs),https://data.gov.in/catalog/rural-health-statistics-in-india---2010
State/UT wise General Duty Medical Officers (GDMOs) at community health centres(CHCs),https://data.gov.in/catalog/rural-health-statistics-in-india---2011
State/UT wise General Duty Medical Officers (GDMOs) at community health centres(CHCs),https://data.gov.in/catalog/rural-health-statistics-in-india---2012
State/UT wise Health & Family Welfare Training Centres (HFWTC) and MPW(M) Training Centre,https://data.gov.in/catalog/rural-health-statistics---2016
State/UT wise Health & Family Welfare Training Centres (HFWTC) and MPW(M) Training Centre,https://data.gov.in/catalog/rural-health-statistics---2017
State/UT wise Health & Family Welfare Training Centres (HFWTC) and MPW(M) Training Centre,https://data.gov.in/catalog/rural-health-statistics---2018
State/UT wise Health & Family Welfare Training Centres (HFWTC) and MPW(M) Training Centre,https://data.gov.in/catalog/rural-health-statistics---2019
State/UT wise Health & Family Welfare Training Centres (HFWTC) and MPW(M) Training Centre,https://data.gov.in/catalog/rural-health-statistics-in-india---2005
State/UT wise Health & Family Welfare Training Centres (HFWTC) and MPW(M) Training Centre,https://data.gov.in/catalog/rural-health-statistics-in-india---2006
State/UT wise Health & Family Welfare Training Centres (HFWTC) and MPW(M) Training Centre,https://data.gov.in/catalog/rural-health-statistics-in-india---2007
State/UT wise Health & Family Welfare Training Centres (HFWTC) and MPW(M) Training Centre,https://data.gov.in/catalog/rural-health-statistics-in-india---2008
State/UT wise Health & Family Welfare Training Centres (HFWTC) and MPW(M) Training Centre,https://data.gov.in/catalog/rural-health-statistics-in-india---2009
State/UT wise Health & Family Welfare Training Centres (HFWTC) and MPW(M) Training Centre,https://data.gov.in/catalog/rural-health-statistics-in-india---2010
State/UT wise Health & Family Welfare Training Centres (HFWTC) and MPW(M) Training Centre,https://data.gov.in/catalog/rural-health-statistics-in-india---2011
State/UT wise Health & Family Welfare Training Centres (HFWTC) and MPW(M) Training Centre,https://data.gov.in/catalog/rural-health-statistics-in-india---2012
State/UT wise Health Assistant (Male) at primary health centres(PHCs),https://data.gov.in/catalog/rural-health-statistics-in-india---2006
State/UT wise Health Assistant (Male) at primary health centres(PHCs),https://data.gov.in/catalog/rural-health-statistics-in-india---2007
State/UT wise Health Assistant (Male) at primary health centres(PHCs),https://data.gov.in/catalog/rural-health-statistics-in-india---2008
State/UT wise Health Assistant (Male) at primary health centres(PHCs),https://data.gov.in/catalog/rural-health-statistics-in-india---2009
State/UT wise Health Assistant (Male) at primary health centres(PHCs),https://data.gov.in/catalog/rural-health-statistics-in-india---2010
State/UT wise Health Assistant (Male) at primary health centres(PHCs),https://data.gov.in/catalog/rural-health-statistics-in-india---2011
State/UT wise Health Assistant (Male) at primary health centres(PHCs),https://data.gov.in/catalog/rural-health-statistics-in-india---2012
State/UT wise Health Assistants (Female) / LHV at Primary Health Centres(PHCs),https://data.gov.in/catalog/rural-health-statistics-in-india---2006
State/UT wise Health Assistants (Female) / LHV at Primary Health Centres(PHCs),https://data.gov.in/catalog/rural-health-statistics-in-india---2007
State/UT wise Health Assistants (Female) / LHV at Primary Health Centres(PHCs),https://data.gov.in/catalog/rural-health-statistics-in-india---2008
State/UT wise Health Assistants (Female) / LHV at Primary Health Centres(PHCs),https://data.gov.in/catalog/rural-health-statistics-in-india---2009
State/UT wise Health Assistants (Female) / LHV at Primary Health Centres(PHCs),https://data.gov.in/catalog/rural-health-statistics-in-india---2010
State/UT wise Health Assistants (Female) / LHV at Primary Health Centres(PHCs),https://data.gov.in/catalog/rural-health-statistics-in-india---2011
State/UT wise Health Assistants (Female) / LHV at Primary Health Centres(PHCs),https://data.gov.in/catalog/rural-health-statistics-in-india---2012
State/UT wise Health Assistants (Female) / LHV at primary health centres(PHCs) in tribal area,https://data.gov.in/catalog/rural-health-statistics-in-india---2006
State/UT wise Health Assistants (Female) / LHV at primary health centres(PHCs) in tribal area,https://data.gov.in/catalog/rural-health-statistics-in-india---2007
State/UT wise Health Assistants (Female) / LHV at primary health centres(PHCs) in tribal area,https://data.gov.in/catalog/rural-health-statistics-in-india---2008
State/UT wise Health Assistants (Female) / LHV at primary health centres(PHCs) in tribal area,https://data.gov.in/catalog/rural-health-statistics-in-india---2009
State/UT wise Health Assistants (Female) / LHV at primary health centres(PHCs) in tribal area,https://data.gov.in/catalog/rural-health-statistics-in-india---2010
State/UT wise Health Assistants (Female) / LHV at primary health centres(PHCs) in tribal area,https://data.gov.in/catalog/rural-health-statistics-in-india---2011
State/UT wise Health Assistants (Female) / LHV at primary health centres(PHCs) in tribal area,https://data.gov.in/catalog/rural-health-statistics-in-india---2012
State/UT wise Health Assistants (Male) at primary health centres(PHCs) in tribal area,https://data.gov.in/catalog/rural-health-statistics-in-india---2006
State/UT wise Health Assistants (Male) at primary health centres(PHCs) in tribal area,https://data.gov.in/catalog/rural-health-statistics-in-india---2007
State/UT wise Health Assistants (Male) at primary health centres(PHCs) in tribal area,https://data.gov.in/catalog/rural-health-statistics-in-india---2008
State/UT wise Health Assistants (Male) at primary health centres(PHCs) in tribal area,https://data.gov.in/catalog/rural-health-statistics-in-india---2009
State/UT wise Health Assistants (Male) at primary health centres(PHCs) in tribal area,https://data.gov.in/catalog/rural-health-statistics-in-india---2010
State/UT wise Health Assistants (Male) at primary health centres(PHCs) in tribal area,https://data.gov.in/catalog/rural-health-statistics-in-india---2011
State/UT wise Health Assistants (Male) at primary health centres(PHCs) in tribal area,https://data.gov.in/catalog/rural-health-statistics-in-india---2012
State/UT wise Health Worker (F) / Auxiliary Nurse Midwife(ANM) at Sub-centre in tribal areas,https://data.gov.in/catalog/rural-health-statistics-in-india---2007
State/UT wise Health Worker (F) / Auxiliary Nurse Midwife(ANM) at Sub-centre in tribal areas,https://data.gov.in/catalog/rural-health-statistics-in-india---2008
State/UT wise Health Worker (F) / Auxiliary Nurse Midwife(ANM) at Sub-centre in tribal areas,https://data.gov.in/catalog/rural-health-statistics-in-india---2009
State/UT wise Health Worker (F) / Auxiliary Nurse Midwife(ANM) at Sub-centre in tribal areas,https://data.gov.in/catalog/rural-health-statistics-in-india---2010
State/UT wise Health Worker (F) / Auxiliary Nurse Midwife(ANM) at Sub-centre in tribal areas,https://data.gov.in/catalog/rural-health-statistics-in-india---2011
State/UT wise Health Worker (F) / Auxiliary Nurse Midwife(ANM) at Sub-centre in tribal areas,https://data.gov.in/catalog/rural-health-statistics-in-india---2012
State/UT wise Health Worker (Female) / Auxiliary Nurse Midwife(ANM) at Sub-Centre,https://data.gov.in/catalog/rural-health-statistics-in-india---2007
State/UT wise Health Worker (Female) / Auxiliary Nurse Midwife(ANM) at Sub-Centre,https://data.gov.in/catalog/rural-health-statistics-in-india---2008
State/UT wise Health Worker (Female) / Auxiliary Nurse Midwife(ANM) at Sub-Centre,https://data.gov.in/catalog/rural-health-statistics-in-india---2009
State/UT wise Health Worker (Female) / Auxiliary Nurse Midwife(ANM) at Sub-Centre,https://data.gov.in/catalog/rural-health-statistics-in-india---2010
State/UT wise Health Worker (Female) / Auxiliary Nurse Midwife(ANM) at Sub-Centre,https://data.gov.in/catalog/rural-health-statistics-in-india---2011
State/UT wise Health Worker (Female) / Auxiliary Nurse Midwife(ANM) at Sub-Centre,https://data.gov.in/catalog/rural-health-statistics-in-india---2012
State/UT wise Health Worker (Male) at Sub-centres,https://data.gov.in/catalog/rural-health-statistics---2016
State/UT wise Health Worker (Male) at Sub-centres,https://data.gov.in/catalog/rural-health-statistics---2018
State/UT wise Health Worker (Male) at Sub-centres,https://data.gov.in/catalog/rural-health-statistics-in-india---2006
State/UT wise Health Worker (Male) at Sub-centres,https://data.gov.in/catalog/rural-health-statistics-in-india---2007
State/UT wise Health Worker (Male) at Sub-centres,https://data.gov.in/catalog/rural-health-statistics-in-india---2008
State/UT wise Health Worker (Male) at Sub-centres,https://data.gov.in/catalog/rural-health-statistics-in-india---2009
State/UT wise Health Worker (Male) at Sub-centres,https://data.gov.in/catalog/rural-health-statistics-in-india---2010
State/UT wise Health Worker (Male) at Sub-centres,https://data.gov.in/catalog/rural-health-statistics-in-india---2011
State/UT wise Health Worker (Male) at Sub-centres,https://data.gov.in/catalog/rural-health-statistics-in-india---2012
State/UT wise Infant Mortality Rates,https://data.gov.in/catalog/infant-mortality-rate-india
State/UT wise Infant Mortality Rates,https://data.gov.in/catalog/rural-health-statistics---2016
State/UT wise Infant Mortality Rates,https://data.gov.in/catalog/rural-health-statistics---2017
State/UT wise Infant Mortality Rates,https://data.gov.in/catalog/rural-health-statistics---2018
State/UT wise Infant Mortality Rates,https://data.gov.in/catalog/rural-health-statistics-in-india---2005
State/UT wise Infant Mortality Rates,https://data.gov.in/catalog/rural-health-statistics-in-india---2006
State/UT wise Infant Mortality Rates,https://data.gov.in/catalog/rural-health-statistics-in-india---2007
State/UT wise Infant Mortality Rates,https://data.gov.in/catalog/rural-health-statistics-in-india---2008
State/UT wise Infant Mortality Rates,https://data.gov.in/catalog/rural-health-statistics-in-india---2009
State/UT wise Infant Mortality Rates,https://data.gov.in/catalog/rural-health-statistics-in-india---2010
State/UT wise Infant Mortality Rates,https://data.gov.in/catalog/rural-health-statistics-in-india---2011
State/UT wise Infant Mortality Rates,https://data.gov.in/catalog/rural-health-statistics-in-india---2012
State/UT wise Lab technicians at primary health centres(PHCs) & CHCs in tribal area,https://data.gov.in/catalog/rural-health-statistics-in-india---2006
State/UT wise Lab technicians at primary health centres(PHCs) & CHCs in tribal area,https://data.gov.in/catalog/rural-health-statistics-in-india---2007
State/UT wise Lab technicians at primary health centres(PHCs) & CHCs in tribal area,https://data.gov.in/catalog/rural-health-statistics-in-india---2008
State/UT wise Lab technicians at primary health centres(PHCs) & CHCs in tribal area,https://data.gov.in/catalog/rural-health-statistics-in-india---2009
State/UT wise Lab technicians at primary health centres(PHCs) & CHCs in tribal area,https://data.gov.in/catalog/rural-health-statistics-in-india---2010
State/UT wise Lab technicians at primary health centres(PHCs) & CHCs in tribal area,https://data.gov.in/catalog/rural-health-statistics-in-india---2011
State/UT wise Lab technicians at primary health centres(PHCs) & CHCs in tribal area,https://data.gov.in/catalog/rural-health-statistics-in-india---2012
State/UT wise Laboratory technicians at primary health centres(PHCs) & community health centres(CHCs),https://data.gov.in/catalog/rural-health-statistics-in-india---2006
State/UT wise Laboratory technicians at primary health centres(PHCs) & community health centres(CHCs),https://data.gov.in/catalog/rural-health-statistics-in-india---2007
State/UT wise Laboratory technicians at primary health centres(PHCs) & community health centres(CHCs),https://data.gov.in/catalog/rural-health-statistics-in-india---2008
State/UT wise Laboratory technicians at primary health centres(PHCs) & community health centres(CHCs),https://data.gov.in/catalog/rural-health-statistics-in-india---2009
State/UT wise Laboratory technicians at primary health centres(PHCs) & community health centres(CHCs),https://data.gov.in/catalog/rural-health-statistics-in-india---2010
State/UT wise Laboratory technicians at primary health centres(PHCs) & community health centres(CHCs),https://data.gov.in/catalog/rural-health-statistics-in-india---2011
State/UT wise Laboratory technicians at primary health centres(PHCs) & community health centres(CHCs),https://data.gov.in/catalog/rural-health-statistics-in-india---2012
State/UT wise Number of Govt. Hospitals & Beds in Rural & Urban Areas Including CHCs,https://data.gov.in/catalog/health-and-family-welfare-statistics---2015
State/UT wise Number of Govt. Hospitals & Beds in Rural & Urban Areas Including CHCs,https://data.gov.in/catalog/health-and-family-welfare-statistics---2017
State/UT wise Number of primary health centres(PHCs) with Ayush facility as on 30.06.2010,https://data.gov.in/catalog/rural-health-statistics-in-india---2009
State/UT wise Number of primary health centres(PHCs) with Ayush facility as on 30.06.2010,https://data.gov.in/catalog/rural-health-statistics-in-india---2010
State/UT wise Nurse Midwife/Staff Nurse at primary health centres(PHCs) & CHCs in tribal area,https://data.gov.in/catalog/rural-health-statistics-in-india---2006
State/UT wise Nurse Midwife/Staff Nurse at primary health centres(PHCs) & CHCs in tribal area,https://data.gov.in/catalog/rural-health-statistics-in-india---2008
State/UT wise Nurse Midwife/Staff Nurse at primary health centres(PHCs) & CHCs in tribal area,https://data.gov.in/catalog/rural-health-statistics-in-india---2009
State/UT wise Nurse Midwife/Staff Nurse at primary health centres(PHCs) & CHCs in tribal area,https://data.gov.in/catalog/rural-health-statistics-in-india---2010
State/UT wise Nursing Staff at primary health centres(PHCs) & community health centres(CHCs),https://data.gov.in/catalog/rural-health-statistics---2017
State/UT wise Nursing Staff at primary health centres(PHCs) & community health centres(CHCs),https://data.gov.in/catalog/rural-health-statistics-in-india---2010
State/UT wise Nursing Staff at primary health centres(PHCs) & community health centres(CHCs),https://data.gov.in/catalog/rural-health-statistics-in-india---2011
State/UT wise Nursing Staff at primary health centres(PHCs) & community health centres(CHCs),https://data.gov.in/catalog/rural-health-statistics-in-india---2012
State/UT wise Nursing staff at primary health centres(PHCs) & CHCs in tribal area,https://data.gov.in/catalog/rural-health-statistics-in-india---2011
State/UT wise Nursing staff at primary health centres(PHCs) & CHCs in tribal area,https://data.gov.in/catalog/rural-health-statistics-in-india---2012
State/UT wise Obstetricians & Gynaecologists at Community Health Centres(CHCs),https://data.gov.in/catalog/rural-health-statistics-in-india---2006
State/UT wise Obstetricians & Gynaecologists at Community Health Centres(CHCs),https://data.gov.in/catalog/rural-health-statistics-in-india---2007
State/UT wise Obstetricians & Gynaecologists at Community Health Centres(CHCs),https://data.gov.in/catalog/rural-health-statistics-in-india---2008
State/UT wise Obstetricians & Gynaecologists at Community Health Centres(CHCs),https://data.gov.in/catalog/rural-health-statistics-in-india---2009
State/UT wise Obstetricians & Gynaecologists at Community Health Centres(CHCs),https://data.gov.in/catalog/rural-health-statistics-in-india---2010
State/UT wise Obstetricians & Gynaecologists at Community Health Centres(CHCs),https://data.gov.in/catalog/rural-health-statistics-in-india---2011
State/UT wise Obstetricians & Gynaecologists at Community Health Centres(CHCs),https://data.gov.in/catalog/rural-health-statistics-in-india---2012
State/UT wise Obstetricians & Gynaecologists at community health centres(CHCs) in tribal area,https://data.gov.in/catalog/rural-health-statistics-in-india---2006
State/UT wise Obstetricians & Gynaecologists at community health centres(CHCs) in tribal area,https://data.gov.in/catalog/rural-health-statistics-in-india---2007
State/UT wise Obstetricians & Gynaecologists at community health centres(CHCs) in tribal area,https://data.gov.in/catalog/rural-health-statistics-in-india---2008
State/UT wise Obstetricians & Gynaecologists at community health centres(CHCs) in tribal area,https://data.gov.in/catalog/rural-health-statistics-in-india---2009
State/UT wise Obstetricians & Gynaecologists at community health centres(CHCs) in tribal area,https://data.gov.in/catalog/rural-health-statistics-in-india---2010
State/UT wise Obstetricians & Gynaecologists at community health centres(CHCs) in tribal area,https://data.gov.in/catalog/rural-health-statistics-in-india---2011
State/UT wise Obstetricians & Gynaecologists at community health centres(CHCs) in tribal area,https://data.gov.in/catalog/rural-health-statistics-in-india---2012
State/UT wise Paediatricians at community health centres(CHCs),https://data.gov.in/catalog/rural-health-statistics-in-india---2006
State/UT wise Paediatricians at community health centres(CHCs),https://data.gov.in/catalog/rural-health-statistics-in-india---2007
State/UT wise Paediatricians at community health centres(CHCs),https://data.gov.in/catalog/rural-health-statistics-in-india---2008
State/UT wise Paediatricians at community health centres(CHCs),https://data.gov.in/catalog/rural-health-statistics-in-india---2009
State/UT wise Paediatricians at community health centres(CHCs),https://data.gov.in/catalog/rural-health-statistics-in-india---2010
State/UT wise Paediatricians at community health centres(CHCs),https://data.gov.in/catalog/rural-health-statistics-in-india---2011
State/UT wise Paediatricians at community health centres(CHCs),https://data.gov.in/catalog/rural-health-statistics-in-india---2012
State/UT wise Physicians at community health centres(CHCs),https://data.gov.in/catalog/rural-health-statistics-in-india---2006
State/UT wise Physicians at community health centres(CHCs),https://data.gov.in/catalog/rural-health-statistics-in-india---2007
State/UT wise Physicians at community health centres(CHCs),https://data.gov.in/catalog/rural-health-statistics-in-india---2008
State/UT wise Physicians at community health centres(CHCs),https://data.gov.in/catalog/rural-health-statistics-in-india---2009
State/UT wise Physicians at community health centres(CHCs),https://data.gov.in/catalog/rural-health-statistics-in-india---2010
State/UT wise Physicians at community health centres(CHCs),https://data.gov.in/catalog/rural-health-statistics-in-india---2011
State/UT wise Physicians at community health centres(CHCs),https://data.gov.in/catalog/rural-health-statistics-in-india---2012
State/UT wise Physicians at community health centres(CHCs) in tribal area,https://data.gov.in/catalog/rural-health-statistics-in-india---2006
State/UT wise Physicians at community health centres(CHCs) in tribal area,https://data.gov.in/catalog/rural-health-statistics-in-india---2007
State/UT wise Physicians at community health centres(CHCs) in tribal area,https://data.gov.in/catalog/rural-health-statistics-in-india---2008
State/UT wise Physicians at community health centres(CHCs) in tribal area,https://data.gov.in/catalog/rural-health-statistics-in-india---2009
State/UT wise Physicians at community health centres(CHCs) in tribal area,https://data.gov.in/catalog/rural-health-statistics-in-india---2010
State/UT wise Physicians at community health centres(CHCs) in tribal area,https://data.gov.in/catalog/rural-health-statistics-in-india---2011
State/UT wise Physicians at community health centres(CHCs) in tribal area,https://data.gov.in/catalog/rural-health-statistics-in-india---2012
State/UT wise Radiographer at community health centres in tribal area,https://data.gov.in/catalog/rural-health-statistics---2016
State/UT wise Radiographer at community health centres in tribal area,https://data.gov.in/catalog/rural-health-statistics---2017
State/UT wise Radiographer at community health centres in tribal area,https://data.gov.in/catalog/rural-health-statistics---2018
State/UT wise Radiographer at community health centres in tribal area,https://data.gov.in/catalog/rural-health-statistics---2019
State/UT wise Radiographer at community health centres in tribal area,https://data.gov.in/catalog/rural-health-statistics-in-india---2006
State/UT wise Radiographer at community health centres in tribal area,https://data.gov.in/catalog/rural-health-statistics-in-india---2007
State/UT wise Radiographer at community health centres in tribal area,https://data.gov.in/catalog/rural-health-statistics-in-india---2008
State/UT wise Radiographer at community health centres in tribal area,https://data.gov.in/catalog/rural-health-statistics-in-india---2009
State/UT wise Radiographer at community health centres in tribal area,https://data.gov.in/catalog/rural-health-statistics-in-india---2010
State/UT wise Radiographer at community health centres in tribal area,https://data.gov.in/catalog/rural-health-statistics-in-india---2011
State/UT wise Radiographer at community health centres in tribal area,https://data.gov.in/catalog/rural-health-statistics-in-india---2012
State/UT wise Radiographers at community health centres(CHCs),https://data.gov.in/catalog/rural-health-statistics-in-india---2006
State/UT wise Radiographers at community health centres(CHCs),https://data.gov.in/catalog/rural-health-statistics-in-india---2007
State/UT wise Radiographers at community health centres(CHCs),https://data.gov.in/catalog/rural-health-statistics-in-india---2008
State/UT wise Radiographers at community health centres(CHCs),https://data.gov.in/catalog/rural-health-statistics-in-india---2009
State/UT wise Radiographers at community health centres(CHCs),https://data.gov.in/catalog/rural-health-statistics-in-india---2010
State/UT wise Radiographers at community health centres(CHCs),https://data.gov.in/catalog/rural-health-statistics-in-india---2011
State/UT wise Radiographers at community health centres(CHCs),https://data.gov.in/catalog/rural-health-statistics-in-india---2012
State/UT wise Shortfall in health infrastructure as per 2001 population,https://data.gov.in/catalog/rural-health-statistics---2016
State/UT wise Shortfall in health infrastructure as per 2001 population,https://data.gov.in/catalog/rural-health-statistics-in-india---2005
State/UT wise Shortfall in health infrastructure as per 2001 population,https://data.gov.in/catalog/rural-health-statistics-in-india---2006
State/UT wise Shortfall in health infrastructure as per 2001 population,https://data.gov.in/catalog/rural-health-statistics-in-india---2007
State/UT wise Shortfall in health infrastructure as per 2001 population,https://data.gov.in/catalog/rural-health-statistics-in-india---2008
State/UT wise Shortfall in health infrastructure as per 2001 population,https://data.gov.in/catalog/rural-health-statistics-in-india---2009
State/UT wise Shortfall in health infrastructure as per 2001 population,https://data.gov.in/catalog/rural-health-statistics-in-india---2010
State/UT wise Shortfall in health infrastructure as per 2001 population,https://data.gov.in/catalog/rural-health-statistics-in-india---2011
State/UT wise Shortfall in health infrastructure as per 2001 population,https://data.gov.in/catalog/rural-health-statistics-in-india---2012
State/UT wise Surgeon at community health centres(CHCs) in tribal area,https://data.gov.in/catalog/rural-health-statistics-in-india---2006
State/UT wise Surgeon at community health centres(CHCs) in tribal area,https://data.gov.in/catalog/rural-health-statistics-in-india---2007
State/UT wise Surgeon at community health centres(CHCs) in tribal area,https://data.gov.in/catalog/rural-health-statistics-in-india---2008
State/UT wise Surgeon at community health centres(CHCs) in tribal area,https://data.gov.in/catalog/rural-health-statistics-in-india---2009
State/UT wise Surgeon at community health centres(CHCs) in tribal area,https://data.gov.in/catalog/rural-health-statistics-in-india---2010
State/UT wise Surgeon at community health centres(CHCs) in tribal area,https://data.gov.in/catalog/rural-health-statistics-in-india---2011
State/UT wise Surgeon at community health centres(CHCs) in tribal area,https://data.gov.in/catalog/rural-health-statistics-in-india---2012
State/UT wise Surgeons at Community Health Centres(CHCs),https://data.gov.in/catalog/rural-health-statistics-in-india---2006
State/UT wise Surgeons at Community Health Centres(CHCs),https://data.gov.in/catalog/rural-health-statistics-in-india---2007
State/UT wise Surgeons at Community Health Centres(CHCs),https://data.gov.in/catalog/rural-health-statistics-in-india---2008
State/UT wise Surgeons at Community Health Centres(CHCs),https://data.gov.in/catalog/rural-health-statistics-in-india---2009
State/UT wise Surgeons at Community Health Centres(CHCs),https://data.gov.in/catalog/rural-health-statistics-in-india---2010
State/UT wise Surgeons at Community Health Centres(CHCs),https://data.gov.in/catalog/rural-health-statistics-in-india---2011
State/UT wise Surgeons at Community Health Centres(CHCs),https://data.gov.in/catalog/rural-health-statistics-in-india---2012
State/UT wise Tenth plan targets and achievements against the targets in rural health infrastructure (upto),https://data.gov.in/catalog/rural-health-statistics-in-india---2006
State/UT wise Tenth plan targets and achievements against the targets in rural health infrastructure (upto),https://data.gov.in/catalog/rural-health-statistics-in-india---2007
State/UT wise Tenth plan targets and achievements against the targets in rural health infrastructure (upto),https://data.gov.in/catalog/rural-health-statistics-in-india---2008
State/UT wise Tenth plan targets and achievements against the targets in rural health infrastructure (upto),https://data.gov.in/catalog/rural-health-statistics-in-india---2009
State/UT wise Total Specialist at community health centres in tribal area,https://data.gov.in/catalog/rural-health-statistics---2016
State/UT wise Total Specialist at community health centres in tribal area,https://data.gov.in/catalog/rural-health-statistics---2017
State/UT wise Total Specialist at community health centres in tribal area,https://data.gov.in/catalog/rural-health-statistics---2018
State/UT wise Total Specialist at community health centres in tribal area,https://data.gov.in/catalog/rural-health-statistics-in-india---2006
State/UT wise Total Specialist at community health centres in tribal area,https://data.gov.in/catalog/rural-health-statistics-in-india---2007
State/UT wise Total Specialist at community health centres in tribal area,https://data.gov.in/catalog/rural-health-statistics-in-india---2008
State/UT wise Total Specialist at community health centres in tribal area,https://data.gov.in/catalog/rural-health-statistics-in-india---2009
State/UT wise Total Specialist at community health centres in tribal area,https://data.gov.in/catalog/rural-health-statistics-in-india---2010
State/UT wise Total Specialist at community health centres in tribal area,https://data.gov.in/catalog/rural-health-statistics-in-india---2011
State/UT wise Total Specialist at community health centres in tribal area,https://data.gov.in/catalog/rural-health-statistics-in-india---2012
State/UT wise Vacancy position at a glance,https://data.gov.in/catalog/rural-health-statistics---2018
State/UT wise Vacancy position at a glance,https://data.gov.in/catalog/rural-health-statistics-in-india---2005
State/UT wise Vacancy position at a glance,https://data.gov.in/catalog/rural-health-statistics-in-india---2006
State/UT wise Vacancy position at a glance,https://data.gov.in/catalog/rural-health-statistics-in-india---2007
State/UT wise Vacancy position at a glance,https://data.gov.in/catalog/rural-health-statistics-in-india---2008
State/UT wise Vacancy position at a glance,https://data.gov.in/catalog/rural-health-statistics-in-india---2009
State/UT wise Vacancy position at a glance,https://data.gov.in/catalog/rural-health-statistics-in-india---2010
State/UT wise Vacancy position at a glance,https://data.gov.in/catalog/rural-health-statistics-in-india---2011
State/UT wise Vacancy position at a glance,https://data.gov.in/catalog/rural-health-statistics-in-india---2012
State/UT wise building position for Sub-centres,https://data.gov.in/catalog/rural-health-statistics---2016
State/UT wise building position for Sub-centres,https://data.gov.in/catalog/rural-health-statistics---2018
State/UT wise building position for Sub-centres,https://data.gov.in/catalog/rural-health-statistics-in-india---2005
State/UT wise building position for Sub-centres,https://data.gov.in/catalog/rural-health-statistics-in-india---2006
State/UT wise building position for Sub-centres,https://data.gov.in/catalog/rural-health-statistics-in-india---2007
State/UT wise building position for Sub-centres,https://data.gov.in/catalog/rural-health-statistics-in-india---2008
State/UT wise building position for Sub-centres,https://data.gov.in/catalog/rural-health-statistics-in-india---2009
State/UT wise building position for Sub-centres,https://data.gov.in/catalog/rural-health-statistics-in-india---2010
State/UT wise building position for Sub-centres,https://data.gov.in/catalog/rural-health-statistics-in-india---2011
State/UT wise building position for Sub-centres,https://data.gov.in/catalog/rural-health-statistics-in-india---2012
State/UT wise building position for Sub-centres in tribal areas,https://data.gov.in/catalog/rural-health-statistics---2016
State/UT wise building position for Sub-centres in tribal areas,https://data.gov.in/catalog/rural-health-statistics---2018
State/UT wise building position for Sub-centres in tribal areas,https://data.gov.in/catalog/rural-health-statistics-in-india---2006
State/UT wise building position for Sub-centres in tribal areas,https://data.gov.in/catalog/rural-health-statistics-in-india---2007
State/UT wise building position for Sub-centres in tribal areas,https://data.gov.in/catalog/rural-health-statistics-in-india---2008
State/UT wise building position for Sub-centres in tribal areas,https://data.gov.in/catalog/rural-health-statistics-in-india---2009
State/UT wise building position for Sub-centres in tribal areas,https://data.gov.in/catalog/rural-health-statistics-in-india---2010
State/UT wise building position for Sub-centres in tribal areas,https://data.gov.in/catalog/rural-health-statistics-in-india---2011
State/UT wise building position for Sub-centres in tribal areas,https://data.gov.in/catalog/rural-health-statistics-in-india---2012
State/UT wise establishment of primary health centres during five year plans -till March,https://data.gov.in/catalog/rural-health-statistics-in-india---2005
State/UT wise establishment of primary health centres during five year plans -till March,https://data.gov.in/catalog/rural-health-statistics-in-india---2006
State/UT wise establishment of primary health centres during five year plans -till March,https://data.gov.in/catalog/rural-health-statistics-in-india---2007
State/UT wise establishment of primary health centres during five year plans -till March,https://data.gov.in/catalog/rural-health-statistics-in-india---2008
State/UT wise establishment of primary health centres during five year plans -till March,https://data.gov.in/catalog/rural-health-statistics-in-india---2009
State/UT wise establishment of primary health centres during five year plans -till March,https://data.gov.in/catalog/rural-health-statistics-in-india---2010
State/UT wise establishment of primary health centres during five year plans -till March,https://data.gov.in/catalog/rural-health-statistics-in-india---2011
State/UT wise facilities available at Sub-centres,https://data.gov.in/catalog/rural-health-statistics---2016
State/UT wise facilities available at Sub-centres,https://data.gov.in/catalog/rural-health-statistics-in-india---2006
State/UT wise facilities available at Sub-centres,https://data.gov.in/catalog/rural-health-statistics-in-india---2007
State/UT wise facilities available at Sub-centres,https://data.gov.in/catalog/rural-health-statistics-in-india---2008
State/UT wise facilities available at Sub-centres,https://data.gov.in/catalog/rural-health-statistics-in-india---2009
State/UT wise facilities available at Sub-centres,https://data.gov.in/catalog/rural-health-statistics-in-india---2010
State/UT wise facilities available at Sub-centres,https://data.gov.in/catalog/rural-health-statistics-in-india---2011
State/UT wise facilities available at Sub-centres,https://data.gov.in/catalog/rural-health-statistics-in-india---2012
State/UT wise health worker (Female) / Auxiliary Nurse Midwife(ANM) at Sub-centres & primary health centres(PHCs),https://data.gov.in/catalog/rural-health-statistics-in-india---2007
State/UT wise health worker (Female) / Auxiliary Nurse Midwife(ANM) at Sub-centres & primary health centres(PHCs),https://data.gov.in/catalog/rural-health-statistics-in-india---2008
State/UT wise health worker (Female) / Auxiliary Nurse Midwife(ANM) at Sub-centres & primary health centres(PHCs),https://data.gov.in/catalog/rural-health-statistics-in-india---2009
State/UT wise health worker (Female) / Auxiliary Nurse Midwife(ANM) at Sub-centres & primary health centres(PHCs),https://data.gov.in/catalog/rural-health-statistics-in-india---2010
State/UT wise health worker (Female) / Auxiliary Nurse Midwife(ANM) at Sub-centres & primary health centres(PHCs),https://data.gov.in/catalog/rural-health-statistics-in-india---2011
State/UT wise health worker (Female) / Auxiliary Nurse Midwife(ANM) at Sub-centres & primary health centres(PHCs),https://data.gov.in/catalog/rural-health-statistics-in-india---2012
State/UT wise health worker (M) at Sub-centre in tribal area,https://data.gov.in/catalog/rural-health-statistics---2016
State/UT wise health worker (M) at Sub-centre in tribal area,https://data.gov.in/catalog/rural-health-statistics---2017
State/UT wise health worker (M) at Sub-centre in tribal area,https://data.gov.in/catalog/rural-health-statistics---2018
State/UT wise health worker (M) at Sub-centre in tribal area,https://data.gov.in/catalog/rural-health-statistics-in-india---2007
State/UT wise health worker (M) at Sub-centre in tribal area,https://data.gov.in/catalog/rural-health-statistics-in-india---2008
State/UT wise health worker (M) at Sub-centre in tribal area,https://data.gov.in/catalog/rural-health-statistics-in-india---2009
State/UT wise health worker (M) at Sub-centre in tribal area,https://data.gov.in/catalog/rural-health-statistics-in-india---2010
State/UT wise health worker (M) at Sub-centre in tribal area,https://data.gov.in/catalog/rural-health-statistics-in-india---2011
State/UT wise health worker (M) at Sub-centre in tribal area,https://data.gov.in/catalog/rural-health-statistics-in-india---2012
State/UT wise number of Sub-centers without Auxiliary Nurse Midwife(ANM)s or/and Health Workers (M),https://data.gov.in/catalog/rural-health-statistics-in-india---2005
State/UT wise number of Sub-centers without Auxiliary Nurse Midwife(ANM)s or/and Health Workers (M),https://data.gov.in/catalog/rural-health-statistics-in-india---2006
State/UT wise number of Sub-centers without Auxiliary Nurse Midwife(ANM)s or/and Health Workers (M),https://data.gov.in/catalog/rural-health-statistics-in-india---2007
State/UT wise number of Sub-centers without Auxiliary Nurse Midwife(ANM)s or/and Health Workers (M),https://data.gov.in/catalog/rural-health-statistics-in-india---2008
State/UT wise number of Sub-centers without Auxiliary Nurse Midwife(ANM)s or/and Health Workers (M),https://data.gov.in/catalog/rural-health-statistics-in-india---2009
State/UT wise number of Sub-centers without Auxiliary Nurse Midwife(ANM)s or/and Health Workers (M),https://data.gov.in/catalog/rural-health-statistics-in-india---2010
State/UT wise number of Sub-centers without Auxiliary Nurse Midwife(ANM)s or/and Health Workers (M),https://data.gov.in/catalog/rural-health-statistics-in-india---2011
"State/UT wise number of Sub-centres, PHCs & community health centres(CHCs) in tribal areas",https://data.gov.in/catalog/rural-health-statistics-in-india---2007
"State/UT wise number of Sub-centres, PHCs & community health centres(CHCs) in tribal areas",https://data.gov.in/catalog/rural-health-statistics-in-india---2008
"State/UT wise number of Sub-centres, PHCs & community health centres(CHCs) in tribal areas",https://data.gov.in/catalog/rural-health-statistics-in-india---2009
"State/UT wise number of Sub-centres, PHCs & community health centres(CHCs) in tribal areas",https://data.gov.in/catalog/rural-health-statistics-in-india---2010
"State/UT wise number of Sub-centres, PHCs & community health centres(CHCs) in tribal areas",https://data.gov.in/catalog/rural-health-statistics-in-india---2011
"State/UT wise number of Sub-centres, PHCs & community health centres(CHCs) in tribal areas",https://data.gov.in/catalog/rural-health-statistics-in-india---2012
"State/UT wise number of Sub-centres, Primary Health Centres(PHCs) & Community Health Centres(CHCs) in tribal areas as per RHS",https://data.gov.in/catalog/rural-health-statistics---2017
"State/UT wise number of Sub-centres, Primary Health Centres(PHCs) & Community Health Centres(CHCs) in tribal areas as per RHS",https://data.gov.in/catalog/rural-health-statistics-in-india---2005
"State/UT wise number of Sub-centres, Primary Health Centres(PHCs) & Community Health Centres(CHCs) in tribal areas as per RHS",https://data.gov.in/catalog/rural-health-statistics-in-india---2006
"State/UT wise number of Sub-centres, primary health centres(PHCs) & community health centres(CHCs) functioning",https://data.gov.in/catalog/rural-health-statistics-in-india---2005
"State/UT wise number of Sub-centres, primary health centres(PHCs) & community health centres(CHCs) functioning",https://data.gov.in/catalog/rural-health-statistics-in-india---2006
"State/UT wise number of Sub-centres, primary health centres(PHCs) & community health centres(CHCs) functioning",https://data.gov.in/catalog/rural-health-statistics-in-india---2007
"State/UT wise number of Sub-centres, primary health centres(PHCs) & community health centres(CHCs) functioning",https://data.gov.in/catalog/rural-health-statistics-in-india---2008
"State/UT wise number of Sub-centres, primary health centres(PHCs) & community health centres(CHCs) functioning",https://data.gov.in/catalog/rural-health-statistics-in-india---2009
"State/UT wise number of Sub-centres, primary health centres(PHCs) & community health centres(CHCs) functioning",https://data.gov.in/catalog/rural-health-statistics-in-india---2010
"State/UT wise number of Sub-centres, primary health centres(PHCs) & community health centres(CHCs) functioning",https://data.gov.in/catalog/rural-health-statistics-in-india---2011
"State/UT wise number of Sub-centres, primary health centres(PHCs) & community health centres(CHCs) functioning",https://data.gov.in/catalog/rural-health-statistics-in-india---2012
State/UT wise number of primary health centres(PHCs) with Ayush facility,https://data.gov.in/catalog/rural-health-statistics-in-india---2011
State/UT wise number of primary health centres(PHCs) with Ayush facility,https://data.gov.in/catalog/rural-health-statistics-in-india---2012
State/UT wise number of primary health centres(PHCs) with Doctors and without Doctor/Lab technician/pharmacist,https://data.gov.in/catalog/rural-health-statistics---2017
State/UT wise number of primary health centres(PHCs) with Doctors and without Doctor/Lab technician/pharmacist,https://data.gov.in/catalog/rural-health-statistics-in-india---2005
State/UT wise number of primary health centres(PHCs) with Doctors and without Doctor/Lab technician/pharmacist,https://data.gov.in/catalog/rural-health-statistics-in-india---2006
State/UT wise number of primary health centres(PHCs) with Doctors and without Doctor/Lab technician/pharmacist,https://data.gov.in/catalog/rural-health-statistics-in-india---2007
State/UT wise number of primary health centres(PHCs) with Doctors and without Doctor/Lab technician/pharmacist,https://data.gov.in/catalog/rural-health-statistics-in-india---2008
State/UT wise number of primary health centres(PHCs) with Doctors and without Doctor/Lab technician/pharmacist,https://data.gov.in/catalog/rural-health-statistics-in-india---2009
State/UT wise number of primary health centres(PHCs) with Doctors and without Doctor/Lab technician/pharmacist,https://data.gov.in/catalog/rural-health-statistics-in-india---2010
State/UT wise number of primary health centres(PHCs) with Doctors and without Doctor/Lab technician/pharmacist,https://data.gov.in/catalog/rural-health-statistics-in-india---2011
State/UT wise number of primary health centres(PHCs) with Doctors and without Doctor/Lab technician/pharmacist,https://data.gov.in/catalog/rural-health-statistics-in-india---2012
"State/UT wise number of sub divisional hospital, district hospital & mobile medical units functioning",https://data.gov.in/catalog/rural-health-statistics---2015
"State/UT wise number of sub divisional hospital, district hospital & mobile medical units functioning",https://data.gov.in/catalog/rural-health-statistics---2016
"State/UT wise number of sub divisional hospital, district hospital & mobile medical units functioning",https://data.gov.in/catalog/rural-health-statistics---2017
"State/UT wise number of sub divisional hospital, district hospital & mobile medical units functioning",https://data.gov.in/catalog/rural-health-statistics---2018
"State/UT wise number of sub divisional hospital, district hospital & mobile medical units functioning",https://data.gov.in/catalog/rural-health-statistics---2019
"State/UT wise number of sub divisional hospital, district hospital & mobile medical units functioning",https://data.gov.in/catalog/rural-health-statistics-in-india---2010
"State/UT wise number of sub divisional hospital, district hospital & mobile medical units functioning",https://data.gov.in/catalog/rural-health-statistics-in-india---2011
"State/UT wise number of sub divisional hospital, district hospital & mobile medical units functioning",https://data.gov.in/catalog/rural-health-statistics-in-india---2012
"State/UT wise number of sub divisional hospital, district hospital & mobile medical units functioning",https://data.gov.in/catalog/rural-health-statistics-in-india---2013
"State/UT wise number of sub divisional hospital, district hospital & mobile medical units functioning",https://data.gov.in/catalog/rural-health-statistics-in-india---2014
"State/UT wise number of sub divisional hospital, district hospital & mobile medical units functioning","https://data.gov.in/catalog/sub-divisional-hospitals,-district-hospitals-and-mobile-medical-units-functioning"
State/UT wise nurse Midwife/Staff nurse at primary health centres(PHCs) & community health centres(CHCs),https://data.gov.in/catalog/rural-health-statistics-in-india---2006
State/UT wise nurse Midwife/Staff nurse at primary health centres(PHCs) & community health centres(CHCs),https://data.gov.in/catalog/rural-health-statistics-in-india---2007
State/UT wise nurse Midwife/Staff nurse at primary health centres(PHCs) & community health centres(CHCs),https://data.gov.in/catalog/rural-health-statistics-in-india---2008
State/UT wise nurse Midwife/Staff nurse at primary health centres(PHCs) & community health centres(CHCs),https://data.gov.in/catalog/rural-health-statistics-in-india---2009
State/UT wise pharmacists at primary health centres (PHCs) & CHCs in tribal area,https://data.gov.in/catalog/rural-health-statistics-in-india---2006
State/UT wise pharmacists at primary health centres (PHCs) & CHCs in tribal area,https://data.gov.in/catalog/rural-health-statistics-in-india---2007
State/UT wise pharmacists at primary health centres (PHCs) & CHCs in tribal area,https://data.gov.in/catalog/rural-health-statistics-in-india---2008
State/UT wise pharmacists at primary health centres (PHCs) & CHCs in tribal area,https://data.gov.in/catalog/rural-health-statistics-in-india---2009
State/UT wise pharmacists at primary health centres (PHCs) & CHCs in tribal area,https://data.gov.in/catalog/rural-health-statistics-in-india---2010
State/UT wise pharmacists at primary health centres (PHCs) & CHCs in tribal area,https://data.gov.in/catalog/rural-health-statistics-in-india---2011
State/UT wise pharmacists at primary health centres (PHCs) & CHCs in tribal area,https://data.gov.in/catalog/rural-health-statistics-in-india---2012
State/UT wise pharmacists at primary health centres (PHCs) & community health centres (CHCs),https://data.gov.in/catalog/rural-health-statistics-in-india---2006
State/UT wise pharmacists at primary health centres (PHCs) & community health centres (CHCs),https://data.gov.in/catalog/rural-health-statistics-in-india---2007
State/UT wise pharmacists at primary health centres (PHCs) & community health centres (CHCs),https://data.gov.in/catalog/rural-health-statistics-in-india---2008
State/UT wise pharmacists at primary health centres (PHCs) & community health centres (CHCs),https://data.gov.in/catalog/rural-health-statistics-in-india---2009
State/UT wise pharmacists at primary health centres (PHCs) & community health centres (CHCs),https://data.gov.in/catalog/rural-health-statistics-in-india---2010
State/UT wise pharmacists at primary health centres (PHCs) & community health centres (CHCs),https://data.gov.in/catalog/rural-health-statistics-in-india---2011
State/UT wise pharmacists at primary health centres (PHCs) & community health centres (CHCs),https://data.gov.in/catalog/rural-health-statistics-in-india---2012
State/UT wise ratio of H.W.(F)/Auxiliary Nurse Midwife(ANM) schools to LHV/Health Assistant (F) training schools and Average population covered,https://data.gov.in/catalog/rural-health-statistics-in-india---2005
State/UT wise ratio of H.W.(F)/Auxiliary Nurse Midwife(ANM) schools to LHV/Health Assistant (F) training schools and Average population covered,https://data.gov.in/catalog/rural-health-statistics-in-india---2006
State/UT wise ratio of H.W.(F)/Auxiliary Nurse Midwife(ANM) schools to LHV/Health Assistant (F) training schools and Average population covered,https://data.gov.in/catalog/rural-health-statistics-in-india---2007
State/UT wise ratio of H.W.(F)/Auxiliary Nurse Midwife(ANM) schools to LHV/Health Assistant (F) training schools and Average population covered,https://data.gov.in/catalog/rural-health-statistics-in-india---2008
State/UT wise ratio of H.W.(F)/Auxiliary Nurse Midwife(ANM) schools to LHV/Health Assistant (F) training schools and Average population covered,https://data.gov.in/catalog/rural-health-statistics-in-india---2009
State/UT wise ratio of H.W.(F)/Auxiliary Nurse Midwife(ANM) schools to LHV/Health Assistant (F) training schools and Average population covered,https://data.gov.in/catalog/rural-health-statistics-in-india---2010
State/UT wise ratio of H.W.(F)/Auxiliary Nurse Midwife(ANM) schools to LHV/Health Assistant (F) training schools and Average population covered,https://data.gov.in/catalog/rural-health-statistics-in-india---2011
State/UT wise ratio of H.W.(F)/Auxiliary Nurse Midwife(ANM) schools to LHV/Health Assistant (F) training schools and Average population covered,https://data.gov.in/catalog/rural-health-statistics-in-india---2012
"State/UT wise total Specialists (Surgeons, OB&GY, Physicians & Paediatricians) at Community Health Centres(CHCs)",https://data.gov.in/catalog/rural-health-statistics-in-india---2005
"State/UT wise total Specialists (Surgeons, OB&GY, Physicians & Paediatricians) at Community Health Centres(CHCs)",https://data.gov.in/catalog/rural-health-statistics-in-india---2006
"State/UT wise total Specialists (Surgeons, OB&GY, Physicians & Paediatricians) at Community Health Centres(CHCs)",https://data.gov.in/catalog/rural-health-statistics-in-india---2007
"State/UT wise total Specialists (Surgeons, OB&GY, Physicians & Paediatricians) at Community Health Centres(CHCs)",https://data.gov.in/catalog/rural-health-statistics-in-india---2008
"State/UT wise total Specialists (Surgeons, OB&GY, Physicians & Paediatricians) at Community Health Centres(CHCs)",https://data.gov.in/catalog/rural-health-statistics-in-india---2009
"State/UT wise total Specialists (Surgeons, OB&GY, Physicians & Paediatricians) at Community Health Centres(CHCs)",https://data.gov.in/catalog/rural-health-statistics-in-india---2010
"State/UT wise total Specialists (Surgeons, OB&GY, Physicians & Paediatricians) at Community Health Centres(CHCs)",https://data.gov.in/catalog/rural-health-statistics-in-india---2011
"State/UT wise total Specialists (Surgeons, OB&GY, Physicians & Paediatricians) at Community Health Centres(CHCs)",https://data.gov.in/catalog/rural-health-statistics-in-india---2012
State/UT-wise Average Rural Area and Average Radial Distance Covered By Health Facilities,https://data.gov.in/catalog/rural-health-statistics---2018
State/UT-wise Average Rural Area and Average Radial Distance Covered By Health Facilities,https://data.gov.in/catalog/rural-health-statistics---2019
"State/UT-wise Average Rural Population Covered by SCs, PHCs and CHCs",https://data.gov.in/catalog/rural-health-statistics---2018
"State/UT-wise Average Rural Population Covered by SCs, PHCs and CHCs",https://data.gov.in/catalog/rural-health-statistics---2019
State/UT-wise Building Position for Community Health Centres in Rural Areas,https://data.gov.in/catalog/rural-health-statistics---2019
State/UT-wise Building Position for District Hospital,https://data.gov.in/catalog/rural-health-statistics---2016
State/UT-wise Building Position for District Hospital,https://data.gov.in/catalog/rural-health-statistics---2018
State/UT-wise Building Position for District Hospital,https://data.gov.in/catalog/rural-health-statistics---2019
State/UT-wise Building Position for Sub Centres in Rural Areas,https://data.gov.in/catalog/rural-health-statistics---2019
State/UT-wise Building Position of CHCs in Tribal Areas,https://data.gov.in/catalog/rural-health-statistics---2016
State/UT-wise Building Position of CHCs in Tribal Areas,https://data.gov.in/catalog/rural-health-statistics---2018
State/UT-wise Building Position of PHCs in Tribal Areas,https://data.gov.in/catalog/rural-health-statistics---2016
State/UT-wise Building Position of PHCs in Tribal Areas,https://data.gov.in/catalog/rural-health-statistics---2018
State/UT-wise Building Position of Primary Health Centres in Rural Areas,https://data.gov.in/catalog/rural-health-statistics---2019
State/UT-wise Crude Birth Rates in Rural and Urban Areas (SRS),https://data.gov.in/catalog/health-and-family-welfare-statistics---2015
State/UT-wise Crude Birth Rates in Rural and Urban Areas (SRS),https://data.gov.in/catalog/health-and-family-welfare-statistics---2017
State/UT-wise Crude Birth Rates in Rural and Urban Areas (SRS),https://data.gov.in/catalog/health-and-family-welfare-statistics---2019-20
State/UT-wise Decennial Growth Rate and Population Density,https://data.gov.in/catalog/rural-health-statistics---2015
State/UT-wise Decennial Growth Rate and Population Density,https://data.gov.in/catalog/rural-health-statistics---2016
State/UT-wise Decennial Growth Rate and Population Density,https://data.gov.in/catalog/rural-health-statistics---2017
State/UT-wise Decennial Growth Rate and Population Density,https://data.gov.in/catalog/rural-health-statistics---2018
State/UT-wise Decennial Growth Rate and Population Density,https://data.gov.in/catalog/rural-health-statistics---2019
State/UT-wise Details of ANM & LHV Training Schools,https://data.gov.in/catalog/rural-health-statistics---2018
State/UT-wise Details of ANM & LHV Training Schools,https://data.gov.in/catalog/rural-health-statistics---2019
State/UT-wise Details of Medical Colleges and MBBS Seats,https://data.gov.in/catalog/health-and-family-welfare-statistics---2015
State/UT-wise Details of Medical Colleges and MBBS Seats,https://data.gov.in/catalog/health-and-family-welfare-statistics---2017
State/UT-wise Doctors at Primary Health Centres in Rural Areas,https://data.gov.in/catalog/rural-health-statistics---2019
State/UT-wise General Duty Medical Officers (GDMOs) Allopathic at CHCs,https://data.gov.in/catalog/rural-health-statistics---2016
State/UT-wise General Duty Medical Officers (GDMOs) Allopathic at CHCs,https://data.gov.in/catalog/rural-health-statistics---2018
State/UT-wise Health Assistants (Male) At PHCs in Tribal Area,https://data.gov.in/catalog/rural-health-statistics---2016
State/UT-wise Health Assistants (Male) At PHCs in Tribal Area,https://data.gov.in/catalog/rural-health-statistics---2018
State/UT-wise Infant Mortality Rates by Sex (per 1000 live births),https://data.gov.in/catalog/health-and-family-welfare-statistics---2017
State/UT-wise Infant Mortality Rates by Sex (per 1000 live births),https://data.gov.in/catalog/health-and-family-welfare-statistics---2019-20
"State/UT-wise Information Relating to Maternal Health (ANC, Institutional and Home Delivery)",https://data.gov.in/catalog/health-and-family-welfare-statistics---2015
"State/UT-wise Information Relating to Maternal Health (ANC, Institutional and Home Delivery)",https://data.gov.in/catalog/health-and-family-welfare-statistics---2017
"State/UT-wise Information Relating to Maternal Health (ANC, Institutional and Home Delivery)",https://data.gov.in/catalog/information-relating-to-maternal-health
State/UT-wise Infrastructure Facilities At Primary Health Centres In Rural Areas-I,https://data.gov.in/catalog/rural-health-statistics---2019
State/UT-wise Infrastructure Facilities Available at Community Health Centres-I,https://data.gov.in/catalog/rural-health-statistics---2018
State/UT-wise Infrastructure Facilities Available at Community Health Centres-I,https://data.gov.in/catalog/rural-health-statistics---2019
State/UT-wise Infrastructure Facilities Available at Sub Centres in Rural Areas- II,https://data.gov.in/catalog/rural-health-statistics---2019
State/UT-wise Infrastructure Facilities Available at Sub Centres-I,https://data.gov.in/catalog/rural-health-statistics---2018
State/UT-wise Infrastructure Facilities at FRUs,https://data.gov.in/catalog/rural-health-statistics---2018
State/UT-wise Infrastructure Facilities at FRUs,https://data.gov.in/catalog/rural-health-statistics---2019
State/UT-wise Infrastructure Facilities at Primary Health Centres-II,https://data.gov.in/catalog/rural-health-statistics---2018
State/UT-wise Lab Technicians at PHCs & CHCs in Tribal Area,https://data.gov.in/catalog/rural-health-statistics---2016
State/UT-wise Lab Technicians at PHCs & CHCs in Tribal Area,https://data.gov.in/catalog/rural-health-statistics---2018
State/UT-wise Laboratory Technicians at CHCs in Urban Areas,https://data.gov.in/catalog/rural-health-statistics---2019
State/UT-wise Laboratory Technicians at PHCs & CHCs,https://data.gov.in/catalog/rural-health-statistics---2016
State/UT-wise Laboratory Technicians at PHCs & CHCs,https://data.gov.in/catalog/rural-health-statistics---2018
State/UT-wise Laboratory Technicians at PHCs in Rural Areas,https://data.gov.in/catalog/rural-health-statistics---2019
"State/UT-wise Manpower Position in SCs, PHCs & CHCs - I",https://data.gov.in/catalog/rural-health-statistics---2018
"State/UT-wise Manpower Position in SCs, PHCs & CHCs in Rural Areas- I",https://data.gov.in/catalog/rural-health-statistics---2019
State/UT-wise Medical Termination of Pregnancies Performed,https://data.gov.in/catalog/health-and-family-welfare-statistics---2015
State/UT-wise Medical Termination of Pregnancies Performed,https://data.gov.in/catalog/health-and-family-welfare-statistics---2017
State/UT-wise Number of First Referral Units,https://data.gov.in/catalog/rural-health-statistics---2018
State/UT-wise Number of First Referral Units,https://data.gov.in/catalog/rural-health-statistics---2019
State/UT-wise Number of PHCs with Doctors and without Doctor/Lab Technician/Pharmacist,https://data.gov.in/catalog/health-and-family-welfare-statistics---2017
State/UT-wise Number of PHCs with Doctors and without Doctor/Lab Technician/Pharmacist,https://data.gov.in/catalog/rural-health-statistics---2016
State/UT-wise Number of PHCs with Doctors and without Doctor/Lab Technician/Pharmacist,https://data.gov.in/catalog/rural-health-statistics---2018
"State/UT-wise Number of SCs, PHCs & CHCs Functioning - II",https://data.gov.in/catalog/rural-health-statistics---2018
"State/UT-wise Number of SCs, PHCs & CHCs Functioning in Rural Areas- I",https://data.gov.in/catalog/rural-health-statistics---2019
State/UT-wise Number of Sub Centres During Five Year Plans,https://data.gov.in/catalog/rural-health-statistics---2017
State/UT-wise Number of Sub Centres During Five Year Plans,https://data.gov.in/catalog/rural-health-statistics---2018
"State/UT-wise Number of Sub Centres, PHCs & CHCs Functioning",https://data.gov.in/catalog/health-and-family-welfare-statistics---2017
"State/UT-wise Number of Sub Centres, PHCs & CHCs Functioning",https://data.gov.in/catalog/rural-health-statistics---2016
"State/UT-wise Number of Sub Centres, PHCs & CHCs Functioning",https://data.gov.in/catalog/rural-health-statistics---2018
"State/UT-wise Number of Sub Centres, PHCs & CHCs in Tribal Areas",https://data.gov.in/catalog/rural-health-statistics---2016
"State/UT-wise Number of Sub Centres, PHCs & CHCs in Tribal Areas",https://data.gov.in/catalog/rural-health-statistics---2018
State/UT-wise Nursing Staff at PHCs & CHCs in Rural Areas,https://data.gov.in/catalog/rural-health-statistics---2019
State/UT-wise Nutritional Status of Children 0-59 months in percent as per RSOC,https://data.gov.in/catalog/health-and-family-welfare-statistics---2017
State/UT-wise Obstetricians & Gynaecologists at CHCs in Tribal Area,https://data.gov.in/catalog/rural-health-statistics---2016
State/UT-wise Obstetricians & Gynaecologists at CHCs in Tribal Area,https://data.gov.in/catalog/rural-health-statistics---2018
State/UT-wise PHCs with Ayush Facility,https://data.gov.in/catalog/rural-health-statistics---2018
State/UT-wise PHCs with Ayush Facility,https://data.gov.in/catalog/rural-health-statistics---2019
State/UT-wise Paediatricians at CHCs,https://data.gov.in/catalog/rural-health-statistics---2016
State/UT-wise Paediatricians at CHCs,https://data.gov.in/catalog/rural-health-statistics---2018
State/UT-wise Percentage of children (age below 36 months) with low birth weight (Below 2.5 kg) as per DLHS-4/AHS-3 and RSOC,https://data.gov.in/catalog/health-and-family-welfare-statistics---2017
State/UT-wise Pharmacists at PHCs & CHCs in Rural Areas,https://data.gov.in/catalog/rural-health-statistics---2019
State/UT-wise Physicians at CHCs,https://data.gov.in/catalog/rural-health-statistics---2016
State/UT-wise Physicians at CHCs,https://data.gov.in/catalog/rural-health-statistics---2018
State/UT-wise Physicians at CHCs in Tribal Area,https://data.gov.in/catalog/rural-health-statistics---2016
State/UT-wise Physicians at CHCs in Tribal Area,https://data.gov.in/catalog/rural-health-statistics---2018
"State/UT-wise Population, Decadal Population Growth Rate and Population Density",https://data.gov.in/catalog/rural-health-statistics---2015
"State/UT-wise Population, Decadal Population Growth Rate and Population Density",https://data.gov.in/catalog/rural-health-statistics---2016
"State/UT-wise Population, Decadal Population Growth Rate and Population Density",https://data.gov.in/catalog/rural-health-statistics---2017
"State/UT-wise Population, Decadal Population Growth Rate and Population Density",https://data.gov.in/catalog/rural-health-statistics---2018
State/UT-wise Radiographers at CHCs,https://data.gov.in/catalog/rural-health-statistics---2016
State/UT-wise Radiographers at CHCs,https://data.gov.in/catalog/rural-health-statistics---2018
State/UT-wise Received PNC within 48 Hours of Discharge or Delivery as per RSOC,https://data.gov.in/catalog/health-and-family-welfare-statistics---2017
State/UT-wise Surgeons at CHCs in Rural Areas,https://data.gov.in/catalog/rural-health-statistics---2019
State/UT-wise Total Specialists at CHCs,https://data.gov.in/catalog/health-and-family-welfare-statistics---2017
State/UT-wise Total Specialists at CHCs,https://data.gov.in/catalog/rural-health-statistics---2016
State/UT-wise Total Specialists at CHCs,https://data.gov.in/catalog/rural-health-statistics---2018
State/UT-wise Total Specialists at CHCs in Rural Areas,https://data.gov.in/catalog/rural-health-statistics---2019
State/Ut-wise Average Number of HW[F]/ ANM Per Health assistant [F]/ LHV and Average Rural Population Covered by An HW(F)/ ANM at Sub-Centres & PHCs,https://data.gov.in/catalog/rural-health-statistics---2016
State/Ut-wise Average Number of HW[F]/ ANM Per Health assistant [F]/ LHV and Average Rural Population Covered by An HW(F)/ ANM at Sub-Centres & PHCs,https://data.gov.in/catalog/rural-health-statistics---2018
State/Ut-wise Average Number of HW[F]/ ANM Per Health assistant [F]/ LHV and Average Rural Population Covered by An HW(F)/ ANM at Sub-Centres & PHCs,https://data.gov.in/catalog/rural-health-statistics---2019
State/Ut-wise Block Extension Educator at PHCs,https://data.gov.in/catalog/rural-health-statistics---2016
State/Ut-wise Block Extension Educator at PHCs,https://data.gov.in/catalog/rural-health-statistics---2018
State/Ut-wise Building Position for Sub District/ Sub Divisional Hospital,https://data.gov.in/catalog/rural-health-statistics---2016
State/Ut-wise Building Position for Sub District/ Sub Divisional Hospital,https://data.gov.in/catalog/rural-health-statistics---2017
State/Ut-wise Building Position for Sub District/ Sub Divisional Hospital,https://data.gov.in/catalog/rural-health-statistics---2018
State/Ut-wise Building Position for Sub District/ Sub Divisional Hospital,https://data.gov.in/catalog/rural-health-statistics---2019
State/Ut-wise Doctors at District Hospital and Sub District/ Sub Divisional Hospital,https://data.gov.in/catalog/rural-health-statistics---2016
State/Ut-wise Doctors at District Hospital and Sub District/ Sub Divisional Hospital,https://data.gov.in/catalog/rural-health-statistics---2017
State/Ut-wise Doctors at District Hospital and Sub District/ Sub Divisional Hospital,https://data.gov.in/catalog/rural-health-statistics---2018
State/Ut-wise Doctors at District Hospital and Sub District/ Sub Divisional Hospital,https://data.gov.in/catalog/rural-health-statistics---2019
State/Ut-wise Doctors at PHCs in Tribal Area,https://data.gov.in/catalog/rural-health-statistics---2016
State/Ut-wise Doctors at PHCs in Tribal Area,https://data.gov.in/catalog/rural-health-statistics---2018
State/Ut-wise Estimates of Birth Rates and Death Rates,https://data.gov.in/catalog/rural-health-statistics---2016
State/Ut-wise Estimates of Birth Rates and Death Rates,https://data.gov.in/catalog/rural-health-statistics---2017
State/Ut-wise Estimates of Birth Rates and Death Rates,https://data.gov.in/catalog/rural-health-statistics---2018
State/Ut-wise Estimates of Birth Rates and Death Rates,https://data.gov.in/catalog/rural-health-statistics-in-india---2005
State/Ut-wise Estimates of Birth Rates and Death Rates,https://data.gov.in/catalog/rural-health-statistics-in-india---2006
State/Ut-wise Facilities at Primary Health Centres,https://data.gov.in/catalog/rural-health-statistics---2016
State/Ut-wise Facilities at Primary Health Centres,https://data.gov.in/catalog/rural-health-statistics-in-india---2006
State/Ut-wise Facilities at Primary Health Centres,https://data.gov.in/catalog/rural-health-statistics-in-india---2007
State/Ut-wise Facilities at Primary Health Centres,https://data.gov.in/catalog/rural-health-statistics-in-india---2008
State/Ut-wise Facilities at Primary Health Centres,https://data.gov.in/catalog/rural-health-statistics-in-india---2009
State/Ut-wise Facilities at Primary Health Centres,https://data.gov.in/catalog/rural-health-statistics-in-india---2010
State/Ut-wise Facilities at Primary Health Centres,https://data.gov.in/catalog/rural-health-statistics-in-india---2011
State/Ut-wise Facilities at Primary Health Centres,https://data.gov.in/catalog/rural-health-statistics-in-india---2012
State/Ut-wise Health Assistant [Male] at PHCs,https://data.gov.in/catalog/rural-health-statistics---2016
State/Ut-wise Health Assistant [Male] at PHCs,https://data.gov.in/catalog/rural-health-statistics---2018
State/Ut-wise Health Assistants [Female] / LHV at PHCs,https://data.gov.in/catalog/rural-health-statistics---2016
State/Ut-wise Health Assistants [Female] / LHV at PHCs,https://data.gov.in/catalog/rural-health-statistics---2018
State/Ut-wise Health Worker [Female]/ ANM at Sub Centres & PHCs,https://data.gov.in/catalog/health-and-family-welfare-statistics---2017
State/Ut-wise Health Worker [Female]/ ANM at Sub Centres & PHCs,https://data.gov.in/catalog/rural-health-statistics---2016
State/Ut-wise Health Worker [Female]/ ANM at Sub Centres & PHCs,https://data.gov.in/catalog/rural-health-statistics---2018
State/Ut-wise Health assistants [Female]/ LHV at PHCs in Tribal Area,https://data.gov.in/catalog/rural-health-statistics---2016
State/Ut-wise Health assistants [Female]/ LHV at PHCs in Tribal Area,https://data.gov.in/catalog/rural-health-statistics---2017
State/Ut-wise Health assistants [Female]/ LHV at PHCs in Tribal Area,https://data.gov.in/catalog/rural-health-statistics---2018
State/Ut-wise Number of Sub-Centers Without Anms or/and Health Workers [M],https://data.gov.in/catalog/health-and-family-welfare-statistics---2017
State/Ut-wise Number of Sub-Centers Without Anms or/and Health Workers [M],https://data.gov.in/catalog/rural-health-statistics---2016
State/Ut-wise Number of Sub-Centers Without Anms or/and Health Workers [M],https://data.gov.in/catalog/rural-health-statistics---2017
State/Ut-wise Nursing staff at PHCs & CHCs,https://data.gov.in/catalog/rural-health-statistics---2016
State/Ut-wise Nursing staff at PHCs & CHCs,https://data.gov.in/catalog/rural-health-statistics---2018
State/Ut-wise Nursing staff at PHcs & CHcs in Tribal Area,https://data.gov.in/catalog/rural-health-statistics---2016
State/Ut-wise Nursing staff at PHcs & CHcs in Tribal Area,https://data.gov.in/catalog/rural-health-statistics---2018
State/Ut-wise Obstetricians & Gynaecologists at CHCs,https://data.gov.in/catalog/rural-health-statistics---2016
State/Ut-wise Obstetricians & Gynaecologists at CHCs,https://data.gov.in/catalog/rural-health-statistics---2018
State/Ut-wise Paediatrician at Community Health Centres in Tribal Area,https://data.gov.in/catalog/rural-health-statistics---2016
State/Ut-wise Paediatrician at Community Health Centres in Tribal Area,https://data.gov.in/catalog/rural-health-statistics---2017
State/Ut-wise Paediatrician at Community Health Centres in Tribal Area,https://data.gov.in/catalog/rural-health-statistics---2018
State/Ut-wise Paediatrician at Community Health Centres in Tribal Area,https://data.gov.in/catalog/rural-health-statistics-in-india---2006
State/Ut-wise Paediatrician at Community Health Centres in Tribal Area,https://data.gov.in/catalog/rural-health-statistics-in-india---2007
State/Ut-wise Paediatrician at Community Health Centres in Tribal Area,https://data.gov.in/catalog/rural-health-statistics-in-india---2008
State/Ut-wise Paediatrician at Community Health Centres in Tribal Area,https://data.gov.in/catalog/rural-health-statistics-in-india---2009
State/Ut-wise Paediatrician at Community Health Centres in Tribal Area,https://data.gov.in/catalog/rural-health-statistics-in-india---2010
State/Ut-wise Paediatrician at Community Health Centres in Tribal Area,https://data.gov.in/catalog/rural-health-statistics-in-india---2011
State/Ut-wise Paediatrician at Community Health Centres in Tribal Area,https://data.gov.in/catalog/rural-health-statistics-in-india---2012
State/Ut-wise Pharmacists at PHCs & CHCs,https://data.gov.in/catalog/rural-health-statistics---2016
State/Ut-wise Pharmacists at PHCs & CHCs,https://data.gov.in/catalog/rural-health-statistics---2018
State/Ut-wise Pharmacists at PHCs & CHCs in Tribal Area,https://data.gov.in/catalog/rural-health-statistics---2016
State/Ut-wise Pharmacists at PHCs & CHCs in Tribal Area,https://data.gov.in/catalog/rural-health-statistics---2018
State/Ut-wise Ratio of H.W.[F]/ANM Schools to LHV/Health assistant [F] Training Schools and Average Population Covered,https://data.gov.in/catalog/rural-health-statistics---2015
State/Ut-wise Ratio of H.W.[F]/ANM Schools to LHV/Health assistant [F] Training Schools and Average Population Covered,https://data.gov.in/catalog/rural-health-statistics---2016
State/Ut-wise Rural Primary Health Care infrastructure and Average Rural Population Covered,https://data.gov.in/catalog/rural-health-statistics---2015
State/Ut-wise Rural Primary Health Care infrastructure and Average Rural Population Covered,https://data.gov.in/catalog/rural-health-statistics---2016
State/Ut-wise Rural Primary Health Care infrastructure and Average Rural Population Covered,https://data.gov.in/catalog/rural-health-statistics---2017
State/Ut-wise Rural Primary Health Care infrastructure and Average Rural Population Covered,https://data.gov.in/catalog/rural-health-statistics-in-india---2005
State/Ut-wise Rural Primary Health Care infrastructure and Average Rural Population Covered,https://data.gov.in/catalog/rural-health-statistics-in-india---2006
State/Ut-wise Rural Primary Health Care infrastructure and Average Rural Population Covered,https://data.gov.in/catalog/rural-health-statistics-in-india---2007
State/Ut-wise Rural Primary Health Care infrastructure and Average Rural Population Covered,https://data.gov.in/catalog/rural-health-statistics-in-india---2008
State/Ut-wise Rural Primary Health Care infrastructure and Average Rural Population Covered,https://data.gov.in/catalog/rural-health-statistics-in-india---2009
State/Ut-wise Rural Primary Health Care infrastructure and Average Rural Population Covered,https://data.gov.in/catalog/rural-health-statistics-in-india---2010
State/Ut-wise Rural Primary Health Care infrastructure and Average Rural Population Covered,https://data.gov.in/catalog/rural-health-statistics-in-india---2011
State/Ut-wise Rural Primary Health Care infrastructure and Average Rural Population Covered,https://data.gov.in/catalog/rural-health-statistics-in-india---2012
State/Ut-wise Rural Primary Health Care infrastructure and Average Rural Population Covered,https://data.gov.in/catalog/rural-health-statistics-in-india---2013
State/Ut-wise Rural Primary Health Care infrastructure and Average Rural Population Covered,https://data.gov.in/catalog/rural-health-statistics-in-india---2014
State/Ut-wise Surgeon at CHCs in Tribal Area,https://data.gov.in/catalog/rural-health-statistics---2016
State/Ut-wise Surgeon at CHCs in Tribal Area,https://data.gov.in/catalog/rural-health-statistics---2018
State/Ut-wise Surgeons at CHCs,https://data.gov.in/catalog/rural-health-statistics---2016
State/Ut-wise Surgeons at CHCs,https://data.gov.in/catalog/rural-health-statistics---2018
State/Ut-wise Vacancy Position at A Glance (Number of Posts Vacant Against Sanctioned),https://data.gov.in/catalog/rural-health-statistics---2016
State/Ut-wise Vacancy Position at A Glance (Number of Posts Vacant Against Sanctioned),https://data.gov.in/catalog/rural-health-statistics---2017
State/ut-wise Rural and Urban Population as per 2001 and 2011 Census,https://data.gov.in/catalog/rural-health-statistics---2015
State/ut-wise Rural and Urban Population as per 2001 and 2011 Census,https://data.gov.in/catalog/rural-health-statistics---2016
Still Birth Rates by Residence,https://data.gov.in/catalog/health-and-family-welfare-statistics---2015
Still Birth Rates by Residence,https://data.gov.in/catalog/still-birth-rate-india
Surgeon at CHCs in tribal area,https://data.gov.in/catalog/rural-health-statistics---2015
Surgeon at CHCs in tribal area,https://data.gov.in/catalog/rural-health-statistics-in-india---2013
Surgeon at CHCs in tribal area,https://data.gov.in/catalog/rural-health-statistics-in-india---2014
Surgeons at CHCs,https://data.gov.in/catalog/rural-health-statistics---2015
Surgeons at CHCs,https://data.gov.in/catalog/rural-health-statistics-in-india---2013
Surgeons at CHCs,https://data.gov.in/catalog/rural-health-statistics-in-india---2014
Time Series Data on Crude Death Rate and Infant Mortality Rate,https://data.gov.in/catalog/crude-death-rate-(cdr)-and-infant-mortality-rate-(imr)
Time Series Data on Crude Death Rate and Infant Mortality Rate,https://data.gov.in/catalog/health-and-family-welfare-statistics---2015
Time Series Data on Crude Death Rate and Infant Mortality Rate,https://data.gov.in/catalog/health-and-family-welfare-statistics---2017
Time series data on Crude Birth Rate(CBR) and Total Fertility Rate(TFR),https://data.gov.in/catalog/crude-birth-rate(cbr)-and-total-fertility-rate(tfr)
Time series data on Crude Birth Rate(CBR) and Total Fertility Rate(TFR),https://data.gov.in/catalog/health-and-family-welfare-statistics---2017
Top 10 causes of death in EAG States- Assam and Other States(age below 1 as percentage),https://data.gov.in/catalog/health-and-family-welfare-statistics---2015
Top 10 causes of death in EAG States- Assam and Other States(age below 1 as percentage),https://data.gov.in/catalog/top-10-causes-of-death-in-eag-states--assam-and-other-state
Total Fertility Rate (TFR) by residence,https://data.gov.in/catalog/health-and-family-welfare-statistics---2015
Total Fertility Rate (TFR) by residence,https://data.gov.in/catalog/total-fertility-rate-india
Total Fertility Rate (TFR) of smaller States/Uts by residence,https://data.gov.in/catalog/health-and-family-welfare-statistics---2017
Total Fertility Rate (TFR) of smaller States/Uts by residence,https://data.gov.in/catalog/total-fertility-rate-india
"Total Number of Specialists, General Duty Medical Officers - Allopathic and Radiographers At Community Health Centres","https://data.gov.in/catalog/total-number-of-specialists,-general-duty-medical-officers---allopathic-and-radiographers-at-community-health-centres"
Total Specialist at Community Health Centres in Tribal Area,https://data.gov.in/catalog/rural-health-statistics---2015
Total Specialist at Community Health Centres in Tribal Area,https://data.gov.in/catalog/rural-health-statistics-in-india---2013
Total Specialist at Community Health Centres in Tribal Area,https://data.gov.in/catalog/rural-health-statistics-in-india---2014
Total specialists at CHCs,https://data.gov.in/catalog/health-and-family-welfare-statistics---2015
Total specialists at CHCs,https://data.gov.in/catalog/rural-health-statistics-in-india---2014
Treatment of childhood disease (children under 3 years based on last surviving children)-Total - DLHS III,https://data.gov.in/catalog/district-level-household-and-facility-survey-(dlhs-3)
Treatment outcome of paediatric TB patients notified Total,"https://data.gov.in/catalog/india-tuberculosis-report,-2023"
"Trends in Early Neo-natal Mortality Rate by Residence, India and Bigger States",https://data.gov.in/catalog/early-neo-natal-mortality-rates
"Trends in Early Neo-natal Mortality Rate by Residence, India and Bigger States",https://data.gov.in/catalog/health-and-family-welfare-statistics---2015
"Trends in Early Neo-natal Mortality Rate by Residence, India and Bigger States",https://data.gov.in/catalog/neo-natal-mortality-rate-india
"Trends in Total Fertility Rate by Residence, India and bigger States",https://data.gov.in/catalog/health-and-family-welfare-statistics---2015
"Trends in Total Fertility Rate by Residence, India and bigger States",https://data.gov.in/catalog/total-fertility-rate-india
Urban Health Infrastructure under family welfare programme,https://data.gov.in/catalog/rural-health-statistics-in-india---2005
Urban Health Infrastructure under family welfare programme,https://data.gov.in/catalog/rural-health-statistics-in-india---2006
Vacancy Position at A Glance (Number of Posts Vacant Against Sanctioned),https://data.gov.in/catalog/rural-health-statistics---2015
Vacancy Position at A Glance (Number of Posts Vacant Against Sanctioned),https://data.gov.in/catalog/rural-health-statistics-in-india---2013
Vacancy Position at A Glance (Number of Posts Vacant Against Sanctioned),https://data.gov.in/catalog/rural-health-statistics-in-india---2014
Women aged 15-49 Received Check-up within 48 Hours after Delivery DLHS-4/AHS-3 (2012-13),https://data.gov.in/catalog/health-and-family-welfare-statistics---2015
Women facilitated or motivated by ASHA for-Total - DLHS III,https://data.gov.in/catalog/district-level-household-and-facility-survey-(dlhs-3)
Year-wise Achievement of Targets of Family Planning Methods,https://data.gov.in/catalog/health-and-family-welfare-statistics---2015
Year-wise Achievement of Targets of Family Planning Methods,https://data.gov.in/catalog/health-and-family-welfare-statistics---2017
"Year-wise BE, RE and Actual Expenditure Relating to Department of Family Welfare/ NRHM",https://data.gov.in/catalog/health-and-family-welfare-statistics---2015
"Year-wise BE, RE and Actual Expenditure Relating to Department of Family Welfare/ NRHM",https://data.gov.in/catalog/health-and-family-welfare-statistics---2017
