uuid,log_file_type,download_status,failure_detail,Title,Format,Publisher[ministry_department],Publisher[state_department],Relation[download_url],Identifier[landing_page]
5f2ef882-65de-4917-980c-9a5a926e3502,csv,skipped,field_resource_type is 5,Monthly Maximum & Minimum Performing Public Health Facilities on Selected Data Items in District,text/csv,"Ministry of Health and Family Welfare, Department of Health and Family Welfare",,https://www.data.gov.in/files/ogdpv2dms/s3fs-public/dataurl13122016/hmis-min_max-13_14-mn-sd-an-south_andaman-jan.csv,https://data.gov.in/resource/monthly-maximum-minimum-performing-public-health-facilities-selected-data-items-district
583eb869-f421-4761-9260-a845c2b1cbe3,csv,skipped,field_resource_type is 5,Quarterly Maximum & Minimum Performing Public Health Facilities on Selected Data Items in District,text/csv,"Ministry of Health and Family Welfare, Department of Health and Family Welfare",,https://www.data.gov.in/files/ogdpv2dms/s3fs-public/dataurl17022020/hmis-min_max-18-19-as-qtr3-sd-chirang-Oct_to_Dec.csv,https://data.gov.in/resource/quarterly-maximum-minimum-performing-public-health-facilities-selected-data-items-district
582f0dd0-3fdd-407d-a772-9ccd43b0be07,csv,skipped,field_resource_type is 5,Annual Maximum & Minimum Performing Public Health Facilities on Selected Data Items in District,text/csv,"Ministry of Health and Family Welfare, Department of Health and Family Welfare",,https://www.data.gov.in/files/ogdpv2dms/s3fs-public/dataurl15122020/yearly_hmis-max-min-up-dist-varanasi-2013-14.csv,https://data.gov.in/resource/annual-maximum-minimum-performing-public-health-facilities-selected-data-items-district
6731f1ec-87df-49d9-a55a-5bc6205cc57c,csv,failed,HTTP error - Status: 302,Annual Maximum and Minimum Performing Public Health Facilities in India,text/csv,"Ministry of Health and Family Welfare, Department of Health and Family Welfare",,https://www.data.gov.in/files/ogdpv2dms/s3fs-public/datafile/yearly_hmis-max-min_rpt-12-13.csv,https://data.gov.in/resource/annual-maximum-and-minimum-performing-public-health-facilities-india
fefaa702-39b4-4cee-9acd-6c5aac64f830,csv,skipped,field_resource_type is 5,Monthly Maximum and Minimum Performing Public Health Facilities in State,text/csv,"Ministry of Health and Family Welfare, Department of Health and Family Welfare",,https://www.data.gov.in/files/ogdpv2dms/s3fs-public/dataurl28042021/hmis-max-min-mn-lak-Sep-2019-20.csv,https://data.gov.in/resource/monthly-maximum-and-minimum-performing-public-health-facilities-state
32e746f6-d729-4701-9289-c1211644f558,csv,skipped,field_resource_type is 5,Quarterly Maximum and Minimum Performing Public Health Facilities in State,text/csv,"Ministry of Health and Family Welfare, Department of Health and Family Welfare",,https://www.data.gov.in/files/ogdpv2dms/s3fs-public/dataurl05052021/hmis-min_max-2018-19-tri-qtr2-Jul_Sep.csv,https://data.gov.in/resource/quarterly-maximum-and-minimum-performing-public-health-facilities-state
774c66dc-21c9-49fc-8ca4-df5ceea1e73c,csv,skipped,field_resource_type is 5,Monthly Maximum and Minimum Performing Public Health Facilities in India,text/csv,"Ministry of Health and Family Welfare, Department of Health and Family Welfare",,https://www.data.gov.in/files/ogdpv2dms/s3fs-public/dataurl21052021/monthly_hmis-max-min_rpt-jun-2015-16.csv,https://data.gov.in/resource/monthly-maximum-and-minimum-performing-public-health-facilities-india
5009bd8d-c3ef-4797-bbd4-1dda2dadfdb4,csv,failed,HTTP error - Status: 302,Quarterly Maximum and Minimum Performing Public Health Facilities in India,text/csv,"Ministry of Health and Family Welfare, Department of Health and Family Welfare",,https://www.data.gov.in/files/ogdpv2dms/s3fs-public/dataurl21052021/quarterly_hmis-max-min_rpt-qtr3-october-december-2014.csv,https://data.gov.in/resource/quarterly-maximum-and-minimum-performing-public-health-facilities-india
be45b3aa-4c6a-4292-8b0e-663d95df2042,wms,skipped,Unsupported format: wms,State,WMS,,"Karnataka,Department of Personnel and Administrative Reforms, Karnataka,State Remote Sensing Applications Centre",,https://karnataka.data.gov.in/resource/state
a9f94faa-cba4-49bb-b93a-4e01b6b35941,wms,skipped,Unsupported format: wms,District Boundary,WMS,,"Karnataka,Department of Personnel and Administrative Reforms, Karnataka,State Remote Sensing Applications Centre",,https://karnataka.data.gov.in/resource/district-boundary
56e4db3e-79d2-4c8e-bffc-93a9b9f89b7f,wms,skipped,Unsupported format: wms,NationalHighway,WMS,,"Karnataka,Department of Personnel and Administrative Reforms, Karnataka,State Remote Sensing Applications Centre",,https://karnataka.data.gov.in/resource/nationalhighway
7c8fa631-bc2d-4fce-a037-d80a20aa1a11,wms,skipped,Unsupported format: wms,StateHighway,WMS,,"Karnataka,Department of Personnel and Administrative Reforms, Karnataka,State Remote Sensing Applications Centre",,https://karnataka.data.gov.in/resource/statehighway
4560556e-d23d-4dc2-bc3b-29831a079d6e,wms,skipped,Unsupported format: wms,River,WMS,,"Karnataka,Department of Personnel and Administrative Reforms, Karnataka,State Remote Sensing Applications Centre",,https://karnataka.data.gov.in/resource/river
d9ede3ae-d387-43cd-b363-53724d982a13,wms,skipped,Unsupported format: wms,Tank,WMS,,"Karnataka,Department of Personnel and Administrative Reforms, Karnataka,State Remote Sensing Applications Centre",,https://karnataka.data.gov.in/resource/tank
d98c228e-3001-48af-9bf5-77e1a48ce6d3,wms,skipped,Unsupported format: wms,VillageBoundary,WMS,,"Karnataka,Department of Personnel and Administrative Reforms, Karnataka,State Remote Sensing Applications Centre",,https://karnataka.data.gov.in/resource/villageboundary-4
ada188ff-b718-4beb-b4cf-9578a651deed,wms,skipped,Unsupported format: wms,Forest,WMS,,"Karnataka,Department of Personnel and Administrative Reforms, Karnataka,State Remote Sensing Applications Centre",,https://karnataka.data.gov.in/resource/forest
dac3623f-67aa-44a6-a08c-56df75dbed4d,wms,skipped,Unsupported format: wms,Reservoir,WMS,,"Karnataka,Department of Personnel and Administrative Reforms, Karnataka,State Remote Sensing Applications Centre",,https://karnataka.data.gov.in/resource/reservoir
cc461359-7c82-44f8-8642-c68768016699,wms,skipped,Unsupported format: wms,Settlement,WMS,,"Karnataka,Department of Personnel and Administrative Reforms, Karnataka,State Remote Sensing Applications Centre",,https://karnataka.data.gov.in/resource/settlement
449cd5db-30f1-4d09-9a3d-eba4724165f5,wms,skipped,Unsupported format: wms,WaterNetwork,WMS,,"Karnataka,Department of Personnel and Administrative Reforms, Karnataka,State Remote Sensing Applications Centre",,https://karnataka.data.gov.in/resource/waternetwork
d29ddbcb-1f5a-4367-a828-4090a20350a5,wms,skipped,Unsupported format: wms,RoadSkyWalk,WMS,,"Karnataka,Department of Personnel and Administrative Reforms, Karnataka,State Remote Sensing Applications Centre",,https://karnataka.data.gov.in/resource/roadskywalk
c2b357bf-d1af-4b7d-b8af-914a42cb2a18,wms,skipped,Unsupported format: wms,RoadMedian,WMS,,"Karnataka,Department of Personnel and Administrative Reforms, Karnataka,State Remote Sensing Applications Centre",,https://karnataka.data.gov.in/resource/roadmedian
12a0465b-50f5-42d8-8613-b2fd4aea054f,wms,skipped,Unsupported format: wms,RoadNetwork,WMS,,"Karnataka,Department of Personnel and Administrative Reforms, Karnataka,State Remote Sensing Applications Centre",,https://karnataka.data.gov.in/resource/roadnetwork
805e8425-1747-4b8a-a303-a222d679534a,wms,skipped,Unsupported format: wms,RailSkyWalk,WMS,,"Karnataka,Department of Personnel and Administrative Reforms, Karnataka,State Remote Sensing Applications Centre",,https://karnataka.data.gov.in/resource/railskywalk
2474c94b-de83-4caa-83ca-86b4c0f41846,wms,skipped,Unsupported format: wms,Rail,WMS,,"Karnataka,Department of Personnel and Administrative Reforms, Karnataka,State Remote Sensing Applications Centre",,https://karnataka.data.gov.in/resource/rail
a9063466-0812-4cb2-80e0-2f1878ca7949,wms,skipped,Unsupported format: wms,Windmill,WMS,,"Karnataka,Department of Personnel and Administrative Reforms, Karnataka,State Remote Sensing Applications Centre",,https://karnataka.data.gov.in/resource/windmill
d59ccca5-601d-4b1f-8912-3a878d6ff142,wms,skipped,Unsupported format: wms,Telecomtower,WMS,,"Karnataka,Department of Personnel and Administrative Reforms, Karnataka,State Remote Sensing Applications Centre",,https://karnataka.data.gov.in/resource/telecomtower
813126b2-641a-4601-97e2-b6077f56e29d,wms,skipped,Unsupported format: wms,Canal,WMS,,"Karnataka,Department of Personnel and Administrative Reforms, Karnataka,State Remote Sensing Applications Centre",,https://karnataka.data.gov.in/resource/canal
c4e32982-f943-470d-b866-781b39a2ba63,wms,skipped,Unsupported format: wms,RoadCulvert,WMS,,"Karnataka,Department of Personnel and Administrative Reforms, Karnataka,State Remote Sensing Applications Centre",,https://karnataka.data.gov.in/resource/roadculvert
a6a7e87e-1895-4855-b1e2-1b6255cbff24,wms,skipped,Unsupported format: wms,RoadBridge,WMS,,"Karnataka,Department of Personnel and Administrative Reforms, Karnataka,State Remote Sensing Applications Centre",,https://karnataka.data.gov.in/resource/roadbridge
9d6f4749-2433-4db8-9e7e-51082018ec36,wms,skipped,Unsupported format: wms,RailTunnel ,WMS,,"Karnataka,Department of Personnel and Administrative Reforms, Karnataka,State Remote Sensing Applications Centre",,https://karnataka.data.gov.in/resource/railtunnel
b1bc400d-4a1d-4bd2-83f9-670528aeb472,wms,skipped,Unsupported format: wms,RailwayStation ,WMS,,"Karnataka,Department of Personnel and Administrative Reforms, Karnataka,State Remote Sensing Applications Centre",,https://karnataka.data.gov.in/resource/railwaystation
0d5b1e14-778b-441d-8211-6c6d2f3aa44a,wms,skipped,Unsupported format: wms,RailCulvert ,WMS,,"Karnataka,Department of Personnel and Administrative Reforms, Karnataka,State Remote Sensing Applications Centre",,https://karnataka.data.gov.in/resource/railculvert
d2386ec8-1c6b-4660-968f-ebe1733c9f50,wms,skipped,Unsupported format: wms,RailBridge,WMS,,"Karnataka,Department of Personnel and Administrative Reforms, Karnataka,State Remote Sensing Applications Centre",,https://karnataka.data.gov.in/resource/railbridge
1def8f98-f498-4e16-bade-7005ba0d8d82,wms,skipped,Unsupported format: wms,PowerStation ,WMS,,"Karnataka,Department of Personnel and Administrative Reforms, Karnataka,State Remote Sensing Applications Centre",,https://karnataka.data.gov.in/resource/powerstation
c02470e7-92bd-4dd7-acea-7261172d5656,wms,skipped,Unsupported format: wms,Port,WMS,,"Karnataka,Department of Personnel and Administrative Reforms, Karnataka,State Remote Sensing Applications Centre",,https://karnataka.data.gov.in/resource/port
4a4c4d1b-24d3-4804-aa35-3868a32eb340,wms,skipped,Unsupported format: wms,PetrolStation ,WMS,,"Karnataka,Department of Personnel and Administrative Reforms, Karnataka,State Remote Sensing Applications Centre",,https://karnataka.data.gov.in/resource/petrolstation
6ee0aedb-ca96-44bb-af5e-488cce4a8421,wms,skipped,Unsupported format: wms,OHT,WMS,,"Karnataka,Department of Personnel and Administrative Reforms, Karnataka,State Remote Sensing Applications Centre",,https://karnataka.data.gov.in/resource/oht
e967627e-20ac-4f5d-aed5-dfac962a4720,wms,skipped,Unsupported format: wms,HTPowerPylon ,WMS,,"Karnataka,Department of Personnel and Administrative Reforms, Karnataka,State Remote Sensing Applications Centre",,https://karnataka.data.gov.in/resource/htpowerpylon
87f59a34-a3e5-4799-9da6-6e32dcf0d145,wms,skipped,Unsupported format: wms,Helipad,WMS,,"Karnataka,Department of Personnel and Administrative Reforms, Karnataka,State Remote Sensing Applications Centre",,https://karnataka.data.gov.in/resource/helipad
3d0deb8c-5fef-485f-b1eb-59cacbbb78f7,wms,skipped,Unsupported format: wms,Airport,WMS,,"Karnataka,Department of Personnel and Administrative Reforms, Karnataka,State Remote Sensing Applications Centre",,https://karnataka.data.gov.in/resource/airport
f127f287-7fb1-4d54-9f89-2c4fccebd68b,wms,skipped,Unsupported format: wms,MedicalCollege,WMS,,"Karnataka,Department of Personnel and Administrative Reforms, Karnataka,State Remote Sensing Applications Centre",,https://karnataka.data.gov.in/resource/medicalcollege
74267bfb-0e78-4300-a91f-30096ab8881e,wms,skipped,Unsupported format: wms,SpecialtyHospital,WMS,,"Karnataka,Department of Personnel and Administrative Reforms, Karnataka,State Remote Sensing Applications Centre",,https://karnataka.data.gov.in/resource/specialtyhospital
cbb89133-c974-43e5-a242-3667d7d4f543,wms,skipped,Unsupported format: wms,ParamedicalCollege,WMS,,"Karnataka,Department of Personnel and Administrative Reforms, Karnataka,State Remote Sensing Applications Centre",,https://karnataka.data.gov.in/resource/paramedicalcollege
5d7e0edb-3cbd-4aa0-92de-d6d0ff52249a,wms,skipped,Unsupported format: wms,NursingSchool,WMS,,"Karnataka,Department of Personnel and Administrative Reforms, Karnataka,State Remote Sensing Applications Centre",,https://karnataka.data.gov.in/resource/nursingschool
77f0dceb-ccf5-4cd9-9d1f-d7e2b3f5c1aa,wms,skipped,Unsupported format: wms,NursingCollege,WMS,,"Karnataka,Department of Personnel and Administrative Reforms, Karnataka,State Remote Sensing Applications Centre",,https://karnataka.data.gov.in/resource/nursingcollege
4370d703-5239-4bdf-9d93-bab9ddbbf006,wms,skipped,Unsupported format: wms,DentalCollege,WMS,,"Karnataka,Department of Personnel and Administrative Reforms, Karnataka,State Remote Sensing Applications Centre",,https://karnataka.data.gov.in/resource/dentalcollege
242d3e7e-8741-4367-948f-278c4192a160,wms,skipped,Unsupported format: wms,TuberculosisCenter,WMS,,"Karnataka,Department of Personnel and Administrative Reforms, Karnataka,State Remote Sensing Applications Centre",,https://karnataka.data.gov.in/resource/tuberculosiscenter
ddfcf210-347c-449a-bd20-c964850cce52,wms,skipped,Unsupported format: wms,TuberculosisUnit,WMS,,"Karnataka,Department of Personnel and Administrative Reforms, Karnataka,State Remote Sensing Applications Centre",,https://karnataka.data.gov.in/resource/tuberculosisunit
a7fe8506-17c0-477e-a13a-1e9f19a3466f,wms,skipped,Unsupported format: wms,NutritionRehabilitationCenter,WMS,,"Karnataka,Department of Personnel and Administrative Reforms, Karnataka,State Remote Sensing Applications Centre",,https://karnataka.data.gov.in/resource/nutritionrehabilitationcenter
7361cd87-9567-4f17-b851-47365d0d0ee7,wms,skipped,Unsupported format: wms,ImplantableLoopRecorderCenter,WMS,,"Karnataka,Department of Personnel and Administrative Reforms, Karnataka,State Remote Sensing Applications Centre",,https://karnataka.data.gov.in/resource/implantablelooprecordercenter
3d6bf486-2420-4b7e-a60f-1cf0b9437c69,wms,skipped,Unsupported format: wms,DrugResistantTBCenter,WMS,,"Karnataka,Department of Personnel and Administrative Reforms, Karnataka,State Remote Sensing Applications Centre",,https://karnataka.data.gov.in/resource/drugresistanttbcenter
64677eb2-a195-49ec-bc12-5ba019484125,wms,skipped,Unsupported format: wms,DistrictTuberculosisCenter,WMS,,"Karnataka,Department of Personnel and Administrative Reforms, Karnataka,State Remote Sensing Applications Centre",,https://karnataka.data.gov.in/resource/districttuberculosiscenter
ccf933b6-cf11-41cf-acaa-da983a442bda,wms,skipped,Unsupported format: wms,CBNAATCenter,WMS,,"Karnataka,Department of Personnel and Administrative Reforms, Karnataka,State Remote Sensing Applications Centre",,https://karnataka.data.gov.in/resource/cbnaatcenter
1f3e9d85-9a3b-4d04-8578-c80bef4b854f,wms,skipped,Unsupported format: wms,KSAPS,WMS,,"Karnataka,Department of Personnel and Administrative Reforms, Karnataka,State Remote Sensing Applications Centre",,https://karnataka.data.gov.in/resource/ksaps
6bdafe90-cf79-44ca-aa53-f9987d7d64fb,wms,skipped,Unsupported format: wms,StateReferenceLaboratory,WMS,,"Karnataka,Department of Personnel and Administrative Reforms, Karnataka,State Remote Sensing Applications Centre",,https://karnataka.data.gov.in/resource/statereferencelaboratory
3f749ebe-209b-44ed-aa54-68a849046bca,wms,skipped,Unsupported format: wms,NationalReferenceLaboratory,WMS,,"Karnataka,Department of Personnel and Administrative Reforms, Karnataka,State Remote Sensing Applications Centre",,https://karnataka.data.gov.in/resource/nationalreferencelaboratory
16557b58-0f83-4f8a-87ab-f1df57283442,wms,skipped,Unsupported format: wms,Facility Integrated Counseling and Testing Center,WMS,,"Karnataka,Department of Personnel and Administrative Reforms, Karnataka,State Remote Sensing Applications Centre",,https://karnataka.data.gov.in/resource/facility-integrated-counseling-and-testing-center
ce2671a5-539a-40d7-bd4d-ca6ed3a2f948,wms,skipped,Unsupported format: wms,Standalone Integrated Counseling And Testing Centre,WMS,,"Karnataka,Department of Personnel and Administrative Reforms, Karnataka,State Remote Sensing Applications Centre",,https://karnataka.data.gov.in/resource/standalone-integrated-counseling-and-testing-centre
2953852e-44f7-484e-aa4e-8cf16923833a,wms,skipped,Unsupported format: wms,SurakshaClinic,WMS,,"Karnataka,Department of Personnel and Administrative Reforms, Karnataka,State Remote Sensing Applications Centre",,https://karnataka.data.gov.in/resource/surakshaclinic
a0793573-8896-4c5d-b2c4-13715ed287b9,wms,skipped,Unsupported format: wms,NACO AIDS Blood Bank,WMS,,"Karnataka,Department of Personnel and Administrative Reforms, Karnataka,State Remote Sensing Applications Centre",,https://karnataka.data.gov.in/resource/naco-aids-blood-bank
b2efc959-5de2-4da5-9a69-532f7c99571b,wms,skipped,Unsupported format: wms,Regional Blood Transfusion Center,WMS,,"Karnataka,Department of Personnel and Administrative Reforms, Karnataka,State Remote Sensing Applications Centre",,https://karnataka.data.gov.in/resource/regional-blood-transfusion-center
9ae86f35-2ee2-4687-817c-5889db5ab043,wms,skipped,Unsupported format: wms,Antiretroviral Therapy Plus Centre,WMS,,"Karnataka,Department of Personnel and Administrative Reforms, Karnataka,State Remote Sensing Applications Centre",,https://karnataka.data.gov.in/resource/antiretroviral-therapy-plus-centre
e8aba03f-d337-49d5-bc4f-b0e227133fef,wms,skipped,Unsupported format: wms,Antiretroviral Therapy Centre,WMS,,"Karnataka,Department of Personnel and Administrative Reforms, Karnataka,State Remote Sensing Applications Centre",,https://karnataka.data.gov.in/resource/antiretroviral-therapy-centre
ad5968a2-2aed-4107-b939-e465c46c97ae,wms,skipped,Unsupported format: wms,Directorate Of Ayush,WMS,,"Karnataka,Department of Personnel and Administrative Reforms, Karnataka,State Remote Sensing Applications Centre",,https://karnataka.data.gov.in/resource/directorate-ayush
e69fb18a-e4de-4958-aa18-ad46cc88acd3,wms,skipped,Unsupported format: wms,Ayush Drug Licensing Authority,WMS,,"Karnataka,Department of Personnel and Administrative Reforms, Karnataka,State Remote Sensing Applications Centre",,https://karnataka.data.gov.in/resource/ayush-drug-licensing-authority
8142402a-1f38-40ea-80cf-de8b94cb267a,wms,skipped,Unsupported format: wms,Ayush Drug Testing Laboratory,WMS,,"Karnataka,Department of Personnel and Administrative Reforms, Karnataka,State Remote Sensing Applications Centre",,https://karnataka.data.gov.in/resource/ayush-drug-testing-laboratory
1729a1ef-caab-4f30-b5b6-475bdf99be5d,wms,skipped,Unsupported format: wms,Ayush Training Centre,WMS,,"Karnataka,Department of Personnel and Administrative Reforms, Karnataka,State Remote Sensing Applications Centre",,https://karnataka.data.gov.in/resource/ayush-training-centre
e93aadb1-cdba-4833-a84d-e63e02c79936,wms,skipped,Unsupported format: wms,Ayush Research Centre,WMS,,"Karnataka,Department of Personnel and Administrative Reforms, Karnataka,State Remote Sensing Applications Centre",,https://karnataka.data.gov.in/resource/ayush-research-centre
7d7ff373-e552-4502-a39b-176dde5230ea,wms,skipped,Unsupported format: wms,Panchakarma Unit,WMS,,"Karnataka,Department of Personnel and Administrative Reforms, Karnataka,State Remote Sensing Applications Centre",,https://karnataka.data.gov.in/resource/panchakarma-unit
46c9efd6-1695-4f37-8b46-b39fd9eb663b,wms,skipped,Unsupported format: wms,District Ayush Office,WMS,,"Karnataka,Department of Personnel and Administrative Reforms, Karnataka,State Remote Sensing Applications Centre",,https://karnataka.data.gov.in/resource/district-ayush-office
24c7a032-4aa3-4cde-bf5d-3b0902a07753,wms,skipped,Unsupported format: wms,Unani College,WMS,,"Karnataka,Department of Personnel and Administrative Reforms, Karnataka,State Remote Sensing Applications Centre",,https://karnataka.data.gov.in/resource/unani-college
adf3c6f7-75ce-4a89-8b30-064865c13abd,wms,skipped,Unsupported format: wms,NatureCure And Yoga College,WMS,,"Karnataka,Department of Personnel and Administrative Reforms, Karnataka,State Remote Sensing Applications Centre",,https://karnataka.data.gov.in/resource/naturecure-and-yoga-college
b1130223-7a06-41d3-b221-56290db0c5db,wms,skipped,Unsupported format: wms,Homoeopathy College,WMS,,"Karnataka,Department of Personnel and Administrative Reforms, Karnataka,State Remote Sensing Applications Centre",,https://karnataka.data.gov.in/resource/homoeopathy-college
5189d98e-dbda-4782-8093-4bfd4ad021bd,wms,skipped,Unsupported format: wms,Govt Unani Hospital,WMS,,"Karnataka,Department of Personnel and Administrative Reforms, Karnataka,State Remote Sensing Applications Centre",,https://karnataka.data.gov.in/resource/govt-unani-hospital
688df0f7-242e-48e5-b0c3-1b79dbd57277,wms,skipped,Unsupported format: wms,Govt Unani Dispensary,WMS,,"Karnataka,Department of Personnel and Administrative Reforms, Karnataka,State Remote Sensing Applications Centre",,https://karnataka.data.gov.in/resource/govt-unani-dispensary
c942e121-7e70-4ad1-9cab-871993d6fe76,wms,skipped,Unsupported format: wms,Govt Nature Cure And Yoga Hospital,WMS,,"Karnataka,Department of Personnel and Administrative Reforms, Karnataka,State Remote Sensing Applications Centre",,https://karnataka.data.gov.in/resource/govt-nature-cure-and-yoga-hospital
6583eb51-3775-4f56-9b7c-e2abdd489227,wms,skipped,Unsupported format: wms,Govt Nature Cure And Yoga Dispensary,WMS,,"Karnataka,Department of Personnel and Administrative Reforms, Karnataka,State Remote Sensing Applications Centre",,https://karnataka.data.gov.in/resource/govt-nature-cure-and-yoga-dispensary
8237460a-44a5-411e-a91e-ff30c94e77a8,wms,skipped,Unsupported format: wms,Govt NatureCure Hospital,WMS,,"Karnataka,Department of Personnel and Administrative Reforms, Karnataka,State Remote Sensing Applications Centre",,https://karnataka.data.gov.in/resource/govt-naturecure-hospital
450ee1ba-063d-436b-ba67-0b89a8bb59f6,wms,skipped,Unsupported format: wms,Govt NatureCure Dispensary,WMS,,"Karnataka,Department of Personnel and Administrative Reforms, Karnataka,State Remote Sensing Applications Centre",,https://karnataka.data.gov.in/resource/govt-naturecure-dispensary
59ebc961-d683-44ce-905f-1767aac54f76,wms,skipped,Unsupported format: wms,Govt Homoeopathy Hospital,WMS,,"Karnataka,Department of Personnel and Administrative Reforms, Karnataka,State Remote Sensing Applications Centre",,https://karnataka.data.gov.in/resource/govt-homoeopathy-hospital
d41b1bfc-5c24-4286-9565-3d440982a586,wms,skipped,Unsupported format: wms,Govt Homoeopathy Dispensary,WMS,,"Karnataka,Department of Personnel and Administrative Reforms, Karnataka,State Remote Sensing Applications Centre",,https://karnataka.data.gov.in/resource/govt-homoeopathy-dispensary
0a141117-f592-4729-b034-806149f7d0e1,wms,skipped,Unsupported format: wms,Govt Ayurveda Hospital,WMS,,"Karnataka,Department of Personnel and Administrative Reforms, Karnataka,State Remote Sensing Applications Centre",,https://karnataka.data.gov.in/resource/govt-ayurveda-hospital
db7da4d6-6d70-4dda-a31e-7d6df30984ca,wms,skipped,Unsupported format: wms,Govt Ayurveda Dispensary,WMS,,"Karnataka,Department of Personnel and Administrative Reforms, Karnataka,State Remote Sensing Applications Centre",,https://karnataka.data.gov.in/resource/govt-ayurveda-dispensary
a258df79-c3cf-47d6-849f-7ce6bc40472a,wms,skipped,Unsupported format: wms,Ayurveda Board,WMS,,"Karnataka,Department of Personnel and Administrative Reforms, Karnataka,State Remote Sensing Applications Centre",,https://karnataka.data.gov.in/resource/ayurveda-board
e6c14ea3-e826-4f8f-8c5f-8fed3f18b61b,wms,skipped,Unsupported format: wms,Ayurveda College,WMS,,"Karnataka,Department of Personnel and Administrative Reforms, Karnataka,State Remote Sensing Applications Centre",,https://karnataka.data.gov.in/resource/ayurveda-college
c7998a5f-55bf-441f-8b02-3d6edbf48e2e,wms,skipped,Unsupported format: wms,Drug Control Department,WMS,,"Karnataka,Department of Personnel and Administrative Reforms, Karnataka,State Remote Sensing Applications Centre",,https://karnataka.data.gov.in/resource/drug-control-department
08cb5862-670a-4301-befe-e2a417990473,wms,skipped,Unsupported format: wms,Licensed Medical Shop,WMS,,"Karnataka,Department of Personnel and Administrative Reforms, Karnataka,State Remote Sensing Applications Centre",,https://karnataka.data.gov.in/resource/licensed-medical-shop
80cbd7de-c184-4788-a82a-42454ec70ccd,wms,skipped,Unsupported format: wms,Generic Medical Shop,WMS,,"Karnataka,Department of Personnel and Administrative Reforms, Karnataka,State Remote Sensing Applications Centre",,https://karnataka.data.gov.in/resource/generic-medical-shop
75330d7a-e540-4578-b872-d358c23c92d0,wms,skipped,Unsupported format: wms,Drug Testing Laboratory,WMS,,"Karnataka,Department of Personnel and Administrative Reforms, Karnataka,State Remote Sensing Applications Centre",,https://karnataka.data.gov.in/resource/drug-testing-laboratory
bf9fb286-ac32-4f6e-87e4-6971512c4a0e,wms,skipped,Unsupported format: wms,Assistant Drug Controller Office,WMS,,"Karnataka,Department of Personnel and Administrative Reforms, Karnataka,State Remote Sensing Applications Centre",,https://karnataka.data.gov.in/resource/assistant-drug-controller-office
5ee63e8e-3bc2-42e1-84ce-c059736357b7,wms,skipped,Unsupported format: wms,Approved Analytical Laboratory,WMS,,"Karnataka,Department of Personnel and Administrative Reforms, Karnataka,State Remote Sensing Applications Centre",,https://karnataka.data.gov.in/resource/approved-analytical-laboratory
4b8cda03-b404-4163-80d5-4399eba9eeb4,wms,skipped,Unsupported format: wms,Blood Bank,WMS,,"Karnataka,Department of Personnel and Administrative Reforms, Karnataka,State Remote Sensing Applications Centre",,https://karnataka.data.gov.in/resource/blood-bank
56e2626c-f099-4bf7-9fcd-bca56bb6c59e,wms,skipped,Unsupported format: wms,Blood Storage Center,WMS,,"Karnataka,Department of Personnel and Administrative Reforms, Karnataka,State Remote Sensing Applications Centre",,https://karnataka.data.gov.in/resource/blood-storage-center
e06ec542-1ac9-4293-87c4-0bc5c97b5d4d,wms,skipped,Unsupported format: wms,Drug Controller Office,WMS,,"Karnataka,Department of Personnel and Administrative Reforms, Karnataka,State Remote Sensing Applications Centre",,https://karnataka.data.gov.in/resource/drug-controller-office
bdfcd637-2049-4684-9898-45c6ae34ec34,wms,skipped,Unsupported format: wms,Regional Drug Testing Laboratory Office,WMS,,"Karnataka,Department of Personnel and Administrative Reforms, Karnataka,State Remote Sensing Applications Centre",,https://karnataka.data.gov.in/resource/regional-drug-testing-laboratory-office
a8a54b4f-dc1d-42c1-ab12-d5b9ce8a51d2,wms,skipped,Unsupported format: wms,Transit Clinic,WMS,,"Karnataka,Department of Personnel and Administrative Reforms, Karnataka,State Remote Sensing Applications Centre",,https://karnataka.data.gov.in/resource/transit-clinic
2078a737-45b8-49ff-9d1d-5885c2797826,wms,skipped,Unsupported format: wms,KIOSK,WMS,,"Karnataka,Department of Personnel and Administrative Reforms, Karnataka,State Remote Sensing Applications Centre",,https://karnataka.data.gov.in/resource/kiosk
a603f1eb-4afd-46ed-a8ee-f2fa52bc1ea3,wms,skipped,Unsupported format: wms,Health Extension Clinic,WMS,,"Karnataka,Department of Personnel and Administrative Reforms, Karnataka,State Remote Sensing Applications Centre",,https://karnataka.data.gov.in/resource/health-extension-clinic
0eef6aa6-5dd6-4f7e-a05f-c279d259ad42,wms,skipped,Unsupported format: wms,Non Communicable Diseases Clinic,WMS,,"Karnataka,Department of Personnel and Administrative Reforms, Karnataka,State Remote Sensing Applications Centre",,https://karnataka.data.gov.in/resource/non-communicable-diseases-clinic
f9920516-6660-42ba-ad1a-71ac70fe0569,wms,skipped,Unsupported format: wms,ENT Hospital,WMS,,"Karnataka,Department of Personnel and Administrative Reforms, Karnataka,State Remote Sensing Applications Centre",,https://karnataka.data.gov.in/resource/ent-hospital
061bff60-7f2c-4471-ad3e-67ffd8c7e787,wms,skipped,Unsupported format: wms,Tertiary Health Center,WMS,,"Karnataka,Department of Personnel and Administrative Reforms, Karnataka,State Remote Sensing Applications Centre",,https://karnataka.data.gov.in/resource/tertiary-health-center
16f65173-5f9a-4226-bd3e-d95d87e3b418,wms,skipped,Unsupported format: wms,District Surveillance Unit Labs,WMS,,"Karnataka,Department of Personnel and Administrative Reforms, Karnataka,State Remote Sensing Applications Centre",,https://karnataka.data.gov.in/resource/district-surveillance-unit-labs
33af10e0-3235-4f7a-a52c-3b08798f556a,wms,skipped,Unsupported format: wms,Referral Labs,WMS,,"Karnataka,Department of Personnel and Administrative Reforms, Karnataka,State Remote Sensing Applications Centre",,https://karnataka.data.gov.in/resource/referral-labs
aa247d88-55ba-4bfa-a5f8-138adda38585,wms,skipped,Unsupported format: wms,Apex Labs,WMS,,"Karnataka,Department of Personnel and Administrative Reforms, Karnataka,State Remote Sensing Applications Centre",,https://karnataka.data.gov.in/resource/apex-labs
393b9c09-b482-41e6-bd95-96b26ad1fd69,wms,skipped,Unsupported format: wms,District Public Health Laboratories,WMS,,"Karnataka,Department of Personnel and Administrative Reforms, Karnataka,State Remote Sensing Applications Centre",,https://karnataka.data.gov.in/resource/district-public-health-laboratories
87957479-7d9a-4a61-a8e7-bf59cad4b6d3,wms,skipped,Unsupported format: wms,Immunisation Centre,WMS,,"Karnataka,Department of Personnel and Administrative Reforms, Karnataka,State Remote Sensing Applications Centre",,https://karnataka.data.gov.in/resource/immunisation-centre
0da967dd-5da4-4fdb-b517-683592261381,wms,skipped,Unsupported format: wms,Special New Born Care Unit,WMS,,"Karnataka,Department of Personnel and Administrative Reforms, Karnataka,State Remote Sensing Applications Centre",,https://karnataka.data.gov.in/resource/special-new-born-care-unit
a6b0dc1e-19fb-4c5f-ad34-100b3cf396d6,wms,skipped,Unsupported format: wms,Scanning Centre,WMS,,"Karnataka,Department of Personnel and Administrative Reforms, Karnataka,State Remote Sensing Applications Centre",,https://karnataka.data.gov.in/resource/scanning-centre
f7a97cc1-c6d8-4a92-9cd1-74db53510c7f,wms,skipped,Unsupported format: wms,General Nursing And Midwifery Training Centre,WMS,,"Karnataka,Department of Personnel and Administrative Reforms, Karnataka,State Remote Sensing Applications Centre",,https://karnataka.data.gov.in/resource/general-nursing-and-midwifery-training-centre
db737009-3600-4ffc-9eca-c71e53b1ba3c,wms,skipped,Unsupported format: wms,Health Wellness Center,WMS,,"Karnataka,Department of Personnel and Administrative Reforms, Karnataka,State Remote Sensing Applications Centre",,https://karnataka.data.gov.in/resource/health-wellness-center
dededd20-6873-472f-bc21-06e5ba1aec7a,wms,skipped,Unsupported format: wms,Lady Health Visitor Training Centre,WMS,,"Karnataka,Department of Personnel and Administrative Reforms, Karnataka,State Remote Sensing Applications Centre",,https://karnataka.data.gov.in/resource/lady-health-visitor-training-centre
82fc8637-4e8a-4124-acac-40b109a1d9a4,wms,skipped,Unsupported format: wms,Auxiliary Nurse Midwife Training Centre,WMS,,"Karnataka,Department of Personnel and Administrative Reforms, Karnataka,State Remote Sensing Applications Centre",,https://karnataka.data.gov.in/resource/auxiliary-nurse-midwife-training-centre
75a1bb5b-0828-4674-86c6-29263c11365c,wms,skipped,Unsupported format: wms,Regional Health and Family Welfare Training Centre,WMS,,"Karnataka,Department of Personnel and Administrative Reforms, Karnataka,State Remote Sensing Applications Centre",,https://karnataka.data.gov.in/resource/regional-health-and-family-welfare-training-centre
62bf789b-8bc7-4323-8dc6-1a0200999ebe,wms,skipped,Unsupported format: wms,District Training Centre,WMS,,"Karnataka,Department of Personnel and Administrative Reforms, Karnataka,State Remote Sensing Applications Centre",,https://karnataka.data.gov.in/resource/district-training-centre
98b0787f-2a22-4470-b4a3-f7d1c6cd6fb6,wms,skipped,Unsupported format: wms,Trauma Centre,WMS,,"Karnataka,Department of Personnel and Administrative Reforms, Karnataka,State Remote Sensing Applications Centre",,https://karnataka.data.gov.in/resource/trauma-centre
cd9b8f23-c6da-4c22-a35b-43eed592b08a,wms,skipped,Unsupported format: wms,State Institute of Health and Family Welfare,WMS,,"Karnataka,Department of Personnel and Administrative Reforms, Karnataka,State Remote Sensing Applications Centre",,https://karnataka.data.gov.in/resource/state-institute-health-and-family-welfare
57ee7f99-8728-464b-a25b-ce9e8b44e1a9,wms,skipped,Unsupported format: wms,Bike Ambulance Location,WMS,,"Karnataka,Department of Personnel and Administrative Reforms, Karnataka,State Remote Sensing Applications Centre",,https://karnataka.data.gov.in/resource/bike-ambulance-location
15ee986d-805d-4d65-8dba-9f7e5286f692,wms,skipped,Unsupported format: wms,Arogya Kavacha Ambulance,WMS,,"Karnataka,Department of Personnel and Administrative Reforms, Karnataka,State Remote Sensing Applications Centre",,https://karnataka.data.gov.in/resource/arogya-kavacha-ambulance
01ee2f99-9d20-46f8-af37-0ff1b66899c1,wms,skipped,Unsupported format: wms,Nagu Magu Ambulance Location,WMS,,"Karnataka,Department of Personnel and Administrative Reforms, Karnataka,State Remote Sensing Applications Centre",,https://karnataka.data.gov.in/resource/nagu-magu-ambulance-location
fde5e5d6-3319-42e4-b63e-67449bb6443c,wms,skipped,Unsupported format: wms,State Ambulance Location,WMS,,"Karnataka,Department of Personnel and Administrative Reforms, Karnataka,State Remote Sensing Applications Centre",,https://karnataka.data.gov.in/resource/state-ambulance-location
28c2fbca-f371-4852-9f16-7a0e21d35438,wms,skipped,Unsupported format: wms,Goverment Hospitals Under Construction,WMS,,"Karnataka,Department of Personnel and Administrative Reforms, Karnataka,State Remote Sensing Applications Centre",,https://karnataka.data.gov.in/resource/goverment-hospitals-under-construction
5f9131e3-96d2-4129-a50a-1b5dd090a304,wms,skipped,Unsupported format: wms,Sub Center,WMS,,"Karnataka,Department of Personnel and Administrative Reforms, Karnataka,State Remote Sensing Applications Centre",,https://karnataka.data.gov.in/resource/sub-center
83badf47-3d55-4515-afc7-93280b0903e1,wms,skipped,Unsupported format: wms,Primary Health Center,WMS,,"Karnataka,Department of Personnel and Administrative Reforms, Karnataka,State Remote Sensing Applications Centre",,https://karnataka.data.gov.in/resource/primary-health-center
73783157-0c65-4917-b7ac-1f47e74ef1d6,wms,skipped,Unsupported format: wms,Community Health Center,WMS,,"Karnataka,Department of Personnel and Administrative Reforms, Karnataka,State Remote Sensing Applications Centre",,https://karnataka.data.gov.in/resource/community-health-center
0950ec8b-aff1-4538-9254-94ab36b19588,wms,skipped,Unsupported format: wms,Taluk Hospital,WMS,,"Karnataka,Department of Personnel and Administrative Reforms, Karnataka,State Remote Sensing Applications Centre",,https://karnataka.data.gov.in/resource/taluk-hospital
555009be-4bb9-458f-bb38-aae9e87be65a,wms,skipped,Unsupported format: wms,District Hospital,WMS,,"Karnataka,Department of Personnel and Administrative Reforms, Karnataka,State Remote Sensing Applications Centre",,https://karnataka.data.gov.in/resource/district-hospital
60c97659-09d6-40c4-a64d-1144f953e21b,wms,skipped,Unsupported format: wms,Other Labs,WMS,,"Karnataka,Department of Personnel and Administrative Reforms, Karnataka,State Remote Sensing Applications Centre",,https://karnataka.data.gov.in/resource/other-labs-0
bb489733-d2ea-4976-9729-757e981b3503,wms,skipped,Unsupported format: wms,Geomorphology,WMS,,"Karnataka,Department of Personnel and Administrative Reforms, Karnataka,State Remote Sensing Applications Centre",,https://karnataka.data.gov.in/resource/geomorphology
c2432a92-1b08-40a3-a188-c0df80b546eb,wms,skipped,Unsupported format: wms,Lithology,WMS,,"Karnataka,Department of Personnel and Administrative Reforms, Karnataka,State Remote Sensing Applications Centre",,https://karnataka.data.gov.in/resource/lithology
a8e5d783-de03-449c-8531-5328672e9003,wms,skipped,Unsupported format: wms,Structure,WMS,,"Karnataka,Department of Personnel and Administrative Reforms, Karnataka,State Remote Sensing Applications Centre",,https://karnataka.data.gov.in/resource/structure
4814b432-763b-496c-a154-1f6b1952f4ac,wms,skipped,Unsupported format: wms,Mineral,WMS,,"Karnataka,Department of Personnel and Administrative Reforms, Karnataka,State Remote Sensing Applications Centre",,https://karnataka.data.gov.in/resource/mineral
74b0c548-f7f2-4789-8891-ac20d212096d,wms,skipped,Unsupported format: wms,Land Degradation,WMS,,"Karnataka,Department of Personnel and Administrative Reforms, Karnataka,State Remote Sensing Applications Centre",,https://karnataka.data.gov.in/resource/land-degradation
f1810678-952b-454b-9b22-715463255058,wms,skipped,Unsupported format: wms,Slope,WMS,,"Karnataka,Department of Personnel and Administrative Reforms, Karnataka,State Remote Sensing Applications Centre",,https://karnataka.data.gov.in/resource/slope
aba2ce4a-ace7-4942-a4c8-82daffc78193,wms,skipped,Unsupported format: wms,Landuse Landcover,WMS,,"Karnataka,Department of Personnel and Administrative Reforms, Karnataka,State Remote Sensing Applications Centre",,https://karnataka.data.gov.in/resource/landuse-landcover
58daf59c-ed46-4109-a9fd-ec63056fbfae,wms,skipped,Unsupported format: wms,MicroWatershed,WMS,,"Karnataka,Department of Personnel and Administrative Reforms, Karnataka,State Remote Sensing Applications Centre",,https://karnataka.data.gov.in/resource/microwatershed
4f23f008-29e3-4354-acda-23f93112d705,wms,skipped,Unsupported format: wms,MiniWatershed,WMS,,"Karnataka,Department of Personnel and Administrative Reforms, Karnataka,State Remote Sensing Applications Centre",,https://karnataka.data.gov.in/resource/miniwatershed
c452eaaa-0a80-46e3-ad6d-e0900ce66cfd,wms,skipped,Unsupported format: wms,SubWatershed,WMS,,"Karnataka,Department of Personnel and Administrative Reforms, Karnataka,State Remote Sensing Applications Centre",,https://karnataka.data.gov.in/resource/subwatershed
33917e87-a2c6-46cf-ba7b-22a5d72b2d73,wms,skipped,Unsupported format: wms,Watershed,WMS,,"Karnataka,Department of Personnel and Administrative Reforms, Karnataka,State Remote Sensing Applications Centre",,https://karnataka.data.gov.in/resource/watershed
77512e8b-711c-4fb7-8189-a92a377b0520,wms,skipped,Unsupported format: wms,SubCatchament,WMS,,"Karnataka,Department of Personnel and Administrative Reforms, Karnataka,State Remote Sensing Applications Centre",,https://karnataka.data.gov.in/resource/subcatchament
9ce48da7-3dc9-426c-8672-ea4265f32202,wms,skipped,Unsupported format: wms,Catchament,WMS,,"Karnataka,Department of Personnel and Administrative Reforms, Karnataka,State Remote Sensing Applications Centre",,https://karnataka.data.gov.in/resource/catchament
aa64fc2c-475a-4728-aa2e-63eb1faff160,wms,skipped,Unsupported format: wms,Basin,WMS,,"Karnataka,Department of Personnel and Administrative Reforms, Karnataka,State Remote Sensing Applications Centre",,https://karnataka.data.gov.in/resource/basin
67f2e665-fb67-41ab-bd35-c877e7bf1eba,wms,skipped,Unsupported format: wms,Region,WMS,,"Karnataka,Department of Personnel and Administrative Reforms, Karnataka,State Remote Sensing Applications Centre",,https://karnataka.data.gov.in/resource/region
84cb688f-927f-449d-9dd9-a1f859a02b8c,csv,failed,server returned an HTML page instead of data,Crop Survey of Badami Taluk Bagalkot District of Karnataka for Kharif Season 2020-21,text/csv,,"Karnataka,Agriculture Department, Karnataka",,https://karnataka.data.gov.in/resource/crop-survey-badami-taluk-bagalkot-district-karnataka-kharif-season-2020-21
23b689bf-befc-4a76-b61c-aefd4dd70b7b,csv,failed,server returned an HTML page instead of data,Crop Survey of Bagalkot Taluk Bagalkot District of Karnataka for Kharif Season 2020-21,text/csv,,"Karnataka,Agriculture Department, Karnataka",,https://karnataka.data.gov.in/resource/crop-survey-bagalkot-taluk-bagalkot-district-karnataka-kharif-season-2020-21
4d40a2d2-2907-49a4-b039-621fe708bdf5,csv,failed,server returned an HTML page instead of data,Crop Survey of Bilagi Taluk Bagalkote District of Karnataka for Kharif Season 2020-21,text/csv,,"Karnataka,Agriculture Department, Karnataka",,https://karnataka.data.gov.in/resource/crop-survey-bilagi-taluk-bagalkote-district-karnataka-kharif-season-2020-21
0b344814-f97b-450f-b26f-a88bd292318d,csv,failed,server returned an HTML page instead of data,Crop Survey of Guledagudda Taluk Bagalkote District of Karnataka for Kharif Season 2020-21,text/csv,,"Karnataka,Agriculture Department, Karnataka",,https://karnataka.data.gov.in/resource/crop-survey-guledagudda-taluk-bagalkote-district-karnataka-kharif-season-2020-21
993fff1e-37d1-4ae3-8716-427aa65e5726,csv,failed,"Timeout Error: HTTPSConnectionPool(host='www.data.gov.in', port=443): Read timed out. (read timeout=120.0)",Crop Survey of Hungund Taluk Bagalkote District of Karnataka for Kharif Season 2020-21,text/csv,,"Karnataka,Agriculture Department, Karnataka",https://www.data.gov.in/files/ogdpv2dms/s3fs-public/dataurl04032022/Crop_Survey_of_Hungund_Taluk_Bagalkote_District_of_Karnataka_for_Kharif_Season_2020-21.csv,https://karnataka.data.gov.in/resource/crop-survey-hungund-taluk-bagalkote-district-karnataka-kharif-season-2020-21
b2ecf1af-955f-4ef7-9eca-f6a3508920f4,csv,failed,"Timeout Error: HTTPSConnectionPool(host='www.data.gov.in', port=443): Read timed out. (read timeout=120.0)",Crop Survey of IIkal Taluk Bagalkote District of Karnataka for Kharif Season 2020-21,text/csv,,"Karnataka,Agriculture Department, Karnataka",https://www.data.gov.in/files/ogdpv2dms/s3fs-public/dataurl04032022/Crop_Survey_of_IIkal_Taluk_Bagalkote_District_of_Karnataka_for_Kharif_Season_2020-21.csv,https://karnataka.data.gov.in/resource/crop-survey-iikal-taluk-bagalkote-district-karnataka-kharif-season-2020-21
916d322d-0074-4a27-86de-43bb9e593f1e,csv,failed,"Timeout Error: HTTPSConnectionPool(host='www.data.gov.in', port=443): Read timed out. (read timeout=120.0)",Crop Survey of Jamkhandi Taluk Bagalkote District of Karnataka for Kharif Season 2020-21,text/csv,,"Karnataka,Agriculture Department, Karnataka",https://www.data.gov.in/files/ogdpv2dms/s3fs-public/dataurl04032022/Crop_Survey_of_Jamkhandi_Taluk_Bagalkote_District_of_Karnataka_for_Kharif_Season_2020-21.csv,https://karnataka.data.gov.in/resource/crop-survey-jamkhandi-taluk-bagalkote-district-karnataka-kharif-season-2020-21
ea31ac39-f4e8-4ea1-97e7-736e4e6db99c,csv,failed,"Timeout Error: HTTPSConnectionPool(host='www.data.gov.in', port=443): Read timed out. (read timeout=120.0)",Crop Survey of Mudhol Taluk Bagalkote District of Karnataka for Kharif Season 2020-21,text/csv,,"Karnataka,Agriculture Department, Karnataka",https://www.data.gov.in/files/ogdpv2dms/s3fs-public/dataurl04032022/Crop_Survey_of_Mudhol_Taluk_Bagalkote_District_of_Karnataka_for_Kharif_Season_2020-21.csv,https://karnataka.data.gov.in/resource/crop-survey-mudhol-taluk-bagalkote-district-karnataka-kharif-season-2020-21
6a7e3217-10e0-424f-9c3b-f23ca398d449,csv,failed,"Timeout Error: HTTPSConnectionPool(host='www.data.gov.in', port=443): Read timed out. (read timeout=120.0)",Crop Survey of Rabakavi Banahatti Taluk Bagalkote District of Karnataka for Kharif Season 2020-21,text/csv,,"Karnataka,Agriculture Department, Karnataka",https://www.data.gov.in/files/ogdpv2dms/s3fs-public/dataurl04032022/Crop_Survey_of_Rabakavi_Banahatti_Taluk_Bagalkote_District_of_Karnataka_for_Kharif_Season_2020-21.csv,https://karnataka.data.gov.in/resource/crop-survey-rabakavi-banahatti-taluk-bagalkote-district-karnataka-kharif-season-2020-21
4863d84c-660f-459a-b99a-0f6e57b949c9,json,failed,Server error - Status: 503,Crop Survey of Beedi Hobli of Khanapur Taluk of Belagavi District of Karnataka for Kharif season 2020-21,text/json,,"Karnataka,Agriculture Department, Karnataka",,https://karnataka.data.gov.in/resource/crop-survey-beedi-hobli-khanapur-taluk-belagavi-district-karnataka-kharif-season-2020-21
56da2274-0682-42b6-addf-c0fe273c5c4b,json,failed,Server error - Status: 503,Crop Survey of Arabhanvi Hobli of Mudalagi Taluk of Belagavi District of Karnataka for Kharif Season 2020-21,text/json,,"Karnataka,Agriculture Department, Karnataka",,https://karnataka.data.gov.in/resource/crop-survey-arabhanvi-hobli-mudalagi-taluk-belagavi-district-karnataka-kharif-season-2020
d8f41c29-816b-4146-a769-8b24c605711e,json,failed,Server error - Status: 503,Crop Survey of Muragoda Hobli of Savadatti Taluk of Belagavi District of Karnataka for Kharif Season 2020-21,text/json,,"Karnataka,Agriculture Department, Karnataka",,https://karnataka.data.gov.in/resource/crop-survey-muragoda-hobli-savadatti-taluk-belagavi-district-karnataka-kharif-season-2020
1209cf00-a90e-43a5-ab84-dec3f0be52fa,json,failed,Server error - Status: 503,Crop Survey of Yaragatti Hobli of Savadatti Taluk of Belagavi District of Karnataka for Kharif season 2020-21,text/json,,"Karnataka,Agriculture Department, Karnataka",,https://karnataka.data.gov.in/resource/crop-survey-yaragatti-hobli-savadatti-taluk-belagavi-district-karnataka-kharif-season-2020
abdb5669-c394-4934-9bf3-51c17dc3cb21,json,failed,Server error - Status: 503,Crop Survey of Hukkeri Hobli of Hukkeri Taluk of Belagavi District of Karnataka for Kharif Season 2020-21,text/json,,"Karnataka,Agriculture Department, Karnataka",,https://karnataka.data.gov.in/resource/crop-survey-hukkeri-hobli-hukkeri-taluk-belagavi-district-karnataka-kharif-season-2020-21
13b9d1b6-dddd-4e9a-b76d-4b65587ad6bd,json,failed,Server error - Status: 503,Crop Survey of Jamboti Hobli of Khanapur Taluk of Belagavi District of Karnataka for Kharif Season 2020-21,text/json,,"Karnataka,Agriculture Department, Karnataka",,https://karnataka.data.gov.in/resource/crop-survey-jamboti-hobli-khanapur-taluk-belagavi-district-karnataka-kharif-season-2020-21
018f7ef6-096b-4906-983e-9fae1045bb0c,json,failed,Server error - Status: 503,Crop Survey of Sadalaga Hobli of Nippani Taluk of Belagavi District of Karnataka for Kharif Season 2020-21,text/json,,"Karnataka,Agriculture Department, Karnataka",,https://karnataka.data.gov.in/resource/crop-survey-sadalaga-hobli-nippani-taluk-belagavi-district-karnataka-kharif-season-2020-21
f9ea9ce7-1b86-483e-b04f-7a62e2a19e52,json,failed,Server error - Status: 503,Crop Survey of K Chandaragi Hobli of Ramadurg Taluk of Belagavi District of Karnataka for Kharif Season 2020-21,text/json,,"Karnataka,Agriculture Department, Karnataka",,https://karnataka.data.gov.in/resource/crop-survey-k-chandaragi-hobli-ramadurg-taluk-belagavi-district-karnataka-kharif-season
e05e4ac7-7fd1-4e59-b061-7a221ecfb58b,json,failed,Server error - Status: 503,Crop Survey of Savadatti Hobli of Savadatti Taluk of Belagavi District of Karnataka for Kharif Season 2020-21,text/json,,"Karnataka,Agriculture Department, Karnataka",,https://karnataka.data.gov.in/resource/crop-survey-savadatti-hobli-savadatti-taluk-belagavi-district-karnataka-kharif-season-2020
6e51d6f2-b06f-4429-b396-a0f80055ad7f,json,failed,Server error - Status: 503,Crop Survey of Gokaka Hobli of Gokak Taluk of Belagavi District of Karnataka for Kharif Season 2020-21,text/json,,"Karnataka,Agriculture Department, Karnataka",,https://karnataka.data.gov.in/resource/crop-survey-gokaka-hobli-gokak-taluk-belagavi-district-karnataka-kharif-season-2020-21
f0dff5dd-a995-43b6-b4e2-42c59b9794d6,json,failed,Server error - Status: 503,Crop Survey of Gunji Hobli of Khanapur Taluk of Belagavi District of Karnataka for Kharif Season 2020-21,text/json,,"Karnataka,Agriculture Department, Karnataka",,https://karnataka.data.gov.in/resource/crop-survey-gunji-hobli-khanapur-taluk-belagavi-district-karnataka-kharif-season-2020-21
1565dc5f-b7ef-4474-9a18-928a616b5a4c,json,failed,Server error - Status: 503,Crop Survey of Katakola Hobli of Ramadurg Taluk of Belagavi District of Karnataka for Kharif Season 2020-21,text/json,,"Karnataka,Agriculture Department, Karnataka",,https://karnataka.data.gov.in/resource/crop-survey-katakola-hobli-ramadurg-taluk-belagavi-district-karnataka-kharif-season-2020
98e0c611-3c5f-4796-8a08-50d1a39b88a9,json,failed,Server error - Status: 503,Crop Survey of Anantapura Hobli of Athani Taluk of Belagavi District of Karnataka for Kharif Season 2020-21,text/json,,"Karnataka,Agriculture Department, Karnataka",,https://karnataka.data.gov.in/resource/crop-survey-anantapura-hobli-athani-taluk-belagavi-district-karnataka-kharif-season-2020
4d0fc84d-cb8b-48fb-bb49-b6ed3f0bf301,json,failed,Server error - Status: 503,Crop Survey of Athani Hobli of Athani Taluk of Belagavi District of Karnataka for Kharif Season 2020-21,text/json,,"Karnataka,Agriculture Department, Karnataka",,https://karnataka.data.gov.in/resource/crop-survey-athani-hobli-athani-taluk-belagavi-district-karnataka-kharif-season-2020-21
b953cc95-a9a2-43e1-8789-755e809053c4,json,failed,Server error - Status: 503,Crop Survey of Bailhongal Hobli of Bailhongal Taluk of Belagavi District of Karnataka for Kharif Season 2020-21,text/json,,"Karnataka,Agriculture Department, Karnataka",,https://karnataka.data.gov.in/resource/crop-survey-bailhongal-hobli-bailhongal-taluk-belagavi-district-karnataka-kharif-season
188c8c47-f1b9-4ed0-9639-cea2f852dd1c,json,failed,Server error - Status: 503,Crop Survey of Bagevadi Hobli of Belgaum Taluk of Belagavi District of Karnataka for Kharif Season 2020-21,text/json,,"Karnataka,Agriculture Department, Karnataka",,https://karnataka.data.gov.in/resource/crop-survey-bagevadi-hobli-belgaum-taluk-belagavi-district-karnataka-kharif-season-2020-21
c79493a1-5ff5-4c45-9f65-6aa49e17e34c,json,failed,Server error - Status: 503,Crop Survey of Kakati Hobli of Belgaum Taluk of Belagavi District of Karnataka for Kharif Season 2020-21,text/json,,"Karnataka,Agriculture Department, Karnataka",,https://karnataka.data.gov.in/resource/crop-survey-kakati-hobli-belgaum-taluk-belagavi-district-karnataka-kharif-season-2020-21
cb93c4df-ae13-4d66-8f20-21d5229a519c,json,failed,Server error - Status: 503,Crop Survey of Kowjalagi Hobli of Gokak Taluk of Belagavi District of Karnataka for Kharif Season 2020-21,text/json,,"Karnataka,Agriculture Department, Karnataka",,https://karnataka.data.gov.in/resource/crop-survey-kowjalagi-hobli-gokak-taluk-belagavi-district-karnataka-kharif-season-2020-21
0f088074-0158-48b1-9a8e-4ad8021590e9,json,failed,Server error - Status: 503,Crop Survey of Khanapura Hobli of Khanapur Taluk of Belagavi District of Karnataka for Kharif Season 2020-21,text/json,,"Karnataka,Agriculture Department, Karnataka",,https://karnataka.data.gov.in/resource/crop-survey-khanapura-hobli-khanapur-taluk-belagavi-district-karnataka-kharif-season-2020
314a600d-7c98-4210-ae71-7ec0e5cdcbb6,json,failed,Server error - Status: 503,Crop Survey of Munavalli Hobli of Savadatti Taluk of Belagavi District of Karnataka for Kharif Season 2020-21,text/json,,"Karnataka,Agriculture Department, Karnataka",,https://karnataka.data.gov.in/resource/crop-survey-munavalli-hobli-savadatti-taluk-belagavi-district-karnataka-kharif-season-2020
ef6792d8-ec37-4a67-aaac-703f90a5945e,json,failed,Server error - Status: 503,Crop Survey of Arabhanvi Hobli of Gokak Taluk of Belagavi District of Karnataka for Kharif Season 2020-21,text/json,,"Karnataka,Agriculture Department, Karnataka",,https://karnataka.data.gov.in/resource/crop-survey-arabhanvi-hobli-gokak-taluk-belagavi-district-karnataka-kharif-season-2020-21
215a3c86-962e-43a0-8bb8-ecbd4bc5a328,json,failed,Server error - Status: 503,Crop Survey of Sankeshvara Hobli of Hukkeri Taluk of Belagavi District of Karnataka for Kharif Season 2020-21,text/json,,"Karnataka,Agriculture Department, Karnataka",,https://karnataka.data.gov.in/resource/crop-survey-sankeshvara-hobli-hukkeri-taluk-belagavi-district-karnataka-kharif-season-2020
6d30b680-6e18-4fb0-afb4-846062b7a015,json,failed,Server error - Status: 503,Crop Survey of Kudachi Hobli of Raibag Taluk of Belagavi District of Karnataka for Kharif Season 2020-21,text/json,,"Karnataka,Agriculture Department, Karnataka",,https://karnataka.data.gov.in/resource/crop-survey-kudachi-hobli-raibag-taluk-belagavi-district-karnataka-kharif-season-2020-21
c83a53bf-3007-4530-8301-a3fe86e64331,json,failed,Server error - Status: 503,Crop Survey of Uchaganva Hobli of Belgaum Taluk of Belagavi District of Karnataka for Kharif Season 2020-21,text/json,,"Karnataka,Agriculture Department, Karnataka",,https://karnataka.data.gov.in/resource/crop-survey-uchaganva-hobli-belgaum-taluk-belagavi-district-karnataka-kharif-season-2020
b03e7739-3924-451c-abb3-101092b64847,json,failed,Server error - Status: 503,Crop Survey of Kagavada Hobli of Kagavada Taluk of Belagavi District of Karnataka for Kharif Season 2020-21,text/json,,"Karnataka,Agriculture Department, Karnataka",,https://karnataka.data.gov.in/resource/crop-survey-kagavada-hobli-kagavada-taluk-belagavi-district-karnataka-kharif-season-2020
d3b61380-6735-41f6-8650-a64b569058ef,json,failed,Server error - Status: 503,Crop Survey of Nippani Hobli of Nippani Taluk of Belagavi District of Karnataka for Kharif Season 2020-21,text/json,,"Karnataka,Agriculture Department, Karnataka",,https://karnataka.data.gov.in/resource/crop-survey-nippani-hobli-nippani-taluk-belagavi-district-karnataka-kharif-season-2020-21
f60df06c-b055-4c3e-9209-2d5fd398f655,json,failed,Server error - Status: 503,Crop Survey of Chikkodi Hobli of Chikkodi Taluk of Belagavi District of Karnataka for kharif Season 2020-21,text/json,,"Karnataka,Agriculture Department, Karnataka",,https://karnataka.data.gov.in/resource/crop-survey-chikkodi-hobli-chikkodi-taluk-belagavi-district-karnataka-kharif-season-2020
39a55c40-c8ea-45ee-b21e-9c9d553e275a,json,failed,Server error - Status: 503,Crop Survey of Telasanga Hobli of Athani Taluk of Belagavi District of Karnataka for Kharif Season 2020-21,text/json,,"Karnataka,Agriculture Department, Karnataka",,https://karnataka.data.gov.in/resource/crop-survey-telasanga-hobli-athani-taluk-belagavi-district-karnataka-kharif-season-2020-21
0b791d88-da76-4aa2-80e5-b990dd757b2d,json,failed,Server error - Status: 503,Crop Survey of Nagaramunnoli Hobli of Chikkodi Taluk of Belagavi District of Karnataka for kharif Season 2020-21,text/json,,"Karnataka,Agriculture Department, Karnataka",,https://karnataka.data.gov.in/resource/crop-survey-nagaramunnoli-hobli-chikkodi-taluk-belagavi-district-karnataka-kharif-season
9da3e683-3348-4585-8930-5da09ce63214,json,failed,Server error - Status: 503,Crop Survey of Nesaragi Hobli of Bailhongal Taluk of Belagavi District of Karnataka for Kharif Season 2020-21,text/json,,"Karnataka,Agriculture Department, Karnataka",,https://karnataka.data.gov.in/resource/crop-survey-nesaragi-hobli-bailhongal-taluk-belagavi-district-karnataka-kharif-season-2020
960f2deb-f4bb-420d-908a-892b8071bfba,json,failed,Server error - Status: 503,Crop Survey of Sadalaga Hobli of Chikkodi Taluk of Belagavi District of Karnataka for kharif Season 2020-21,text/json,,"Karnataka,Agriculture Department, Karnataka",,https://karnataka.data.gov.in/resource/crop-survey-sadalaga-hobli-chikkodi-taluk-belagavi-district-karnataka-kharif-season-2020
a259b5a1-ef76-4599-8faa-b4616c846780,json,failed,Server error - Status: 503,Crop Survey of Belagavi Hobli of Belgaum Taluk of Belagavi District of Karnataka for Kharif Season 2020-21,text/json,,"Karnataka,Agriculture Department, Karnataka",,https://karnataka.data.gov.in/resource/crop-survey-belagavi-hobli-belgaum-taluk-belagavi-district-karnataka-kharif-season-2020-21
ea11617d-ecfc-40f5-a673-9f63d0129dac,json,failed,Server error - Status: 503,Crop Survey of Yamakanamardi Hobli of Hukkeri Taluk of Belagavi District of Karnataka for Kharif Season 2020-21,text/json,,"Karnataka,Agriculture Department, Karnataka",,https://karnataka.data.gov.in/resource/crop-survey-yamakanamardi-hobli-hukkeri-taluk-belagavi-district-karnataka-kharif-season
88ead059-ec3a-4ddc-92c1-fc779d467fad,json,failed,Server error - Status: 503,Crop Survey of Kittura Hobli of Kittura Taluk of Belagavi District of Karnataka for Kharif Season 2020-21,text/json,,"Karnataka,Agriculture Department, Karnataka",,https://karnataka.data.gov.in/resource/crop-survey-kittura-hobli-kittura-taluk-belagavi-district-karnataka-kharif-season-2020-21
1f98f5f1-52a4-4874-bf95-57f33a29fa88,json,failed,Server error - Status: 503,Crop Survey of Kowjalagi Hobli of Mudalagi Taluk of Belagavi District of Karnataka for Kharif Season 2020-21,text/json,,"Karnataka,Agriculture Department, Karnataka",,https://karnataka.data.gov.in/resource/crop-survey-kowjalagi-hobli-mudalagi-taluk-belagavi-district-karnataka-kharif-season-2020
f94eb02e-6a65-43a0-bce3-54972f963379,json,failed,Server error - Status: 503,Crop Survey of Rayabaga Hobli of Raibag Taluk of Belagavi District of Karnataka for Kharif Season 2020-21,text/json,,"Karnataka,Agriculture Department, Karnataka",,https://karnataka.data.gov.in/resource/crop-survey-rayabaga-hobli-raibag-taluk-belagavi-district-karnataka-kharif-season-2020-21
21592133-1361-4d00-bcb0-687dc9db5120,json,failed,Server error - Status: 503,Crop Survey of Mudakavi Hobli of Ramadurg Taluk of Belagavi District of Karnataka for Kharif Season 2020-21,text/json,,"Karnataka,Agriculture Department, Karnataka",,https://karnataka.data.gov.in/resource/crop-survey-mudakavi-hobli-ramadurg-taluk-belagavi-district-karnataka-kharif-season-2020
e53bce53-95e2-4a5e-a7f7-49e3ba00cc0e,json,failed,Server error - Status: 503,Crop Survey of Surebana Hobli of Ramadurg Taluk of Belagavi District of Karnataka for Kharif Season 2020-21,text/json,,"Karnataka,Agriculture Department, Karnataka",,https://karnataka.data.gov.in/resource/crop-survey-surebana-hobli-ramadurg-taluk-belagavi-district-karnataka-kharif-season-2020
11a7b42c-2e7e-45b5-9c4b-e18badbfc491,json,failed,Server error - Status: 503,Crop Survey of Lokapura Hobli of Mudhol Taluk of Bagalkote District of Karnataka for Kharif Season 2020-21,text/json,,"Karnataka,Agriculture Department, Karnataka",,https://karnataka.data.gov.in/resource/crop-survey-lokapura-hobli-mudhol-taluk-bagalkote-district-karnataka-kharif-season-2020-21
f7109040-63ca-438b-b39e-e24ca37e6acb,json,failed,Server error - Status: 503,Crop Survey of Kerura Hobli of Badami Taluk of Bagalkote District of Karnataka for Kharif Season 2020-21,text/json,,"Karnataka,Agriculture Department, Karnataka",,https://karnataka.data.gov.in/resource/crop-survey-kerura-hobli-badami-taluk-bagalkote-district-karnataka-kharif-season-2020-21
cc22d772-760d-4d17-b6e2-502b483bf468,json,failed,Server error - Status: 503,Crop Survey of Teradala Hobli of Rabakavi Banahatti Taluk of Bagalkote District of Karnataka for Kharif Season 2020-21,text/json,,"Karnataka,Agriculture Department, Karnataka",,https://karnataka.data.gov.in/resource/crop-survey-teradala-hobli-rabakavi-banahatti-taluk-bagalkote-district-karnataka-kharif
aa8795c7-adc2-44b5-a18c-fb8e6055e1d8,json,failed,Server error - Status: 503,Crop Survey of Bagalkota Hobli of Bagalkote Taluk of Bagalkote District of Karnataka for Kharif Season 2020-21,text/json,,"Karnataka,Agriculture Department, Karnataka",,https://karnataka.data.gov.in/resource/crop-survey-bagalkota-hobli-bagalkote-taluk-bagalkote-district-karnataka-kharif-season
338ca0df-c745-46c5-8eaa-3c14c5f04f8c,json,failed,Server error - Status: 503,Crop Survey of Mudhola Hobli of Mudhol Taluk of Bagalkote District of Karnataka for Kharif Season 2020-21,text/json,,"Karnataka,Agriculture Department, Karnataka",,https://karnataka.data.gov.in/resource/crop-survey-mudhola-hobli-mudhol-taluk-bagalkote-district-karnataka-kharif-season-2020-21
3d78279c-f061-42f3-88b4-cc014d88c263,json,failed,Server error - Status: 503,Crop Survey of Kulageri Hobli of Badami Taluk of Bagalkote District of Karnataka for Kharif Season 2020-21,text/json,,"Karnataka,Agriculture Department, Karnataka",,https://karnataka.data.gov.in/resource/crop-survey-kulageri-hobli-badami-taluk-bagalkote-district-karnataka-kharif-season-2020-21
90dfa127-e645-453d-aebd-a50671901d53,json,failed,Server error - Status: 503,Crop Survey of Anagavadi Hobli of Bilagi Taluk of Bagalkote District of Karnataka for Kharif Season 2020-21,text/json,,"Karnataka,Agriculture Department, Karnataka",,https://karnataka.data.gov.in/resource/crop-survey-anagavadi-hobli-bilagi-taluk-bagalkote-district-karnataka-kharif-season-2020
3271f6bb-03f9-43f5-8b78-0eed735ed7e6,json,failed,Server error - Status: 503,  Crop Survey of Jamakhandi Hobli of Jamakhandi Taluk of Bagalkote District of Karnataka for Kharif Season 2020-21,text/json,,"Karnataka,Agriculture Department, Karnataka",,https://karnataka.data.gov.in/resource/crop-survey-jamakhandi-hobli-jamakhandi-taluk-bagalkote-district-karnataka-kharif-season
be5b0959-a3cd-43da-85c3-2451b6de1955,json,failed,Server error - Status: 503,Crop Survey of Ameenagada Hobli of Hungund Taluk of Bagalkote District of Karnataka for Kharif Season 2020-21,text/json,,"Karnataka,Agriculture Department, Karnataka",,https://karnataka.data.gov.in/resource/crop-survey-ameenagada-hobli-hungund-taluk-bagalkote-district-karnataka-kharif-season-2020
5054aa33-02a2-474f-9c52-19b4b763387a,json,failed,Server error - Status: 503,Crop Survey of Savalagi Hobli of Jamakhandi Taluk of Bagalkote District of Karnataka for Kharif Season 2020-21,text/json,,"Karnataka,Agriculture Department, Karnataka",,https://karnataka.data.gov.in/resource/crop-survey-savalagi-hobli-jamakhandi-taluk-bagalkote-district-karnataka-kharif-season
ccb98ba2-1608-4b8f-954e-5a941a87604a,json,failed,Server error - Status: 503,Crop Survey of Teradala Hobli of Jamakhandi Taluk of Bagalkote District of Karnataka for Kharif Season 2020-21,text/json,,"Karnataka,Agriculture Department, Karnataka",,https://karnataka.data.gov.in/resource/crop-survey-teradala-hobli-jamakhandi-taluk-bagalkote-district-karnataka-kharif-season
4184b373-f4e5-4ce7-9e04-a3a1891a1981,json,failed,Server error - Status: 503, Crop Survey of Mudhola Hobli of Rabakavi Banahatti Taluk of Bagalkote District of Karnataka for Kharif Season 2020-21,text/json,,"Karnataka,Agriculture Department, Karnataka",,https://karnataka.data.gov.in/resource/crop-survey-mudhola-hobli-rabakavi-banahatti-taluk-bagalkote-district-karnataka-kharif
39db2f8b-d92c-4b50-845c-eacbcedc8452,json,failed,Server error - Status: 503,Crop Survey of Kaladagi Hobli of Bagalkote Taluk of Bagalkote District of Karnataka for Kharif Season 2020-21,text/json,,"Karnataka,Agriculture Department, Karnataka",,https://karnataka.data.gov.in/resource/crop-survey-kaladagi-hobli-bagalkote-taluk-bagalkote-district-karnataka-kharif-season-2020
b5f0e6bc-5479-4a32-8ea7-35f9a4bbcc67,json,failed,Server error - Status: 503, Crop Survey of Badami Hobli of Badami Taluk of Bagalkote District of Karnataka for Kharif Season 2020-21,text/json,,"Karnataka,Agriculture Department, Karnataka",,https://karnataka.data.gov.in/resource/crop-survey-badami-hobli-badami-taluk-bagalkote-district-karnataka-kharif-season-2020-21
255c0084-8a2f-43e1-9913-615eb6324574,json,failed,Server error - Status: 503, Crop Survey of Karadi Hobli of Hungund Taluk of Bagalkote District of Karnataka for Kharif Season 2020-21,text/json,,"Karnataka,Agriculture Department, Karnataka",,https://karnataka.data.gov.in/resource/crop-survey-karadi-hobli-hungund-taluk-bagalkote-district-karnataka-kharif-season-2020-21
ada83494-b9a7-4e70-9cd9-1fc05ad11b88,json,failed,Server error - Status: 503,Crop Survey of Ilkalla Hobli of Ilkal Taluk of Bagalkote District of Karnataka for Kharif Season 2020-21,text/json,,"Karnataka,Agriculture Department, Karnataka",,https://karnataka.data.gov.in/resource/crop-survey-ilkalla-hobli-ilkal-taluk-bagalkote-district-karnataka-kharif-season-2020-21
a8cce276-0c4d-4b64-a017-089c8ac87705,json,failed,Server error - Status: 503,Crop Survey of Ameenagada Hobli of Ilkal Taluk of Bagalkote District of Karnataka for Kharif Season 2020-21,text/json,,"Karnataka,Agriculture Department, Karnataka",,https://karnataka.data.gov.in/resource/crop-survey-ameenagada-hobli-ilkal-taluk-bagalkote-district-karnataka-kharif-season-2020
0b7f182c-d106-45b8-b52f-1bc0ed7fc03a,json,failed,Server error - Status: 503,Crop Survey of Beelagi Hobli of Bilagi Taluk of Bagalkote District of Karnataka for Kharif Season 2020-21,text/json,,"Karnataka,Agriculture Department, Karnataka",,https://karnataka.data.gov.in/resource/crop-survey-beelagi-hobli-bilagi-taluk-bagalkote-district-karnataka-kharif-season-2020-21
534cace7-dece-49de-9d99-53fc9c23c613,json,failed,Server error - Status: 503, Crop Survey of Seetimani Hobli of Bagalkote Taluk of Bagalkote District of Karnataka for Kharif Season 2020-21,text/json,,"Karnataka,Agriculture Department, Karnataka",,https://karnataka.data.gov.in/resource/crop-survey-seetimani-hobli-bagalkote-taluk-bagalkote-district-karnataka-kharif-season
1da81234-4a1d-44c0-b138-b5f9eb0e8b6a,json,failed,Server error - Status: 503, Crop Survey of Karadi Hobli of Ilkal Taluk of Bagalkote District of Karnataka for Kharif Season 2020-21,text/json,,"Karnataka,Agriculture Department, Karnataka",,https://karnataka.data.gov.in/resource/crop-survey-karadi-hobli-ilkal-taluk-bagalkote-district-karnataka-kharif-season-2020-21
b5cfd61a-2039-4615-a639-588cab649c14,json,failed,"Timeout Error: HTTPSConnectionPool(host='kodi.karnataka.gov.in', port=443): Max retries exceeded with url: /Crop_Survey/api/CropSurvey/Getdata?key=MjczMTE4MQ== (Caused by ConnectTimeoutError(<urllib3.connection.HTTPSConnection object at 0x7fc326a0d5b0>, 'Connection to kodi.karnataka.gov.in timed out. (connect timeout=5.0)'))", Crop Survey of Guledagudda Hobli of Guledagudda Taluk of Bagalkote District of Karnataka for Kharif Season 2020-21,text/json,,"Karnataka,Agriculture Department, Karnataka",,https://karnataka.data.gov.in/resource/crop-survey-guledagudda-hobli-guledagudda-taluk-bagalkote-district-karnataka-kharif-season
0cd2f6e7-5203-42b4-b7f7-07007859005c,json,failed,Server error - Status: 503, Crop Survey of Hungund Hobli of Hungund Taluk of Bagalkote District of Karnataka for Kharif Season 2020-21,text/json,,"Karnataka,Agriculture Department, Karnataka",,https://karnataka.data.gov.in/resource/crop-survey-hungund-hobli-hungund-taluk-bagalkote-district-karnataka-kharif-season-2020-21
16fda1df-9440-4739-8fe7-5fcce1671a3d,json,failed,Server error - Status: 503,Crop Survey of Alnavara Hobli of Alnavara Taluk of Dharwad District of Karnataka for Kharif Season 2020-21,text/json,,"Karnataka,Agriculture Department, Karnataka",,https://karnataka.data.gov.in/resource/crop-survey-alnavara-hobli-alnavara-taluk-dharwad-district-karnataka-kharif-season-2020-21
607abe5c-fc1b-4559-83ad-5df50968f463,json,failed,Server error - Status: 503,Crop Survey of Annigeri Hobli of Annigeri Taluk of Dharwad District of Karnataka for Kharif Season 2020-21,text/json,,"Karnataka,Agriculture Department, Karnataka",,https://karnataka.data.gov.in/resource/crop-survey-annigeri-hobli-annigeri-taluk-dharwad-district-karnataka-kharif-season-2020-21
3c5892c7-6c8d-40b0-ad96-195e63c68428,json,failed,Server error - Status: 503, Crop Survey of Amminabavi Hobli of Dharwad Taluk of Dharwad District of Karnataka for Kharif Season 2020-21,text/json,,"Karnataka,Agriculture Department, Karnataka",,https://karnataka.data.gov.in/resource/crop-survey-amminabavi-hobli-dharwad-taluk-dharwad-district-karnataka-kharif-season-2020
5880052e-22c3-4941-aaf8-9a426bcf7c72,json,failed,Server error - Status: 503, Crop Survey of Dharvada Hobli of Dharwad Taluk of Dharwad District of Karnataka for Kharif Season 2020-21,text/json,,"Karnataka,Agriculture Department, Karnataka",,https://karnataka.data.gov.in/resource/crop-survey-dharvada-hobli-dharwad-taluk-dharwad-district-karnataka-kharif-season-2020-21
4a6c40ce-5680-4f34-b0c0-623a244a633b,json,failed,Server error - Status: 503,Crop Survey of Garaga Hobli of Dharwad Taluk of Dharwad District of Karnataka for Kharif Season 2020-21,text/json,,"Karnataka,Agriculture Department, Karnataka",,https://karnataka.data.gov.in/resource/crop-survey-garaga-hobli-dharwad-taluk-dharwad-district-karnataka-kharif-season-2020-21
e12bc14a-4e30-4779-a0ae-f4a554cdf509,json,failed,Server error - Status: 503,Crop Survey of Chabbi Hobli of Hubballi nagara Taluk of Dharwad District of Karnataka for Kharif Season 2020-21,text/json,,"Karnataka,Agriculture Department, Karnataka",,https://karnataka.data.gov.in/resource/crop-survey-chabbi-hobli-hubballi-nagara-taluk-dharwad-district-karnataka-kharif-season
1d962783-59ef-44c4-8eff-343b91e0cef8,json,failed,Server error - Status: 503,Crop Survey of Hubballi Hobli of Hubballi nagara Taluk of Dharwad District of Karnataka for Kharif Season 2020-21,text/json,,"Karnataka,Agriculture Department, Karnataka",,https://karnataka.data.gov.in/resource/crop-survey-hubballi-hobli-hubballi-nagara-taluk-dharwad-district-karnataka-kharif-season
9de3e920-f91d-49a1-9533-e59f981742ae,json,failed,Server error - Status: 503,Crop Survey of Chabbi Hobli of Hubli Taluk of Dharwad District of Karnataka for Kharif Season 2020-21,text/json,,"Karnataka,Agriculture Department, Karnataka",,https://karnataka.data.gov.in/resource/crop-survey-chabbi-hobli-hubli-taluk-dharwad-district-karnataka-kharif-season-2020-21
676e6cf6-4b63-4111-82ee-93cff1c072f2,json,failed,Server error - Status: 503,Crop Survey of Hubballi Hobli of Hubli Taluk of Dharwad District of Karnataka for Kharif Season 2020-21,text/json,,"Karnataka,Agriculture Department, Karnataka",,https://karnataka.data.gov.in/resource/crop-survey-hubballi-hobli-hubli-taluk-dharwad-district-karnataka-kharif-season-2020-21
d9784558-55f3-496a-96a1-01b08c41ac09,json,failed,Server error - Status: 503,Crop Survey of Shiraguppi Hobli of Hubli Taluk of Dharwad District of Karnataka for Kharif Season 2020-21,text/json,,"Karnataka,Agriculture Department, Karnataka",,https://karnataka.data.gov.in/resource/crop-survey-shiraguppi-hobli-hubli-taluk-dharwad-district-karnataka-kharif-season-2020-0
cdf01fe6-752e-40ed-9526-bc6e7d4d78b3,json,failed,Server error - Status: 503,Crop Survey of Dhummavada Hobli of Kalgatgi Taluk of Dharwad District of Karnataka for Kharif Season 2020-21,text/json,,"Karnataka,Agriculture Department, Karnataka",,https://karnataka.data.gov.in/resource/crop-survey-dhummavada-hobli-kalgatgi-taluk-dharwad-district-karnataka-kharif-season-2020
43c72dbb-0981-433e-be21-d922caf2ed82,json,failed,Server error - Status: 503, Crop Survey of Kalaghatagi Hobli of Kalgatgi Taluk of Dharwad District of Karnataka for Kharif Season 2020-21,text/json,,"Karnataka,Agriculture Department, Karnataka",,https://karnataka.data.gov.in/resource/crop-survey-kalaghatagi-hobli-kalgatgi-taluk-dharwad-district-karnataka-kharif-season-2020
6bcb2666-b5a4-4382-9f40-c4b0ea96d52c,json,failed,Server error - Status: 503,Crop Survey of Tabakadahonnihalli Hobli of Kalgatgi Taluk of Dharwad District of Karnataka for Kharif Season 2020-21,text/json,,"Karnataka,Agriculture Department, Karnataka",,https://karnataka.data.gov.in/resource/crop-survey-tabakadahonnihalli-hobli-kalgatgi-taluk-dharwad-district-karnataka-kharif
b3d18bd4-50a2-4a3a-b39c-109b34d741e2,json,failed,Server error - Status: 503, Crop Survey of Sanshi Hobli of Kundgol Taluk of Dharwad District of Karnataka for Kharif Season 2020-21,text/json,,"Karnataka,Agriculture Department, Karnataka",,https://karnataka.data.gov.in/resource/crop-survey-sanshi-hobli-kundgol-taluk-dharwad-district-karnataka-kharif-season-2020-21
fc34bbfb-c957-4173-a650-fe8eaa813d12,json,failed,Server error - Status: 503,Crop Survey of Moraba Hobli of Navalgund Taluk of Dharwad District of Karnataka for Kharif Season 2020-21,text/json,,"Karnataka,Agriculture Department, Karnataka",,https://karnataka.data.gov.in/resource/crop-survey-moraba-hobli-navalgund-taluk-dharwad-district-karnataka-kharif-season-2020-21
303b6c3c-d07a-4a4f-be80-a21d496e052a,json,failed,Server error - Status: 503,Crop Survey of Betageri Hobli of Gadag Taluk of Gadag District of Karnataka for Kharif Season 2020-21,text/json,,"Karnataka,Agriculture Department, Karnataka",,https://karnataka.data.gov.in/resource/crop-survey-betageri-hobli-gadag-taluk-gadag-district-karnataka-kharif-season-2020-21
b6382379-6478-4d8d-b37a-0b0602931f18,json,failed,"Timeout Error: HTTPSConnectionPool(host='kodi.karnataka.gov.in', port=443): Max retries exceeded with url: /Crop_Survey/api/CropSurvey/Getdata?key=ODMxMTE4MQ== (Caused by ConnectTimeoutError(<urllib3.connection.HTTPSConnection object at 0x7fc326a20290>, 'Connection to kodi.karnataka.gov.in timed out. (connect timeout=5.0)'))",Crop Survey of Gadaga Hobli of Gadag Taluk of Gadag District of Karnataka for Kharif Season 2020-21,text/json,,"Karnataka,Agriculture Department, Karnataka",,https://karnataka.data.gov.in/resource/crop-survey-gadaga-hobli-gadag-taluk-gadag-district-karnataka-kharif-season-2020-21
2629c973-00d8-470c-abb0-17db6a222460,json,failed,"Timeout Error: HTTPSConnectionPool(host='kodi.karnataka.gov.in', port=443): Max retries exceeded with url: /Crop_Survey/api/CropSurvey/Getdata?key=ODYyMTE4MQ== (Caused by ConnectTimeoutError(<urllib3.connection.HTTPSConnection object at 0x7fc326a1bbf0>, 'Connection to kodi.karnataka.gov.in timed out. (connect timeout=5.0)'))",Crop Survey of Naregalla Hobli of Gajendragad Taluk of Gadag District of Karnataka for Kharif Season 2020-21,text/json,,"Karnataka,Agriculture Department, Karnataka",,https://karnataka.data.gov.in/resource/crop-survey-naregalla-hobli-gajendragad-taluk-gadag-district-karnataka-kharif-season-2020
cfa0584b-1102-4c0d-ae42-7df5a1c92aef,json,failed,"Timeout Error: HTTPSConnectionPool(host='kodi.karnataka.gov.in', port=443): Max retries exceeded with url: /Crop_Survey/api/CropSurvey/Getdata?key=ODcyMTE4MQ== (Caused by ConnectTimeoutError(<urllib3.connection.HTTPSConnection object at 0x7fc327b7ade0>, 'Connection to kodi.karnataka.gov.in timed out. (connect timeout=5.0)'))",Crop Survey of Lakshmeshvara Hobli of Laxmeshwar Taluk of Gadag District of Karnataka for Kharif Season 2020-21,text/json,,"Karnataka,Agriculture Department, Karnataka",,https://karnataka.data.gov.in/resource/crop-survey-lakshmeshvara-hobli-laxmeshwar-taluk-gadag-district-karnataka-kharif-season
0725d651-0833-4089-809f-52a5bc6a111f,json,failed,"Timeout Error: HTTPSConnectionPool(host='kodi.karnataka.gov.in', port=443): Max retries exceeded with url: /Crop_Survey/api/CropSurvey/Getdata?key=MTE1MTExODE= (Caused by ConnectTimeoutError(<urllib3.connection.HTTPSConnection object at 0x7fc326a22f60>, 'Connection to kodi.karnataka.gov.in timed out. (connect timeout=5.0)'))",Crop Survey of Byadagi Hobli of Byadagi Taluk of Haveri District of Karnataka for Kharif Season 2020-21,text/json,,"Karnataka,Agriculture Department, Karnataka",,https://karnataka.data.gov.in/resource/crop-survey-byadagi-hobli-byadagi-taluk-haveri-district-karnataka-kharif-season-2020-21
6db9ede9-802d-4afb-a38f-d96514c2f65b,json,failed,"Timeout Error: HTTPSConnectionPool(host='kodi.karnataka.gov.in', port=443): Max retries exceeded with url: /Crop_Survey/api/CropSurvey/Getdata?key=NDIyMTE4MQ== (Caused by ConnectTimeoutError(<urllib3.connection.HTTPSConnection object at 0x7fc326a1ec60>, 'Connection to kodi.karnataka.gov.in timed out. (connect timeout=5.0)'))",Crop Survey of Afzalpura Hobli of Afzalpur Taluk of Kalaburgi District of Karnataka for Kharif Season 2020-21,text/json,,"Karnataka,Agriculture Department, Karnataka",,https://karnataka.data.gov.in/resource/crop-survey-afzalpura-hobli-afzalpur-taluk-kalaburgi-district-karnataka-kharif-season-2020
f3c8f364-6118-4b93-9bac-9171d6f193d4,json,failed,"Timeout Error: HTTPSConnectionPool(host='kodi.karnataka.gov.in', port=443): Max retries exceeded with url: /Crop_Survey/api/CropSurvey/Getdata?key=MTE1MjExODE= (Caused by ConnectTimeoutError(<urllib3.connection.HTTPSConnection object at 0x7fc326a1f770>, 'Connection to kodi.karnataka.gov.in timed out. (connect timeout=5.0)'))",Crop Survey of Haveri District of Karnataka For Kharif Season 2020-21,application/json,,"Karnataka,Agriculture Department, Karnataka",,https://karnataka.data.gov.in/resource/crop-survey-haveri-district-karnataka-kharif-season-2020-21
ed413782-ab04-451e-bd40-640d09c30747,json,failed,"Timeout Error: HTTPSConnectionPool(host='kodi.karnataka.gov.in', port=443): Max retries exceeded with url: /Crop_Survey/api/CropSurvey/Getdata?key=ODUyMTE4MQ== (Caused by ConnectTimeoutError(<urllib3.connection.HTTPSConnection object at 0x7fc326a1c770>, 'Connection to kodi.karnataka.gov.in timed out. (connect timeout=5.0)'))",Crop Survey of Dambala Hobli of Mundargi Taluk of Gadag District of Karnataka for Kharif Season 2020-21,text/json,,"Karnataka,Agriculture Department, Karnataka",,https://karnataka.data.gov.in/resource/crop-survey-dambala-hobli-mundargi-taluk-gadag-district-karnataka-kharif-season-2020-21
8c8a396a-f49f-42ee-a716-168ed12d1572,json,failed,"Timeout Error: HTTPSConnectionPool(host='kodi.karnataka.gov.in', port=443): Max retries exceeded with url: /Crop_Survey/api/CropSurvey/Getdata?key=MTEzMjExODE= (Caused by ConnectTimeoutError(<urllib3.connection.HTTPSConnection object at 0x7fc326a1b080>, 'Connection to kodi.karnataka.gov.in timed out. (connect timeout=5.0)'))",Crop Survey of Haveri District of Karnataka For Kharif Season 2020-21,application/json,,"Karnataka,Agriculture Department, Karnataka",,https://karnataka.data.gov.in/resource/crop-survey-haveri-district-karnataka-kharif-season-2020-21-0
40497395-8d74-4b54-9e8e-3b533a295549,json,failed,Server error - Status: 503, Crop Survey of Mundaragi Hobli of Mundargi Taluk of Gadag District of Karnataka for Kharif Season 2020-21,text/json,,"Karnataka,Agriculture Department, Karnataka",,https://karnataka.data.gov.in/resource/crop-survey-mundaragi-hobli-mundargi-taluk-gadag-district-karnataka-kharif-season-2020-21
42676cd7-06bf-4fef-ac93-ee985273664b,json,failed,Server error - Status: 503, Crop Survey of Konnura Hobli of Naragund Taluk of Gadag District of Karnataka for Kharif Season 2020-21,text/json,,"Karnataka,Agriculture Department, Karnataka",,https://karnataka.data.gov.in/resource/crop-survey-konnura-hobli-naragund-taluk-gadag-district-karnataka-kharif-season-2020-21
19dadb02-6127-4ad7-9faa-dcd6f38a2864,json,failed,Server error - Status: 503,Crop Survey of Atanura of Afzalpur Taluk of Kalaburgi District of Karnataka for Kharif Season 2020-21,text/json,,"Karnataka,Agriculture Department, Karnataka",,https://karnataka.data.gov.in/resource/crop-survey-atanura-afzalpur-taluk-kalaburgi-district-karnataka-kharif-season-2020-21
0cf20d33-176a-4287-973d-ed2990144490,json,failed,Server error - Status: 503,Crop Survey of Hanagalla Hobli of Hangal Taluk of Haveri District of Karnataka for Kharif Season 2020-21,text/json,,"Karnataka,Agriculture Department, Karnataka",,https://karnataka.data.gov.in/resource/crop-survey-hanagalla-hobli-hangal-taluk-haveri-district-karnataka-kharif-season-2020-21
e7db30a1-ae2e-471e-ab03-6b6f3ccce7f3,json,failed,Server error - Status: 503,Crop Survey of Naragunda Hobli of Naragund Taluk of Gadag District of Karnataka for Kharif Season 2020-21,text/json,,"Karnataka,Agriculture Department, Karnataka",,https://karnataka.data.gov.in/resource/crop-survey-naragunda-hobli-naragund-taluk-gadag-district-karnataka-kharif-season-2020-21
24f63fea-a0d7-478d-a0d5-3f3579ed57b3,json,failed,Server error - Status: 503,Crop Survey of Guttalla Hobli of Haveri Taluk of Haveri District of Karnataka for Kharif Season 2020-21,text/json,,"Karnataka,Agriculture Department, Karnataka",,https://karnataka.data.gov.in/resource/crop-survey-guttalla-hobli-haveri-taluk-haveri-district-karnataka-kharif-season-2020-21
23019e6c-ca94-4e97-afb6-35a08894aace,json,failed,Server error - Status: 503,Crop Survey of Holealura Hobli of Ron Taluk of Gadag District of Karnataka for Kharif Season 2020-21,text/json,,"Karnataka,Agriculture Department, Karnataka",,https://karnataka.data.gov.in/resource/crop-survey-holealura-hobli-ron-taluk-gadag-district-karnataka-kharif-season-2020-21
1986ba83-74a8-4cf9-9d87-43939a673a5f,json,failed,Server error - Status: 503,Crop Survey of Haveri Hobli of Haveri Taluk of Haveri District of Karnataka for Kharif Season 2020-21,text/json,,"Karnataka,Agriculture Department, Karnataka",,https://karnataka.data.gov.in/resource/crop-survey-haveri-hobli-haveri-taluk-haveri-district-karnataka-kharif-season-2020-21
eb25338a-d69e-42cd-ba9f-5fa520792c92,json,failed,Server error - Status: 503,Crop Survey of Naregalla Hobli of Ron Taluk of Gadag District of Karnataka for Kharif Season 2020-21,text/json,,"Karnataka,Agriculture Department, Karnataka",,https://karnataka.data.gov.in/resource/crop-survey-naregalla-hobli-ron-taluk-gadag-district-karnataka-kharif-season-2020-21
4ef4dbbd-7ff3-4ae4-89c9-f7d8239a1ad4,json,failed,Server error - Status: 503,Crop Survey of Karajagi Hobli of Haveri Taluk of Haveri District of Karnataka for Kharif Season 2020-21,text/json,,"Karnataka,Agriculture Department, Karnataka",,https://karnataka.data.gov.in/resource/crop-survey-karajagi-hobli-haveri-taluk-haveri-district-karnataka-kharif-season-2020-21
57421fba-641d-4b34-a49b-02fa4b1587a0,json,failed,Server error - Status: 503, Crop Survey of Rona Hobli of Ron Taluk of Gadag District of Karnataka for Kharif Season 2020-21,text/json,,"Karnataka,Agriculture Department, Karnataka",,https://karnataka.data.gov.in/resource/crop-survey-rona-hobli-ron-taluk-gadag-district-karnataka-kharif-season-2020-21
ea29222a-ef19-487a-9f74-c490c2e21bf1,json,failed,Server error - Status: 503,Crop Survey of Lakshmeshvara Hobli of Shirahatti Taluk of Gadag District of Karnataka for Kharif Season 2020-21,text/json,,"Karnataka,Agriculture Department, Karnataka",,https://karnataka.data.gov.in/resource/crop-survey-lakshmeshvara-hobli-shirahatti-taluk-gadag-district-karnataka-kharif-season
d18011c2-a70d-4b20-a84b-3405d65f1fe7,json,failed,Server error - Status: 503,Crop Survey of Karajagi of Afzalpur Taluk of Kalaburgi District of Karnataka for Kharif Season 2020-21,text/json,,"Karnataka,Agriculture Department, Karnataka",,https://karnataka.data.gov.in/resource/crop-survey-karajagi-afzalpur-taluk-kalaburgi-district-karnataka-kharif-season-2020-21
ddedf46a-dc17-4cb3-a4ff-b82c4ca2381c,json,failed,Server error - Status: 503,Crop Survey of Hansabhavi Hobli of Hirekerur Taluk of Haveri District of Karnataka for Kharif Season 2020-21,text/json,,"Karnataka,Agriculture Department, Karnataka",,https://karnataka.data.gov.in/resource/crop-survey-hansabhavi-hobli-hirekerur-taluk-haveri-district-karnataka-kharif-season-2020
e9461f48-ab2d-415d-93be-d60ca6b369f7,json,failed,Server error - Status: 503,Crop Survey of Shirahatti Hobli of Shirahatti Taluk of Gadag District of Karnataka for Kharif Season 2020-21,text/json,,"Karnataka,Agriculture Department, Karnataka",,https://karnataka.data.gov.in/resource/crop-survey-shirahatti-hobli-shirahatti-taluk-gadag-district-karnataka-kharif-season-2020
ffd09338-0203-4e9c-a378-2c75500bc322,json,failed,Server error - Status: 503,Crop Survey of Gangavati Hobli of Gangavathi Taluk of Koppal District of Karnataka for Kharif Season 2020-21,text/json,,"Karnataka,Agriculture Department, Karnataka",,https://karnataka.data.gov.in/resource/crop-survey-gangavati-hobli-gangavathi-taluk-koppal-district-karnataka-kharif-season-2020
fc9a8793-f716-4881-9109-b819a2f05768,json,failed,Server error - Status: 503,Crop Survey of Hirekerura Hobli of Hirekerur Taluk of Haveri District of Karnataka for Kharif Season 2020-21,text/json,,"Karnataka,Agriculture Department, Karnataka",,https://karnataka.data.gov.in/resource/crop-survey-hirekerura-hobli-hirekerur-taluk-haveri-district-karnataka-kharif-season-2020
6df00e8a-0098-4580-ae7a-3121e4fde2c8,json,failed,Server error - Status: 503,Crop Survey of Alanda Hobli of Aland Taluk of Kalaburgi District of Karnataka for Kharif Season 2020-21,text/json,,"Karnataka,Agriculture Department, Karnataka",,https://karnataka.data.gov.in/resource/crop-survey-alanda-hobli-aland-taluk-kalaburgi-district-karnataka-kharif-season-2020-21
6a4c4e46-8256-44b6-9951-33f69a25c9a7,json,failed,Server error - Status: 503,Crop Survey of Marali Hobli of Gangavathi Taluk of Koppal District of Karnataka for Kharif Season 2020-21,text/json,,"Karnataka,Agriculture Department, Karnataka",,https://karnataka.data.gov.in/resource/crop-survey-marali-hobli-gangavathi-taluk-koppal-district-karnataka-kharif-season-2020-21
26dcd9ee-7699-4551-bf42-e4cd48116522,json,failed,Server error - Status: 503,Crop Survey of Kuppelura Hobli of Renebennur Taluk of Haveri District of Karnataka for Kharif Season 2020-21,text/json,,"Karnataka,Agriculture Department, Karnataka",,https://karnataka.data.gov.in/resource/crop-survey-kuppelura-hobli-renebennur-taluk-haveri-district-karnataka-kharif-season-2020
65569ece-5787-4ab6-8d48-f28ecde3c83c,json,failed,Server error - Status: 503, Crop Survey of Venkatagiri Hobli of Gangavathi Taluk of Koppal District of Karnataka for Kharif Season 2020-21,text/json,,"Karnataka,Agriculture Department, Karnataka",,https://karnataka.data.gov.in/resource/crop-survey-venkatagiri-hobli-gangavathi-taluk-koppal-district-karnataka-kharif-season
75c3860f-249e-4db6-a978-4ba0e9189473,json,failed,Server error - Status: 503,Crop Survey of Hulihaidara Hobli of Kanakagiri Taluk of Koppal District of Karnataka for Kharif Season 2020-21,text/json,,"Karnataka,Agriculture Department, Karnataka",,https://karnataka.data.gov.in/resource/crop-survey-hulihaidara-hobli-kanakagiri-taluk-koppal-district-karnataka-kharif-season
254d10e9-06cc-4b2d-9755-aa7e4bfd0ae4,json,failed,Server error - Status: 503,Crop Survey of Medleri Hobli of Renebennur Taluk of Haveri District of Karnataka for Kharif Season 2020-21,text/json,,"Karnataka,Agriculture Department, Karnataka",,https://karnataka.data.gov.in/resource/crop-survey-medleri-hobli-renebennur-taluk-haveri-district-karnataka-kharif-season-2020-21
a1a91d03-5dad-4737-867b-cf6092bf2349,json,failed,Server error - Status: 503,Crop Survey of Khajuri Hobli of Aland Taluk of Kalaburgi District of Karnataka for Kharif Season 2020-21,text/json,,"Karnataka,Agriculture Department, Karnataka",,https://karnataka.data.gov.in/resource/crop-survey-khajuri-hobli-aland-taluk-kalaburgi-district-karnataka-kharif-season-2020-21
baa41f59-ebb9-41a7-a40a-159deabc7b1b,json,failed,Server error - Status: 503, Crop Survey of Kanakagiri Hobli of Kanakagiri Taluk of Koppal District of Karnataka for Kharif Season 2020-21,text/json,,"Karnataka,Agriculture Department, Karnataka",,https://karnataka.data.gov.in/resource/crop-survey-kanakagiri-hobli-kanakagiri-taluk-koppal-district-karnataka-kharif-season-2020
9a752167-e7bd-47ba-8756-685ee72bbd94,json,failed,Server error - Status: 503,Crop Survey of Ranebennur Hobli of Renebennur Taluk of Haveri District of Karnataka for Kharif Season 2020-21,text/json,,"Karnataka,Agriculture Department, Karnataka",,https://karnataka.data.gov.in/resource/crop-survey-ranebennur-hobli-renebennur-taluk-haveri-district-karnataka-kharif-season-2020
26d9b1ba-da7e-4005-a282-8615f9345396,json,failed,Server error - Status: 503,Crop Survey of Navali Hobli of Kanakagiri Taluk of Koppal District of Karnataka for Kharif Season 2020-21,text/json,,"Karnataka,Agriculture Department, Karnataka",,https://karnataka.data.gov.in/resource/crop-survey-navali-hobli-kanakagiri-taluk-koppal-district-karnataka-kharif-season-2020-21
8c5b0bee-f59f-4c44-9a24-b44dfbe6c9d2,json,failed,Server error - Status: 503,Crop Survey of Madanahipparaga Hobli of Aland Taluk of Kalaburgi District of Karnataka for Kharif Season 2020-21,text/json,,"Karnataka,Agriculture Department, Karnataka",,https://karnataka.data.gov.in/resource/crop-survey-madanahipparaga-hobli-aland-taluk-kalaburgi-district-karnataka-kharif-season
6c8c3ff8-79be-443c-913a-9d262b2fa3f7,json,failed,Server error - Status: 503,Crop Survey of Hirekerura Hobli of Ratteehalli Taluk of Haveri District of Karnataka for Kharif Season 2020-21,text/json,,"Karnataka,Agriculture Department, Karnataka",,https://karnataka.data.gov.in/resource/crop-survey-hirekerura-hobli-ratteehalli-taluk-haveri-district-karnataka-kharif-season
4fe0983e-9c6c-4faf-b127-d4f625ec8007,json,failed,Server error - Status: 503,Crop Survey of Narona Hobli of Aland Taluk of Kalaburgi District of Karnataka for Kharif Season 2020-21,text/json,,"Karnataka,Agriculture Department, Karnataka",,https://karnataka.data.gov.in/resource/crop-survey-narona-hobli-aland-taluk-kalaburgi-district-karnataka-kharif-season-2020-21
b084ba09-3367-4c05-82e2-c8b20bced89e,json,failed,Server error - Status: 503,Crop Survey of Nimbarga Hobli of Aland Taluk of Kalaburgi District of Karnataka for Kharif Season 2020-21,text/json,,"Karnataka,Agriculture Department, Karnataka",,https://karnataka.data.gov.in/resource/crop-survey-nimbarga-hobli-aland-taluk-kalaburgi-district-karnataka-kharif-season-2020-21
29177822-ffe2-40f4-8655-ba63ba96bb1d,json,failed,Server error - Status: 503,Crop Survey of Ainapura Hobli of Chincholi Taluk of Kalaburgi District of Karnataka for Kharif Season 2020-21,text/json,,"Karnataka,Agriculture Department, Karnataka",,https://karnataka.data.gov.in/resource/crop-survey-ainapura-hobli-chincholi-taluk-kalaburgi-district-karnataka-kharif-season-2020
3944adbf-938b-4e50-8ebf-7f9cb8ca8389,json,failed,Server error - Status: 503,Crop Survey of Chincholi Hobli of Chincholi Taluk of Kalaburgi District of Karnataka for Kharif Season 2020-21,text/json,,"Karnataka,Agriculture Department, Karnataka",,https://karnataka.data.gov.in/resource/crop-survey-chincholi-hobli-chincholi-taluk-kalaburgi-district-karnataka-kharif-season
7808e7ef-4411-4916-a678-15f21684f6ba,json,failed,Server error - Status: 503,Crop Survey of Kodli Hobli of Chincholi Taluk of Kalaburgi District of Karnataka for Kharif Season 2020-21,text/json,,"Karnataka,Agriculture Department, Karnataka",,https://karnataka.data.gov.in/resource/crop-survey-kodli-hobli-chincholi-taluk-kalaburgi-district-karnataka-kharif-season-2020-21
feda5a1e-a4f3-4b34-bd8f-8a2fa005dcfd,json,failed,Server error - Status: 503,Crop Survey of Ratteehalli Hobli of Ratteehalli Taluk of Haveri District of Karnataka for Kharif Season 2020-21,text/json,,"Karnataka,Agriculture Department, Karnataka",,https://karnataka.data.gov.in/resource/crop-survey-ratteehalli-hobli-ratteehalli-taluk-haveri-district-karnataka-kharif-season
e86ed185-dfce-4481-b4b6-7b8ecd67a55a,json,failed,Server error - Status: 503,Crop Survey of Karatagi Hobli of Karatagi Taluk of Koppal District of Karnataka for Kharif Season 2020-21,text/json,,"Karnataka,Agriculture Department, Karnataka",,https://karnataka.data.gov.in/resource/crop-survey-karatagi-hobli-karatagi-taluk-koppal-district-karnataka-kharif-season-2020-21
6bb6cd94-20ef-4dee-8085-f5fa0a388a7a,json,failed,Server error - Status: 503,Crop Survey of Siddapura Hobli of Karatagi Taluk of Koppal District of Karnataka for Kharif Season 2020-21,text/json,,"Karnataka,Agriculture Department, Karnataka",,https://karnataka.data.gov.in/resource/crop-survey-siddapura-hobli-karatagi-taluk-koppal-district-karnataka-kharif-season-2020-21
0226e285-7076-44e9-bbd4-c4802307f715,json,failed,Server error - Status: 503,Crop Survey of Savanur Hobli of Hattimattura Taluk of Haveri District of Karnataka for Kharif Season 2020-21,text/json,,"Karnataka,Agriculture Department, Karnataka",,https://karnataka.data.gov.in/resource/crop-survey-savanur-hobli-hattimattura-taluk-haveri-district-karnataka-kharif-season-2020
ac8b285f-beac-4ecc-b9a0-5f0dbe083598,json,failed,Server error - Status: 503,Crop Survey of Alavandi Hobli of Koppal Taluk of Koppal District of Karnataka for Kharif Season 2020-21,text/json,,"Karnataka,Agriculture Department, Karnataka",,https://karnataka.data.gov.in/resource/crop-survey-alavandi-hobli-koppal-taluk-koppal-district-karnataka-kharif-season-2020-21
33782cb5-d7d6-4959-9529-a6ca38a40320,json,failed,Server error - Status: 503,Crop Survey of Sulepeta Hobli of Chincholi Taluk of Kalaburgi District of Karnataka for Kharif Season 2020-21,text/json,,"Karnataka,Agriculture Department, Karnataka",,https://karnataka.data.gov.in/resource/crop-survey-sulepeta-hobli-chincholi-taluk-kalaburgi-district-karnataka-kharif-season-2020
32becf09-937a-4311-9adc-f1c12281a180,json,failed,Server error - Status: 503,Crop Survey of Savanur Hobli of Savanura Taluk of Haveri District of Karnataka for Kharif Season 2020-21,text/json,,"Karnataka,Agriculture Department, Karnataka",,https://karnataka.data.gov.in/resource/crop-survey-savanur-hobli-savanura-taluk-haveri-district-karnataka-kharif-season-2020-21
c567768b-1e08-4567-81f1-b217926d4987,json,failed,Server error - Status: 503,Crop Survey of Hitnala Hobli of Koppal Taluk of Koppal District of Karnataka for Kharif Season 2020-21,text/json,,"Karnataka,Agriculture Department, Karnataka",,https://karnataka.data.gov.in/resource/crop-survey-hitnala-hobli-koppal-taluk-koppal-district-karnataka-kharif-season-2020-21
639605f4-7aaa-4742-aa65-c85d6f4ea606,json,failed,Server error - Status: 503,Crop Survey of Chittapura Hobli of Chittapur Taluk of Kalaburgi District of Karnataka for Kharif Season 2020-21,text/json,,"Karnataka,Agriculture Department, Karnataka",,https://karnataka.data.gov.in/resource/crop-survey-chittapura-hobli-chittapur-taluk-kalaburgi-district-karnataka-kharif-season
12a270cf-837c-4f00-9ac2-514e0e3a02e4,json,failed,Server error - Status: 503,Crop Survey of Irakallagada Hobli of Koppal Taluk of Koppal District of Karnataka for Kharif Season 2020-21,text/json,,"Karnataka,Agriculture Department, Karnataka",,https://karnataka.data.gov.in/resource/crop-survey-irakallagada-hobli-koppal-taluk-koppal-district-karnataka-kharif-season-2020
ea673141-426b-4816-a4a6-48a00159462f,json,failed,Server error - Status: 503,Crop Survey of Bankapura Hobli of Shiggaon Taluk of Haveri District of Karnataka for Kharif Season 2020-21,text/json,,"Karnataka,Agriculture Department, Karnataka",,https://karnataka.data.gov.in/resource/crop-survey-bankapura-hobli-shiggaon-taluk-haveri-district-karnataka-kharif-season-2020-21
86f8f001-b7cf-47e8-8a4d-1b6fa05099cb,json,failed,Server error - Status: 503,Crop Survey of Koppala Hobli of Koppal Taluk of Koppal District of Karnataka for Kharif Season 2020-21,text/json,,"Karnataka,Agriculture Department, Karnataka",,https://karnataka.data.gov.in/resource/crop-survey-koppala-hobli-koppal-taluk-koppal-district-karnataka-kharif-season-2020-21
87d16baa-a55c-46b5-b883-5a90ef01bf33,json,failed,Server error - Status: 503,Crop Survey of Dundashi Hobli of Shiggaon Taluk of Haveri District of Karnataka for Kharif Season 2020-21,text/json,,"Karnataka,Agriculture Department, Karnataka",,https://karnataka.data.gov.in/resource/crop-survey-dundashi-hobli-shiggaon-taluk-haveri-district-karnataka-kharif-season-2020-21
7907c0a6-b450-48ce-8532-1127557cef8b,json,failed,Server error - Status: 503,Crop Survey of Kukanura Hobli of Kukanura Taluk of Koppal District of Karnataka for Kharif Season 2020-21,text/json,,"Karnataka,Agriculture Department, Karnataka",,https://karnataka.data.gov.in/resource/crop-survey-kukanura-hobli-kukanura-taluk-koppal-district-karnataka-kharif-season-2020-21
2a59d9db-0616-4f11-a3e5-0c1b0a1f7f84,json,failed,Server error - Status: 503,Crop Survey of Gundagurti Hobli of Chittapur Taluk of Kalaburgi District of Karnataka for Kharif Season 2020-21,text/json,,"Karnataka,Agriculture Department, Karnataka",,https://karnataka.data.gov.in/resource/crop-survey-gundagurti-hobli-chittapur-taluk-kalaburgi-district-karnataka-kharif-season
1fad5fb5-55b5-4d2e-80ac-93c2134ca16b,json,failed,Server error - Status: 503, Crop Survey of Mangaluru Hobli of Kukanura Taluk of Koppal District of Karnataka for Kharif Season 2020-21,text/json,,"Karnataka,Agriculture Department, Karnataka",,https://karnataka.data.gov.in/resource/crop-survey-mangaluru-hobli-kukanura-taluk-koppal-district-karnataka-kharif-season-2020-21
d4230bc9-8d16-4e31-bdd8-5da98b28a596,json,failed,Server error - Status: 503,Crop Survey of Dundashi Hobli of Shiggaon Taluk of Haveri District of Karnataka for Kharif Season 2020-21,text/json,,"Karnataka,Agriculture Department, Karnataka",,https://karnataka.data.gov.in/resource/crop-survey-dundashi-hobli-shiggaon-taluk-haveri-district-karnataka-kharif-season-2020-0
905bfe5a-960e-45bd-96ea-ab48c34965c3,json,failed,Server error - Status: 503,Crop Survey of Hanamanala Hobli of Kushtagi Taluk of Koppal District of Karnataka for Kharif Season 2020-21,text/json,,"Karnataka,Agriculture Department, Karnataka",,https://karnataka.data.gov.in/resource/crop-survey-hanamanala-hobli-kushtagi-taluk-koppal-district-karnataka-kharif-season-2020
701b42be-6874-4a3c-8db3-4169575d95d8,json,failed,Server error - Status: 503,Crop Survey of Shigganva Hobli of Shiggaon Taluk of Haveri District of Karnataka for Kharif Season 2020-21,text/json,,"Karnataka,Agriculture Department, Karnataka",,https://karnataka.data.gov.in/resource/crop-survey-shigganva-hobli-shiggaon-taluk-haveri-district-karnataka-kharif-season-2020-21
41530ff2-0eec-4a6b-99b0-c834bd3b99de,json,failed,Server error - Status: 503,Crop Survey of Nalavara Hobli of Chittapur Taluk of Kalaburgi District of Karnataka for Kharif Season 2020-21,text/json,,"Karnataka,Agriculture Department, Karnataka",,https://karnataka.data.gov.in/resource/crop-survey-nalavara-hobli-chittapur-taluk-kalaburgi-district-karnataka-kharif-season-2020
2f113481-e49a-4567-8d6a-a3389e21ecce,json,failed,Server error - Status: 503,Crop Survey of Hanamasagara Hobli of Kushtagi Taluk of Koppal District of Karnataka for Kharif Season 2020-21,text/json,,"Karnataka,Agriculture Department, Karnataka",,https://karnataka.data.gov.in/resource/crop-survey-hanamasagara-hobli-kushtagi-taluk-koppal-district-karnataka-kharif-season-2020
034a56ce-c674-41a2-acb8-0d69a7ba37a2,json,failed,Server error - Status: 503,Crop Survey of Shahabada Hobli of Chittapur Taluk of Kalaburgi District of Karnataka for Kharif Season 2020-21,text/json,,"Karnataka,Agriculture Department, Karnataka",,https://karnataka.data.gov.in/resource/crop-survey-shahabada-hobli-chittapur-taluk-kalaburgi-district-karnataka-kharif-season
da4e5001-f4d5-4dcf-a442-c8b76b022818,json,failed,Server error - Status: 503,Crop Survey of Tavaragera Hobli of Kushtagi Taluk of Koppal District of Karnataka for Kharif Season 2020-21,text/json,,"Karnataka,Agriculture Department, Karnataka",,https://karnataka.data.gov.in/resource/crop-survey-tavaragera-hobli-kushtagi-taluk-koppal-district-karnataka-kharif-season-2020
3e8f2d62-3cc2-43b3-938a-422e4482aa01,json,failed,Server error - Status: 503,Crop Survey of Arakera Hobli of Devdurga Taluk of Raichur District of Karnataka for Kharif Season 2020-21,text/json,,"Karnataka,Agriculture Department, Karnataka",,https://karnataka.data.gov.in/resource/crop-survey-arakera-hobli-devdurga-taluk-raichur-district-karnataka-kharif-season-2020-21
2c6b7f4a-35f1-43e6-8d49-3618e38add3f,json,failed,Server error - Status: 503, Crop Survey of Hirevankalakunta Hobli of Yelburga Taluk of Koppal District of Karnataka for Kharif Season 2020-21,text/json,,"Karnataka,Agriculture Department, Karnataka",,https://karnataka.data.gov.in/resource/crop-survey-hirevankalakunta-hobli-yelburga-taluk-koppal-district-karnataka-kharif-season
8fe0972d-8ef9-4e6c-87fa-a9a253ebfead,json,failed,Server error - Status: 503,Crop Survey of Yalaburga Hobli of Yelburga Taluk of Koppal District of Karnataka for Kharif Season 2020-21,text/json,,"Karnataka,Agriculture Department, Karnataka",,https://karnataka.data.gov.in/resource/crop-survey-yalaburga-hobli-yelburga-taluk-koppal-district-karnataka-kharif-season-2020-21
bcf557ac-8dab-44e0-8a0e-dab911faa68e,json,failed,Server error - Status: 503,Crop Survey of Devdurga Hobli of Devdurga Taluk of Raichur District of Karnataka for Kharif Season 2020-21,text/json,,"Karnataka,Agriculture Department, Karnataka",,https://karnataka.data.gov.in/resource/crop-survey-devdurga-hobli-devdurga-taluk-raichur-district-karnataka-kharif-season-2020-21
0b2065a0-3249-4841-b420-210ad5f75b5a,json,failed,Server error - Status: 503,Crop Survey of Avaradab Hobli of Gulbarga Taluk of Kalaburgi District of Karnataka for Kharif Season 2020-21,text/json,,"Karnataka,Agriculture Department, Karnataka",,https://karnataka.data.gov.in/resource/crop-survey-avaradab-hobli-gulbarga-taluk-kalaburgi-district-karnataka-kharif-season-2020
3318f285-68bd-496e-97b1-acad0f62eacc,json,failed,Server error - Status: 503, Crop Survey of Gabburu Hobli of Devdurga Taluk of Raichur District of Karnataka for Kharif Season 2020-21,text/json,,"Karnataka,Agriculture Department, Karnataka",,https://karnataka.data.gov.in/resource/crop-survey-gabburu-hobli-devdurga-taluk-raichur-district-karnataka-kharif-season-2020-21
9012e708-348a-49ff-b603-6d30da3f2ece,json,failed,Server error - Status: 503,Crop Survey of Farahatabada Hobli of Gulbarga Taluk of Kalaburgi District of Karnataka for Kharif Season 2020-21,text/json,,"Karnataka,Agriculture Department, Karnataka",,https://karnataka.data.gov.in/resource/crop-survey-farahatabada-hobli-gulbarga-taluk-kalaburgi-district-karnataka-kharif-season
47fc5327-dee3-4af0-ab5b-cd9808869df6,json,failed,Server error - Status: 503,Crop Survey of Jalahalli Hobli of Devdurga Taluk of Raichur District of Karnataka for Kharif Season 2020-21,text/json,,"Karnataka,Agriculture Department, Karnataka",,https://karnataka.data.gov.in/resource/crop-survey-jalahalli-hobli-devdurga-taluk-raichur-district-karnataka-kharif-season-2020
97f8940b-3652-4cdf-b9b9-4640ab786276,json,failed,Server error - Status: 503, Crop Survey of Holehonnuru Ai Hobli of Bhadravathi Taluk of Shimoga District of Karnataka for Kharif Season 2020-21,text/json,,"Karnataka,Agriculture Department, Karnataka",,https://karnataka.data.gov.in/resource/crop-survey-holehonnuru-ai-hobli-bhadravathi-taluk-shimoga-district-karnataka-kharif
ab6f7957-1ddf-49d5-9930-d2cafe539676,json,failed,Server error - Status: 503,Crop Survey of Gurugunta Hobli of Lingasugur Taluk of Raichur District of Karnataka for Kharif Season 2020-21,text/json,,"Karnataka,Agriculture Department, Karnataka",,https://karnataka.data.gov.in/resource/crop-survey-gurugunta-hobli-lingasugur-taluk-raichur-district-karnataka-kharif-season-2020
d8ff97c6-379f-4125-a6f8-3a6c69aa2e7a,json,failed,Server error - Status: 503, Crop Survey of Holehonnuru Aiai Hobli of Bhadravathi Taluk of Shimoga District of Karnataka for Kharif Season 2020-21,text/json,,"Karnataka,Agriculture Department, Karnataka",,https://karnataka.data.gov.in/resource/crop-survey-holehonnuru-aiai-hobli-bhadravathi-taluk-shimoga-district-karnataka-kharif
058c3a47-951c-45bf-9b42-b3f9bb33cc27,json,failed,Server error - Status: 503,Crop Survey of Gulabarga Hobli of Gulbarga Taluk of Kalaburgi District of Karnataka for Kharif Season 2020-21,text/json,,"Karnataka,Agriculture Department, Karnataka",,https://karnataka.data.gov.in/resource/crop-survey-gulabarga-hobli-gulbarga-taluk-kalaburgi-district-karnataka-kharif-season-2020
5825c827-6807-4914-916f-b2b9b7db6ca6,json,failed,Server error - Status: 503,Crop Survey of Lingasuguru Hobli of Lingasugur Taluk of Raichur District of Karnataka for Kharif Season 2020-21,text/json,,"Karnataka,Agriculture Department, Karnataka",,https://karnataka.data.gov.in/resource/crop-survey-lingasuguru-hobli-lingasugur-taluk-raichur-district-karnataka-kharif-season
e39c5d62-8e0a-49e5-bf17-19a96409480b,json,failed,Server error - Status: 503, Crop Survey of Holehonnuru Aiaiai Hobli of Bhadravathi Taluk of Shimoga District of Karnataka for Kharif Season 2020-21,text/json,,"Karnataka,Agriculture Department, Karnataka",,https://karnataka.data.gov.in/resource/crop-survey-holehonnuru-aiaiai-hobli-bhadravathi-taluk-shimoga-district-karnataka-kharif
9feb2efc-4f22-4010-8dbd-e089436d3619,json,failed,Server error - Status: 503,Crop Survey of Mudagal Hobli of Lingasugur Taluk of Raichur District of Karnataka for Kharif Season 2020-21,text/json,,"Karnataka,Agriculture Department, Karnataka",,https://karnataka.data.gov.in/resource/crop-survey-mudagal-hobli-lingasugur-taluk-raichur-district-karnataka-kharif-season-2020
6e3b2354-43ab-4259-84c1-3677405b4527,json,failed,Server error - Status: 503, Crop Survey of Kasaba Ai Hobli of Bhadravathi Taluk of Shimoga District of Karnataka for Kharif Season 2020-21,text/json,,"Karnataka,Agriculture Department, Karnataka",,https://karnataka.data.gov.in/resource/crop-survey-kasaba-ai-hobli-bhadravathi-taluk-shimoga-district-karnataka-kharif-season
0290aea0-3a14-4f24-86d4-ad24ef1cc448,json,failed,Server error - Status: 503,Crop Survey of Hirekotnikala Hobli of Manvi Taluk of Raichur District of Karnataka for Kharif Season 2020-21,text/json,,"Karnataka,Agriculture Department, Karnataka",,https://karnataka.data.gov.in/resource/crop-survey-hirekotnikala-hobli-manvi-taluk-raichur-district-karnataka-kharif-season-2020
6cde2d53-b362-4268-985d-4f71e0949ed0,json,failed,Server error - Status: 503,Crop Survey of Mahaganva Hobli of Gulbarga Taluk of Kalaburgi District of Karnataka for Kharif Season 2020-21,text/json,,"Karnataka,Agriculture Department, Karnataka",,https://karnataka.data.gov.in/resource/crop-survey-mahaganva-hobli-gulbarga-taluk-kalaburgi-district-karnataka-kharif-season-2020
1fd3a170-0068-42dc-9f59-945a09c2ba98,json,failed,Server error - Status: 503, Crop Survey of Kasaba Aiai Hobli of Bhadravathi Taluk of Shimoga District of Karnataka for Kharif Season 2020-21,text/json,,"Karnataka,Agriculture Department, Karnataka",,https://karnataka.data.gov.in/resource/crop-survey-kasaba-aiai-hobli-bhadravathi-taluk-shimoga-district-karnataka-kharif-season
db6a4ec0-7d29-4867-9647-4a48d97fa3b8,json,failed,Server error - Status: 503,Crop Survey of Kurdi Hobli of Manvi Taluk of Raichur District of Karnataka for Kharif Season 2020-21,text/json,,"Karnataka,Agriculture Department, Karnataka",,https://karnataka.data.gov.in/resource/crop-survey-kurdi-hobli-manvi-taluk-raichur-district-karnataka-kharif-season-2020-21
c09abf68-9bb1-4ff6-8bb3-96e77a3f930c,json,failed,Server error - Status: 503,Crop Survey of Kudligere Hobli of Bhadravathi Taluk of Shimoga District of Karnataka for Kharif Season 2020-21,text/json,,"Karnataka,Agriculture Department, Karnataka",,https://karnataka.data.gov.in/resource/crop-survey-kudligere-hobli-bhadravathi-taluk-shimoga-district-karnataka-kharif-season
0553393f-d2eb-430c-9ac7-898eb0dd74bb,json,failed,Server error - Status: 503,Crop Survey of Pattana Hobli of Gulbarga Taluk of Kalaburgi District of Karnataka for Kharif Season 2020-21,text/json,,"Karnataka,Agriculture Department, Karnataka",,https://karnataka.data.gov.in/resource/crop-survey-pattana-hobli-gulbarga-taluk-kalaburgi-district-karnataka-kharif-season-2020
5ac36402-1903-4a2d-ba20-f4e8858914c0,json,failed,Server error - Status: 503,Crop Survey of Manavi Hobli of Manvi Taluk of Raichur District of Karnataka for Kharif Season 2020-21,text/json,,"Karnataka,Agriculture Department, Karnataka",,https://karnataka.data.gov.in/resource/crop-survey-manavi-hobli-manvi-taluk-raichur-district-karnataka-kharif-season-2020-21
88a0acf0-3eed-481a-998d-9843a1645048,json,failed,Server error - Status: 503,Crop Survey of Huncha Hobli of Hosanagar Taluk of Shimoga District of Karnataka for Kharif Season 2020-21,text/json,,"Karnataka,Agriculture Department, Karnataka",,https://karnataka.data.gov.in/resource/crop-survey-huncha-hobli-hosanagar-taluk-shimoga-district-karnataka-kharif-season-2020-21
95310614-ae1a-4a00-ad4d-a984004d29e0,json,failed,Server error - Status: 503,Crop Survey of Balaganura Hobli of Maski Taluk of Raichur District of Karnataka for Kharif Season 2020-21,text/json,,"Karnataka,Agriculture Department, Karnataka",,https://karnataka.data.gov.in/resource/crop-survey-balaganura-hobli-maski-taluk-raichur-district-karnataka-kharif-season-2020-21
8f62bbf3-0a17-424e-b9ba-12feee0e3dc4,json,failed,Server error - Status: 503,Crop Survey of Andola Hobli of Jevargi Taluk of Kalaburgi District of Karnataka for Kharif Season 2020-21,text/json,,"Karnataka,Agriculture Department, Karnataka",,https://karnataka.data.gov.in/resource/crop-survey-andola-hobli-jevargi-taluk-kalaburgi-district-karnataka-kharif-season-2020-21
cf7b4dd7-fb2d-4ec2-85d1-80f6e3ccc277,json,failed,Server error - Status: 503,Crop Survey of Gudadura Hobli of Maski Taluk of Raichur District of Karnataka for Kharif Season 2020-21,text/json,,"Karnataka,Agriculture Department, Karnataka",,https://karnataka.data.gov.in/resource/crop-survey-gudadura-hobli-maski-taluk-raichur-district-karnataka-kharif-season-2020-21
6e20e8c3-11d3-4301-b66e-61249d3ae570,json,failed,Server error - Status: 503,Crop Survey of Kasaba Hobli of Hosanagar Taluk of Shimoga District of Karnataka for Kharif Season 2020-21,text/json,,"Karnataka,Agriculture Department, Karnataka",,https://karnataka.data.gov.in/resource/crop-survey-kasaba-hobli-hosanagar-taluk-shimoga-district-karnataka-kharif-season-2020-21
1f95c620-e6e7-4e0e-b2d4-39de818a6683,json,failed,Server error - Status: 503,Crop Survey of Gunjalli Hobli of Maski Taluk of Raichur District of Karnataka for Kharif Season 2020-21,text/json,,"Karnataka,Agriculture Department, Karnataka",,https://karnataka.data.gov.in/resource/crop-survey-gunjalli-hobli-maski-taluk-raichur-district-karnataka-kharif-season-2020-21
2c975f08-28c9-425a-96d8-35430d9477a6,json,failed,Server error - Status: 503,Crop Survey of Kerehalli Hobli of Hosanagar Taluk of Shimoga District of Karnataka for Kharif Season 2020-21,text/json,,"Karnataka,Agriculture Department, Karnataka",,https://karnataka.data.gov.in/resource/crop-survey-kerehalli-hobli-hosanagar-taluk-shimoga-district-karnataka-kharif-season-2020
24d186db-444c-4844-9fa5-ccb5a67548ce,json,failed,Server error - Status: 503,Crop Survey of Halapura Hobli of Maski Taluk of Raichur District of Karnataka for Kharif Season 2020-21,text/json,,"Karnataka,Agriculture Department, Karnataka",,https://karnataka.data.gov.in/resource/crop-survey-halapura-hobli-maski-taluk-raichur-district-karnataka-kharif-season-2020-21
fb86b60c-31ad-4cb1-863f-c7a5f8af3f20,json,failed,Server error - Status: 503,Crop Survey of Nagara Hobli of Hosanagar Taluk of Shimoga District of Karnataka for Kharif Season 2020-21,text/json,,"Karnataka,Agriculture Department, Karnataka",,https://karnataka.data.gov.in/resource/crop-survey-nagara-hobli-hosanagar-taluk-shimoga-district-karnataka-kharif-season-2020-21
76d8478a-036e-45dd-85c7-44a4507a0af1,json,failed,Server error - Status: 503, Crop Survey of Anandapura Hobli of Sagar Taluk of Shimoga District of Karnataka for Kharif Season 2020-21,text/json,,"Karnataka,Agriculture Department, Karnataka",,https://karnataka.data.gov.in/resource/crop-survey-anandapura-hobli-sagar-taluk-shimoga-district-karnataka-kharif-season-2020-21
cab97cae-ba5a-4c12-a842-e6b26d6c12dc,json,failed,Server error - Status: 503,Crop Survey of Avinahalli Hobli of Sagar Taluk of Shimoga District of Karnataka for Kharif Season 2020-21,text/json,,"Karnataka,Agriculture Department, Karnataka",,https://karnataka.data.gov.in/resource/crop-survey-avinahalli-hobli-sagar-taluk-shimoga-district-karnataka-kharif-season-2020-21
bce976dc-be87-44cd-a4c5-f5eae9124eaa,json,failed,Server error - Status: 503, Crop Survey of Barangi Hobli of Sagar Taluk of Shimoga District of Karnataka for Kharif Season 2020-21,text/json,,"Karnataka,Agriculture Department, Karnataka",,https://karnataka.data.gov.in/resource/crop-survey-barangi-hobli-sagar-taluk-shimoga-district-karnataka-kharif-season-2020-21
059b62af-eb45-42b5-9420-69dc46f9f10d,json,failed,Server error - Status: 503,Crop Survey of Karuru Hobli of Sagar Taluk of Shimoga District of Karnataka for Kharif Season 2020-21,text/json,,"Karnataka,Agriculture Department, Karnataka",,https://karnataka.data.gov.in/resource/crop-survey-karuru-hobli-sagar-taluk-shimoga-district-karnataka-kharif-season-2020-21
405729e9-477b-4fde-8761-02d41b1c02ed,json,failed,Server error - Status: 503, Crop Survey of Kasaba Hobli of Sagar Taluk of Shimoga District of Karnataka for Kharif Season 2020-21,text/json,,"Karnataka,Agriculture Department, Karnataka",,https://karnataka.data.gov.in/resource/crop-survey-kasaba-hobli-sagar-taluk-shimoga-district-karnataka-kharif-season-2020-21
6aaac4f5-3089-44d4-8c96-196c4de11df0,json,failed,Server error - Status: 503, Crop Survey of Maski Hobli of Maski Taluk of Raichur District of Karnataka for Kharif Season 2020-21,text/json,,"Karnataka,Agriculture Department, Karnataka",,https://karnataka.data.gov.in/resource/crop-survey-maski-hobli-maski-taluk-raichur-district-karnataka-kharif-season-2020-21
7ab15dd4-1bd8-4a6e-bfb4-b34cca4aa4f4,json,failed,Server error - Status: 503,Crop Survey of Talaguppa Hobli of Sagar Taluk of Shimoga District of Karnataka for Kharif Season 2020-21,text/json,,"Karnataka,Agriculture Department, Karnataka",,https://karnataka.data.gov.in/resource/crop-survey-talaguppa-hobli-sagar-taluk-shimoga-district-karnataka-kharif-season-2020-21
9d105761-c88b-4165-bc5a-2482f4e21c46,json,failed,Server error - Status: 503, Crop Survey of Anjanapura Hobli of Shikaripura Taluk of Shimoga District of Karnataka for Kharif Season 2020-21,text/json,,"Karnataka,Agriculture Department, Karnataka",,https://karnataka.data.gov.in/resource/crop-survey-anjanapura-hobli-shikaripura-taluk-shimoga-district-karnataka-kharif-season
6a01b424-2dba-4751-a021-b6d46ca60fc1,json,failed,Server error - Status: 503,Crop Survey of Pamanakallura Hobli of Maski Taluk of Raichur District of Karnataka for Kharif Season 2020-21,text/json,,"Karnataka,Agriculture Department, Karnataka",,https://karnataka.data.gov.in/resource/crop-survey-pamanakallura-hobli-maski-taluk-raichur-district-karnataka-kharif-season-2020
0b8fd297-b49a-438b-9da8-02faa9a2306d,json,failed,Server error - Status: 503, Crop Survey of Hosuru Hobli of Shikaripura Taluk of Shimoga District of Karnataka for Kharif Season 2020-21,text/json,,"Karnataka,Agriculture Department, Karnataka",,https://karnataka.data.gov.in/resource/crop-survey-hosuru-hobli-shikaripura-taluk-shimoga-district-karnataka-kharif-season-2020
1b451cde-fdf6-42ff-b979-2c032df83fcc,json,failed,Server error - Status: 503,Crop Survey of Kasaba Hobli of Shikaripura Taluk of Shimoga District of Karnataka for Kharif Season 2020-21,text/json,,"Karnataka,Agriculture Department, Karnataka",,https://karnataka.data.gov.in/resource/crop-survey-kasaba-hobli-shikaripura-taluk-shimoga-district-karnataka-kharif-season-2020
d3ec52d7-6648-4dfb-8bf0-d150a85b0c66,json,failed,Server error - Status: 503,Crop Survey of Turvihala Hobli of Maski Taluk of Raichur District of Karnataka for Kharif Season 2020-21,text/json,,"Karnataka,Agriculture Department, Karnataka",,https://karnataka.data.gov.in/resource/crop-survey-turvihala-hobli-maski-taluk-raichur-district-karnataka-kharif-season-2020-21
f12d0b6b-05be-495b-8a76-67fcb73df138,json,failed,Server error - Status: 503, Crop Survey of Talagunda Hobli of Shikaripura Taluk of Shimoga District of Karnataka for Kharif Season 2020-21,text/json,,"Karnataka,Agriculture Department, Karnataka",,https://karnataka.data.gov.in/resource/crop-survey-talagunda-hobli-shikaripura-taluk-shimoga-district-karnataka-kharif-season
300584ac-b507-4a37-994a-e42316942785,json,failed,Server error - Status: 503,Crop Survey of Chandrabanda Hobli of Maski Taluk of Raichur District of Karnataka for Kharif Season 2020-21,text/json,,"Karnataka,Agriculture Department, Karnataka",,https://karnataka.data.gov.in/resource/crop-survey-chandrabanda-hobli-maski-taluk-raichur-district-karnataka-kharif-season-2020
b9e860a8-b1aa-4bb6-8736-f6081a004178,json,failed,Server error - Status: 503,Crop Survey of Ijeri Hobli of Jevargi Taluk of Kalaburgi District of Karnataka for Kharif Season 2020-21,text/json,,"Karnataka,Agriculture Department, Karnataka",,https://karnataka.data.gov.in/resource/crop-survey-ijeri-hobli-jevargi-taluk-kalaburgi-district-karnataka-kharif-season-2020-21
4f177726-61ab-4094-bf70-491fa958913b,json,failed,Server error - Status: 503,Crop Survey of Udugani Hobli of Shikaripura Taluk of Shimoga District of Karnataka for Kharif Season 2020-21,text/json,,"Karnataka,Agriculture Department, Karnataka",,https://karnataka.data.gov.in/resource/crop-survey-udugani-hobli-shikaripura-taluk-shimoga-district-karnataka-kharif-season-2020
eedae165-e59b-4ed5-aedd-16059036ec62,json,failed,Server error - Status: 503,Crop Survey of Devasuguru Hobli of Maski Taluk of Raichur District of Karnataka for Kharif Season 2020-21,text/json,,"Karnataka,Agriculture Department, Karnataka",,https://karnataka.data.gov.in/resource/crop-survey-devasuguru-hobli-maski-taluk-raichur-district-karnataka-kharif-season-2020-21
0ce03a36-a1c3-4a78-ac8c-45d70b5baf2d,json,failed,Server error - Status: 503,Crop Survey of Gillesuguru Hobli of Maski Taluk of Raichur District of Karnataka for Kharif Season 2020-21,text/json,,"Karnataka,Agriculture Department, Karnataka",,https://karnataka.data.gov.in/resource/crop-survey-gillesuguru-hobli-maski-taluk-raichur-district-karnataka-kharif-season-2020-21
ccebf01e-31f4-4f3e-a18a-44bd0b5b6a1a,json,failed,Server error - Status: 503, Crop Survey of Ayanuru Hobli of Shimoga Taluk of Shimoga District of Karnataka for Kharif Season 2020-21,text/json,,"Karnataka,Agriculture Department, Karnataka",,https://karnataka.data.gov.in/resource/crop-survey-ayanuru-hobli-shimoga-taluk-shimoga-district-karnataka-kharif-season-2020-21
172e18c5-3ba1-477a-9c2a-79876b60cebf,json,failed,Server error - Status: 503,Crop Survey of Jevargi Hobli of Jevargi Taluk of Kalaburgi District of Karnataka for Kharif Season 2020-21,text/json,,"Karnataka,Agriculture Department, Karnataka",,https://karnataka.data.gov.in/resource/crop-survey-jevargi-hobli-jevargi-taluk-kalaburgi-district-karnataka-kharif-season-2020-21
d26dd1a4-7be7-455f-b28f-6d0f1c9c8f9d,json,failed,Server error - Status: 503,Crop Survey of Kalamala Hobli of Maski Taluk of Raichur District of Karnataka for Kharif Season 2020-21,text/json,,"Karnataka,Agriculture Department, Karnataka",,https://karnataka.data.gov.in/resource/crop-survey-kalamala-hobli-maski-taluk-raichur-district-karnataka-kharif-season-2020-21
51dd80bf-1875-4a2a-bbbe-3b7a1eac61ea,json,failed,Server error - Status: 503,Crop Survey of Holaluraaiai Hobli of Shimoga Taluk of Shimoga District of Karnataka for Kharif Season 2020-21,text/json,,"Karnataka,Agriculture Department, Karnataka",,https://karnataka.data.gov.in/resource/crop-survey-holaluraaiai-hobli-shimoga-taluk-shimoga-district-karnataka-kharif-season-2020
6dc3b8ad-7d49-47a2-a4e7-1f6ead4ff2da,json,failed,Server error - Status: 503,Crop Survey of Nelogi Hobli of Jevargi Taluk of Kalaburgi District of Karnataka for Kharif Season 2020-21,text/json,,"Karnataka,Agriculture Department, Karnataka",,https://karnataka.data.gov.in/resource/crop-survey-nelogi-hobli-jevargi-taluk-kalaburgi-district-karnataka-kharif-season-2020-21
518521dd-92eb-45aa-a259-cb80b038f153,json,failed,Server error - Status: 503,Crop Survey of Raichura Hobli of Maski Taluk of Raichur District of Karnataka for Kharif Season 2020-21,text/json,,"Karnataka,Agriculture Department, Karnataka",,https://karnataka.data.gov.in/resource/crop-survey-raichura-hobli-maski-taluk-raichur-district-karnataka-kharif-season-2020-21
7118cd8f-659d-437a-98ea-e8d8b2c9c2b7,json,failed,Server error - Status: 503,Crop Survey of Holaluruai Hobli of Shimoga Taluk of Shimoga District of Karnataka for Kharif Season 2020-21,text/json,,"Karnataka,Agriculture Department, Karnataka",,https://karnataka.data.gov.in/resource/crop-survey-holaluruai-hobli-shimoga-taluk-shimoga-district-karnataka-kharif-season-2020
6749af03-e8ea-4567-a5c2-61727c51eaca,json,failed,Server error - Status: 503,Crop Survey of Ainapura Hobli of Kalagi Taluk of Kalaburgi District of Karnataka for Kharif Season 2020-21,text/json,,"Karnataka,Agriculture Department, Karnataka",,https://karnataka.data.gov.in/resource/crop-survey-ainapura-hobli-kalagi-taluk-kalaburgi-district-karnataka-kharif-season-2020-21
6420067b-41c4-44b7-bf9e-bd024d3cefb2,json,failed,Server error - Status: 503,Crop Survey of Yaragera Hobli of Raichur Taluk of Raichur District of Karnataka for Kharif Season 2020-21,text/json,,"Karnataka,Agriculture Department, Karnataka",,https://karnataka.data.gov.in/resource/crop-survey-yaragera-hobli-raichur-taluk-raichur-district-karnataka-kharif-season-2020-21
af6945a2-5b66-400d-896a-e2e34a802e29,json,failed,"Timeout Error: HTTPSConnectionPool(host='kodi.karnataka.gov.in', port=443): Max retries exceeded with url: /Crop_Survey/api/CropSurvey/Getdata?key=MTU2MTExODE= (Caused by ConnectTimeoutError(<urllib3.connection.HTTPSConnection object at 0x7fc326a1be60>, 'Connection to kodi.karnataka.gov.in timed out. (connect timeout=5.0)'))",Crop Survey of Kasabaai Hobli of Shimoga Taluk of Shimoga District of Karnataka for Kharif Season 2020-21,text/json,,"Karnataka,Agriculture Department, Karnataka",,https://karnataka.data.gov.in/resource/crop-survey-kasabaai-hobli-shimoga-taluk-shimoga-district-karnataka-kharif-season-2020-21
a9995f36-e5ee-4298-9dd4-914294fde700,json,failed,Server error - Status: 503,Crop Survey of Yaragera Bidarli of Sindhanur Taluk of Raichur District of Karnataka for Kharif Season 2020-21,text/json,,"Karnataka,Agriculture Department, Karnataka",,https://karnataka.data.gov.in/resource/crop-survey-yaragera-bidarli-sindhanur-taluk-raichur-district-karnataka-kharif-season-2020
ce6de088-e321-450c-8641-964153356cd1,json,failed,Server error - Status: 503,Crop Survey of Kasabaaiai Hobli of Shimoga Taluk of Shimoga District of Karnataka for Kharif Season 2020-21,text/json,,"Karnataka,Agriculture Department, Karnataka",,https://karnataka.data.gov.in/resource/crop-survey-kasabaaiai-hobli-shimoga-taluk-shimoga-district-karnataka-kharif-season-2020
5c217f17-aae5-4ec9-95f3-173e917be42f,json,failed,Server error - Status: 503,Crop Survey of Gundagurti Hobli of Kalagi Taluk of Kalaburgi District of Karnataka for Kharif Season 2020-21,text/json,,"Karnataka,Agriculture Department, Karnataka",,https://karnataka.data.gov.in/resource/crop-survey-gundagurti-hobli-kalagi-taluk-kalaburgi-district-karnataka-kharif-season-2020
e752e7d5-5235-4a82-86aa-e5edf8fcc3db,json,failed,Server error - Status: 503,Crop Survey of Gorebala Bidarli of Sindhanur Taluk of Raichur District of Karnataka for Kharif Season 2020-21,text/json,,"Karnataka,Agriculture Department, Karnataka",,https://karnataka.data.gov.in/resource/crop-survey-gorebala-bidarli-sindhanur-taluk-raichur-district-karnataka-kharif-season-2020
01aca53c-cdbb-4e27-93c5-07cf05e03c27,json,failed,Server error - Status: 503,Crop Survey of Kunsi Hobli of Shimoga Taluk of Shimoga District of Karnataka for Kharif Season 2020-21,text/json,,"Karnataka,Agriculture Department, Karnataka",,https://karnataka.data.gov.in/resource/crop-survey-kunsi-hobli-shimoga-taluk-shimoga-district-karnataka-kharif-season-2020-21
1248129d-f474-4968-b354-43da8c02be27,json,failed,Server error - Status: 503, Crop Survey of Gunjalli Bidarli of Sindhanur Taluk of Raichur District of Karnataka for Kharif Season 2020-21,text/json,,"Karnataka,Agriculture Department, Karnataka",,https://karnataka.data.gov.in/resource/crop-survey-gunjalli-bidarli-sindhanur-taluk-raichur-district-karnataka-kharif-season-2020
7d32ef6c-1de4-44b7-973c-827d4e778db2,json,failed,Server error - Status: 503,Crop Survey of Nidigeai Hobli of Shimoga Taluk of Shimoga District of Karnataka for Kharif Season 2020-21,text/json,,"Karnataka,Agriculture Department, Karnataka",,https://karnataka.data.gov.in/resource/crop-survey-nidigeai-hobli-shimoga-taluk-shimoga-district-karnataka-kharif-season-2020-21
b81b60d4-203a-43b0-91bc-8dee35dfe7f5,json,failed,Server error - Status: 503, Crop Survey of Gedaginala Bidarli of Sindhanur Taluk of Raichur District of Karnataka for Kharif Season 2020-21,text/json,,"Karnataka,Agriculture Department, Karnataka",,https://karnataka.data.gov.in/resource/crop-survey-gedaginala-bidarli-sindhanur-taluk-raichur-district-karnataka-kharif-season
712468a2-0c7c-42b5-9916-67262a2d2cd3,json,failed,Server error - Status: 503, Crop Survey of Nidigeaiai Hobli of Shimoga Taluk of Shimoga District of Karnataka for Kharif Season 2020-21,text/json,,"Karnataka,Agriculture Department, Karnataka",,https://karnataka.data.gov.in/resource/crop-survey-nidigeaiai-hobli-shimoga-taluk-shimoga-district-karnataka-kharif-season-2020
70c4bfb5-71d4-47a1-b8ba-24a9274e642a,json,failed,Server error - Status: 503,Crop Survey of Huda Hobli of Sindhanur Taluk of Raichur District of Karnataka for Kharif Season 2020-2,text/json,,"Karnataka,Agriculture Department, Karnataka",,https://karnataka.data.gov.in/resource/crop-survey-huda-hobli-sindhanur-taluk-raichur-district-karnataka-kharif-season-2020-2
54e87c49-7cad-4528-a86a-a6090660db3a,json,failed,Server error - Status: 503, Crop Survey of Anavatti Hobli of Soraba Taluk of Shimoga District of Karnataka for Kharif Season 2020-21,text/json,,"Karnataka,Agriculture Department, Karnataka",,https://karnataka.data.gov.in/resource/crop-survey-anavatti-hobli-soraba-taluk-shimoga-district-karnataka-kharif-season-2020-21
b18ca56c-948c-4ad2-8b42-7ad1c58bc7b1,json,failed,Server error - Status: 503,Crop Survey of Kalagi Hobli of Kalagi Taluk of Kalaburgi District of Karnataka for Kharif Season 2020-21,text/json,,"Karnataka,Agriculture Department, Karnataka",,https://karnataka.data.gov.in/resource/crop-survey-kalagi-hobli-kalagi-taluk-kalaburgi-district-karnataka-kharif-season-2020-21
a01c3868-cb8f-4b76-8b91-f4609cef1053,json,failed,"Timeout Error: HTTPSConnectionPool(host='kodi.karnataka.gov.in', port=443): Max retries exceeded with url: /Crop_Survey/api/CropSurvey/Getdata?key=MTUyMzExODE= (Caused by ConnectTimeoutError(<urllib3.connection.HTTPSConnection object at 0x7fc326a10f20>, 'Connection to kodi.karnataka.gov.in timed out. (connect timeout=5.0)'))",Crop Survey of Chandragutti Hobli of Soraba Taluk of Shimoga District of Karnataka for Kharif Season 2020-21,text/json,,"Karnataka,Agriculture Department, Karnataka",,https://karnataka.data.gov.in/resource/crop-survey-chandragutti-hobli-soraba-taluk-shimoga-district-karnataka-kharif-season-2020
1f228078-3f24-48b2-9117-94ad03f6d5b2,json,failed,Server error - Status: 503,Crop Survey of Jalihala Hobli of Sindhanur Taluk of Raichur District of Karnataka for Kharif Season 2020-21,text/json,,"Karnataka,Agriculture Department, Karnataka",,https://karnataka.data.gov.in/resource/crop-survey-jalihala-hobli-sindhanur-taluk-raichur-district-karnataka-kharif-season-2020
ae381354-b61f-4dbd-a7ef-aa34d3fc2963,json,failed,Server error - Status: 503,Crop Survey of Jade Hobli of Soraba Taluk of Shimoga District of Karnataka for Kharif Season 2020-21,text/json,,"Karnataka,Agriculture Department, Karnataka",,https://karnataka.data.gov.in/resource/crop-survey-jade-hobli-soraba-taluk-shimoga-district-karnataka-kharif-season-2020-21
384ad054-408a-4b7f-beff-2a83459716e5,json,failed,Server error - Status: 503,Crop Survey of Kodli Hobli of Kalagi Taluk of Kalaburgi District of Karnataka for Kharif Season 2020-21,text/json,,"Karnataka,Agriculture Department, Karnataka",,https://karnataka.data.gov.in/resource/crop-survey-kodli-hobli-kalagi-taluk-kalaburgi-district-karnataka-kharif-season-2020-21
9b0216dd-83ee-4dad-92b5-9405adf504c1,json,failed,Server error - Status: 503,Crop Survey of Javalagera Hobli of Sindhanur Taluk of Raichur District of Karnataka for Kharif Season 2020-21,text/json,,"Karnataka,Agriculture Department, Karnataka",,https://karnataka.data.gov.in/resource/crop-survey-javalagera-hobli-sindhanur-taluk-raichur-district-karnataka-kharif-season-2020
0817371c-acc8-4085-a07a-422333febb8c,json,failed,Server error - Status: 503,Crop Survey of Kasaba Hobli of Soraba Taluk of Shimoga District of Karnataka for Kharif Season 2020-21,text/json,,"Karnataka,Agriculture Department, Karnataka",,https://karnataka.data.gov.in/resource/crop-survey-kasaba-hobli-soraba-taluk-shimoga-district-karnataka-kharif-season-2020-21
28691d1a-dd5e-4095-b805-3ff970f67d55,json,failed,Server error - Status: 503,Crop Survey of Kunnatagi Hobli of Sindhanur Taluk of Raichur District of Karnataka for Kharif Season 2020-21,text/json,,"Karnataka,Agriculture Department, Karnataka",,https://karnataka.data.gov.in/resource/crop-survey-kunnatagi-hobli-sindhanur-taluk-raichur-district-karnataka-kharif-season-2020
b453df92-2e13-4886-9826-dfa6786ebd2e,json,failed,Server error - Status: 503,Crop Survey of Kuppagadde Hobli of Soraba Taluk of Shimoga District of Karnataka for Kharif Season 2020-21,text/json,,"Karnataka,Agriculture Department, Karnataka",,https://karnataka.data.gov.in/resource/crop-survey-kuppagadde-hobli-soraba-taluk-shimoga-district-karnataka-kharif-season-2020-21
530af944-55bc-4818-90d8-587fe79466a5,json,failed,Server error - Status: 503,Crop Survey of Ulavi Hobli of Soraba Taluk of Shimoga District of Karnataka for Kharif Season 2020-21,text/json,,"Karnataka,Agriculture Department, Karnataka",,https://karnataka.data.gov.in/resource/crop-survey-ulavi-hobli-soraba-taluk-shimoga-district-karnataka-kharif-season-2020-21
7f1cd00d-9273-4818-b705-01c4bc4ce1ca,json,failed,Server error - Status: 503,Crop Survey of Ainapura Hobli of Kamalapura Taluk of Kalaburgi District of Karnataka for Kharif Season 2020-21,text/json,,"Karnataka,Agriculture Department, Karnataka",,https://karnataka.data.gov.in/resource/crop-survey-ainapura-hobli-kamalapura-taluk-kalaburgi-district-karnataka-kharif-season
accb93f2-bb31-4053-8d57-d0aa6b09b40b,json,failed,Server error - Status: 503,Crop Survey of Salgunda Hobli of Sindhanur Taluk of Raichur District of Karnataka for Kharif Season 2020-21,text/json,,"Karnataka,Agriculture Department, Karnataka",,https://karnataka.data.gov.in/resource/crop-survey-salgunda-hobli-sindhanur-taluk-raichur-district-karnataka-kharif-season-2020
c18f4762-3d34-461a-a21f-81379a71b96c,json,failed,Server error - Status: 503,Crop Survey of Agrahara Hobli of Thirthally Taluk of Shimoga District of Karnataka for Kharif Season 2020-21,text/json,,"Karnataka,Agriculture Department, Karnataka",,https://karnataka.data.gov.in/resource/crop-survey-agrahara-hobli-thirthally-taluk-shimoga-district-karnataka-kharif-season-2020
a62b2f1f-7415-45d1-a3c2-98a76f772973,json,failed,Server error - Status: 503, Crop Survey of Agumbe Hobli of Thirthally Taluk of Shimoga District of Karnataka for Kharif Season 2020-21,text/json,,"Karnataka,Agriculture Department, Karnataka",,https://karnataka.data.gov.in/resource/crop-survey-agumbe-hobli-thirthally-taluk-shimoga-district-karnataka-kharif-season-2020-21
277f02d0-03bc-4504-bdf9-3edd5ed5462e,json,failed,Server error - Status: 503,Crop Survey of Kamalapura Hobli of Kamalapura Taluk of Kalaburgi District of Karnataka for Kharif Season 2020-21,text/json,,"Karnataka,Agriculture Department, Karnataka",,https://karnataka.data.gov.in/resource/crop-survey-kamalapura-hobli-kamalapura-taluk-kalaburgi-district-karnataka-kharif-season
e360c023-5e56-467d-8b05-52663d011d16,json,failed,"Timeout Error: HTTPSConnectionPool(host='kodi.karnataka.gov.in', port=443): Max retries exceeded with url: /Crop_Survey/api/CropSurvey/Getdata?key=MTU1MTExODE= (Caused by ConnectTimeoutError(<urllib3.connection.HTTPSConnection object at 0x7fc326a186b0>, 'Connection to kodi.karnataka.gov.in timed out. (connect timeout=5.0)'))",Crop Survey of Kasaba Hobli of Thirthally Taluk of Shimoga District of Karnataka for Kharif Season 2020-21,text/json,,"Karnataka,Agriculture Department, Karnataka",,https://karnataka.data.gov.in/resource/crop-survey-kasaba-hobli-thirthally-taluk-shimoga-district-karnataka-kharif-season-2020-21
e3f56322-29ca-4780-a272-539ea2df9130,json,failed,"Timeout Error: HTTPSConnectionPool(host='kodi.karnataka.gov.in', port=443): Max retries exceeded with url: /Crop_Survey/api/CropSurvey/Getdata?key=NjUxMTE4MQ== (Caused by ConnectTimeoutError(<urllib3.connection.HTTPSConnection object at 0x7fc327fea5a0>, 'Connection to kodi.karnataka.gov.in timed out. (connect timeout=5.0)'))",Crop Survey of Sindhanura Hobli of Sindhanur Taluk of Raichur District of Karnataka for Kharif Season 2020-21,text/json,,"Karnataka,Agriculture Department, Karnataka",,https://karnataka.data.gov.in/resource/crop-survey-sindhanura-hobli-sindhanur-taluk-raichur-district-karnataka-kharif-season-2020
c453a597-a200-4467-b742-8cbc461ac9ec,json,failed,"Timeout Error: HTTPSConnectionPool(host='kodi.karnataka.gov.in', port=443): Max retries exceeded with url: /Crop_Survey/api/CropSurvey/Getdata?key=NDEyNDExODE= (Caused by ConnectTimeoutError(<urllib3.connection.HTTPSConnection object at 0x7fc326a0c9b0>, 'Connection to kodi.karnataka.gov.in timed out. (connect timeout=5.0)'))",Crop Survey of Mahaganva Hobli of Kamalapura Taluk of Kalaburgi District of Karnataka for Kharif Season 2020-21,text/json,,"Karnataka,Agriculture Department, Karnataka",,https://karnataka.data.gov.in/resource/crop-survey-mahaganva-hobli-kamalapura-taluk-kalaburgi-district-karnataka-kharif-season
0e082f49-be8f-4e2e-853e-452049c3485b,json,failed,"Timeout Error: HTTPSConnectionPool(host='kodi.karnataka.gov.in', port=443): Max retries exceeded with url: /Crop_Survey/api/CropSurvey/Getdata?key=MTU1NDExODE= (Caused by ConnectTimeoutError(<urllib3.connection.HTTPSConnection object at 0x7fc326a14fe0>, 'Connection to kodi.karnataka.gov.in timed out. (connect timeout=5.0)'))", Crop Survey of Mandagadde Hobli of Thirthally Taluk of Shimoga District of Karnataka for Kharif Season 2020-21,text/json,,"Karnataka,Agriculture Department, Karnataka",,https://karnataka.data.gov.in/resource/crop-survey-mandagadde-hobli-thirthally-taluk-shimoga-district-karnataka-kharif-season
576ecd0b-8f95-4706-b8b5-dc58dd9aee30,json,failed,"Timeout Error: HTTPSConnectionPool(host='kodi.karnataka.gov.in', port=443): Max retries exceeded with url: /Crop_Survey/api/CropSurvey/Getdata?key=NjUxNDExODE= (Caused by ConnectTimeoutError(<urllib3.connection.HTTPSConnection object at 0x7fc326a1ee40>, 'Connection to kodi.karnataka.gov.in timed out. (connect timeout=5.0)'))",Crop Survey of Turvihala Hobli of Sindhanur Taluk of Raichur District of Karnataka for Kharif Season 2020-21,text/json,,"Karnataka,Agriculture Department, Karnataka",,https://karnataka.data.gov.in/resource/crop-survey-turvihala-hobli-sindhanur-taluk-raichur-district-karnataka-kharif-season-2020
7ea365fb-bd0f-4045-8475-1766f615cf0a,json,failed,"Timeout Error: HTTPSConnectionPool(host='kodi.karnataka.gov.in', port=443): Max retries exceeded with url: /Crop_Survey/api/CropSurvey/Getdata?key=MTU1MjExODE= (Caused by ConnectTimeoutError(<urllib3.connection.HTTPSConnection object at 0x7fc326a1fa70>, 'Connection to kodi.karnataka.gov.in timed out. (connect timeout=5.0)'))", Crop Survey of Mutturu Hobli of Thirthally Taluk of Shimoga District of Karnataka for Kharif Season 2020-21,text/json,,"Karnataka,Agriculture Department, Karnataka",,https://karnataka.data.gov.in/resource/crop-survey-mutturu-hobli-thirthally-taluk-shimoga-district-karnataka-kharif-season-2020
ffa9220a-79b8-431f-81a2-9be1b5001db7,json,failed,Server error - Status: 503,Crop Survey of Narona Hobli of Kamalapura Taluk of Kalaburgi District of Karnataka for Kharif Season 2020-21,text/json,,"Karnataka,Agriculture Department, Karnataka",,https://karnataka.data.gov.in/resource/crop-survey-narona-hobli-kamalapura-taluk-kalaburgi-district-karnataka-kharif-season-2020
736b33c7-9467-463d-bfc3-3e9f2382bb80,json,failed,Server error - Status: 503,Crop Survey of Kalluru Hobli of Siravara Taluk of Raichur District of Karnataka for Kharif Season 2020-21,text/json,,"Karnataka,Agriculture Department, Karnataka",,https://karnataka.data.gov.in/resource/crop-survey-kalluru-hobli-siravara-taluk-raichur-district-karnataka-kharif-season-2020-21
673c4f19-323c-4376-aa85-351becc25f16,json,failed,Server error - Status: 503,Crop Survey of Adaki Hobli of Sedam Taluk of Kalaburgi District of Karnataka for Kharif Season 2020-21,text/json,,"Karnataka,Agriculture Department, Karnataka",,https://karnataka.data.gov.in/resource/crop-survey-adaki-hobli-sedam-taluk-kalaburgi-district-karnataka-kharif-season-2020-21
d4e6c401-5bc9-4a62-a454-83821308aa01,json,failed,Server error - Status: 503,Crop Survey of Kavitala Hobli of Siravara Taluk of Raichur District of Karnataka for Kharif Season 2020-21,text/json,,"Karnataka,Agriculture Department, Karnataka",,https://karnataka.data.gov.in/resource/crop-survey-kavitala-hobli-siravara-taluk-raichur-district-karnataka-kharif-season-2020-21
ae14f2a3-d88f-4032-857c-e7e572bb95ed,json,failed,Server error - Status: 503,Crop Survey of Kodla Hobli of Sedam Taluk of Kalaburgi District of Karnataka for Kharif Season 2020-21,text/json,,"Karnataka,Agriculture Department, Karnataka",,https://karnataka.data.gov.in/resource/crop-survey-kodla-hobli-sedam-taluk-kalaburgi-district-karnataka-kharif-season-2020-21
4a21aa3c-efd6-44ca-867a-03061a648fa8,json,failed,Server error - Status: 503,Crop Survey of Mallata Hobli of Siravara Taluk of Raichur District of Karnataka for Kharif Season 2020-21,text/json,,"Karnataka,Agriculture Department, Karnataka",,https://karnataka.data.gov.in/resource/crop-survey-mallata-hobli-siravara-taluk-raichur-district-karnataka-kharif-season-2020-21
af2b1e86-6dad-4748-a320-dce21ac3010e,json,failed,Server error - Status: 503,Crop Survey of Mudola Hobli of Sedam Taluk of Kalaburgi District of Karnataka for Kharif Season 2020-21,text/json,,"Karnataka,Agriculture Department, Karnataka",,https://karnataka.data.gov.in/resource/crop-survey-mudola-hobli-sedam-taluk-kalaburgi-district-karnataka-kharif-season-2020-21
29c481c3-8aac-4a4e-9069-0c86ebfb33ec,json,failed,Server error - Status: 503,Crop Survey of Siravara  Hobli of Siravara Taluk of Raichur District of Karnataka for Kharif Season 2020-21,text/json,,"Karnataka,Agriculture Department, Karnataka",,https://karnataka.data.gov.in/resource/crop-survey-siravara-hobli-siravara-taluk-raichur-district-karnataka-kharif-season-2020-21
13c5d926-8271-4762-b967-c89e92fd7ac2,json,failed,Server error - Status: 503,Crop Survey of Sedam Hobli of Sedam Taluk of Kalaburgi District of Karnataka for Kharif Season 2020-21,text/json,,"Karnataka,Agriculture Department, Karnataka",,https://karnataka.data.gov.in/resource/crop-survey-sedam-hobli-sedam-taluk-kalaburgi-district-karnataka-kharif-season-2020-21
ba8dd3c4-06b8-4fe6-ace6-b3ec07d57673,json,failed,Server error - Status: 503,Crop Survey of Shahabada Hobli of Shahabada Taluk of Kalaburgi District of Karnataka for Kharif Season 2020-21,text/json,,"Karnataka,Agriculture Department, Karnataka",,https://karnataka.data.gov.in/resource/crop-survey-shahabada-hobli-shahabada-taluk-kalaburgi-district-karnataka-kharif-season
ddc3a678-8cb5-4305-b91f-6fe90842f966,json,failed,Server error - Status: 503,Crop Survey of Andola Hobli of Yadrami Taluk of Kalaburgi District of Karnataka for Kharif Season 2020-21,text/json,,"Karnataka,Agriculture Department, Karnataka",,https://karnataka.data.gov.in/resource/crop-survey-andola-hobli-yadrami-taluk-kalaburgi-district-karnataka-kharif-season-2020-21
bc0b95ef-6c01-4ad0-af27-2b9cc6f084ad,json,failed,Server error - Status: 503,Crop Survey of Ijeri Hobli of Yadrami Taluk of Kalaburgi District of Karnataka for Kharif Season 2020-21,text/json,,"Karnataka,Agriculture Department, Karnataka",,https://karnataka.data.gov.in/resource/crop-survey-ijeri-hobli-yadrami-taluk-kalaburgi-district-karnataka-kharif-season-2020-21
b9b7692b-fffd-457c-ad92-3c9a23181664,json,failed,Server error - Status: 503,Crop Survey of Yadrami Hobli of Yadrami Taluk of Kalaburgi District of Karnataka for Kharif Season 2020-21,text/json,,"Karnataka,Agriculture Department, Karnataka",,https://karnataka.data.gov.in/resource/crop-survey-yadrami-hobli-yadrami-taluk-kalaburgi-district-karnataka-kharif-season-2020-21
7ae0911b-cf11-4936-b338-941711969bca,json,failed,Server error - Status: 503,Crop Survey of Ankola Hobli of Ankola Taluk of Uttara Kannada District of Karnataka for Kharif Season 2020-21,text/json,,"Karnataka,Agriculture Department, Karnataka",,https://karnataka.data.gov.in/resource/crop-survey-ankola-hobli-ankola-taluk-uttara-kannada-district-karnataka-kharif-season-0
906d7564-94cc-4ffd-806f-0d18e1b8a16f,json,failed,Server error - Status: 503,Crop Survey of Balale Hobli of Ankola Taluk of Uttara Kannada District of Karnataka for Kharif Season 2020-21,text/json,,"Karnataka,Agriculture Department, Karnataka",,https://karnataka.data.gov.in/resource/crop-survey-balale-hobli-ankola-taluk-uttara-kannada-district-karnataka-kharif-season-2020
9c03c33a-89ac-4a1f-a98b-d511668d0eea,json,failed,Server error - Status: 503,Crop Survey of Bada Hobli of Karwar Taluk of Uttar Kannada District of Karnataka for Kharif Season 2020-21,text/json,,"Karnataka,Agriculture Department, Karnataka",,https://karnataka.data.gov.in/resource/crop-survey-bada-hobli-karwar-taluk-uttar-kannada-district-karnataka-kharif-season-2020-0
c3f2dd16-244f-4c83-87b5-6ba6cbdb77e6,json,failed,Server error - Status: 503,Crop Survey of Basagoda Hobli of Ankola Taluk of Uttara Kannada District of Karnataka for Kharif Season 2020-21,text/json,,"Karnataka,Agriculture Department, Karnataka",,https://karnataka.data.gov.in/resource/crop-survey-basagoda-hobli-ankola-taluk-uttara-kannada-district-karnataka-kharif-season
655e2e35-8212-4c11-a4cf-a5c22eb10111,json,failed,Server error - Status: 503, Crop Survey of Belekeri Hobli of Ankola Taluk of Uttara Kannada District of Karnataka for Kharif Season 2020-21,text/json,,"Karnataka,Agriculture Department, Karnataka",,https://karnataka.data.gov.in/resource/crop-survey-belekeri-hobli-ankola-taluk-uttara-kannada-district-karnataka-kharif-season
f8d0352d-3eea-43d6-97d6-1fb23b1c08fe,json,failed,Server error - Status: 503,Crop Survey of Ghadasayi Hobli of Karwar Taluk of Uttar Kannada District of Karnataka for Kharif Season 2020-21,text/json,,"Karnataka,Agriculture Department, Karnataka",,https://karnataka.data.gov.in/resource/crop-survey-ghadasayi-hobli-karwar-taluk-uttar-kannada-district-karnataka-kharif-season
d97506f8-7e0c-4dbf-94b1-c221e4ebfb35,json,failed,Server error - Status: 503,Crop Survey of Mavalli Hobli of Ankola Bhatkal of Uttara Kannada District of Karnataka for Kharif Season 2020-21,text/json,,"Karnataka,Agriculture Department, Karnataka",,https://karnataka.data.gov.in/resource/crop-survey-mavalli-hobli-ankola-bhatkal-uttara-kannada-district-karnataka-kharif-season
62816e34-ec4a-46d7-9c8e-854b6b5b288a,json,failed,Server error - Status: 503,Crop Survey of Susagadi Hobli of Ankola Bhatkal of Uttara Kannada District of Karnataka for Kharif Season 2020-21,text/json,,"Karnataka,Agriculture Department, Karnataka",,https://karnataka.data.gov.in/resource/crop-survey-susagadi-hobli-ankola-bhatkal-uttara-kannada-district-karnataka-kharif-season
ae9584c6-0151-43bd-bd51-36fb5103dc7f,json,failed,Server error - Status: 503,Crop Survey of Kinnara Hobli of Karwar Taluk of Uttar Kannada District of Karnataka for Kharif Season 2020-21,text/json,,"Karnataka,Agriculture Department, Karnataka",,https://karnataka.data.gov.in/resource/crop-survey-kinnara-hobli-karwar-taluk-uttar-kannada-district-karnataka-kharif-season-2020
3a8eca8d-b216-4de9-896f-cc2c91d5e218,json,failed,Server error - Status: 503, Crop Survey Dandeli Hobli of Ankola Dandeli of Uttara Kannada District of Karnataka for Kharif Season 2020-21,text/json,,"Karnataka,Agriculture Department, Karnataka",,https://karnataka.data.gov.in/resource/crop-survey-dandeli-hobli-ankola-dandeli-uttara-kannada-district-karnataka-kharif-season
cd298bec-908e-429f-9ea5-8fa0066ac910,json,failed,Server error - Status: 503,Crop Survey of Savantavada Hobli of Karwar Taluk of Uttar Kannada District of Karnataka for Kharif Season 2020-21,text/json,,"Karnataka,Agriculture Department, Karnataka",,https://karnataka.data.gov.in/resource/crop-survey-savantavada-hobli-karwar-taluk-uttar-kannada-district-karnataka-kharif-season
6d6d09f7-5534-4855-a0ba-0c4d100c9dd6,json,failed,Server error - Status: 503,Crop Survey Sambrani Hobli of Ankola Dandeli of Uttara Kannada District of Karnataka for Kharif Season 2020-21,text/json,,"Karnataka,Agriculture Department, Karnataka",,https://karnataka.data.gov.in/resource/crop-survey-sambrani-hobli-ankola-dandeli-uttara-kannada-district-karnataka-kharif-season
e4da342b-2b75-4fb4-a501-d0e0d8bd4068,json,failed,Server error - Status: 503,Crop Survey of Gokarna Hobli of Kumta Taluk of Uttar Kannada District of Karnataka for Kharif Season 2020-21,text/json,,"Karnataka,Agriculture Department, Karnataka",,https://karnataka.data.gov.in/resource/crop-survey-gokarna-hobli-kumta-taluk-uttar-kannada-district-karnataka-kharif-season-2020
8fedfaa0-9f03-4de2-9f1c-bcd95d0f1c5b,json,failed,Server error - Status: 503,Crop Survey Dandeli Hobli of Haliyal Taluk of Uttara Kannada District of Karnataka for Kharif Season 2020-21,text/json,,"Karnataka,Agriculture Department, Karnataka",,https://karnataka.data.gov.in/resource/crop-survey-dandeli-hobli-haliyal-taluk-uttara-kannada-district-karnataka-kharif-season
1a188868-068f-4fb9-b32f-2335af75d020,json,failed,Server error - Status: 503,Crop Survey of Kujalli Hobli of Kumta Taluk of Uttar Kannada District of Karnataka for Kharif Season 2020-21,text/json,,"Karnataka,Agriculture Department, Karnataka",,https://karnataka.data.gov.in/resource/crop-survey-kujalli-hobli-kumta-taluk-uttar-kannada-district-karnataka-kharif-season-2020
cab8283e-0eba-4691-bb34-a6ea5c75bde9,json,failed,Server error - Status: 503,Crop Survey of Kumata Hobli of Kumta Taluk of Uttar Kannada District of Karnataka for Kharif Season 2020-21,text/json,,"Karnataka,Agriculture Department, Karnataka",,https://karnataka.data.gov.in/resource/crop-survey-kumata-hobli-kumta-taluk-uttar-kannada-district-karnataka-kharif-season-2020
1a59bd16-723b-4f1b-b8ac-14577a7a8e0a,json,failed,Server error - Status: 503,Crop Survey of Mirjana Hobli of Kumta Taluk of Uttar Kannada District of Karnataka for Kharif Season 2020-21,text/json,,"Karnataka,Agriculture Department, Karnataka",,https://karnataka.data.gov.in/resource/crop-survey-mirjana-hobli-kumta-taluk-uttar-kannada-district-karnataka-kharif-season-2020
6de3833e-186b-4f71-aa79-dfecb0bf4dee,json,failed,Server error - Status: 503,Crop Survey Haliyal Hobli of Haliyal Taluk of Uttara Kannada District of Karnataka for Kharif Season 2020-21,text/json,,"Karnataka,Agriculture Department, Karnataka",,https://karnataka.data.gov.in/resource/crop-survey-haliyal-hobli-haliyal-taluk-uttara-kannada-district-karnataka-kharif-season
e92ba0e4-291e-4c76-9a13-f4ff5504af02,json,failed,Server error - Status: 503,Crop Survey Murkavada Hobli of Haliyal Taluk of Uttara Kannada District of Karnataka for Kharif Season 2020-21,text/json,,"Karnataka,Agriculture Department, Karnataka",,https://karnataka.data.gov.in/resource/crop-survey-murkavada-hobli-haliyal-taluk-uttara-kannada-district-karnataka-kharif-season
ec44c90c-2c72-41b2-b931-ba7bcf71dba3,json,failed,Server error - Status: 503,Crop Survey of Mundagoda Hobli of Mundgod Taluk of Uttar Kannada District of Karnataka for Kharif Season 2020-21,text/json,,"Karnataka,Agriculture Department, Karnataka",,https://karnataka.data.gov.in/resource/crop-survey-mundagoda-hobli-mundgod-taluk-uttar-kannada-district-karnataka-kharif-season
4a93ce86-51be-49cd-8283-573b2494ffef,json,failed,Server error - Status: 503,Crop Survey Sambrani Hobli of Haliyal Taluk of Uttara Kannada District of Karnataka for Kharif Season 2020-21,text/json,,"Karnataka,Agriculture Department, Karnataka",,https://karnataka.data.gov.in/resource/crop-survey-sambrani-hobli-haliyal-taluk-uttara-kannada-district-karnataka-kharif-season
7d7b1111-5af8-4120-8210-cc8962a9c29b,json,failed,Server error - Status: 503,Crop Survey Honnavar Hobli of Honnavar Taluk of Uttara Kannada District of Karnataka for Kharif Season 2020-21,text/json,,"Karnataka,Agriculture Department, Karnataka",,https://karnataka.data.gov.in/resource/crop-survey-honnavar-hobli-honnavar-taluk-uttara-kannada-district-karnataka-kharif-season
940e8add-d25d-45fc-86ea-dc92fd3be954,json,failed,Server error - Status: 503,Crop Survey of Pala Hobli of Mundgod Taluk of Uttar Kannada District of Karnataka for Kharif Season 2020-21,text/json,,"Karnataka,Agriculture Department, Karnataka",,https://karnataka.data.gov.in/resource/crop-survey-pala-hobli-mundgod-taluk-uttar-kannada-district-karnataka-kharif-season-2020
1988e5e3-3b53-4774-926c-b625f37095ff,json,failed,Server error - Status: 503,Crop Survey of Kodkani Hobli of Siddapur Taluk of Uttar Kannada District of Karnataka for Kharif Season 2020-21,text/json,,"Karnataka,Agriculture Department, Karnataka",,https://karnataka.data.gov.in/resource/crop-survey-kodkani-hobli-siddapur-taluk-uttar-kannada-district-karnataka-kharif-season
9109da5b-0a1a-4cb5-8466-0be6e14e7c59,json,failed,Server error - Status: 503,Crop Survey Manki Hobli of Honnavar Taluk of Uttara Kannada District of Karnataka for Kharif Season 2020-21,text/json,,"Karnataka,Agriculture Department, Karnataka",,https://karnataka.data.gov.in/resource/crop-survey-manki-hobli-honnavar-taluk-uttara-kannada-district-karnataka-kharif-season
710ee36e-7682-4930-84a6-ae5c0444cd5b,json,failed,Server error - Status: 503,Crop Survey Mavinakurva Hobli of Honnavar Taluk of Uttara Kannada District of Karnataka for Kharif Season 2020-21,text/json,,"Karnataka,Agriculture Department, Karnataka",,https://karnataka.data.gov.in/resource/crop-survey-mavinakurva-hobli-honnavar-taluk-uttara-kannada-district-karnataka-kharif
0ccd691c-4197-4cf5-8cc3-5e5e701d128e,json,failed,Server error - Status: 503,Crop Survey of Kondli Hobli of Siddapur Taluk of Uttar Kannada District of Karnataka for Kharif Season 2020-21,text/json,,"Karnataka,Agriculture Department, Karnataka",,https://karnataka.data.gov.in/resource/crop-survey-kondli-hobli-siddapur-taluk-uttar-kannada-district-karnataka-kharif-season
09ff67bb-07cf-469c-822d-97179318ac46,json,failed,Server error - Status: 503,Crop Survey of Umbalamane Hobli of Siddapur Taluk of Uttar Kannada District of Karnataka for Kharif Season 2020-21,text/json,,"Karnataka,Agriculture Department, Karnataka",,https://karnataka.data.gov.in/resource/crop-survey-umbalamane-hobli-siddapur-taluk-uttar-kannada-district-karnataka-kharif-season
df8452f1-9202-4175-a855-faa856bd6037,json,failed,Server error - Status: 503,Crop Survey of Banavasi Hobli of Sirsi Taluk of Uttar Kannada District of Karnataka for Kharif Season 2020-21,text/json,,"Karnataka,Agriculture Department, Karnataka",,https://karnataka.data.gov.in/resource/crop-survey-banavasi-hobli-sirsi-taluk-uttar-kannada-district-karnataka-kharif-season-2020
df093d2e-3a14-4952-b980-a36fd8ce09c9,json,failed,Server error - Status: 503,Crop Survey of Hulekal Hobli of Sirsi Taluk of Uttar Kannada District of Karnataka for Kharif Season 2020-21,text/json,,"Karnataka,Agriculture Department, Karnataka",,https://karnataka.data.gov.in/resource/crop-survey-hulekal-hobli-sirsi-taluk-uttar-kannada-district-karnataka-kharif-season-2020
02d05fb3-e664-4835-8feb-b107ace6888f,json,failed,Server error - Status: 503,Crop Survey of Sampakhanda Hobli of Sirsi Taluk of Uttar Kannada District of Karnataka for Kharif Season 2020-21,text/json,,"Karnataka,Agriculture Department, Karnataka",,https://karnataka.data.gov.in/resource/crop-survey-sampakhanda-hobli-sirsi-taluk-uttar-kannada-district-karnataka-kharif-season
b35d2436-5a81-46b6-a218-5999c319859c,json,failed,Server error - Status: 503,Crop Survey of Shirasi Hobli of Sirsi Taluk of Uttar Kannada District of Karnataka for Kharif Season 2020-21,text/json,,"Karnataka,Agriculture Department, Karnataka",,https://karnataka.data.gov.in/resource/crop-survey-shirasi-hobli-sirsi-taluk-uttar-kannada-district-karnataka-kharif-season-2020
6a7f117a-4c8b-49b9-9bf2-e1b097b6eaea,json,failed,Server error - Status: 503,Crop Survey of Manchikeri Hobli of Yellapur Taluk of Uttar Kannada District of Karnataka for Kharif Season 2020-21,text/json,,"Karnataka,Agriculture Department, Karnataka",,https://karnataka.data.gov.in/resource/crop-survey-manchikeri-hobli-yellapur-taluk-uttar-kannada-district-karnataka-kharif-season
f870027e-f66f-488f-a392-e7f36331e929,json,failed,Server error - Status: 503,Crop Survey of Yallapura Hobli of Yellapur Taluk of Uttar Kannada District of Karnataka for Kharif Season 2020-21,text/json,,"Karnataka,Agriculture Department, Karnataka",,https://karnataka.data.gov.in/resource/crop-survey-yallapura-hobli-yellapur-taluk-uttar-kannada-district-karnataka-kharif-season
806beb80-bbf6-426b-a892-7766a6fc2afc,json,failed,Server error - Status: 503,Crop Survey of Channarayapattana Hobli of Devanahalli Taluk of Bangalore Rural District of Karnataka for Kharif Season 2020-21,text/json,,"Karnataka,Agriculture Department, Karnataka",,https://karnataka.data.gov.in/resource/crop-survey-channarayapattana-hobli-devanahalli-taluk-bangalore-rural-district-karnataka
e1bea32c-66da-4c4c-af37-c0fd88bc0d38,json,failed,Server error - Status: 503, Crop Survey of Kasaba Hobli of Devanahalli Taluk of Bangalore Rural District of Karnataka for Kharif Season 2020-21,text/json,,"Karnataka,Agriculture Department, Karnataka",,https://karnataka.data.gov.in/resource/crop-survey-kasaba-hobli-devanahalli-taluk-bangalore-rural-district-karnataka-kharif
190078f9-77e1-4328-bc1d-580ca564122f,json,failed,Server error - Status: 503,Crop Survey of Kundana Hobli of Devanahalli Taluk of Bangalore Rural District of Karnataka for Kharif Season 2020-21,text/json,,"Karnataka,Agriculture Department, Karnataka",,https://karnataka.data.gov.in/resource/crop-survey-kundana-hobli-devanahalli-taluk-bangalore-rural-district-karnataka-kharif
e881d698-a885-491d-bfe5-af9a48c09c06,json,failed,Server error - Status: 503,Crop Survey of Vijayapura Hobli of Devanahalli Taluk of Bangalore Rural District of Karnataka for Kharif Season 2020-21,text/json,,"Karnataka,Agriculture Department, Karnataka",,https://karnataka.data.gov.in/resource/crop-survey-vijayapura-hobli-devanahalli-taluk-bangalore-rural-district-karnataka-kharif
003040ba-46bb-4d82-ba99-1604c14795fd,json,failed,Server error - Status: 503,Crop Survey of Doddabelavangala Hobli of Doddaballapura Taluk of Bangalore Rural District of Karnataka for Kharif Season 2020-21,text/json,,"Karnataka,Agriculture Department, Karnataka",,https://karnataka.data.gov.in/resource/crop-survey-doddabelavangala-hobli-doddaballapura-taluk-bangalore-rural-district-karnataka
01dac73e-291e-4fec-a277-712ce0a05957,json,failed,Server error - Status: 503,Crop Survey of Kasaba Hobli of Doddaballapura Taluk of Bangalore Rural District of Karnataka for Kharif Season 2020-21,text/json,,"Karnataka,Agriculture Department, Karnataka",,https://karnataka.data.gov.in/resource/crop-survey-kasaba-hobli-doddaballapura-taluk-bangalore-rural-district-karnataka-kharif
334a2c27-ad69-4fb2-af27-4c4927abe58c,json,failed,Server error - Status: 503,Crop Survey of Madure Hobli of Doddaballapura Taluk of Bangalore Rural District of Karnataka for Kharif Season 2020-21,text/json,,"Karnataka,Agriculture Department, Karnataka",,https://karnataka.data.gov.in/resource/crop-survey-madure-hobli-doddaballapura-taluk-bangalore-rural-district-karnataka-kharif
f6e88331-9dbc-42d8-abac-ab146f41ad2d,json,failed,Server error - Status: 503,Crop Survey of Sasalu Hobli of Doddaballapura Taluk of Bangalore Rural District of Karnataka for Kharif Season 2020-21,text/json,,"Karnataka,Agriculture Department, Karnataka",,https://karnataka.data.gov.in/resource/crop-survey-sasalu-hobli-doddaballapura-taluk-bangalore-rural-district-karnataka-kharif
f2135fae-6b97-4296-a39f-013af96a6fc3,json,failed,Server error - Status: 503,Crop Survey of Tubagere Hobli of Doddaballapura Taluk of Bangalore Rural District of Karnataka for Kharif Season 2020-21,text/json,,"Karnataka,Agriculture Department, Karnataka",,https://karnataka.data.gov.in/resource/crop-survey-tubagere-hobli-doddaballapura-taluk-bangalore-rural-district-karnataka-kharif
8afa169e-5d98-4c87-bfd7-46124d68cf9c,json,failed,Server error - Status: 503,Crop Survey of Anugondanahalli Hobli of Hoskote Taluk of Bangalore Rural District of Karnataka for Kharif Season 2020-21,text/json,,"Karnataka,Agriculture Department, Karnataka",,https://karnataka.data.gov.in/resource/crop-survey-anugondanahalli-hobli-hoskote-taluk-bangalore-rural-district-karnataka-kharif
3ed5bdab-c77f-407d-9375-067fbee310b5,json,failed,Server error - Status: 503,Crop Survey of Jadigenahalli Hobli of Hoskote Taluk of Bangalore Rural District of Karnataka for Kharif Season 2020-21,text/json,,"Karnataka,Agriculture Department, Karnataka",,https://karnataka.data.gov.in/resource/crop-survey-jadigenahalli-hobli-hoskote-taluk-bangalore-rural-district-karnataka-kharif
48cf73ba-e2a4-4e65-b332-2155cce520c8,json,failed,Server error - Status: 503,Crop Survey of Kasaba Hobli of Hoskote Taluk of Bangalore Rural District of Karnataka for Kharif Season 2020-21,text/json,,"Karnataka,Agriculture Department, Karnataka",,https://karnataka.data.gov.in/resource/crop-survey-kasaba-hobli-hoskote-taluk-bangalore-rural-district-karnataka-kharif-season
7bb9e70f-f361-450f-9c2c-a742c7ecef50,json,failed,Server error - Status: 503,Crop Survey of Nandagudi Hobli of Hoskote Taluk of Bangalore Rural District of Karnataka for Kharif Season 2020-21,text/json,,"Karnataka,Agriculture Department, Karnataka",,https://karnataka.data.gov.in/resource/crop-survey-nandagudi-hobli-hoskote-taluk-bangalore-rural-district-karnataka-kharif-season
0d1f14cb-d6c3-4a5b-8aee-c817b55e63dc,json,failed,Server error - Status: 503,Crop Survey of Sulibele Hobli of Hoskote Taluk of Bangalore Rural District of Karnataka for Kharif Season 2020-21,text/json,,"Karnataka,Agriculture Department, Karnataka",,https://karnataka.data.gov.in/resource/crop-survey-sulibele-hobli-hoskote-taluk-bangalore-rural-district-karnataka-kharif-season
30e05dfa-0709-41fe-84cf-fab508b3a1d9,json,failed,Server error - Status: 503,Crop Survey of Kasaba Hobli of Nelamangala Taluk of Bangalore Rural District of Karnataka for Kharif Season 2020-21,text/json,,"Karnataka,Agriculture Department, Karnataka",,https://karnataka.data.gov.in/resource/crop-survey-kasaba-hobli-nelamangala-taluk-bangalore-rural-district-karnataka-kharif
7c7e41d4-9390-452a-b626-8f943774c325,json,failed,Server error - Status: 503,Crop Survey of Kasaba-2  Hobli of Nelamangala Taluk of Bangalore Rural District of Karnataka for Kharif Season 2020-21,text/json,,"Karnataka,Agriculture Department, Karnataka",,https://karnataka.data.gov.in/resource/crop-survey-kasaba-2-hobli-nelamangala-taluk-bangalore-rural-district-karnataka-kharif
56cffe5e-a931-4b5f-89e5-39232b691c6e,json,failed,Server error - Status: 503,Crop Survey of Sompura Hobli of Nelamangala Taluk of Bangalore Rural District of Karnataka for Kharif Season 2020-21,text/json,,"Karnataka,Agriculture Department, Karnataka",,https://karnataka.data.gov.in/resource/crop-survey-sompura-hobli-nelamangala-taluk-bangalore-rural-district-karnataka-kharif
71776212-e9fc-428e-acbe-f20d3a304811,json,failed,Server error - Status: 503,Crop Survey of Sompura  2  Hobli of Nelamangala Taluk of Bangalore Rural District of Karnataka for Kharif Season 2020-21,text/json,,"Karnataka,Agriculture Department, Karnataka",,https://karnataka.data.gov.in/resource/crop-survey-sompura-2-hobli-nelamangala-taluk-bangalore-rural-district-karnataka-kharif
a841ce11-5bb6-409a-ba06-eba7d96d9f32,json,failed,Server error - Status: 503,Crop Survey of Tyamagundlu Hobli of Nelamangala Taluk of Bangalore Rural District of Karnataka for Kharif Season 2020-21,text/json,,"Karnataka,Agriculture Department, Karnataka",,https://karnataka.data.gov.in/resource/crop-survey-tyamagundlu-hobli-nelamangala-taluk-bangalore-rural-district-karnataka-kharif
dea811fc-7266-4ca3-a933-bd3e1d3cba41,json,failed,Server error - Status: 503,Crop Survey of Tyamagundlu  2  Hobli of Nelamangala Taluk of Bangalore Rural District of Karnataka for Kharif Season 2020-21,text/json,,"Karnataka,Agriculture Department, Karnataka",,https://karnataka.data.gov.in/resource/crop-survey-tyamagundlu-2-hobli-nelamangala-taluk-bangalore-rural-district-karnataka
eabd522a-807b-4c9e-96ac-a6ee73c05538,json,failed,Server error - Status: 503,Crop Survey of Attibele - 1 Hobli of Anekal Taluk of Bangalore Urban District of Karnataka for Kharif Season 2020-21,text/json,,"Karnataka,Agriculture Department, Karnataka",,https://karnataka.data.gov.in/resource/crop-survey-attibele-1-hobli-anekal-taluk-bangalore-urban-district-karnataka-kharif-season
a92f7018-a931-49cb-9ef8-5151406bd91f,json,failed,Server error - Status: 503,Crop Survey of Attibele  2 Hobli of Anekal Taluk of Bangalore Urban District of Karnataka for Kharif Season 2020-21,text/json,,"Karnataka,Agriculture Department, Karnataka",,https://karnataka.data.gov.in/resource/crop-survey-attibele-2-hobli-anekal-taluk-bangalore-urban-district-karnataka-kharif-season
302f9163-47ff-4747-b543-0bb9ac4740b0,json,failed,Server error - Status: 503,Crop Survey of Jigani Hobli of Anekal Taluk of Bangalore Urban District of Karnataka for Kharif Season 2020-21,text/json,,"Karnataka,Agriculture Department, Karnataka",,https://karnataka.data.gov.in/resource/crop-survey-jigani-hobli-anekal-taluk-bangalore-urban-district-karnataka-kharif-season
8da91bb9-3174-407d-adf6-dcd481153b1a,json,failed,Server error - Status: 503,Crop Survey of Jigani  2 Hobli of Anekal Taluk of Bangalore Urban District of Karnataka for Kharif Season 2020-21,text/json,,"Karnataka,Agriculture Department, Karnataka",,https://karnataka.data.gov.in/resource/crop-survey-jigani-2-hobli-anekal-taluk-bangalore-urban-district-karnataka-kharif-season
5ff994c9-b632-477b-9f46-722f95823d7d,json,failed,Server error - Status: 503,Crop Survey of Kasaba Hobli of Anekal Taluk of Bangalore Urban District of Karnataka for Kharif Season 2020-21,text/json,,"Karnataka,Agriculture Department, Karnataka",,https://karnataka.data.gov.in/resource/crop-survey-kasaba-hobli-anekal-taluk-bangalore-urban-district-karnataka-kharif-season
476afb00-0140-4d07-93b3-c129e65797b9,json,failed,Server error - Status: 503,Crop Survey of Kasaba  2 Hobli of Anekal Taluk of Bangalore Urban District of Karnataka for Kharif Season 2020-21,text/json,,"Karnataka,Agriculture Department, Karnataka",,https://karnataka.data.gov.in/resource/crop-survey-kasaba-2-hobli-anekal-taluk-bangalore-urban-district-karnataka-kharif-season
9b90cd98-7296-4534-a198-cda6ef868d97,json,failed,Server error - Status: 503,Crop Survey of Sarjapura  1 Hobli of Anekal Taluk of Bangalore Urban District of Karnataka for Kharif Season 2020-21,text/json,,"Karnataka,Agriculture Department, Karnataka",,https://karnataka.data.gov.in/resource/crop-survey-sarjapura-1-hobli-anekal-taluk-bangalore-urban-district-karnataka-kharif
3f9d4460-b030-4b31-865e-ce40d90d6412,json,failed,Server error - Status: 503,Crop Survey of Sarjapura  2 Hobli of Anekal Taluk of Bangalore Urban District of Karnataka for Kharif Season 2020-21,text/json,,"Karnataka,Agriculture Department, Karnataka",,https://karnataka.data.gov.in/resource/crop-survey-sarjapura-2-hobli-anekal-taluk-bangalore-urban-district-karnataka-kharif
8a14933e-176b-4c7e-86b3-2970d582c660,json,failed,Server error - Status: 503,Crop Survey of Sarjapura  3 Hobli of Anekal Taluk of Bangalore Urban District of Karnataka for Kharif Season 2020-21,text/json,,"Karnataka,Agriculture Department, Karnataka",,https://karnataka.data.gov.in/resource/crop-survey-sarjapura-3-hobli-anekal-taluk-bangalore-urban-district-karnataka-kharif
540e240d-58b5-4598-a4f5-40f66413a984,json,failed,Server error - Status: 503,Crop Survey of Bidarahalli  1 Hobli of Bangalore  East Taluk of Bangalore Urban District of Karnataka for Kharif Season 2020-21,text/json,,"Karnataka,Agriculture Department, Karnataka",,https://karnataka.data.gov.in/resource/crop-survey-bidarahalli-1-hobli-bangalore-east-taluk-bangalore-urban-district-karnataka
6fca38cc-c374-4a9d-8f96-02fbe9c7f567,json,failed,Server error - Status: 503,Crop Survey of Bidarahalli  2 Hobli of Bangalore  East Taluk of Bangalore Urban District of Karnataka for Kharif Season 2020-21,text/json,,"Karnataka,Agriculture Department, Karnataka",,https://karnataka.data.gov.in/resource/crop-survey-bidarahalli-2-hobli-bangalore-east-taluk-bangalore-urban-district-karnataka
c0fc0b18-1e8c-414a-986c-b5a691fb6f0b,json,failed,Server error - Status: 503,Crop Survey of Bidarahalli  3 Hobli of Bangalore  East Taluk of Bangalore Urban District of Karnataka for Kharif Season 2020-21,text/json,,"Karnataka,Agriculture Department, Karnataka",,https://karnataka.data.gov.in/resource/crop-survey-bidarahalli-3-hobli-bangalore-east-taluk-bangalore-urban-district-karnataka
1edf51d5-45e7-4757-bdf1-710afaad317a,json,failed,Server error - Status: 503,Crop Survey of K R Pura - 2 Hobli of Bangalore  East Taluk of Bangalore Urban District of Karnataka for Kharif Season 2020-21,text/json,,"Karnataka,Agriculture Department, Karnataka",,https://karnataka.data.gov.in/resource/crop-survey-k-r-pura-2-hobli-bangalore-east-taluk-bangalore-urban-district-karnataka
759d7bb8-0fcb-45b0-b90a-73524f2944c2,json,failed,Server error - Status: 503,Crop Survey of Varturu 1 Hobli of Bangalore  East Taluk of Bangalore Urban District of Karnataka for Kharif Season 2020-21,text/json,,"Karnataka,Agriculture Department, Karnataka",,https://karnataka.data.gov.in/resource/crop-survey-varturu-1-hobli-bangalore-east-taluk-bangalore-urban-district-karnataka-kharif
74f03f5a-b920-4fab-9a62-793f5424c9ab,json,failed,Server error - Status: 503,Crop Survey of Varturu 2 Hobli of Bangalore  East Taluk of Bangalore Urban District of Karnataka for Kharif Season 2020-21,text/json,,"Karnataka,Agriculture Department, Karnataka",,https://karnataka.data.gov.in/resource/crop-survey-varturu-2-hobli-bangalore-east-taluk-bangalore-urban-district-karnataka-kharif
9ee1dc90-f15b-4ea4-b00f-4fb2e5a3703a,json,failed,Server error - Status: 503,Crop Survey of Dasanapura 1 Hobli of Bangalore  North Taluk of Bangalore Urban District of Karnataka for Kharif Season 2020-21,text/json,,"Karnataka,Agriculture Department, Karnataka",,https://karnataka.data.gov.in/resource/crop-survey-dasanapura-1-hobli-bangalore-north-taluk-bangalore-urban-district-karnataka
1d8a3a5a-78f7-4342-9d4a-092630d14aba,json,failed,Server error - Status: 503,Crop Survey of Dasanapura 2 Hobli of Bangalore  North Taluk of Bangalore Urban District of Karnataka for Kharif Season 2020-21,text/json,,"Karnataka,Agriculture Department, Karnataka",,https://karnataka.data.gov.in/resource/crop-survey-dasanapura-2-hobli-bangalore-north-taluk-bangalore-urban-district-karnataka
05166520-4e0e-4f43-8f61-c5d0e762911d,json,failed,Server error - Status: 503,Crop Survey of Dasanapura 3 Hobli of Bangalore  North Taluk of Bangalore Urban District of Karnataka for Kharif Season 2020-21,text/json,,"Karnataka,Agriculture Department, Karnataka",,https://karnataka.data.gov.in/resource/crop-survey-dasanapura-3-hobli-bangalore-north-taluk-bangalore-urban-district-karnataka
928db375-54fc-4761-9419-1d43b47f2708,json,failed,Server error - Status: 503,Crop Survey of Yashavantapura 1 Hobli of Bangalore  North Taluk of Bangalore Urban District of Karnataka for Kharif Season 2020-21,text/json,,"Karnataka,Agriculture Department, Karnataka",,https://karnataka.data.gov.in/resource/crop-survey-yashavantapura-1-hobli-bangalore-north-taluk-bangalore-urban-district
96e6de5e-7a33-4bec-8c04-9cc071e564e8,json,failed,Server error - Status: 503,Crop Survey of Yashavantapura 2 Hobli of Bangalore  North Taluk of Bangalore Urban District of Karnataka for Kharif Season 2020-21,text/json,,"Karnataka,Agriculture Department, Karnataka",,https://karnataka.data.gov.in/resource/crop-survey-yashavantapura-2-hobli-bangalore-north-taluk-bangalore-urban-district
371d6170-f7f8-4e27-ab2f-3c11bfa9cf3b,json,failed,Server error - Status: 503,Crop Survey of Beguru  2 Hobli of Bangalore South Taluk of Bangalore Urban District of Karnataka for Kharif Season 2020-21,text/json,,"Karnataka,Agriculture Department, Karnataka",,https://karnataka.data.gov.in/resource/crop-survey-beguru-2-hobli-bangalore-south-taluk-bangalore-urban-district-karnataka-kharif
03572bd1-5fad-464c-8bfa-3eee258d5a07,json,failed,Server error - Status: 503,Crop Survey of Beguru  3 Hobli of Bangalore South Taluk of Bangalore Urban District of Karnataka for Kharif Season 2020-21,text/json,,"Karnataka,Agriculture Department, Karnataka",,https://karnataka.data.gov.in/resource/crop-survey-beguru-3-hobli-bangalore-south-taluk-bangalore-urban-district-karnataka-kharif
484276d0-2f61-4eff-beb1-ddffc4d2c94c,json,failed,Server error - Status: 503, Crop Survey of Kengeri  1 Hobli of Bangalore South Taluk of Bangalore Urban District of Karnataka for Kharif Season 2020-21,text/json,,"Karnataka,Agriculture Department, Karnataka",,https://karnataka.data.gov.in/resource/crop-survey-kengeri-1-hobli-bangalore-south-taluk-bangalore-urban-district-karnataka
7d128c5c-1698-4552-aa5e-18cc90ce76cc,json,failed,Server error - Status: 503, Crop Survey of Kengeri  2 Hobli of Bangalore South Taluk of Bangalore Urban District of Karnataka for Kharif Season 2020-21,text/json,,"Karnataka,Agriculture Department, Karnataka",,https://karnataka.data.gov.in/resource/crop-survey-kengeri-2-hobli-bangalore-south-taluk-bangalore-urban-district-karnataka
94ae16dc-6339-4839-8a72-8aa6f8fdf36b,json,failed,Server error - Status: 503, Crop Survey of Kengeri  3 Hobli of Bangalore South Taluk of Bangalore Urban District of Karnataka for Kharif Season 2020-21,text/json,,"Karnataka,Agriculture Department, Karnataka",,https://karnataka.data.gov.in/resource/crop-survey-kengeri-3-hobli-bangalore-south-taluk-bangalore-urban-district-karnataka
004c5c5c-8100-4cf5-9c47-f834d374e7be,json,failed,Server error - Status: 503,Crop Survey of Tavarekere  1 Hobli of Bangalore South Taluk of Bangalore Urban District of Karnataka for Kharif Season 2020-21,text/json,,"Karnataka,Agriculture Department, Karnataka",,https://karnataka.data.gov.in/resource/crop-survey-tavarekere-1-hobli-bangalore-south-taluk-bangalore-urban-district-karnataka
ec4431d4-a956-4858-b7c7-4e5b028e3200,json,failed,Server error - Status: 503,Crop Survey of Tavarekere  2 Hobli of Bangalore South Taluk of Bangalore Urban District of Karnataka for Kharif Season 2020-21,text/json,,"Karnataka,Agriculture Department, Karnataka",,https://karnataka.data.gov.in/resource/crop-survey-tavarekere-2-hobli-bangalore-south-taluk-bangalore-urban-district-karnataka
8f7136ba-5ce1-4471-b12a-42bb1c812003,json,failed,Server error - Status: 503,Crop Survey of Tavarekere  3 Hobli of Bangalore South Taluk of Bangalore Urban District of Karnataka for Kharif Season 2020-21,text/json,,"Karnataka,Agriculture Department, Karnataka",,https://karnataka.data.gov.in/resource/crop-survey-tavarekere-3-hobli-bangalore-south-taluk-bangalore-urban-district-karnataka
81ac037e-bfa8-4fac-8316-f2cc2da3d1b0,json,failed,Server error - Status: 503,Crop Survey of Uttarahalli -2 Hobli of Bangalore South Taluk of Bangalore Urban District of Karnataka for Kharif Season 2020-21,text/json,,"Karnataka,Agriculture Department, Karnataka",,https://karnataka.data.gov.in/resource/crop-survey-uttarahalli-2-hobli-bangalore-south-taluk-bangalore-urban-district-karnataka
bcdc49fe-f454-49a2-8517-abc1dcde6d7b,json,failed,Server error - Status: 503,Crop Survey of Uttarahalli - 3 Hobli of Bangalore South Taluk of Bangalore Urban District of Karnataka for Kharif Season 2020-21,text/json,,"Karnataka,Agriculture Department, Karnataka",,https://karnataka.data.gov.in/resource/crop-survey-uttarahalli-3-hobli-bangalore-south-taluk-bangalore-urban-district-karnataka
a8e0809a-40d1-4a5d-9e16-c664e2ba1483,json,failed,Server error - Status: 503,Crop Survey of Hesarughatta 1 Hobli of Yalahanka Taluk of Bangalore Urban District of Karnataka for Kharif Season 2020-21,text/json,,"Karnataka,Agriculture Department, Karnataka",,https://karnataka.data.gov.in/resource/crop-survey-hesarughatta-1-hobli-yalahanka-taluk-bangalore-urban-district-karnataka-kharif
f6ca9322-785f-45c0-adb5-8c4768bef2a4,json,failed,Server error - Status: 503,Crop Survey of Hesarughatta 2 Hobli of Yalahanka Taluk of Bangalore Urban District of Karnataka for Kharif Season 2020-21,text/json,,"Karnataka,Agriculture Department, Karnataka",,https://karnataka.data.gov.in/resource/crop-survey-hesarughatta-2-hobli-yalahanka-taluk-bangalore-urban-district-karnataka-kharif
8040b3c7-293a-4c51-8f56-ee91bd9f459b,json,failed,Server error - Status: 503,Crop Survey of Jala 1 Hobli of Yalahanka Taluk of Bangalore Urban District of Karnataka for Kharif Season 2020-21,text/json,,"Karnataka,Agriculture Department, Karnataka",,https://karnataka.data.gov.in/resource/crop-survey-jala-1-hobli-yalahanka-taluk-bangalore-urban-district-karnataka-kharif-season
51633d41-3d77-44c9-b728-0f30ee49b010,json,failed,Server error - Status: 503,Crop Survey of Jala 2 Hobli of Yalahanka Taluk of Bangalore Urban District of Karnataka for Kharif Season 2020-21,text/json,,"Karnataka,Agriculture Department, Karnataka",,https://karnataka.data.gov.in/resource/crop-survey-jala-2-hobli-yalahanka-taluk-bangalore-urban-district-karnataka-kharif-season
10b8af23-daee-41e8-8bff-f09af69dd68d,json,failed,Server error - Status: 503,Crop Survey of Jala 3 Hobli of Yalahanka Taluk of Bangalore Urban District of Karnataka for Kharif Season 2020-21,text/json,,"Karnataka,Agriculture Department, Karnataka",,https://karnataka.data.gov.in/resource/crop-survey-jala-3-hobli-yalahanka-taluk-bangalore-urban-district-karnataka-kharif-season
1d4b7f08-0397-427e-9e33-94cb9d5ecf66,json,failed,Server error - Status: 503,Crop Survey of Yalahanka 1 Hobli of Yalahanka Taluk of Bangalore Urban District of Karnataka for Kharif Season 2020-21,text/json,,"Karnataka,Agriculture Department, Karnataka",,https://karnataka.data.gov.in/resource/crop-survey-yalahanka-1-hobli-yalahanka-taluk-bangalore-urban-district-karnataka-kharif
2be0c900-2177-4bb0-9a49-5a02a8653c9f,json,failed,Server error - Status: 503,Crop Survey of Yalahanka 3 Hobli of Yalahanka Taluk of Bangalore Urban District of Karnataka for Kharif Season 2020-21,text/json,,"Karnataka,Agriculture Department, Karnataka",,https://karnataka.data.gov.in/resource/crop-survey-yalahanka-3-hobli-yalahanka-taluk-bangalore-urban-district-karnataka-kharif
c9a46a27-4697-4528-a420-cd8fae48279e,json,failed,Server error - Status: 503,Crop Survey Bhagamandala Hobli of Madikeri Taluk of Kodagu District of Karnataka for Kharif Season 2020-21,text/json,,"Karnataka,Agriculture Department, Karnataka",,https://karnataka.data.gov.in/resource/crop-survey-bhagamandala-hobli-madikeri-taluk-kodagu-district-karnataka-kharif-season-2020
379cb4e3-a045-4bfa-a848-81965cf411a0,json,failed,Server error - Status: 503,Crop Survey Madikeri Hobli of Madikeri Taluk of Kodagu District of Karnataka for Kharif Season 2020-21,text/json,,"Karnataka,Agriculture Department, Karnataka",,https://karnataka.data.gov.in/resource/crop-survey-madikeri-hobli-madikeri-taluk-kodagu-district-karnataka-kharif-season-2020-21
cbc2d087-c4f9-4e33-8e64-c699e49329f5,json,failed,Server error - Status: 503,Crop Survey Napoklu Hobli of Madikeri Taluk of Kodagu District of Karnataka for Kharif Season 2020-21,text/json,,"Karnataka,Agriculture Department, Karnataka",,https://karnataka.data.gov.in/resource/crop-survey-napoklu-hobli-madikeri-taluk-kodagu-district-karnataka-kharif-season-2020-21
4eeefcd6-3347-47be-81f6-14fd8fede313,json,failed,Server error - Status: 503,Crop Survey Sampaje Hobli of Madikeri Taluk of Uttara Kannada District of Karnataka for Kharif Season 2020-21,text/json,,"Karnataka,Agriculture Department, Karnataka",,https://karnataka.data.gov.in/resource/crop-survey-sampaje-hobli-madikeri-taluk-uttara-kannada-district-karnataka-kharif-season
44d5f43a-4ae6-4ef4-92c7-eaf0921227c2,json,failed,Server error - Status: 503,Crop Survey Kodlipete Hobli of Somawarpet Taluk of Kodagu District of Karnataka for Kharif Season 2020-21,text/json,,"Karnataka,Agriculture Department, Karnataka",,https://karnataka.data.gov.in/resource/crop-survey-kodlipete-hobli-somawarpet-taluk-kodagu-district-karnataka-kharif-season-2020
d7fee93a-cbea-4dd5-8a1e-d92da2fbda95,json,failed,Server error - Status: 503,Crop Survey Kushalanagara Hobli of Somawarpet Taluk of Kodagu District of Karnataka for Kharif Season 2020-21,text/json,,"Karnataka,Agriculture Department, Karnataka",,https://karnataka.data.gov.in/resource/crop-survey-kushalanagara-hobli-somawarpet-taluk-kodagu-district-karnataka-kharif-season
1b0ad37f-6b58-4fe4-a139-885db1a13ea9,json,failed,Server error - Status: 503,Crop Survey Shantalli Hobli of Somawarpet Taluk of Kodagu District of Karnataka for Kharif Season 2020-21,text/json,,"Karnataka,Agriculture Department, Karnataka",,https://karnataka.data.gov.in/resource/crop-survey-shantalli-hobli-somawarpet-taluk-kodagu-district-karnataka-kharif-season-2020
977532b4-2094-40eb-9ee8-f50905cd73ea,json,failed,Server error - Status: 503,Crop Survey Somawarpet Hobli of Somawarpet Taluk of Kodagu District of Karnataka for Kharif Season 2020-21,text/json,,"Karnataka,Agriculture Department, Karnataka",,https://karnataka.data.gov.in/resource/crop-survey-somawarpet-hobli-somawarpet-taluk-kodagu-district-karnataka-kharif-season-2020
c340dd89-ea1b-4ee5-8896-d9907d7262e2,json,failed,Server error - Status: 503,Crop Survey Ammati Hobli of Somawarpet Taluk of Kodagu District of Karnataka for Kharif Season 2020-21,text/json,,"Karnataka,Agriculture Department, Karnataka",,https://karnataka.data.gov.in/resource/crop-survey-ammati-hobli-somawarpet-taluk-kodagu-district-karnataka-kharif-season-2020-21
76be3ef5-978e-494c-bced-16f1f54146e0,json,failed,Server error - Status: 503,Crop Survey Balele Hobli of Virajpet Taluk of Uttara Kannada District of Karnataka for Kharif Season 2020-21,text/json,,"Karnataka,Agriculture Department, Karnataka",,https://karnataka.data.gov.in/resource/crop-survey-balele-hobli-virajpet-taluk-uttara-kannada-district-karnataka-kharif-season
e64e76fa-1e00-42c2-907f-1a2f21c7d7b2,json,failed,Server error - Status: 503,Crop Survey Hudikeri Hobli of Virajpet Taluk of Kodagu District of Karnataka for Kharif Season 2020-21,text/json,,"Karnataka,Agriculture Department, Karnataka",,https://karnataka.data.gov.in/resource/crop-survey-hudikeri-hobli-virajpet-taluk-kodagu-district-karnataka-kharif-season-2020-21
49e9d45f-385d-4e74-80c7-29ac634e1ca5,json,failed,Server error - Status: 503,Crop Survey Ponnampete Hobli of Virajpet Taluk of Kodagu District of Karnataka for Kharif Season 2020-2,text/json,,"Karnataka,Agriculture Department, Karnataka",,https://karnataka.data.gov.in/resource/crop-survey-ponnampete-hobli-virajpet-taluk-kodagu-district-karnataka-kharif-season-2020-2
51a961d7-bd50-4ee9-82b2-668eeb6d858d,json,failed,Server error - Status: 503,Crop Survey Shreemangala Hobli of Virajpet Taluk of Kodagu District of Karnataka for Kharif Season 2020-21,text/json,,"Karnataka,Agriculture Department, Karnataka",,https://karnataka.data.gov.in/resource/crop-survey-shreemangala-hobli-virajpet-taluk-kodagu-district-karnataka-kharif-season-2020
8f299bcb-a476-4aae-808e-b51132582445,json,failed,Server error - Status: 503,Crop Survey Virajpet Hobli of Virajpet Taluk of Kodagu District of Karnataka for Kharif Season 2020-21,text/json,,"Karnataka,Agriculture Department, Karnataka",,https://karnataka.data.gov.in/resource/crop-survey-virajpet-hobli-virajpet-taluk-kodagu-district-karnataka-kharif-season-2020-21
2ff9aef2-195f-41e9-814a-3e2dd665ed39,json,failed,Server error - Status: 503,Crop Survey Budikote Hobli of Bangarpet Taluk of Kolar District of Karnataka for Kharif Season 2020-21,text/json,,"Karnataka,Agriculture Department, Karnataka",,https://karnataka.data.gov.in/resource/crop-survey-budikote-hobli-bangarpet-taluk-kolar-district-karnataka-kharif-season-2020-21
a7d32e16-7abf-410c-951a-7672b3284f47,json,failed,Server error - Status: 503,Crop Survey Kamasamudra Hobli of Bangarpet Taluk of Kolar District of Karnataka for Kharif Season 2020-21,text/json,,"Karnataka,Agriculture Department, Karnataka",,https://karnataka.data.gov.in/resource/crop-survey-kamasamudra-hobli-bangarpet-taluk-kolar-district-karnataka-kharif-season-2020
d196f8c0-3843-4697-887d-8df4a806e482,json,failed,Server error - Status: 503,Crop Survey Kasaba Hobli of Bangarpet Taluk of Kolar District of Karnataka for Kharif Season 2020-21,text/json,,"Karnataka,Agriculture Department, Karnataka",,https://karnataka.data.gov.in/resource/crop-survey-kasaba-hobli-bangarpet-taluk-kolar-district-karnataka-kharif-season-2020-21
9e480af9-8ea3-4c81-a631-7abaf6bb89e6,json,failed,Server error - Status: 503,Crop Survey Rabartasan pete Hobli of Bangarpet Taluk of Kolar District of Karnataka for Kharif Season 2020-21,text/json,,"Karnataka,Agriculture Department, Karnataka",,https://karnataka.data.gov.in/resource/crop-survey-rabartasan-pete-hobli-bangarpet-taluk-kolar-district-karnataka-kharif-season
c75eddf1-b62f-47d6-86c5-f91b0c52c17e,json,failed,Server error - Status: 503,Crop Survey Betamangala Hobli of k.g.f Taluk of Kolar District of Karnataka for Kharif Season 2020-21,text/json,,"Karnataka,Agriculture Department, Karnataka",,https://karnataka.data.gov.in/resource/crop-survey-betamangala-hobli-kgf-taluk-kolar-district-karnataka-kharif-season-2020-21
dd502d97-7218-42c0-9812-7663a10f3cd3,json,failed,Server error - Status: 503,Crop Survey Kyasamballi Hobli of k.g.f Taluk of Kolar District of Karnataka for Kharif Season 2020-21,text/json,,"Karnataka,Agriculture Department, Karnataka",,https://karnataka.data.gov.in/resource/crop-survey-kyasamballi-hobli-kgf-taluk-kolar-district-karnataka-kharif-season-2020-21
fbef3e79-2f6f-4c58-949f-ed3aadb5b264,json,failed,Server error - Status: 503,Crop Survey  Rabartasan Pete Hobli of k.g.f Taluk of Kolar District of Karnataka for Kharif Season 2020-21,text/json,,"Karnataka,Agriculture Department, Karnataka",,https://karnataka.data.gov.in/resource/crop-survey-rabartasan-pete-hobli-kgf-taluk-kolar-district-karnataka-kharif-season-2020-21
f23b9442-c299-4d3f-8349-99007a10df86,json,failed,Server error - Status: 503,Crop Survey Holuru Hobli of k.g.f Taluk of Kolar District of Karnataka for Kharif Season 2020-21,text/json,,"Karnataka,Agriculture Department, Karnataka",,https://karnataka.data.gov.in/resource/crop-survey-holuru-hobli-kgf-taluk-kolar-district-karnataka-kharif-season-2020-21
2112dd13-16e5-47a6-80d7-aa160496d1d1,json,failed,Server error - Status: 503,Crop Survey  Hutturu Hobli of Kolar Taluk of Kolar District of Karnataka for Kharif Season 2020-21,text/json,,"Karnataka,Agriculture Department, Karnataka",,https://karnataka.data.gov.in/resource/crop-survey-hutturu-hobli-kolar-taluk-kolar-district-karnataka-kharif-season-2020-21
0c9c0494-2fe1-41a6-b605-d57d9ae29b4f,json,failed,Server error - Status: 503,Crop Survey Kasaba Hobli of Kolar Taluk of Kolar District of Karnataka for Kharif Season 2020-21,text/json,,"Karnataka,Agriculture Department, Karnataka",,https://karnataka.data.gov.in/resource/crop-survey-kasaba-hobli-kolar-taluk-kolar-district-karnataka-kharif-season-2020-21
9b50f885-3049-4fb3-84cf-65c1902ce72d,json,failed,Server error - Status: 503,Crop Survey Narasapura Hobli of Kolar Taluk of Kolar District of Karnataka for Kharif Season 2020-21,text/json,,"Karnataka,Agriculture Department, Karnataka",,https://karnataka.data.gov.in/resource/crop-survey-narasapura-hobli-kolar-taluk-kolar-district-karnataka-kharif-season-2020-21
2058f096-303b-45a4-ae4f-c79cb1bca818,json,failed,Server error - Status: 503,Crop Survey Sugaturu Hobli of Kolar Taluk of Kolar District of Karnataka for Kharif Season 2020-21,text/json,,"Karnataka,Agriculture Department, Karnataka",,https://karnataka.data.gov.in/resource/crop-survey-sugaturu-hobli-kolar-taluk-kolar-district-karnataka-kharif-season-2020-21
375e1037-1dfe-43ee-afd2-cabe57df6a34,json,failed,Server error - Status: 503,Crop Survey Vakkaleri Hobli of Kolar Taluk of Kolar District of Karnataka for Kharif Season 2020-21,text/json,,"Karnataka,Agriculture Department, Karnataka",,https://karnataka.data.gov.in/resource/crop-survey-vakkaleri-hobli-kolar-taluk-kolar-district-karnataka-kharif-season-2020-21
0dc3dada-cbd0-4c03-808d-dfb4bc6fd51a,json,failed,Server error - Status: 503,Crop Survey Vemagallu Hobli of Kolar Taluk of Kolar District of Karnataka for Kharif Season 2020-21,text/json,,"Karnataka,Agriculture Department, Karnataka",,https://karnataka.data.gov.in/resource/crop-survey-vemagallu-hobli-kolar-taluk-kolar-district-karnataka-kharif-season-2020-21
37423d40-45d6-4d71-bee9-dc5647b0ce79,json,failed,Server error - Status: 503,Crop Survey Kasaba Hobli of Malur Taluk of Kolar District of Karnataka for Kharif Season 2020-21,text/json,,"Karnataka,Agriculture Department, Karnataka",,https://karnataka.data.gov.in/resource/crop-survey-kasaba-hobli-malur-taluk-kolar-district-karnataka-kharif-season-2020-21
3ee2deb2-09e6-43c9-9418-54092bab9613,json,failed,Server error - Status: 503,Crop Survey Lakkuru Hobli of Malur Taluk of Kolar District of Karnataka for Kharif Season 2020-21,text/json,,"Karnataka,Agriculture Department, Karnataka",,https://karnataka.data.gov.in/resource/crop-survey-lakkuru-hobli-malur-taluk-kolar-district-karnataka-kharif-season-2020-21
5507ec0e-25b7-4a82-ae5b-56ba8b71598d,json,failed,Server error - Status: 503,Crop Survey Masti Hobli of Malur Taluk of Kolar District of Karnataka for Kharif Season 2020-21,text/json,,"Karnataka,Agriculture Department, Karnataka",,https://karnataka.data.gov.in/resource/crop-survey-masti-hobli-malur-taluk-kolar-district-karnataka-kharif-season-2020-21
ae3a200a-4b28-45dc-880f-1c4b8e6526cd,json,failed,Server error - Status: 503,Crop Survey Tekal Hobli of Malur Taluk of Kolar District of Karnataka for Kharif Season 2020-21,text/json,,"Karnataka,Agriculture Department, Karnataka",,https://karnataka.data.gov.in/resource/crop-survey-tekal-hobli-malur-taluk-kolar-district-karnataka-kharif-season-2020-21
2a3ba270-e3f3-47f2-b206-cd45c680aeed,json,failed,Server error - Status: 503,Crop Survey Avani Hobli of Mulbagal Taluk of Kolar District of Karnataka for Kharif Season 2020-21,text/json,,"Karnataka,Agriculture Department, Karnataka",,https://karnataka.data.gov.in/resource/crop-survey-avani-hobli-mulbagal-taluk-kolar-district-karnataka-kharif-season-2020-21
06a5e4a5-a43e-49a9-aa8d-10bea128ce55,json,failed,Server error - Status: 503,Crop Survey Bairakuru Hobli of Mulbagal Taluk of Kolar District of Karnataka for Kharif Season 2020-21,text/json,,"Karnataka,Agriculture Department, Karnataka",,https://karnataka.data.gov.in/resource/crop-survey-bairakuru-hobli-mulbagal-taluk-kolar-district-karnataka-kharif-season-2020-21
324cc7b7-af33-4c89-9346-5becbb06a12f,json,failed,Server error - Status: 503,Crop Survey Duggasandra Hobli of Mulbagal Taluk of Kolar District of Karnataka for Kharif Season 2020-21,text/json,,"Karnataka,Agriculture Department, Karnataka",,https://karnataka.data.gov.in/resource/crop-survey-duggasandra-hobli-mulbagal-taluk-kolar-district-karnataka-kharif-season-2020
41069c00-4b42-45ac-9a4a-6f1d06650210,json,failed,Server error - Status: 503,Crop Survey Kasaba Hobli of Mulbagal Taluk of Kolar District of Karnataka for Kharif Season 2020-21,text/json,,"Karnataka,Agriculture Department, Karnataka",,https://karnataka.data.gov.in/resource/crop-survey-kasaba-hobli-mulbagal-taluk-kolar-district-karnataka-kharif-season-2020-21
af25239d-3fcc-4356-970c-1653f9e8c6cb,json,failed,Server error - Status: 503,Crop Survey Tayaluru Hobli of Mulbagal Taluk of Kolar District of Karnataka for Kharif Season 2020-21,text/json,,"Karnataka,Agriculture Department, Karnataka",,https://karnataka.data.gov.in/resource/crop-survey-tayaluru-hobli-mulbagal-taluk-kolar-district-karnataka-kharif-season-2020-21
8897e6d9-06a4-4c9e-b6e4-366936636a5f,json,failed,Server error - Status: 503,Crop Survey Kasaba Hobli of Srinivaspur Taluk of Kolar District of Karnataka for Kharif Season 2020-21,text/json,,"Karnataka,Agriculture Department, Karnataka",,https://karnataka.data.gov.in/resource/crop-survey-kasaba-hobli-srinivaspur-taluk-kolar-district-karnataka-kharif-season-2020-21
eed564d8-0899-47ab-9c33-55639c862967,json,failed,Server error - Status: 503,Crop Survey Nelavanki Hobli of Srinivaspur Taluk of Kolar District of Karnataka for Kharif Season 2020-21,text/json,,"Karnataka,Agriculture Department, Karnataka",,https://karnataka.data.gov.in/resource/crop-survey-nelavanki-hobli-srinivaspur-taluk-kolar-district-karnataka-kharif-season-2020
d02be3a0-6f5b-43cc-b5a7-88e8c4c1f6d9,json,failed,Server error - Status: 503,Crop Survey Rayalpadu Hobli of Srinivaspur Taluk of Kolar District of Karnataka for Kharif Season 2020-21,text/json,,"Karnataka,Agriculture Department, Karnataka",,https://karnataka.data.gov.in/resource/crop-survey-rayalpadu-hobli-srinivaspur-taluk-kolar-district-karnataka-kharif-season-2020
a9455884-aa28-4b57-a1c7-d0bdbf733c19,json,failed,Server error - Status: 503,Crop Survey Ronuru Hobli of Srinivaspur Taluk of Kolar District of Karnataka for Kharif Season 2020-21,text/json,,"Karnataka,Agriculture Department, Karnataka",,https://karnataka.data.gov.in/resource/crop-survey-ronuru-hobli-srinivaspur-taluk-kolar-district-karnataka-kharif-season-2020-21
c2d5bf15-9e15-4b0e-b319-b3caa5b16df7,json,failed,Server error - Status: 503,Crop Survey yelduru Hobli of Srinivaspur Taluk of Kolar District of Karnataka for Kharif Season 2020-21,text/json,,"Karnataka,Agriculture Department, Karnataka",,https://karnataka.data.gov.in/resource/crop-survey-yelduru-hobli-srinivaspur-taluk-kolar-district-karnataka-kharif-season-2020-21
06d7d12c-526c-4a07-b217-e208508a3dd0,json,failed,Server error - Status: 503,Crop Survey Ajjampura Hobli of Ajjampura Taluk of Chikmagalur District of Karnataka for Kharif Season 2020-21,text/json,,"Karnataka,Agriculture Department, Karnataka",,https://karnataka.data.gov.in/resource/crop-survey-ajjampura-hobli-ajjampura-taluk-chikmagalur-district-karnataka-kharif-season
13fad308-af68-4c9d-a071-94ca2bf49965,json,failed,Server error - Status: 503,Crop Survey Amrutapura Hobli of Ajjampura Taluk of Chikmagalur District of Karnataka for Kharif Season 2020-21,text/json,,"Karnataka,Agriculture Department, Karnataka",,https://karnataka.data.gov.in/resource/crop-survey-amrutapura-hobli-ajjampura-taluk-chikmagalur-district-karnataka-kharif-season
ce055d62-080d-4509-8e27-160a5dbf1d7b,json,failed,Server error - Status: 503,Crop Survey Chowlahiriyur Hobli of Ajjampura Taluk of Chikmagalur District of Karnataka for Kharif Season 2020-2,text/json,,"Karnataka,Agriculture Department, Karnataka",,https://karnataka.data.gov.in/resource/crop-survey-chowlahiriyur-hobli-ajjampura-taluk-chikmagalur-district-karnataka-kharif
4c1d35cf-c30c-40e6-8d3c-e541a5b028c2,json,failed,Server error - Status: 503,Crop Survey Hirenalluru Hobli of Ajjampura Taluk of Chikmagalur District of Karnataka for Kharif Season 2020-21,text/json,,"Karnataka,Agriculture Department, Karnataka",,https://karnataka.data.gov.in/resource/crop-survey-hirenalluru-hobli-ajjampura-taluk-chikmagalur-district-karnataka-kharif-season
83fb86b8-f67b-4402-aedd-1a40c4885f14,json,failed,Server error - Status: 503,Crop Survey Shivani Hobli of Ajjampura Taluk of Chikmagalur District of Karnataka for Kharif Season 2020-21,text/json,,"Karnataka,Agriculture Department, Karnataka",,https://karnataka.data.gov.in/resource/crop-survey-shivani-hobli-ajjampura-taluk-chikmagalur-district-karnataka-kharif-season
575c852f-0d36-4c0b-ba05-e55c58fa9bdf,json,failed,Server error - Status: 503,Crop Survey Alduru Hobli of Chikmagalur Taluk of Chikmagalur District of Karnataka for Kharif Season 2020-21,text/json,,"Karnataka,Agriculture Department, Karnataka",,https://karnataka.data.gov.in/resource/crop-survey-alduru-hobli-chikmagalur-taluk-chikmagalur-district-karnataka-kharif-season
63fd5efc-1284-4661-b463-0074f5f4483d,json,failed,Server error - Status: 503,Crop Survey Ambale Hobli of Chikmagalur Taluk of Chikmagalur District of Karnataka for Kharif Season 2020-21,text/json,,"Karnataka,Agriculture Department, Karnataka",,https://karnataka.data.gov.in/resource/crop-survey-ambale-hobli-chikmagalur-taluk-chikmagalur-district-karnataka-kharif-season
e1054390-c416-4e5f-8d5f-68d869bd7139,json,failed,Server error - Status: 503,Crop Survey Avati Hobli of Chikmagalur Taluk of Chikmagalur District of Karnataka for Kharif Season 2020-21,text/json,,"Karnataka,Agriculture Department, Karnataka",,https://karnataka.data.gov.in/resource/crop-survey-avati-hobli-chikmagalur-taluk-chikmagalur-district-karnataka-kharif-season
2856e396-7179-4870-937c-c53f1fe928e2,json,failed,Server error - Status: 503,Crop Survey Jagara Hobli of Chikmagalur Taluk of Chikmagalur District of Karnataka for Kharif Season 2020-21,text/json,,"Karnataka,Agriculture Department, Karnataka",,https://karnataka.data.gov.in/resource/crop-survey-jagara-hobli-chikmagalur-taluk-chikmagalur-district-karnataka-kharif-season
395ee69e-3400-42b9-9d75-dde312c4c9a5,json,failed,Server error - Status: 503,Crop Survey Kasaba Hobli of Chikmagalur Taluk of Chikmagalur District of Karnataka for Kharif Season 2020-21,text/json,,"Karnataka,Agriculture Department, Karnataka",,https://karnataka.data.gov.in/resource/crop-survey-kasaba-hobli-chikmagalur-taluk-chikmagalur-district-karnataka-kharif-season
db6d7388-e4ff-4b33-a522-e1566fa102cc,json,failed,Server error - Status: 503,Crop Survey of Chintaki Hobli of Aurad Taluk of Bidar District of Karnataka for Kharif Season 2020-21,text/json,,"Karnataka,Agriculture Department, Karnataka",,https://karnataka.data.gov.in/resource/crop-survey-chintaki-hobli-aurad-taluk-bidar-district-karnataka-kharif-season-2020-21
91025e77-3fc7-45ac-b7d8-857ee4ac2c9f,json,failed,Server error - Status: 503,Crop Survey Khandya Hobli of Chikmagalur Taluk of Chikmagalur District of Karnataka for Kharif Season 2020-21,text/json,,"Karnataka,Agriculture Department, Karnataka",,https://karnataka.data.gov.in/resource/crop-survey-khandya-hobli-chikmagalur-taluk-chikmagalur-district-karnataka-kharif-season
09974198-27c1-4f6d-8a87-0bd13191af4b,json,failed,Server error - Status: 503,Crop Survey of Owradabi Hobli of Aurad Taluk of Bidar District of Karnataka for Kharif Season 2020-21,text/json,,"Karnataka,Agriculture Department, Karnataka",,https://karnataka.data.gov.in/resource/crop-survey-owradabi-hobli-aurad-taluk-bidar-district-karnataka-kharif-season-2020-21
fd53b6fe-a385-4bfc-9b3c-d9fbdfdd4b02,json,failed,Server error - Status: 503,Crop Survey Lakya Hobli of Chikmagalur Taluk of Chikmagalur District of Karnataka for Kharif Season 2020-21,text/json,,"Karnataka,Agriculture Department, Karnataka",,https://karnataka.data.gov.in/resource/crop-survey-lakya-hobli-chikmagalur-taluk-chikmagalur-district-karnataka-kharif-season
6d48a018-e848-431a-9a96-cd1e94625b5e,json,failed,Server error - Status: 503,Crop Survey of Santapura Hobli of Aurad Taluk of Bidar District of Karnataka for Kharif Season 2020-21,text/json,,"Karnataka,Agriculture Department, Karnataka",,https://karnataka.data.gov.in/resource/crop-survey-santapura-hobli-aurad-taluk-bidar-district-karnataka-kharif-season-2020-21
96fa9766-6dcf-4e56-bb17-9fe33263a093,json,failed,Server error - Status: 503,Crop Survey Vastare Hobli of Chikmagalur Taluk of Chikmagalur District of Karnataka for Kharif Season 2020-21,text/json,,"Karnataka,Agriculture Department, Karnataka",,https://karnataka.data.gov.in/resource/crop-survey-vastare-hobli-chikmagalur-taluk-chikmagalur-district-karnataka-kharif-season
aa551b45-9cea-46ab-ae68-741967fb3a74,json,failed,Server error - Status: 503,Crop Survey of Basavakalyana Hobli of Basavakalyan Taluk of Bidar District of Karnataka for Kharif Season 2020-21,text/json,,"Karnataka,Agriculture Department, Karnataka",,https://karnataka.data.gov.in/resource/crop-survey-basavakalyana-hobli-basavakalyan-taluk-bidar-district-karnataka-kharif-season
4d67ba47-4ceb-4e82-9a8f-e92c747bbc5c,json,failed,Server error - Status: 503,Crop Survey of Kohinura Hobli of Basavakalyan Taluk of Bidar District of Karnataka for Kharif Season 2020-21,text/json,,"Karnataka,Agriculture Department, Karnataka",,https://karnataka.data.gov.in/resource/crop-survey-kohinura-hobli-basavakalyan-taluk-bidar-district-karnataka-kharif-season-2020
892ceadc-0f21-4056-a947-02369d6ab5ac,json,failed,Server error - Status: 503,Crop Survey Beeruru Hobli of Kadur Taluk of Chikmagalur District of Karnataka for Kharif Season 2020-21,text/json,,"Karnataka,Agriculture Department, Karnataka",,https://karnataka.data.gov.in/resource/crop-survey-beeruru-hobli-kadur-taluk-chikmagalur-district-karnataka-kharif-season-2020-21
8297fc85-772b-41bb-8064-5c92fceba905,json,failed,Server error - Status: 503,Crop Survey of Mantala Hobli of Basavakalyan Taluk of Bidar District of Karnataka for Kharif Season 2020-21,text/json,,"Karnataka,Agriculture Department, Karnataka",,https://karnataka.data.gov.in/resource/crop-survey-mantala-hobli-basavakalyan-taluk-bidar-district-karnataka-kharif-season-2020
3e0bea37-ea4a-46bc-b4d5-1687064c21bf,json,failed,Server error - Status: 503,Crop Survey Hirenalluru Hobli of Kadur Taluk of Chikmagalur District of Karnataka for Kharif Season 2020-21,text/json,,"Karnataka,Agriculture Department, Karnataka",,https://karnataka.data.gov.in/resource/crop-survey-hirenalluru-hobli-kadur-taluk-chikmagalur-district-karnataka-kharif-season
60db6b2c-8796-44dd-ab00-a6f8348642a2,json,failed,Server error - Status: 503,Crop Survey of Mudabi Hobli of Basavakalyan Taluk of Bidar District of Karnataka for Kharif Season 2020-21,text/json,,"Karnataka,Agriculture Department, Karnataka",,https://karnataka.data.gov.in/resource/crop-survey-mudabi-hobli-basavakalyan-taluk-bidar-district-karnataka-kharif-season-2020-21
4a843d1d-04f2-497e-98fa-2eedd38e95ad,json,failed,Server error - Status: 503,Crop Survey Kasaba Hobli of Kadur Taluk of Chikmagalur District of Karnataka for Kharif Season 2020-21,text/json,,"Karnataka,Agriculture Department, Karnataka",,https://karnataka.data.gov.in/resource/crop-survey-kasaba-hobli-kadur-taluk-chikmagalur-district-karnataka-kharif-season-2020-21
a083aeff-cd3f-4f14-90ba-70374dea8c6c,json,failed,Server error - Status: 503,Crop Survey of Rajeshvara Hobli of Basavakalyan Taluk of Bidar District of Karnataka for Kharif Season 2020-21,text/json,,"Karnataka,Agriculture Department, Karnataka",,https://karnataka.data.gov.in/resource/crop-survey-rajeshvara-hobli-basavakalyan-taluk-bidar-district-karnataka-kharif-season
11228c92-d459-439c-b86a-415cef0b7b7e,json,failed,Server error - Status: 503,Crop Survey of Bhalki Hobli of Bhalki Taluk of Bidar District of Karnataka for Kharif Season 2020-21,text/json,,"Karnataka,Agriculture Department, Karnataka",,https://karnataka.data.gov.in/resource/crop-survey-bhalki-hobli-bhalki-taluk-bidar-district-karnataka-kharif-season-2020-21
4e30e102-0d9b-4634-8adb-613f90498b6a,json,failed,Server error - Status: 503,Crop Survey Panchanahalli Hobli of Kadur Taluk of Chikmagalur District of Karnataka for Kharif Season 2020-21,text/json,,"Karnataka,Agriculture Department, Karnataka",,https://karnataka.data.gov.in/resource/crop-survey-panchanahalli-hobli-kadur-taluk-chikmagalur-district-karnataka-kharif-season
446bf3b9-12a4-48f5-876a-7a2812e2f1a1,json,failed,Server error - Status: 503,Crop Survey of Halabarga Hobli of Bhalki Taluk of Bidar District of Karnataka for Kharif Season 2020-21,text/json,,"Karnataka,Agriculture Department, Karnataka",,https://karnataka.data.gov.in/resource/crop-survey-halabarga-hobli-bhalki-taluk-bidar-district-karnataka-kharif-season-2020-21
eb4c9138-0470-4e7c-b737-183cc5d85aec,json,failed,Server error - Status: 503,Crop Survey Sakharayapattana Hobli of Kadur Taluk of Chikmagalur District of Karnataka for Kharif Season 2020-21,text/json,,"Karnataka,Agriculture Department, Karnataka",,https://karnataka.data.gov.in/resource/crop-survey-sakharayapattana-hobli-kadur-taluk-chikmagalur-district-karnataka-kharif
254032d8-377f-4b6c-bbaa-f80cd58e208c,json,failed,Server error - Status: 503,Crop Survey of Khataka Chinchuli Hobli of Bhalki Taluk of Bidar District of Karnataka for Kharif Season 2020-21,text/json,,"Karnataka,Agriculture Department, Karnataka",,https://karnataka.data.gov.in/resource/crop-survey-khataka-chinchuli-hobli-bhalki-taluk-bidar-district-karnataka-kharif-season
e86cc2ef-f93c-4866-b1e4-4775fe914086,json,failed,Server error - Status: 503,Crop Survey Singatagere Hobli of Kadur Taluk of Chikmagalur District of Karnataka for Kharif Season 2020-21,text/json,,"Karnataka,Agriculture Department, Karnataka",,https://karnataka.data.gov.in/resource/crop-survey-singatagere-hobli-kadur-taluk-chikmagalur-district-karnataka-kharif-season
71394ba7-a99d-43ab-aba4-9ddcf0d7d339,json,failed,Server error - Status: 503,Crop Survey of Lakhanaganva Hobli of Bhalki Taluk of Bidar District of Karnataka for Kharif Season 2020-21,text/json,,"Karnataka,Agriculture Department, Karnataka",,https://karnataka.data.gov.in/resource/crop-survey-lakhanaganva-hobli-bhalki-taluk-bidar-district-karnataka-kharif-season-2020-21
f7c975a6-7780-4dd1-828d-a6d9408b4ec4,json,failed,Server error - Status: 503,Crop Survey Yagati Hobli of Kadur Taluk of Chikmagalur District of Karnataka for Kharif Season 2020-21,text/json,,"Karnataka,Agriculture Department, Karnataka",,https://karnataka.data.gov.in/resource/crop-survey-yagati-hobli-kadur-taluk-chikmagalur-district-karnataka-kharif-season-2020-21
780bbdc6-6161-4b46-82fb-13a8654fb433,json,failed,Server error - Status: 503,Crop Survey of Nitturabh Hobli of Bhalki Taluk of Bidar District of Karnataka for Kharif Season 2020-21,text/json,,"Karnataka,Agriculture Department, Karnataka",,https://karnataka.data.gov.in/resource/crop-survey-nitturabh-hobli-bhalki-taluk-bidar-district-karnataka-kharif-season-2020-21
d38112ca-bab5-4580-93ea-cab388be2728,json,failed,Server error - Status: 503,Crop Survey of Sayaganva Hobli of Bhalki Taluk of Bidar District of Karnataka for Kharif Season 2020-21,text/json,,"Karnataka,Agriculture Department, Karnataka",,https://karnataka.data.gov.in/resource/crop-survey-sayaganva-hobli-bhalki-taluk-bidar-district-karnataka-kharif-season-2020-21
700022f8-e7d2-4b76-8879-1000ceeb5376,json,failed,Server error - Status: 503,Crop Survey Hariharapura Hobli of Koppa Taluk of Chikmagalur District of Karnataka for Kharif Season 2020-21,text/json,,"Karnataka,Agriculture Department, Karnataka",,https://karnataka.data.gov.in/resource/crop-survey-hariharapura-hobli-koppa-taluk-chikmagalur-district-karnataka-kharif-season
597a2123-3fc7-4aaa-be58-8e9a627b81a5,json,failed,Server error - Status: 503,Crop Survey of Bagadala Hobli of Bidar Taluk of Bidar District of Karnataka for Kharif Season 2020-21,text/json,,"Karnataka,Agriculture Department, Karnataka",,https://karnataka.data.gov.in/resource/crop-survey-bagadala-hobli-bidar-taluk-bidar-district-karnataka-kharif-season-2020-21
70181bf9-6577-45a5-bdb4-93139fef9f10,json,failed,Server error - Status: 503,Crop Survey Kasaba Hobli of Koppa Taluk of Chikmagalur District of Karnataka for Kharif Season 2020-21,text/json,,"Karnataka,Agriculture Department, Karnataka",,https://karnataka.data.gov.in/resource/crop-survey-kasaba-hobli-koppa-taluk-chikmagalur-district-karnataka-kharif-season-2020-21
51bded75-4f59-49cc-bbcb-2a4be4ba4b2c,json,failed,Server error - Status: 503,Crop Survey of Beedara Uttara Hobli of Bidar Taluk of Bidar District of Karnataka for Kharif Season 2020-21,text/json,,"Karnataka,Agriculture Department, Karnataka",,https://karnataka.data.gov.in/resource/crop-survey-beedara-uttara-hobli-bidar-taluk-bidar-district-karnataka-kharif-season-2020
3fa109db-e61b-4b05-8c76-bf3ab65f0778,json,failed,Server error - Status: 503,Crop Survey Megunda Hobli of Koppa Taluk of Chikmagalur District of Karnataka for Kharif Season 2020-21,text/json,,"Karnataka,Agriculture Department, Karnataka",,https://karnataka.data.gov.in/resource/crop-survey-megunda-hobli-koppa-taluk-chikmagalur-district-karnataka-kharif-season-2020-21
bf21dffa-9a8d-4ffe-ac75-ca5800c274c0,json,failed,Server error - Status: 503,Crop Survey of Beedaradakshina Hobli of Bidar Taluk of Bidar District of Karnataka for Kharif Season 2020-21,text/json,,"Karnataka,Agriculture Department, Karnataka",,https://karnataka.data.gov.in/resource/crop-survey-beedaradakshina-hobli-bidar-taluk-bidar-district-karnataka-kharif-season-2020
90c84493-2449-4fc9-bff3-245fac32a182,json,failed,Server error - Status: 503,Crop Survey of Janavada Hobli of Bidar Taluk of Bidar District of Karnataka for Kharif Season 2020-21,text/json,,"Karnataka,Agriculture Department, Karnataka",,https://karnataka.data.gov.in/resource/crop-survey-janavada-hobli-bidar-taluk-bidar-district-karnataka-kharif-season-2020-21
0a26e23d-abc6-4a5d-9268-bf085959171b,json,failed,Server error - Status: 503,Crop Survey Baluru Hobli of Mudigere Taluk of Chikmagalur District of Karnataka for Kharif Season 2020-21,text/json,,"Karnataka,Agriculture Department, Karnataka",,https://karnataka.data.gov.in/resource/crop-survey-baluru-hobli-mudigere-taluk-chikmagalur-district-karnataka-kharif-season-2020
78544e31-13de-4e4a-866a-a353718ec0c8,json,failed,Server error - Status: 503,Crop Survey of Kamatana Hobli of Bidar Taluk of Bidar District of Karnataka for Kharif Season 2020-21,text/json,,"Karnataka,Agriculture Department, Karnataka",,https://karnataka.data.gov.in/resource/crop-survey-kamatana-hobli-bidar-taluk-bidar-district-karnataka-kharif-season-2020-21
abd93c21-7523-4603-9044-de9f8a2edad8,json,failed,Server error - Status: 503,Crop Survey Banakal Hobli of Mudigere Taluk of Chikmagalur District of Karnataka for Kharif Season 2020-21,text/json,,"Karnataka,Agriculture Department, Karnataka",,https://karnataka.data.gov.in/resource/crop-survey-banakal-hobli-mudigere-taluk-chikmagalur-district-karnataka-kharif-season-2020
d42263e7-707f-428e-88b5-ca8806abebf8,json,failed,Server error - Status: 503,Crop Survey of Mannalli Hobli of Bidar Taluk of Bidar District of Karnataka for Kharif Season 2020-21,text/json,,"Karnataka,Agriculture Department, Karnataka",,https://karnataka.data.gov.in/resource/crop-survey-mannalli-hobli-bidar-taluk-bidar-district-karnataka-kharif-season-2020-21
a222077f-e50c-425e-a3f2-d33df38f8dcb,json,failed,Server error - Status: 503,Crop Survey Gonibeedu Hobli of Mudigere Taluk of Chikmagalur District of Karnataka for Kharif Season 2020-21,text/json,,"Karnataka,Agriculture Department, Karnataka",,https://karnataka.data.gov.in/resource/crop-survey-gonibeedu-hobli-mudigere-taluk-chikmagalur-district-karnataka-kharif-season
f4774adb-bf43-4616-873b-75d09c4e5b89,json,failed,Server error - Status: 503,Crop Survey of Bemalakheda Hobli of Chitaguppa Taluk of Bidar District of Karnataka for Kharif Season 2020-21,text/json,,"Karnataka,Agriculture Department, Karnataka",,https://karnataka.data.gov.in/resource/crop-survey-bemalakheda-hobli-chitaguppa-taluk-bidar-district-karnataka-kharif-season-2020
0eb27bb6-7d07-400d-b516-0c8ec6915bad,json,failed,Server error - Status: 503,Crop Survey of Chitaguppa Hobli of Chitaguppa Taluk of Bidar District of Karnataka for Kharif Season 2020-21,text/json,,"Karnataka,Agriculture Department, Karnataka",,https://karnataka.data.gov.in/resource/crop-survey-chitaguppa-hobli-chitaguppa-taluk-bidar-district-karnataka-kharif-season-2020
10188621-1a78-4ba2-8322-46643b72fee2,json,failed,Server error - Status: 503,Crop Survey Kasaba Hobli of Mudigere Taluk of Chikmagalur District of Karnataka for Kharif Season 2020-21,text/json,,"Karnataka,Agriculture Department, Karnataka",,https://karnataka.data.gov.in/resource/crop-survey-kasaba-hobli-mudigere-taluk-chikmagalur-district-karnataka-kharif-season-2020
c2a64297-e80b-4fa3-88dc-c147ff696a6a,json,failed,Server error - Status: 503,Crop Survey of Nirna Hobli of Chitaguppa Taluk of Bidar District of Karnataka for Kharif Season 2020-21,text/json,,"Karnataka,Agriculture Department, Karnataka",,https://karnataka.data.gov.in/resource/crop-survey-nirna-hobli-chitaguppa-taluk-bidar-district-karnataka-kharif-season-2020-21
34128288-f840-41d1-84a6-588461f9f021,json,failed,Server error - Status: 503,Crop Survey Kalasa Hobli of Mudigere Taluk of Chikmagalur District of Karnataka for Kharif Season 2020-21,text/json,,"Karnataka,Agriculture Department, Karnataka",,https://karnataka.data.gov.in/resource/crop-survey-kalasa-hobli-mudigere-taluk-chikmagalur-district-karnataka-kharif-season-2020
7594e0f5-5e5e-4d26-881b-0adb2f365957,json,failed,Server error - Status: 503, Crop Survey of Hulasura Hobli of Hulasura Taluk of Bidar District of Karnataka for Kharif Season 2020-21,text/json,,"Karnataka,Agriculture Department, Karnataka",,https://karnataka.data.gov.in/resource/crop-survey-hulasura-hobli-hulasura-taluk-bidar-district-karnataka-kharif-season-2020-21
85a498b3-3c77-477f-a486-26df764370ba,json,failed,Server error - Status: 503,Crop Survey of Dubalagundi Hobli of Humnabad Taluk of Bidar District of Karnataka for Kharif Season 2020-21,text/json,,"Karnataka,Agriculture Department, Karnataka",,https://karnataka.data.gov.in/resource/crop-survey-dubalagundi-hobli-humnabad-taluk-bidar-district-karnataka-kharif-season-2020
9c51fafc-03ca-4662-80a8-42b7faa030e8,json,failed,Server error - Status: 503,Crop Survey Balehonnuru Hobli of Narasimharajapura Taluk of Chikmagalur District of Karnataka for Kharif Season 2020-21,text/json,,"Karnataka,Agriculture Department, Karnataka",,https://karnataka.data.gov.in/resource/crop-survey-balehonnuru-hobli-narasimharajapura-taluk-chikmagalur-district-karnataka
ccb45beb-3376-4688-8a62-590f424715c2,json,failed,Server error - Status: 503, Crop Survey of Hallilikhedabi Hobli of Humnabad Taluk of Bidar District of Karnataka for Kharif Season 2020-21,text/json,,"Karnataka,Agriculture Department, Karnataka",,https://karnataka.data.gov.in/resource/crop-survey-hallilikhedabi-hobli-humnabad-taluk-bidar-district-karnataka-kharif-season
e4b04991-e96c-410e-9537-a23295439c02,json,failed,Server error - Status: 503,Crop Survey Kasaba Hobli of Narasimharajapura Taluk of Chikmagalur District of Karnataka for Kharif Season 2020-21,text/json,,"Karnataka,Agriculture Department, Karnataka",,https://karnataka.data.gov.in/resource/crop-survey-kasaba-hobli-narasimharajapura-taluk-chikmagalur-district-karnataka-kharif
f0a911a1-9278-4cb2-b387-d70335251d79,json,failed,Server error - Status: 503,Crop Survey of Humnabada Hobli of Humnabad Taluk of Bidar District of Karnataka for Kharif Season 2020-21,text/json,,"Karnataka,Agriculture Department, Karnataka",,https://karnataka.data.gov.in/resource/crop-survey-humnabada-hobli-humnabad-taluk-bidar-district-karnataka-kharif-season-2020-21
2b775839-e3dc-4aa0-9359-bb6da89952f3,json,failed,Server error - Status: 503, Crop Survey Kasaba Hobli of Sringeri Taluk of Chikmagalur District of Karnataka for Kharif Season 2020-21,text/json,,"Karnataka,Agriculture Department, Karnataka",,https://karnataka.data.gov.in/resource/crop-survey-kasaba-hobli-sringeri-taluk-chikmagalur-district-karnataka-kharif-season-2020
85711e1a-2d9b-47d6-ade6-0e9bab720ab4,json,failed,Server error - Status: 503,Crop Survey of Dabaka Hobli of Kamalanagara Taluk of Bidar District of Karnataka for Kharif Season 2020-21,text/json,,"Karnataka,Agriculture Department, Karnataka",,https://karnataka.data.gov.in/resource/crop-survey-dabaka-hobli-kamalanagara-taluk-bidar-district-karnataka-kharif-season-2020-21
2ac9ef77-2802-4e0f-b0ad-1db2f1ab9b93,json,failed,Server error - Status: 503,Crop Survey of Kamalanagara Hobli of Kamalanagara Taluk of Bidar District of Karnataka for Kharif Season 2020-21,text/json,,"Karnataka,Agriculture Department, Karnataka",,https://karnataka.data.gov.in/resource/crop-survey-kamalanagara-hobli-kamalanagara-taluk-bidar-district-karnataka-kharif-season
78748748-e0ae-4b22-a304-fcf814c4494d,json,failed,"Connection Error: HTTPSConnectionPool(host='kodi.karnataka.gov.in', port=443): Read timed out.",Crop Survey of Sulya Hobli of Sullia Taluk of Dakshina Kannada District of Karnataka for Kharif Season 2020-21,text/json,,"Karnataka,Agriculture Department, Karnataka",,https://karnataka.data.gov.in/resource/crop-survey-sulya-hobli-sullia-taluk-dakshina-kannada-district-karnataka-kharif-season
2181b7ab-0c21-42fc-9675-03cb84806521,json,failed,"Connection Error: HTTPSConnectionPool(host='kodi.karnataka.gov.in', port=443): Read timed out.",Crop Survey of K Shettihalli-1 Hobli of Srirangapatna Taluk of Hassan District of Karnataka for Kharif Season 2020-21,text/json,,"Karnataka,Agriculture Department, Karnataka",,https://karnataka.data.gov.in/resource/crop-survey-k-shettihalli-1-hobli-srirangapatna-taluk-hassan-district-karnataka-kharif
83eada2f-1bdd-4d31-b323-4d538ec06475,json,failed,"Connection Error: HTTPSConnectionPool(host='kodi.karnataka.gov.in', port=443): Read timed out.",Crop Survey of K Shettihalli - 2 Hobli of Srirangapatna Taluk of Hassan District of Karnataka for Kharif Season 2020-21,text/json,,"Karnataka,Agriculture Department, Karnataka",,https://karnataka.data.gov.in/resource/crop-survey-k-shettihalli-2-hobli-srirangapatna-taluk-hassan-district-karnataka-kharif
befcbdef-deb2-46b1-af46-962a29dcf6cb,json,failed,"Connection Error: HTTPSConnectionPool(host='kodi.karnataka.gov.in', port=443): Read timed out.",Crop Survey of Honnavalli Hobli of Tiptur Taluk of Tumkur District of Karnataka for Kharif Season 2020,text/json,,"Karnataka,Agriculture Department, Karnataka",,https://karnataka.data.gov.in/resource/crop-survey-honnavalli-hobli-tiptur-taluk-tumkur-district-karnataka-kharif-season-2020
13f27e2b-bad0-47ba-bf50-06b60b124ca8,json,failed,"Timeout Error: HTTPSConnectionPool(host='www.data.gov.in', port=443): Read timed out. (read timeout=120.0)",Crop Survey SARJAPURA 3 Hobli of Anekal Taluk of Bangalore Urban District of Karnataka for Kharif Season 2019 - 2020,text/json,,"Karnataka,Agriculture Department, Karnataka",,https://karnataka.data.gov.in/resource/crop-survey-sarjapura-3-hobli-anekal-taluk-bangalore-urban-district-karnataka-kharif-1
b1c2db07-abea-41ab-bf0c-a2a421d5a4bc,json,failed,"Connection Error: ('Connection aborted.', RemoteDisconnected('Remote end closed connection without response'))", Crop Survey of KASABA Hobli of Hoskote Taluk of Bangalore rural District of Karnataka for Summer Season 2020-2021,text/json,,"Karnataka,Agriculture Department, Karnataka",,https://karnataka.data.gov.in/resource/crop-survey-kasaba-hobli-hoskote-taluk-bangalore-rural-district-karnataka-summer-season-0
4dce97d0-2fb4-46c7-bac8-05cf2311c9b7,json,failed,"Unexpected Error: ('Connection broken: IncompleteRead(712439 bytes read, 17423082 more expected)', IncompleteRead(712439 bytes read, 17423082 more expected))",Crop Survey KOTTURU Hobli HOSAHALLI Taluk of Bellary District Of Karnataka For Kharif Season 2019  2020,text/json,,"Karnataka,Agriculture Department, Karnataka",,https://karnataka.data.gov.in/resource/crop-survey-kotturu-hobli-hosahalli-taluk-bellary-district-karnataka-kharif-season-2019-0
32acf3f9-b8f5-4117-8576-69d0239e3e97,json,failed,"Unexpected Error: ('Connection broken: IncompleteRead(753288 bytes read, 4253952 more expected)', IncompleteRead(753288 bytes read, 4253952 more expected))",Crop Survey of Panchanahalli Hobli of Kadur Taluk of Chikmagalur District of Karnataka for Rabi Season 2021-22,text/json,,"Karnataka,Agriculture Department, Karnataka",,https://karnataka.data.gov.in/resource/crop-survey-panchanahalli-hobli-kadur-taluk-chikmagalur-district-karnataka-rabi-season-0
0c3bf3a8-f2c4-4c61-92ef-9740755e6455,json,failed,"Connection Error: ('Connection aborted.', RemoteDisconnected('Remote end closed connection without response'))",Crop Survey of DODDAKOWLANDE HOBALI of Nanjangud Taluk of Mysore District of Karnataka for Rabi Season 2021-2022,text/json,,"Karnataka,Agriculture Department, Karnataka",,https://karnataka.data.gov.in/resource/crop-survey-doddakowlande-hobali-nanjangud-taluk-mysore-district-karnataka-rabi-season-0
a14a24b1-0e40-45a6-a8ba-fb0af84a009d,json,failed,"server returned error body: {""status"":""FAIL""}",Crop Survey of MUDABI Hobli of basavakalyan Taluk of Bidar District of Karnataka for Rabi Season 2021- 2022,text/json,,"Karnataka,Agriculture Department, Karnataka",,https://karnataka.data.gov.in/resource/crop-survey-mudabi-hobli-basavakalyan-taluk-bidar-district-karnataka-rabi-season-2021-2022
b0c79a85-618b-452a-bbea-e362f1074498,json,failed,"server returned error body: {""status"":""FAIL""}",Crop Survey of ILAKALLA Hobli of Ilkal Taluk of Bagalkote District of Karnataka for Kharif Season 2021-22,text/json,,"Karnataka,Agriculture Department, Karnataka",,https://karnataka.data.gov.in/resource/crop-survey-ilakalla-hobli-ilkal-taluk-bagalkote-district-karnataka-kharif-season-2021-22
8a65d2f5-2534-4678-bd5b-2b92110a02e4,json,failed,"Timeout Error: HTTPSConnectionPool(host='kodi.karnataka.gov.in', port=443): Max retries exceeded with url: /Crop_Survey/api/CropSurvey/Getdata?key=MzAzNDExODM= (Caused by ConnectTimeoutError(<urllib3.connection.HTTPSConnection object at 0x7ff16afbf2c0>, 'Connection to kodi.karnataka.gov.in timed out. (connect timeout=5.0)'))",Crop Survey of KEMBHAVI Hobli of Shorapur Taluk of Yadagir District of Karnataka for Summer Season 2020-21,text/json,,"Karnataka,Agriculture Department, Karnataka",,https://karnataka.data.gov.in/resource/crop-survey-kembhavi-hobli-shorapur-taluk-yadagir-district-karnataka-summer-season-2020-21
10556321-e949-414a-87b7-162479a6cc9f,json,failed,"Connection Error: ('Connection aborted.', RemoteDisconnected('Remote end closed connection without response'))",Crop Survey of GILLESUGURU Hobli of Raichur Taluk of Raichur District of Karnataka for Kharif Season 2021-2022,text/json,,"Karnataka,Agriculture Department, Karnataka",,https://karnataka.data.gov.in/resource/crop-survey-gillesuguru-hobli-raichur-taluk-raichur-district-karnataka-kharif-season-2021
30614b9d-ccaa-479a-825b-f7f95350dea2,json,failed,"Connection Error: ('Connection aborted.', RemoteDisconnected('Remote end closed connection without response'))",Crop Survey of MAHAGANVA HOBALI of Gulbarga Taluk of kalaburgi District of Karnataka for Rabi Season 2019-2020,text/json,,"Karnataka,Agriculture Department, Karnataka",,https://karnataka.data.gov.in/resource/crop-survey-mahaganva-hobali-gulbarga-taluk-kalaburgi-district-karnataka-rabi-season-2019
4a9ecd3e-be28-44d0-894b-80924e3cd990,json,failed,"Connection Error: ('Connection aborted.', RemoteDisconnected('Remote end closed connection without response'))",Crop Survey of AVANI Hobli of MULBAGAL Taluk of KOLAR District of Karnataka for Rabi Season 2021-22 ,text/json,,"Karnataka,Agriculture Department, Karnataka",,https://karnataka.data.gov.in/resource/crop-survey-avani-hobli-mulbagal-taluk-kolar-district-karnataka-rabi-season-2021-22
0733c9de-546e-43d8-be4b-273851c1e42f,json,failed,Server error - Status: 503,Crop Survey of SHIGGANVA Hobli of Shiggaon Taluk of Haveri District of Karnataka for Kharif Season 2018-19 ,text/json,,"Karnataka,Agriculture Department, Karnataka",,https://karnataka.data.gov.in/resource/crop-survey-shigganva-hobli-shiggaon-taluk-haveri-district-karnataka-kharif-season-2018-19
f3a8e99a-04ec-47da-83aa-2a934fefacc2,json,failed,Server error - Status: 503,Crop Survey of KUDLIGERE Hobli of Bhadravathi Taluk of Shimoga District of Karnataka for Summer Season 2019-2020 ,text/json,,"Karnataka,Agriculture Department, Karnataka",,https://karnataka.data.gov.in/resource/crop-survey-kudligere-hobli-bhadravathi-taluk-shimoga-district-karnataka-summer-season
1df37450-5e3f-4b08-a25f-5ed81b853c38,json,failed,Server error - Status: 503,Crop Survey of ALNAVARA Hobli of ALNAVARA Taluk of DHARWAD District of Karnataka for Rabi Season 2021-2022,text/json,,"Karnataka,Agriculture Department, Karnataka",,https://karnataka.data.gov.in/resource/crop-survey-alnavara-hobli-alnavara-taluk-dharwad-district-karnataka-rabi-season-2021-2022
a73a84b1-203e-4ca1-9f8a-ed4836df8730,json,failed,Server error - Status: 503,Crop Survey of BYADAGI Hobli of Byadagi Taluk of Haveri District of Karnataka for Kharif Season 2019-20,text/json,,"Karnataka,Agriculture Department, Karnataka",,https://karnataka.data.gov.in/resource/crop-survey-byadagi-hobli-byadagi-taluk-haveri-district-karnataka-kharif-season-2019-20
290951e7-c75d-48bb-b190-aefa55c7eb52,json,failed,Server error - Status: 503,Crop Survey of KAGINELLI Hobli of Byadagi Taluk of Haveri District of Karnataka for Kharif Season 2019-20,text/json,,"Karnataka,Agriculture Department, Karnataka",,https://karnataka.data.gov.in/resource/crop-survey-kaginelli-hobli-byadagi-taluk-haveri-district-karnataka-kharif-season-2019-20
1ed900cc-7f50-465d-ae72-4924ee5efe79,json,failed,Server error - Status: 503,Crop Survey of ANNIGERI Hobli of ANNIGERI Taluk of DHARWAD District of Karnataka for Rabi Season 2021-2022,text/json,,"Karnataka,Agriculture Department, Karnataka",,https://karnataka.data.gov.in/resource/crop-survey-annigeri-hobli-annigeri-taluk-dharwad-district-karnataka-rabi-season-2021-2022
2e0367ea-01af-48f9-aab1-d4f3c4cd0d9d,json,failed,Server error - Status: 503,Crop Survey of AKKIALURA Hobli of Hangal Taluk of Haveri District of Karnataka for Kharif Season 2019-20,text/json,,"Karnataka,Agriculture Department, Karnataka",,https://karnataka.data.gov.in/resource/crop-survey-akkialura-hobli-hangal-taluk-haveri-district-karnataka-kharif-season-2019-20
b9d7648e-f099-4186-b5f6-3d732aa0655a,csv,failed,Server error - Status: 503,List of Cosmetic Manufacturers in Karnataka as on June 2022,text/csv,,"Karnataka,Health and Family Welfare Department, Karnataka,Karnataka State Drugs Control Department",https://www.data.gov.in/files/ogdpv2dms/s3fs-public/datafile/Cosmetics_Manufacturers_in_Karnataka_as_on_June_2022.csv,https://karnataka.data.gov.in/resource/list-cosmetic-manufacturers-karnataka-june-2022
c4d0f8dc-f063-4f8a-8e7b-28048f2d4c9f,json,failed,Server error - Status: 503,Crop Survey of ANJANAPURA  Hobli of shikaripura Taluk of Shimoga District of Karnataka for Summer Season 2019-2020 ,text/json,,"Karnataka,Agriculture Department, Karnataka",,https://karnataka.data.gov.in/resource/crop-survey-anjanapura-hobli-shikaripura-taluk-shimoga-district-karnataka-summer-season
43a57ad9-4095-478a-8df7-a439cd761a8e,json,failed,Server error - Status: 503,Crop Survey of DHARAVADA Hobli of DHARWAD Taluk of DHARWAD District of Karnataka for Rabi Season 2021-2022,text/json,,"Karnataka,Agriculture Department, Karnataka",,https://karnataka.data.gov.in/resource/crop-survey-dharavada-hobli-dharwad-taluk-dharwad-district-karnataka-rabi-season-2021-2022
c8f1f24d-8124-411f-aaee-f56d31736414,json,failed,Server error - Status: 503,Crop Survey of GARAGA Hobli of DHARWAD Taluk of DHARWAD District of Karnataka for Rabi Season 2021-2022,text/json,,"Karnataka,Agriculture Department, Karnataka",,https://karnataka.data.gov.in/resource/crop-survey-garaga-hobli-dharwad-taluk-dharwad-district-karnataka-rabi-season-2021-2022
a39db36c-48d9-4492-8fe0-e41aaef53ecb,json,failed,Server error - Status: 503,Crop Survey of HUBBALLI Hobli of Hubballi Nagara Taluk of DHARWAD District of Karnataka for Rabi Season 2021-2022,text/json,,"Karnataka,Agriculture Department, Karnataka",,https://karnataka.data.gov.in/resource/crop-survey-hubballi-hobli-hubballi-nagara-taluk-dharwad-district-karnataka-rabi-season-0
5663f2a4-2fa5-4337-9baa-d8505028237d,json,failed,Server error - Status: 503,Crop Survey of HOSURU Hobli of shikaripura Taluk of Shimoga District of Karnataka for Summer Season 2019-2020 ,text/json,,"Karnataka,Agriculture Department, Karnataka",,https://karnataka.data.gov.in/resource/crop-survey-hosuru-hobli-shikaripura-taluk-shimoga-district-karnataka-summer-season-2019
8d91b892-38e3-4443-92c0-365d19c0e601,json,failed,Server error - Status: 503,Crop Survey of CHABBI Hobli of Hubli Taluk of DHARWAD District of Karnataka for Rabi Season 2021-2022,text/json,,"Karnataka,Agriculture Department, Karnataka",,https://karnataka.data.gov.in/resource/crop-survey-chabbi-hobli-hubli-taluk-dharwad-district-karnataka-rabi-season-2021-2022
3915c0fd-81ce-44da-90f2-497af77f706b,json,failed,Server error - Status: 503,Crop Survey of KASABA Hobli of shikaripura Taluk of Shimoga District of Karnataka for Summer Season 2019-2020 ,text/json,,"Karnataka,Agriculture Department, Karnataka",,https://karnataka.data.gov.in/resource/crop-survey-kasaba-hobli-shikaripura-taluk-shimoga-district-karnataka-summer-season-2019
f9b51703-dd6e-4faf-8901-7969e8d133b0,json,failed,Server error - Status: 503,Crop Survey of BASAVAPATTANA-1 Hobli of Channagiri Taluk of Davanagere District of Karnataka for Kharif Season 2019- 2020,text/json,,"Karnataka,Agriculture Department, Karnataka",,https://karnataka.data.gov.in/resource/crop-survey-basavapattana-1-hobli-channagiri-taluk-davanagere-district-karnataka-kharif-1
4dedfa10-b243-4666-8a7f-54b61b3ef30a,json,failed,Server error - Status: 503,Crop Survey of UDUGANI Hobli of shikaripura Taluk of Shimoga District of Karnataka for Summer Season 2019-2020 ,text/json,,"Karnataka,Agriculture Department, Karnataka",,https://karnataka.data.gov.in/resource/crop-survey-udugani-hobli-shikaripura-taluk-shimoga-district-karnataka-summer-season-2019
ec2c5926-b039-43b9-ba13-30fb8b09befa,json,failed,Server error - Status: 503,Crop Survey of BASAVAPATTANA-2 Hobli of Channagiri Taluk of Davanagere District of Karnataka for Kharif Season 2019- 2020,text/json,,"Karnataka,Agriculture Department, Karnataka",,https://karnataka.data.gov.in/resource/crop-survey-basavapattana-2-hobli-channagiri-taluk-davanagere-district-karnataka-kharif-1
d66847f2-7e24-4fcf-81a7-b76f55b33788,json,failed,Server error - Status: 503,Crop Survey of AYANURU Hobli of Shimoga Taluk of Shimoga District of Karnataka for Summer Season 2019-2020 ,text/json,,"Karnataka,Agriculture Department, Karnataka",,https://karnataka.data.gov.in/resource/crop-survey-ayanuru-hobli-shimoga-taluk-shimoga-district-karnataka-summer-season-2019-2020
840f7a08-cd71-4eb7-9441-efb8ba9b0455,json,failed,Server error - Status: 503,Crop Survey of KASABA Hobli of Channagiri Taluk of Davanagere District of Karnataka for Kharif Season 2019- 2020,text/json,,"Karnataka,Agriculture Department, Karnataka",,https://karnataka.data.gov.in/resource/crop-survey-kasaba-hobli-channagiri-taluk-davanagere-district-karnataka-kharif-season-2019
31933222-d2c5-4940-a431-274d71d3e308,json,failed,Server error - Status: 503,Crop Survey of SANTEBENNURU-1 Hobli of Channagiri Taluk of Davanagere District of Karnataka for Kharif Season 2019- 2020,text/json,,"Karnataka,Agriculture Department, Karnataka",,https://karnataka.data.gov.in/resource/crop-survey-santebennuru-1-hobli-channagiri-taluk-davanagere-district-karnataka-kharif-1
47215a62-742f-415a-92c1-2b074cea9f94,json,failed,Server error - Status: 503,Crop Survey of SHIRAGUPPI Hobli of Hubli  Taluk of DHARWAD District of Karnataka for Rabi Season 2021-2022,text/json,,"Karnataka,Agriculture Department, Karnataka",,https://karnataka.data.gov.in/resource/crop-survey-shiraguppi-hobli-hubli-taluk-dharwad-district-karnataka-rabi-season-2021-2022
09e2151b-b50a-4b05-ae6d-2c0eb4a14f81,json,failed,Server error - Status: 503,Crop Survey of SANTEBENNURU-2 Hobli of Channagiri Taluk of Davanagere District of Karnataka for Kharif Season 2019- 2020,text/json,,"Karnataka,Agriculture Department, Karnataka",,https://karnataka.data.gov.in/resource/crop-survey-santebennuru-2-hobli-channagiri-taluk-davanagere-district-karnataka-kharif-1
c3d24237-df71-41c1-9c41-7af73a3ecfb9,json,failed,Server error - Status: 503,Crop Survey of DHUMMAVADA Hobli of Kalgatgi Taluk of DHARWAD District of Karnataka for Rabi Season 2021-2022,text/json,,"Karnataka,Agriculture Department, Karnataka",,https://karnataka.data.gov.in/resource/crop-survey-dhummavada-hobli-kalgatgi-taluk-dharwad-district-karnataka-rabi-season-2021
de1410f9-5141-4a9a-8177-cf09036e1620,json,failed,Server error - Status: 503,Crop Survey of KALAGHATAGI  Hobli of Kalgatgi Taluk of DHARWAD District of Karnataka for Rabi Season 2021-2022,text/json,,"Karnataka,Agriculture Department, Karnataka",,https://karnataka.data.gov.in/resource/crop-survey-kalaghatagi-hobli-kalgatgi-taluk-dharwad-district-karnataka-rabi-season-2021
f4386a5b-ccaf-4029-a42a-6ab0f7a01e02,json,failed,Server error - Status: 503,Crop Survey of UBRANI  Hobli of Channagiri Taluk of Davanagere District of Karnataka for Kharif Season 2019- 2020,text/json,,"Karnataka,Agriculture Department, Karnataka",,https://karnataka.data.gov.in/resource/crop-survey-ubrani-hobli-channagiri-taluk-davanagere-district-karnataka-kharif-season-2019
5e701bc2-ffd4-428a-947e-7b84cdc0c8bd,json,failed,Server error - Status: 503,Crop Survey of TABAKADAHONNIHALLI Hobli of Kalgatgi Taluk of DHARWAD District of Karnataka for Rabi Season 2021-2022,text/json,,"Karnataka,Agriculture Department, Karnataka",,https://karnataka.data.gov.in/resource/crop-survey-tabakadahonnihalli-hobli-kalgatgi-taluk-dharwad-district-karnataka-rabi-0
d6ac8084-6007-43d3-b4b8-bb12e7fadf87,json,failed,Server error - Status: 503,Crop Survey of KUNDAGOLA Hobli of Kundgol Taluk of DHARWAD District of Karnataka for Rabi Season 2021-2022,text/json,,"Karnataka,Agriculture Department, Karnataka",,https://karnataka.data.gov.in/resource/crop-survey-kundagola-hobli-kundgol-taluk-dharwad-district-karnataka-rabi-season-2021-2022
6b5bfabd-4926-4802-80a1-cff2d43c8d5e,json,failed,Server error - Status: 503,Crop Survey of HARANAHALLI Hobli of shimoga Taluk of Shimoga District of Karnataka for Summer Season 2019-2020 ,text/json,,"Karnataka,Agriculture Department, Karnataka",,https://karnataka.data.gov.in/resource/crop-survey-haranahalli-hobli-shimoga-taluk-shimoga-district-karnataka-summer-season-2019
a051d61b-4735-433f-8def-6f06297d5ecd,json,failed,Server error - Status: 503,Crop Survey of SANSHI Hobli of Kundgol Taluk of DHARWAD District of Karnataka for Rabi Season 2021-2022,text/json,,"Karnataka,Agriculture Department, Karnataka",,https://karnataka.data.gov.in/resource/crop-survey-sanshi-hobli-kundgol-taluk-dharwad-district-karnataka-rabi-season-2021-2022
80995ed9-eac6-4497-8a39-644570028f5a,json,failed,Server error - Status: 503,Crop Survey of ANAGODU Hobli of davanagere Taluk of Davanagere District of Karnataka for Kharif Season 2019- 2020,text/json,,"Karnataka,Agriculture Department, Karnataka",,https://karnataka.data.gov.in/resource/crop-survey-anagodu-hobli-davanagere-taluk-davanagere-district-karnataka-kharif-season-1
f8e8b6ae-dcf4-4d9f-b091-d738bea65361,json,failed,Server error - Status: 503,Crop Survey of MORABA Hobli of Navalgund Taluk of DHARWAD District of Karnataka for Rabi Season 2021-2022,text/json,,"Karnataka,Agriculture Department, Karnataka",,https://karnataka.data.gov.in/resource/crop-survey-moraba-hobli-navalgund-taluk-dharwad-district-karnataka-rabi-season-2021-2022
14c61c8f-2982-48dc-a8c5-fd5f6b153b56,json,failed,Server error - Status: 503,Crop Survey of HOLALURAAIAI Hobli of shimoga Taluk of Shimoga District of Karnataka for Summer Season 2019-2020 ,text/json,,"Karnataka,Agriculture Department, Karnataka",,https://karnataka.data.gov.in/resource/crop-survey-holaluraaiai-hobli-shimoga-taluk-shimoga-district-karnataka-summer-season-2019
92da3495-93ec-4e37-8c6b-cb7f22e5ba35,json,failed,Server error - Status: 503,Crop Survey of BANTVALA  Hobli of Bantwal Taluk of Dakshina Kannada District of Karnataka for Rabi Season 2019-2020,text/json,,"Karnataka,Agriculture Department, Karnataka",,https://karnataka.data.gov.in/resource/crop-survey-bantvala-hobli-bantwal-taluk-dakshina-kannada-district-karnataka-rabi-season
343a3849-c085-47bc-afff-1dfa45884cd4,json,failed,Server error - Status: 503,Crop Survey of KASABA Hobli of davanagere Taluk of Davanagere District of Karnataka for Kharif Season 2019- 2020,text/json,,"Karnataka,Agriculture Department, Karnataka",,https://karnataka.data.gov.in/resource/crop-survey-kasaba-hobli-davanagere-taluk-davanagere-district-karnataka-kharif-season-2019
beb44501-82e6-4860-93da-1dda2b0c9532,json,failed,Server error - Status: 503,Crop Survey of MAYAKONDA Hobli of davanagere Taluk of Davanagere District of Karnataka for Kharif Season 2019- 2020,text/json,,"Karnataka,Agriculture Department, Karnataka",,https://karnataka.data.gov.in/resource/crop-survey-mayakonda-hobli-davanagere-taluk-davanagere-district-karnataka-kharif-season-1
2ee83618-876c-48f9-b53b-f79d85600647,json,failed,Server error - Status: 503,Crop Survey of BAMMANALLI Hobli of Hangal Taluk of Haveri District of Karnataka for Kharif Season 2019-20,text/json,,"Karnataka,Agriculture Department, Karnataka",,https://karnataka.data.gov.in/resource/crop-survey-bammanalli-hobli-hangal-taluk-haveri-district-karnataka-kharif-season-2019-20
5f721aff-9dc0-4bc5-ba88-9e8d8dc3ff09,json,failed,Server error - Status: 503,Crop Survey of KASABA Hobli of Harihar Taluk of Davanagere District of Karnataka for Kharif Season 2019- 2020,text/json,,"Karnataka,Agriculture Department, Karnataka",,https://karnataka.data.gov.in/resource/crop-survey-kasaba-hobli-harihar-taluk-davanagere-district-karnataka-kharif-season-2019
232cde07-7794-48c2-802e-c4f0f47f9016,json,failed,Server error - Status: 503,Crop Survey of HANAGALLA Hobli of Hangal Taluk of Haveri District of Karnataka for Kharif Season 2019-20,text/json,,"Karnataka,Agriculture Department, Karnataka",,https://karnataka.data.gov.in/resource/crop-survey-hanagalla-hobli-hangal-taluk-haveri-district-karnataka-kharif-season-2019-20
b5abef41-85f4-4acb-bbf8-cafecf759bd7,json,failed,Server error - Status: 503,Crop Survey of HOLALURUAIHobli of shimoga Taluk of Shimoga District of Karnataka for Summer Season 2019-2020 ,text/json,,"Karnataka,Agriculture Department, Karnataka",,https://karnataka.data.gov.in/resource/crop-survey-holaluruaihobli-shimoga-taluk-shimoga-district-karnataka-summer-season-2019
97a856f0-fb59-4afd-a9fd-c13608f2eced,json,failed,Server error - Status: 503,Crop Survey of MALEBENNURU Hobli of Harihar Taluk of Davanagere District of Karnataka for Kharif Season 2019- 2020,text/json,,"Karnataka,Agriculture Department, Karnataka",,https://karnataka.data.gov.in/resource/crop-survey-malebennuru-hobli-harihar-taluk-davanagere-district-karnataka-kharif-season-1
c303fc8d-b8e1-455f-8762-cf0d14a65052,json,failed,Server error - Status: 503,Crop Survey of VITLA  Hobli of Bantwal Taluk of Dakshina Kannada District of Karnataka for Rabi Season 2019-2020,text/json,,"Karnataka,Agriculture Department, Karnataka",,https://karnataka.data.gov.in/resource/crop-survey-vitla-hobli-bantwal-taluk-dakshina-kannada-district-karnataka-rabi-season-2019
3bee80ae-dc80-4d28-9762-cb451c76472b,json,failed,Server error - Status: 503,Crop Survey of PANEMANGALURU  Hobli of Bantwal Taluk of Dakshina Kannada District of Karnataka for Rabi Season 2019-2020,text/json,,"Karnataka,Agriculture Department, Karnataka",,https://karnataka.data.gov.in/resource/crop-survey-panemangaluru-hobli-bantwal-taluk-dakshina-kannada-district-karnataka-rabi
fb3f5d92-bcca-4f77-b1f3-c0e164382fbd,json,failed,Server error - Status: 503,Crop Survey of GUTTALA Hobli of Haveri Taluk of Haveri District of Karnataka for Kharif Season 2019-20,text/json,,"Karnataka,Agriculture Department, Karnataka",,https://karnataka.data.gov.in/resource/crop-survey-guttala-hobli-haveri-taluk-haveri-district-karnataka-kharif-season-2019-20
6f46970c-c0f4-4868-907a-d28b3fef9654,json,failed,Server error - Status: 503,Crop Survey of KASABAAIAI Hobli of shimoga Taluk of Shimoga District of Karnataka for Summer Season 2019-2020 ,text/json,,"Karnataka,Agriculture Department, Karnataka",,https://karnataka.data.gov.in/resource/crop-survey-kasabaaiai-hobli-shimoga-taluk-shimoga-district-karnataka-summer-season-2019
f5be514f-524e-4c7e-af64-f9e8b0645572,json,failed,Server error - Status: 503,Crop Survey of HAVERI Hobli of Haveri Taluk of Haveri District of Karnataka for Kharif Season 2019-20,text/json,,"Karnataka,Agriculture Department, Karnataka",,https://karnataka.data.gov.in/resource/crop-survey-haveri-hobli-haveri-taluk-haveri-district-karnataka-kharif-season-2019-20
10fafd9b-093d-46d4-9aac-72f080a1ef7d,json,failed,Server error - Status: 503,Crop Survey of KARAJAGI Hobli of Haveri Taluk of Haveri District of Karnataka for Kharif Season 2019-20,text/json,,"Karnataka,Agriculture Department, Karnataka",,https://karnataka.data.gov.in/resource/crop-survey-karajagi-hobli-haveri-taluk-haveri-district-karnataka-kharif-season-2019-20
27ed4509-0ea9-41a4-9b64-d4f1d16e7888,json,failed,Server error - Status: 503,Crop Survey of NIDIGEAI Hobli of shimoga Taluk of Shimoga District of Karnataka for Summer Season 2019-2020 ,text/json,,"Karnataka,Agriculture Department, Karnataka",,https://karnataka.data.gov.in/resource/crop-survey-nidigeai-hobli-shimoga-taluk-shimoga-district-karnataka-summer-season-2019
fbb2d221-99a1-465e-b3a7-e728cbddeb4c,json,failed,Server error - Status: 503,Crop Survey of GOVINAKOVI-2 Hobli of Honnali Taluk of Davanagere District of Karnataka for Kharif Season 2019- 2020,text/json,,"Karnataka,Agriculture Department, Karnataka",,https://karnataka.data.gov.in/resource/crop-survey-govinakovi-2-hobli-honnali-taluk-davanagere-district-karnataka-kharif-season-1
02ca8b3a-bb0d-42b1-9b09-4dfa757fd32d,csv,failed,Server error - Status: 503,CESC Details of Low Tension Cables for the Month of FEB and MAR 2022,text/csv,,"Karnataka,Energy Department, Karnataka",https://www.data.gov.in/files/ogdpv2dms/s3fs-public/CESC_Details_Low_Tension_Lines_for_Feb_and_March_2022.csv,https://karnataka.data.gov.in/resource/cesc-details-low-tension-cables-month-feb-and-mar-2022
3dbb891d-75be-41ca-87da-3bdf4a0d3078,json,failed,Server error - Status: 503,Crop Survey of HANSABHAVI Hobli of Hirekerur Taluk of Haveri District of Karnataka for Kharif Season 2019-20,text/json,,"Karnataka,Agriculture Department, Karnataka",,https://karnataka.data.gov.in/resource/crop-survey-hansabhavi-hobli-hirekerur-taluk-haveri-district-karnataka-kharif-season-2019
47d40307-d0b8-43a2-8b82-c91f62f982e0,json,failed,Server error - Status: 503,Crop Survey of K HOSAKOTE Hobli of Alur Taluk of Hassan District of Karnataka for Kharif Season 2018-2019,text/json,,"Karnataka,Agriculture Department, Karnataka",,https://karnataka.data.gov.in/resource/crop-survey-k-hosakote-hobli-alur-taluk-hassan-district-karnataka-kharif-season-2018-2019
64579b1a-f839-4ad6-ba2b-fcb70c1f6e9e,json,failed,Server error - Status: 503,Crop Survey of NIDIGEAIAI Hobli of shimoga Taluk of Shimoga District of Karnataka for Summer Season 2019-2020 ,text/json,,"Karnataka,Agriculture Department, Karnataka",,https://karnataka.data.gov.in/resource/crop-survey-nidigeaiai-hobli-shimoga-taluk-shimoga-district-karnataka-summer-season-2019
60ed33b9-f926-4438-9ed5-84991e536682,json,failed,Server error - Status: 503,Crop Survey of HIREKERURA Hobli of Hirekerur Taluk of Haveri District of Karnataka for Kharif Season 2019-20,text/json,,"Karnataka,Agriculture Department, Karnataka",,https://karnataka.data.gov.in/resource/crop-survey-hirekerura-hobli-hirekerur-taluk-haveri-district-karnataka-kharif-season-2019
20d67e70-1ad3-484b-a317-8119efef6f75,json,failed,Server error - Status: 503,Crop Survey of KASABA Hobli of Honnali Taluk of Davanagere District of Karnataka for Kharif Season 2019- 2020,text/json,,"Karnataka,Agriculture Department, Karnataka",,https://karnataka.data.gov.in/resource/crop-survey-kasaba-hobli-honnali-taluk-davanagere-district-karnataka-kharif-season-2019
1680abe7-f37a-4997-8f77-759c5438f79a,json,failed,Server error - Status: 503,Crop Survey of KASABA Hobli of Alur Taluk of Hassan District of Karnataka for Kharif Season 2018-2019,text/json,,"Karnataka,Agriculture Department, Karnataka",,https://karnataka.data.gov.in/resource/crop-survey-kasaba-hobli-alur-taluk-hassan-district-karnataka-kharif-season-2018-2019
6086a010-e53b-4189-b255-ed09f53412c7,json,failed,Server error - Status: 503,Crop Survey of KUPPELURA Hobli of Ranebennur Taluk of Haveri District of Karnataka for Kharif Season 2019-20,text/json,,"Karnataka,Agriculture Department, Karnataka",,https://karnataka.data.gov.in/resource/crop-survey-kuppelura-hobli-ranebennur-taluk-haveri-district-karnataka-kharif-season-2019
8688b46d-f357-4235-8b9f-210352ba0863,json,failed,Server error - Status: 503,Crop Survey of SASVEHALLI-1 Hobli of Honnali Taluk of Davanagere District of Karnataka for Kharif Season 2019- 2020,text/json,,"Karnataka,Agriculture Department, Karnataka",,https://karnataka.data.gov.in/resource/crop-survey-sasvehalli-1-hobli-honnali-taluk-davanagere-district-karnataka-kharif-season-1
a74851c9-e7db-4cc3-afbc-c054cde04076,json,failed,Server error - Status: 503,Crop Survey of KUNDURU Hobli of Alur Taluk of Hassan District of Karnataka for Kharif Season 2018-2019,text/json,,"Karnataka,Agriculture Department, Karnataka",,https://karnataka.data.gov.in/resource/crop-survey-kunduru-hobli-alur-taluk-hassan-district-karnataka-kharif-season-2018-2019
fdbfba6a-1de4-4440-a546-921a80a9cc5c,json,failed,Server error - Status: 503,Crop Survey of MEDLERI Hobli of Ranebennur Taluk of Haveri District of Karnataka for Kharif Season 2019-20,text/json,,"Karnataka,Agriculture Department, Karnataka",,https://karnataka.data.gov.in/resource/crop-survey-medleri-hobli-ranebennur-taluk-haveri-district-karnataka-kharif-season-2019-20
6e8887fc-fa17-4ac8-8ab9-fb8e3c16692c,json,failed,Server error - Status: 503,Crop Survey of ANAVATTI Hobli of SORABA Taluk of Shimoga District of Karnataka for Summer Season 2019-2020 ,text/json,,"Karnataka,Agriculture Department, Karnataka",,https://karnataka.data.gov.in/resource/crop-survey-anavatti-hobli-soraba-taluk-shimoga-district-karnataka-summer-season-2019-0
461138da-dd8c-466f-9da0-0dc12a2c2739,json,failed,Server error - Status: 503,Crop Survey of RANEBENNURA Hobli of Ranebennur Taluk of Haveri District of Karnataka for Kharif Season 2019-20,text/json,,"Karnataka,Agriculture Department, Karnataka",,https://karnataka.data.gov.in/resource/crop-survey-ranebennura-hobli-ranebennur-taluk-haveri-district-karnataka-kharif-season-0
13cef84e-c497-48f7-8461-8a9cf2d8772e,json,failed,Server error - Status: 503,Crop Survey of SASVEHALLI-2 Hobli of Honnali Taluk of Davanagere District of Karnataka for Kharif Season 2019- 2020,text/json,,"Karnataka,Agriculture Department, Karnataka",,https://karnataka.data.gov.in/resource/crop-survey-sasvehalli-2-hobli-honnali-taluk-davanagere-district-karnataka-kharif-season-1
1e863e51-280d-46bf-9846-7beb2e6ab881,json,failed,Server error - Status: 503,Crop Survey of PALYA Hobli of Alur Taluk of Hassan District of Karnataka for Kharif Season 2018-2019,text/json,,"Karnataka,Agriculture Department, Karnataka",,https://karnataka.data.gov.in/resource/crop-survey-palya-hobli-alur-taluk-hassan-district-karnataka-kharif-season-2018-2019
9b6aa62c-a13d-4e5b-bd1d-dd6bb3de1afa,json,failed,Server error - Status: 503,Crop Survey of BELTANGADI  Hobli of Belthangady Taluk of Dakshina Kannada District of Karnataka for Rabi Season 2019-2020,text/json,,"Karnataka,Agriculture Department, Karnataka",,https://karnataka.data.gov.in/resource/crop-survey-beltangadi-hobli-belthangady-taluk-dakshina-kannada-district-karnataka-rabi
ac69e69d-d034-4c53-8412-3e83d7010d18,json,failed,Server error - Status: 503,Crop Survey of HIREKERURA Hobli of RATTEEHALLI Taluk of Haveri District of Karnataka for Kharif Season 2019-20,text/json,,"Karnataka,Agriculture Department, Karnataka",,https://karnataka.data.gov.in/resource/crop-survey-hirekerura-hobli-ratteehalli-taluk-haveri-district-karnataka-kharif-season-0
16bf0fc4-f6c7-4954-aa1a-e2a8aafb44f4,json,failed,Server error - Status: 503,Crop Survey of JADE Hobli of SORABA Taluk of Shimoga District of Karnataka for Summer Season 2019-2020 ,text/json,,"Karnataka,Agriculture Department, Karnataka",,https://karnataka.data.gov.in/resource/crop-survey-jade-hobli-soraba-taluk-shimoga-district-karnataka-summer-season-2019-2020
30d756aa-748b-428f-b476-e4927faf305d,json,failed,Server error - Status: 503,Crop Survey of BILICHODU Hobli of JAGALUR Taluk of Davanagere District of Karnataka for Kharif Season 2019- 2020,text/json,,"Karnataka,Agriculture Department, Karnataka",,https://karnataka.data.gov.in/resource/crop-survey-bilichodu-hobli-jagalur-taluk-davanagere-district-karnataka-kharif-season-2019
ca49f9cf-ea84-42d0-bc86-8572ec9d1bd2,json,failed,Server error - Status: 503,Crop Survey of RATTEEHALLI Hobli of RATTEEHALLI Taluk of Haveri District of Karnataka for Kharif Season 2019-20,text/json,,"Karnataka,Agriculture Department, Karnataka",,https://karnataka.data.gov.in/resource/crop-survey-ratteehalli-hobli-ratteehalli-taluk-haveri-district-karnataka-kharif-season-0
fa41962d-22dc-4d7b-ad4a-6ab3981227fa,csv,failed,Server error - Status: 503,CESC Details of High Tension Cables for the Month of FEB and MAR 2022,text/csv,,"Karnataka,Energy Department, Karnataka",https://www.data.gov.in/files/ogdpv2dms/s3fs-public/CESC_Details_High_Tension_Lines_for_Feb_and_Mar_2022.csv,https://karnataka.data.gov.in/resource/cesc-details-high-tension-cables-month-feb-and-mar-2022
5737b0ad-8cc8-43a7-b2a9-5421faf0d549,json,failed,"server returned error body: {""status"":""FAIL""}",Bangalore Rural District Hobli Wise Average Yield data for Kharif Season 2010,text/json,,"Karnataka,Planning and Statistics Department, Karnataka,Directorate of Economics & Statistics",,https://karnataka.data.gov.in/resource/bangalore-rural-district-hobli-wise-average-yield-data-kharif-season-2010
9268d257-5f31-41f0-b8df-688f11e3c628,json,failed,"server returned error body: {""status"":""FAIL""}", Bangalore Urban District Hobli Wise Average Yield data for Kharif Season 2010,text/json,,"Karnataka,Planning and Statistics Department, Karnataka,Directorate of Economics & Statistics",,https://karnataka.data.gov.in/resource/bangalore-urban-district-hobli-wise-average-yield-data-kharif-season-2010
7a098fcc-274d-494c-826d-fccecc24a3af,json,failed,"server returned error body: {""status"":""FAIL""}", Belgaum District Hobli Wise Average Yield data for Kharif Season 2010,text/json,,"Karnataka,Planning and Statistics Department, Karnataka,Directorate of Economics & Statistics",,https://karnataka.data.gov.in/resource/belgaum-district-hobli-wise-average-yield-data-kharif-season-2010
aef520d9-4060-4e23-9f7f-5c53f4fbbddc,json,failed,"server returned error body: {""status"":""FAIL""}", Bellary District Hobli Wise Average Yield data for Kharif Season 2010,text/json,,"Karnataka,Planning and Statistics Department, Karnataka,Directorate of Economics & Statistics",,https://karnataka.data.gov.in/resource/bellary-district-hobli-wise-average-yield-data-kharif-season-2010
6e8d8564-ed74-47ae-9982-06e9f96fe59d,json,failed,"server returned error body: {""status"":""FAIL""}", Bidar District Hobli Wise Average Yield data for Kharif Season 2010,text/json,,"Karnataka,Planning and Statistics Department, Karnataka,Directorate of Economics & Statistics",,https://karnataka.data.gov.in/resource/bidar-district-hobli-wise-average-yield-data-kharif-season-2010
69b04e47-9836-48cd-8557-beab0ddcee3d,json,failed,"server returned error body: {""status"":""FAIL""}",Bijapur District Hobli Wise Average Yield data for Kharif Season 2010,text/json,,"Karnataka,Planning and Statistics Department, Karnataka,Directorate of Economics & Statistics",,https://karnataka.data.gov.in/resource/bijapur-district-hobli-wise-average-yield-data-kharif-season-2010
93775911-ce60-44e5-ac05-d58816a421e4,json,failed,"server returned error body: {""status"":""FAIL""}",Chamarajanagar District Hobli Wise Average Yield data for Kharif Season 2010 ,text/json,,"Karnataka,Planning and Statistics Department, Karnataka,Directorate of Economics & Statistics",,https://karnataka.data.gov.in/resource/chamarajanagar-district-hobli-wise-average-yield-data-kharif-season-2010
1e1a680c-685d-4d20-b297-62b4a15d001f,json,failed,"server returned error body: {""status"":""FAIL""}", Chikmagalur District Hobli Wise Average Yield data for Kharif Season 2010 ,text/json,,"Karnataka,Planning and Statistics Department, Karnataka,Directorate of Economics & Statistics",,https://karnataka.data.gov.in/resource/chikmagalur-district-hobli-wise-average-yield-data-kharif-season-2010
131a4904-0860-4deb-b68c-615dc9eaa360,json,failed,"server returned error body: {""status"":""FAIL""}", Chitradurga District Hobli Wise Average Yield data for Kharif Season 2010,text/json,,"Karnataka,Planning and Statistics Department, Karnataka,Directorate of Economics & Statistics",,https://karnataka.data.gov.in/resource/chitradurga-district-hobli-wise-average-yield-data-kharif-season-2010
6bc0eb7b-6a3a-4724-a03e-9b9d7695785d,json,failed,"server returned error body: {""status"":""FAIL""}", Davanagere District Hobli Wise Average Yield data for Kharif Season 2010,text/json,,"Karnataka,Planning and Statistics Department, Karnataka,Directorate of Economics & Statistics",,https://karnataka.data.gov.in/resource/davanagere-district-hobli-wise-average-yield-data-kharif-season-2010
eae0b182-1c5c-447d-9c88-7f8fcb5b40cc,json,failed,"server returned error body: {""status"":""FAIL""}", Raichur District Hobli Wise Average Yield data for Kharif Season 2010,text/json,,"Karnataka,Planning and Statistics Department, Karnataka,Directorate of Economics & Statistics",,https://karnataka.data.gov.in/resource/raichur-district-hobli-wise-average-yield-data-kharif-season-2010
69622615-269b-4c65-8e58-94737d539cb9,json,failed,"Timeout Error: HTTPSConnectionPool(host='www.data.gov.in', port=443): Read timed out. (read timeout=120.0)",Bellary District Hobli Wise Average Yield for Rabi Season 2010,text/json,,"Karnataka,Planning and Statistics Department, Karnataka,Directorate of Economics & Statistics",,https://karnataka.data.gov.in/resource/bellary-district-hobli-wise-average-yield-rabi-season-2010
e2f9d3ea-9405-42f2-b619-54cf7f96e064,xls,failed,"server returned error body: {""message"":""Unable to find the file.""}",department,application/vnd.ms-excel,,"Odisha,Information Technology Department, Odisha",,https://odisha.data.gov.in/resource/department
052a7a95-5611-4c38-a783-6626b3ed0967,csv,failed,"Timeout Error: HTTPSConnectionPool(host='www.data.gov.in', port=443): Read timed out. (read timeout=120.0)",Number of Beneficiaries under Old age Pension Scheme in Tamil Nadu : SHB 2014,text/csv,,"Tamil Nadu,Planning, Development and Special Initiatives Department,Department of Economics and Statistics",https://www.data.gov.in/files/ogdpv2dms/s3fs-public/datafile/number_of_beneficiaries_under_old_age_pension_scheme_2014.csv,https://tn.data.gov.in/resource/number-beneficiaries-under-old-age-pension-scheme-tamil-nadu-shb-2014
89c3f3a1-fb80-4f32-b63c-ae1795e18561,csv,failed,"Timeout Error: HTTPSConnectionPool(host='www.data.gov.in', port=443): Read timed out. (read timeout=120.0)","Area, Production and Productivity of Pepper (Spices and Condiments) by District-wise in Tamil Nadu for the Year 2016-17",text/csv,,"Tamil Nadu,Agriculture Department,Horticulture & Plantation Crops",https://www.data.gov.in/files/ogdpv2dms/s3fs-public/datafile/pepper_2016_17.csv,https://tn.data.gov.in/resource/area-production-and-productivity-pepper-spices-and-condiments-district-wise-tamil-nadu-1
4144309b-32cd-4b29-b73c-c5b17c3cc07e,json,failed,HTTP error - Status: 400,Common Service Centers (CSC) in Tamil Nadu (Open API),application/json,,"Tamil Nadu,Information Technology Department,Tamil Nadu e-Governance Agency (TNEGA)",,https://tn.data.gov.in/resource/common-service-centers-csc-tamil-nadu-open-api
6a896e76-1cf3-4650-92f6-4dcfe718e4fd,csv,failed,"Timeout Error: HTTPSConnectionPool(host='www.data.gov.in', port=443): Read timed out. (read timeout=120.0)",Soil Classification 2009-10 : SHB 2011,text/csv,,"Tamil Nadu,Planning, Development and Special Initiatives Department,Department of Economics and Statistics",https://www.data.gov.in/files/ogdpv2dms/s3fs-public/datafile/soil_classification_2009_10_2011.csv,https://tn.data.gov.in/resource/soil-classification-2009-10-shb-2011
968e6546-68dd-40b1-b17c-bb8fcb8c27d8,csv,failed,"Timeout Error: HTTPSConnectionPool(host='www.data.gov.in', port=443): Read timed out. (read timeout=120.0)",Value of Export of Commodities by Air through Tamil Nadu Ports during 2007-08 : SHB 2010,text/csv,,"Tamil Nadu,Planning, Development and Special Initiatives Department,Department of Economics and Statistics",https://www.data.gov.in/files/ogdpv2dms/s3fs-public/datafile/value_of_export_of_commodities_by_air_through_tamil_nadu_ports_during_2007_08_2010.csv,https://tn.data.gov.in/resource/value-export-commodities-air-through-tamil-nadu-ports-during-2007-08-shb-2010
d5923601-ea47-4697-9981-34b95f046c5d,csv,failed,"Timeout Error: HTTPSConnectionPool(host='www.data.gov.in', port=443): Read timed out. (read timeout=120.0)",Area under Ginger by Districts in Tamil Nadu 2016-17,text/csv,,"Tamil Nadu,Planning, Development and Special Initiatives Department,Department of Economics and Statistics",https://www.data.gov.in/files/ogdpv2dms/s3fs-public/datafile/ginger.csv,https://tn.data.gov.in/resource/area-under-ginger-districts-tamil-nadu-2016-17
51b061e8-e1a0-4c01-a1b8-f432c57b1f32,csv,failed,"Timeout Error: HTTPSConnectionPool(host='www.data.gov.in', port=443): Read timed out. (read timeout=120.0)",Area under Nutmeg by Districts in Tamil Nadu 2016-17,text/csv,,"Tamil Nadu,Planning, Development and Special Initiatives Department,Department of Economics and Statistics",https://www.data.gov.in/files/ogdpv2dms/s3fs-public/datafile/nutmeg.csv,https://tn.data.gov.in/resource/area-under-nutmeg-districts-tamil-nadu-2016-17
76adf426-ff38-4b13-9431-7d811d468f06,csv,failed,"Timeout Error: HTTPSConnectionPool(host='www.data.gov.in', port=443): Read timed out. (read timeout=120.0)",Area under Sorkam (Other Variety) by Districts in Tamil Nadu 2016-17,text/csv,,"Tamil Nadu,Planning, Development and Special Initiatives Department,Department of Economics and Statistics",https://www.data.gov.in/files/ogdpv2dms/s3fs-public/datafile/other_varieties_sorkam.csv,https://tn.data.gov.in/resource/area-under-sorkam-other-variety-districts-tamil-nadu-2016-17
d68cc2c2-c000-4f16-baf0-b95b728cb375,csv,failed,"Timeout Error: HTTPSConnectionPool(host='www.data.gov.in', port=443): Read timed out. (read timeout=120.0)",Nutritional Status of Children in the Age Group of 0-36 Months (General ICDS) (As on March 2008) : SHB 2009,text/csv,,"Tamil Nadu,Planning, Development and Special Initiatives Department,Department of Economics and Statistics",https://www.data.gov.in/files/ogdpv2dms/s3fs-public/datafile/nutritional_status_of_children_in_the_age_group_of_0-36_months_general_icds_2009.csv,https://tn.data.gov.in/resource/nutritional-status-children-age-group-0-36-months-general-icds-march-2008-shb-2009
31490eb6-21f8-4ba4-bb32-547c38dbaff3,csv,failed,"Timeout Error: HTTPSConnectionPool(host='www.data.gov.in', port=443): Read timed out. (read timeout=120.0)",COVID-19: Summary of Updates from Government of Tamil Nadu on 27/01/2021,text/csv,,"Tamil Nadu,Health and Family Welfare Department,Public Health and Preventive Medicine",https://www.data.gov.in/files/ogdpv2dms/s3fs-public/datafile/summary_of_covid_19_updates_from_govt_of_tn_on_27_01_2021_0.csv,https://tn.data.gov.in/resource/covid-19-summary-updates-government-tamil-nadu-27012021-0
