exact_merge_group_id,n_rows,flags,contrasting_or_subset,n_unexplained_tokens,unexplained_tokens,n_states,merge_add_columns,sample_titles
237,733,"contrasting,unexplained,geo_unnamed",rural/urban,751,adilabad agar agra ahmadnagar ahmedabad aizawl ajmer akola alappuzha aligarh alipurduar alirajpur,29,,"Enrolment by Location, School Management, School Category and Social Category in Pune District of Maharashtra (UDISE plus) during 2019-20 | Enrolment by Location, School Management, School Category and Social Category in Andamans District of Andaman and Nicobar Islands (UDISE plus) during 2019-20"
242,733,"contrasting,unexplained,geo_unnamed",rural/urban,751,adilabad agar agra ahmadnagar ahmedabad aizawl ajmer akola alappuzha aligarh alipurduar alirajpur,29,,"Number of Schools by Availability of Infrastructure and Facilities, School Management and School Category in Andamans District of Andaman and Nicobar Islands (UDISE plus) during 2019-20 | Number of Schools by Availability of Infrastructure and Facilities, School Management and School Category in Nicobars District of Andaman and Nicobar Islands (UDISE plus) during 2019-20"
244,733,"contrasting,unexplained,geo_unnamed",rural/urban,751,adilabad agar agra ahmadnagar ahmedabad aizawl ajmer akola alappuzha aligarh alipurduar alirajpur,29,,"Number of Teachers by Gender, Academic Qualification, Professional Qualification, Classes Taught, School Category and School Management in Andamans District of Andaman and Nicobar Islands (UDISE plus) during 2019-20 | Number of Teachers by Gender, Academic Qualification, Professional Qualification, Classes Taught, School Category and School Management in Nicobars District of Andaman and Nicobar Islands (UDISE plus) during 2019-20"
245,2827,"contrasting,unexplained,geo_unnamed",rural/urban,744,adilabad agar agra ahmadnagar ahmedabad aizawl ajmer akola alappuzha aligarh alipurduar alirajpur,29,,"Number of Teachers by Gender, Academic Qualification, Professional Qualification, Classes Taught, School Category and School Management in Andamans District of Andaman and Nicobar Islands (UDISE plus) during 2018-19 | Number of Teachers by Gender, Academic Qualification, Professional Qualification, Classes Taught, School Category and School Management in Nicobars District of Andaman and Nicobar Islands (UDISE plus) during 2018-19"
243,4421,"contrasting,unexplained,geo_unnamed",rural/urban,744,adilabad agar agra ahmadnagar ahmedabad aizawl ajmer akola alappuzha aligarh alipurduar alirajpur,29,,"Number of Schools by Availability of Infrastructure and Facilities, School Management and School Category in Andamans District of Andaman and Nicobar Islands (UDISE plus) during 2018-19 | Number of Schools by Availability of Infrastructure and Facilities, School Management and School Category in Nicobars District of Andaman and Nicobar Islands (UDISE plus) during 2018-19"
238,2781,"contrasting,unexplained,geo_unnamed",rural/urban,739,adilabad agar agra ahmadnagar ahmedabad aizawl ajmer akola alappuzha aligarh alipurduar alirajpur,27,,"Enrolment by Location, School Management, School Category and Social Category in Andamans District of Andaman and Nicobar Islands (UDISE plus) during 2017-18 | Enrolment by Location, School Management, School Category and Social Category in Nicobars District of Andaman and Nicobar Islands (UDISE plus) during 2017-18"
239,1948,"unexplained,geo_unnamed",,692,adilabad agar agra ahmadnagar ahmedabad aizawl ajmer akola alappuzha aligarh alipurduar alirajpur,27,,"Enrolment by Location, School Management, School Category and Social Category in Andamans District of Andaman and Nicobar Islands (UDISE plus) during 2012-13 | Enrolment by Location, School Management, School Category and Social Category in Nicobars District of Andaman and Nicobar Islands (UDISE plus) during 2012-13"
670,608,"unexplained,geo_unnamed",,621,adilabad agra ahmadabad ahmadnagar aizawl ajit ajmer akola alappuzha aligarh alirajpur allahabad,24,,"Town Amenities for Adilabad District of Andhra Pradesh, 2011 | Town Amenities for Anantapur District of Andhra Pradesh, 2011"
671,596,"unexplained,geo_unnamed",,618,adilabad agra ahmadabad ahmadnagar aizawl ajit ajmer akola alappuzha aligarh alirajpur allahabad,23,,"Village Amenities for Adilabad District of Andhra Pradesh, 2011 | Village Amenities for Anantapur District of Andhra Pradesh, 2011"
423,593,"unexplained,geo_unnamed",,602,adilabad agra ahmadabad ahmadnagar aizawl ajmer akola alappuzha aligarh allahabad almora alwar,27,,"Final Population Totals for Kupwara District of Jammu & Kashmir, 2001 | Final Population Totals for Baramula District of Jammu & Kashmir, 2001"
661,593,"unexplained,geo_unnamed",,602,adilabad agra ahmadabad ahmadnagar aizawl ajmer akola alappuzha aligarh allahabad almora alwar,27,,"Primary Census Abstract for Kupwara District of Jammu & Kashmir, 2001 | Primary Census Abstract for Baramula District of Jammu & Kashmir, 2001"
634,580,"unexplained,geo_unnamed",,587,adilabad agra ahmadabad ahmadnagar aizawl ajmer akola alappuzha aligarh allahabad almora alwar,23,,"Population Attending Educational Institutions by Age, Sex and Type of Educational Institution for Scheduled Caste (Each Caste Separately) for Kupwara District of Jammu & Kashmir, 2001 | Population Attending Educational Institutions by Age, Sex and Type of Educational Institution for Scheduled Caste (Each Caste Separately) for Baramula District of Jammu & Kashmir, 2001"
364,578,"unexplained,geo_unnamed",,586,adilabad agra ahmadabad ahmadnagar aizawl ajmer akola alappuzha aligarh allahabad almora alwar,23,,"Educational Level by Age and Sex for Population Age 7 and Above for Scheduled Caste (Each Caste Separately) for Kupwara District of Jammu & Kashmir, 2001 | Educational Level by Age and Sex for Population Age 7 and Above for Scheduled Caste (Each Caste Separately) for Baramula District of Jammu & Kashmir, 2001"
645,543,"unexplained,geo_unnamed",,558,adilabad agra ahmadabad ahmadnagar aizawl ajmer akola alappuzha aligarh allahabad almora alwar,22,,"Population by Religious Community for Scheduled Tribe (Each Tribe Separately) for Kupwara District of Jammu & Kashmir, 2001 | Population by Religious Community for Scheduled Tribe (Each Tribe Separately) for Baramula District of Jammu & Kashmir, 2001"
635,543,"unexplained,geo_unnamed",,558,adilabad agra ahmadabad ahmadnagar aizawl ajmer akola alappuzha aligarh allahabad almora alwar,22,,"Population Attending Educational Institutions by Age, Sex and Type of Educational Institution for Scheduled Tribe (Each Tribe Separately) for Kupwara District of Jammu & Kashmir, 2001 | Population Attending Educational Institutions by Age, Sex and Type of Educational Institution for Scheduled Tribe (Each Tribe Separately) for Baramula District of Jammu & Kashmir, 2001"
366,543,"unexplained,geo_unnamed",,558,adilabad agra ahmadabad ahmadnagar aizawl ajmer akola alappuzha aligarh allahabad almora alwar,22,,"Educational Level by Age and Sex for Population Age 7 and Above for Scheduled Tribe (Each Tribe Separately) for Kupwara District of Jammu & Kashmir, 2001 | Educational Level by Age and Sex for Population Age 7 and Above for Scheduled Tribe (Each Tribe Separately) for Baramula District of Jammu & Kashmir, 2001"
503,452,"unexplained,geo_unnamed",,466,adilabad agra ahmadabad ahmadnagar aizawl ajmer akola alappuzha aligarh allahabad almora alwar,23,,"Main Workers, Marginal Workers, Non-workers and those Non-workers Seeking/ Available for Work Classified by Age and Sex for Srikakulam District of Andhra Pradesh, 1991 | Main Workers, Marginal Workers, Non-workers and those Non-workers Seeking/ Available for Work Classified by Age and Sex for Vizianagaram District of Andhra Pradesh, 1991"
470,483,"unexplained,geo_unnamed",,466,adilabad agra ahmadabad ahmadnagar aizawl ajmer akola alappuzha aligarh allahabad almora alwar,23,,"Main Workers Classified by Industrial Category, Age and Sex, 1991 - Andhra Pradesh | Main Workers Classified by Industrial Category, Age and Sex for Srikakulam District of Andhra Pradesh, 1991"
478,483,"unexplained,geo_unnamed",,466,adilabad agra ahmadabad ahmadnagar aizawl ajmer akola alappuzha aligarh allahabad almora alwar,23,,"Main Workers Classified by Industrial Category, Educational Level and Sex, 1991 - Andhra Pradesh | Main Workers Classified by Industrial Category, Educational Level and Sex for Srikakulam District of Andhra Pradesh, 1991"
563,483,"unexplained,geo_unnamed",,466,adilabad agra ahmadabad ahmadnagar aizawl ajmer akola alappuzha aligarh allahabad almora alwar,23,,"Non Workers by Main Activity, Age and Sex, 1991 - Andhra Pradesh | Non Workers by Main Activity, Age and Sex for Srikakulam District of Andhra Pradesh, 1991"
306,483,"unexplained,geo_unnamed",,466,adilabad agra ahmadabad ahmadnagar aizawl ajmer akola alappuzha aligarh allahabad almora alwar,23,,"Age, Sex and Educational level Population - All Areas, 1991 - Andhra Pradesh | Age, Sex and Educational level Population - All Areas for Srikakulam District of Andhra Pradesh, 1991"
488,483,"unexplained,geo_unnamed",,465,adilabad agra ahmadabad ahmadnagar aizawl ajmer akola alappuzha aligarh allahabad almora alwar,23,,"Main Workers other than Cultivators and Agricultural Labourers Classified by Industrial Category, Age and Sex, 1991 - Andhra Pradesh | Main Workers other than Cultivators and Agricultural Labourers Classified by Industrial Category, Age and Sex for Srikakulam District of Andhra Pradesh, 1991"
489,483,"unexplained,geo_unnamed",,465,adilabad agra ahmadabad ahmadnagar aizawl ajmer akola alappuzha aligarh allahabad almora alwar,23,,"Main Workers other than Cultivators and Agricultural Labourers Classified by Industrial Category, Educational Level and Sex, 1991 - Andhra Pradesh | Main Workers other than Cultivators and Agricultural Labourers Classified by Industrial Category, Educational Level and Sex for Srikakulam District of Andhra Pradesh, 1991"
545,483,"unexplained,geo_unnamed",,465,adilabad agra ahmadabad ahmadnagar aizawl ajmer akola alappuzha aligarh allahabad almora alwar,23,,"Marginal workers by Industrial Category, Age and Sex, 1991 - Andhra Pradesh | Marginal workers by Industrial Category, Age and Sex for Srikakulam District of Andhra Pradesh, 1991"
567,452,"unexplained,geo_unnamed",,465,adilabad agra ahmadabad ahmadnagar aizawl ajmer akola alappuzha aligarh allahabad almora alwar,23,,"Non-Workers Seeking/Available for work and those among them who Never worked before classified by Age, Sex and Educational level for Srikakulam District of Andhra Pradesh, 1991 | Non-Workers Seeking/Available for work and those among them who Never worked before classified by Age, Sex and Educational level for Vizianagaram District of Andhra Pradesh, 1991"
648,482,"unexplained,geo_unnamed",,465,adilabad agra ahmadabad ahmadnagar aizawl ajmer akola alappuzha aligarh allahabad almora alwar,24,,"Population by Single Year Age Returns, 1991 - India | Population by Single Year Age Returns, 1991 - Andhra Pradesh"
445,452,"unexplained,geo_unnamed",,465,adilabad agra ahmadabad ahmadnagar aizawl ajmer akola alappuzha aligarh allahabad almora alwar,23,,"Industrial Classification of Main and Marginal Workers in Manufacturing, Processing, Servicing and Repairs on Household Industry Basis by Sex and Class of Worker for Srikakulam District of Andhra Pradesh, 1991 | Industrial Classification of Main and Marginal Workers in Manufacturing, Processing, Servicing and Repairs on Household Industry Basis by Sex and Class of Worker for Vizianagaram District of Andhra Pradesh, 1991"
564,477,"unexplained,geo_unnamed",,460,adilabad agra ahmadabad ahmadnagar aizawl ajmer akola alappuzha aligarh allahabad almora alwar,23,,"Non Workers by Main Activity, Educational level and Sex, 1991 - Andhra Pradesh | Non Workers by Main Activity, Educational level and Sex for Srikakulam District of Andhra Pradesh, 1991"
483,477,"unexplained,geo_unnamed",,458,adilabad agra ahmadabad ahmadnagar aizawl ajmer akola alappuzha aligarh allahabad almora alwar,23,,"Main Workers by Age, Sex and Educational Level - Rural, 1991 - Andhra Pradesh | Main Workers by Age, Sex and Educational Level - Rural for Srikakulam District of Andhra Pradesh, 1991"
637,477,"unexplained,geo_unnamed",,458,adilabad agra ahmadabad ahmadnagar aizawl ajmer akola alappuzha aligarh allahabad almora alwar,23,,"Population Attending School or College by Completed level of Education - Rural, 1991 - Andhra Pradesh | Population Attending School or College by Completed level of Education - Rural for Srikakulam District of Andhra Pradesh, 1991"
484,473,"unexplained,geo_unnamed",,457,adilabad agra ahmadabad ahmadnagar aizawl ajmer akola alappuzha aligarh allahabad almora alwar,22,,"Main Workers by Age, Sex and Educational Level - Urban, 1991 - Andhra Pradesh | Main Workers by Age, Sex and Educational Level - Urban for Srikakulam District of Andhra Pradesh, 1991"
307,473,"unexplained,geo_unnamed",,457,adilabad agra ahmadabad ahmadnagar aizawl ajmer akola alappuzha aligarh allahabad almora alwar,22,,"Age, Sex and Educational level Population - Urban, 1991 - Andhra Pradesh | Age, Sex and Educational level Population - Urban for Srikakulam District of Andhra Pradesh, 1991"
638,473,"unexplained,geo_unnamed",,457,adilabad agra ahmadabad ahmadnagar aizawl ajmer akola alappuzha aligarh allahabad almora alwar,22,,"Population Attending School or College by Completed level of Education - Urban, 1991 - Andhra Pradesh | Population Attending School or College by Completed level of Education - Urban for Srikakulam District of Andhra Pradesh , 1991"
621,442,"unexplained,geo_unnamed",,456,adilabad agra ahmadabad ahmadnagar aizawl ajmer akola alappuzha aligarh allahabad almora alwar,19,,"Scheduled Caste Population (Ages 5-19) by Single Year of Age, School Attendance and Economic Activity for Srikakulam District of Andhra Pradesh, 1991 | Scheduled Caste Population (Ages 5-19) by Single Year of Age, School Attendance and Economic Activity for Vizianagaram District of Andhra Pradesh, 1991"
371,442,"unexplained,geo_unnamed",,456,adilabad agra ahmadabad ahmadnagar aizawl ajmer akola alappuzha aligarh allahabad almora alwar,19,,"Ever Married Women by Age at Marriage, Currently Married Women by Age at Marriage and duration of Marriage Among Scheduled Castes for Srikakulam District of Andhra Pradesh, 1991 | Ever Married Women by Age at Marriage, Currently Married Women by Age at Marriage and duration of Marriage Among Scheduled Castes for Vizianagaram District of Andhra Pradesh, 1991"
385,442,"unexplained,geo_unnamed",,456,adilabad agra ahmadabad ahmadnagar aizawl ajmer akola alappuzha aligarh allahabad almora alwar,19,,"Ever Married and Currently Married Women belonging to Scheduled Castes by Present Age, Surviving Children and Total Surviving Children by Sex for Srikakulam District of Andhra Pradesh, 1991 | Ever Married and Currently Married Women belonging to Scheduled Castes by Present Age, Surviving Children and Total Surviving Children by Sex for Vizianagaram District of Andhra Pradesh, 1991"
318,440,"unexplained,geo_unnamed",,455,adilabad agra ahmadabad ahmadnagar aizawl ajmer akola alappuzha aligarh allahabad almora alwar,19,,"Currently Married Women belonging to Scheduled Castes by Present Age and Births during Last Year by Birth Order for Srikakulam District of Andhra Pradesh, 1991 | Currently Married Women belonging to Scheduled Castes by Present Age and Births during Last Year by Birth Order for Vizianagaram District of Andhra Pradesh, 1991"
356,438,"unexplained,geo_unnamed",,453,adilabad agra ahmadabad ahmadnagar aizawl ajmer akola alappuzha aligarh allahabad almora alwar,19,,"Distribution of Scheduled Caste Population by Sex for Srikakulam District of Andhra Pradesh, 1991 | Distribution of Scheduled Caste Population by Sex for Vizianagaram District of Andhra Pradesh, 1991"
381,428,"unexplained,geo_unnamed",,444,adilabad agra ahmadabad ahmadnagar aizawl ajmer akola alappuzha aligarh allahabad almora alwar,18,,"Ever Married and Currently Married Women belonging to Scheduled Castes by Present Age, Parity and Total Children Ever Born by Sex for Srikakulam District of Andhra Pradesh, 1991 | Ever Married and Currently Married Women belonging to Scheduled Castes by Present Age, Parity and Total Children Ever Born by Sex for Vizianagaram District of Andhra Pradesh, 1991"
358,442,"unexplained,geo_unnamed",,433,adilabad agra ahmadabad ahmadnagar aizawl ajmer akola alappuzha aligarh allahabad almora alwar,18,,"Distribution of Scheduled Tribe Population by Sex, 1991 - Andhra Pradesh | Distribution of Scheduled Tribe Population by Sex for Srikakulam District of Andhra Pradesh, 1991"
373,416,"unexplained,geo_unnamed",,433,adilabad agra ahmadabad ahmadnagar aizawl ajmer akola alappuzha aligarh allahabad almora alwar,18,,"Ever Married Women by Age at Marriage, Currently Married Women by Age at Marriage and duration of Marriage among Scheduled Tribes for Srikakulam District of Andhra Pradesh, 1991 | Ever Married Women by Age at Marriage, Currently Married Women by Age at Marriage and duration of Marriage among Scheduled Tribes for Vizianagaram District of Andhra Pradesh, 1991"
383,415,"unexplained,geo_unnamed",,433,adilabad agra ahmadabad ahmadnagar aizawl ajmer akola alappuzha aligarh allahabad almora alwar,18,,"Ever Married and Currently Married Women belonging to Scheduled Tribes by Present Age, Parity and Total Children Ever Born by Sex for Srikakulam District of Andhra Pradesh, 1991 | Ever Married and Currently Married Women belonging to Scheduled Tribes by Present Age, Parity and Total Children Ever Born by Sex for Vizianagaram District of Andhra Pradesh, 1991"
623,415,"unexplained,geo_unnamed",,432,adilabad agra ahmadabad ahmadnagar aizawl ajmer akola alappuzha aligarh allahabad almora alwar,18,,"Scheduled Tribes Population (Ages 5-19) by Single Year of Age, School Attendance and Economic Activity for Srikakulam District of Andhra Pradesh, 1991 | Scheduled Tribes Population (Ages 5-19) by Single Year of Age, School Attendance and Economic Activity for Vizianagaram District of Andhra Pradesh, 1991"
320,415,"unexplained,geo_unnamed",,432,adilabad agra ahmadabad ahmadnagar aizawl ajmer akola alappuzha aligarh allahabad almora alwar,18,,"Currently Married Women belonging to Scheduled Tribes by Present Age and Births during Last Year by Birth order for Srikakulam District of Andhra Pradesh, 1991 | Currently Married Women belonging to Scheduled Tribes by Present Age and Births during Last Year by Birth order for Vizianagaram District of Andhra Pradesh, 1991"
663,374,"unexplained,geo_unnamed",,390,adilabad agra ahmadabad ahmadnagar aizawl ajmer akola alappuzha aligarh allahabad almora alwar,18,,"Religion wise Population of Scheduled Tribes for Srikakulam District of Andhra Pradesh, 1991 | Religion wise Population of Scheduled Tribes for Vizianagaram District of Andhra Pradesh, 1991"
560,373,"unexplained,geo_unnamed",,390,adilabad agra ahmadabad ahmadnagar aizawl ajmer akola alappuzha aligarh allahabad almora alwar,18,,"Mother Tongue wise Number of Speakers of Scheduled Tribes for Srikakulam District of Andhra Pradesh, 1991 | Mother Tongue wise Number of Speakers of Scheduled Tribes for Vizianagaram District of Andhra Pradesh, 1991"
617,356,"unexplained,geo_unnamed",,374,adilabad agra ahmadabad ahmadnagar aizawl ajmer akola alappuzha aligarh allahabad almora alwar,18,,"Other Religions and Persuasions wise Population of Scheduled Tribes for Srikakulam District of Andhra Pradesh, 1991 | Other Religions and Persuasions wise Population of Scheduled Tribes for Vizianagaram District of Andhra Pradesh, 1991"
387,241,"unexplained,geo_unnamed",,251,adilabad ahmadabad ahmadnagar akola alappuzha amravati amreli anantapur andhra anglong araria arunachal,7,,"Ever Married and Currently Married Women belonging to Scheduled Tribes by Present Age, Number of Surviving Children and Total Number of Surviving Children by Sex for Srikakulam District of Andhra Pradesh, 1991 | Ever Married and Currently Married Women belonging to Scheduled Tribes by Present Age, Number of Surviving Children and Total Number of Surviving Children by Sex for Vizianagaram District of Andhra Pradesh, 1991"
540,257,"unexplained,geo_unnamed",,249,agra ahmadnagar aizawl ajmer akola aligarh allahabad almora alwar ambedker amravati amritsar,17,,"Marginal Workers by Industrial Category, Educational Level and Sex for Hoshangabad District of Madhya Pradesh, 1991 | Marginal Workers by Industrial Category, Educational Level and Sex for Jabalpur District of Madhya Pradesh, 1991"
539,226,"unexplained,geo_unnamed",,227,adilabad ahmadabad alappuzha ambala amreli anantapur andhra anglong araria arunachal aurangabad banas,7,,"Marginal Workers by Industrial Category, Educational Level and Sex, 1991 - Andhra Pradesh | Marginal Workers by Industrial Category, Educational Level and Sex for Srikakulam District of Andhra Pradesh, 1991"
388,175,"unexplained,geo_unnamed",,189,agra aizawl ajmer aligarh allahabad almora alwar ambedker andaman anna arcot azamgarh,12,,"Ever Married and Currently Married Women belonging to Scheduled Tribes by Present Age, Number of Surviving Children and Total Number of Surviving Children by Sex for Senapati District of Manipur, 1991 | Ever Married and Currently Married Women belonging to Scheduled Tribes by Present Age, Number of Surviving Children and Total Number of Surviving Children by Sex for Tamenglong District of Manipur, 1991"
315,35,"unexplained,geo_unnamed",,21,andaman andhra arunachal bengal dadra daman diu haveli himachal islands jammu kashmir,25,,"Complete Town Directory by India/State/District/Sub-District Level, Census 2011 - JAMMU & KASHMIR | Complete Town Directory by India/State/District/Sub-District Level, Census 2011 - HIMACHAL PRADESH"
490,36,"unexplained,geo_unnamed",,21,andaman andhra arunachal bengal dadra daman diu haveli himachal islands jammu kashmir,25,,"Main Workers, Marginal Workers, Non-Workers and Those Marginal Workers, Non-Workers Seeking/ Available for Work Classified by Educational Level and Sex, 2011 - India | Main Workers, Marginal Workers, Non-Workers and Those Marginal Workers, Non-Workers Seeking/ Available for Work Classified by Educational Level and Sex, 2011 - JAMMU & KASHMIR"
487,36,"unexplained,geo_unnamed",,21,andaman andhra arunachal bengal dadra daman diu haveli himachal islands jammu kashmir,25,,"Main Workers by Educational Level, Age and Sex, 2011 - India | Main Workers by Educational Level, Age and Sex, 2011 - JAMMU & KASHMIR"
619,36,"unexplained,geo_unnamed",,21,andaman andhra arunachal bengal dadra daman diu haveli himachal islands jammu kashmir,25,,"Other Workers by Distance from Residence to Place of Work and Mode of Travel to Place of Work, 2011 - India | Other Workers by Distance from Residence to Place of Work and Mode of Travel to Place of Work, 2011 - JAMMU & KASHMIR"
639,36,"unexplained,geo_unnamed",,21,andaman andhra arunachal bengal dadra daman diu haveli himachal islands jammu kashmir,25,,"Population Attending Educational Institution by Completed Education Level, Age and Sex, 2011 - India | Population Attending Educational Institution by Completed Education Level, Age and Sex, 2011 - JAMMU & KASHMIR"
649,36,"unexplained,geo_unnamed",,21,andaman andhra arunachal bengal dadra daman diu haveli himachal islands jammu kashmir,25,,"Population by Religious Community, 2011 - India | Population by Religious Community, 2011 - JAMMU & KASHMIR"
674,36,"unexplained,geo_unnamed",,21,andaman andhra arunachal bengal dadra daman diu haveli himachal islands jammu kashmir,25,,"Women and Ever Married Women by Present Age, Parity, Educational Level and Total Children Ever Born by Sex, 2011 - India | Women and Ever Married Women by Present Age, Parity, Educational Level and Total Children Ever Born by Sex, 2011 - Jammu & Kashmir"
673,36,"unexplained,geo_unnamed",,21,andaman andhra arunachal bengal dadra daman diu haveli himachal islands jammu kashmir,25,,"Women and Ever Married Women by Present Age, Educational Level, Surviving Children and Total Surviving Children by Sex, 2011 - India | Women and Ever Married Women by Present Age, Educational Level, Surviving Children and Total Surviving Children by Sex, 2011 - Jammu & Kashmir"
672,36,"unexplained,geo_unnamed",,21,andaman andhra arunachal bengal dadra daman diu haveli himachal islands jammu kashmir,25,,"Women and Currently Married Women by Present Age, Educational Level, Births Last Year by Sex and Birth Order, 2011 - India | Women and Currently Married Women by Present Age, Educational Level, Births Last Year by Sex and Birth Order, 2011 - Jammu & Kashmir"
379,14,unexplained,,21,chamoli chidambaranar dehradun garhwal kamarajar kanniyakumari kattabomman madhya madurai nadu north pradesh,1,,"Ever Married and Currently Married Women belonging to Scheduled Castes by Present Age, Parity and Total Children Ever Born by Sex for Surguja District of Madhya Pradesh, 1991 | Ever Married and Currently Married Women belonging to Scheduled Castes by Present Age, Parity and Total Children Ever Born by Sex for Madurai District of Tamil Nadu, 1991"
460,36,"unexplained,geo_unnamed",,21,andaman andhra arunachal bengal dadra daman diu haveli himachal islands jammu kashmir,25,,"Main Workers Classified by Age, Industrial Category and Sex, 2011 - India | Main Workers Classified by Age, Industrial Category and Sex, 2011 - Jammu and Kashmir"
508,36,"unexplained,geo_unnamed",,21,andaman andhra arunachal bengal dadra daman diu haveli himachal islands jammu kashmir,25,,"Marginal Workers Classified by Age, Industrial Category and Sex, 2011 - India | Marginal Workers Classified by Age, Industrial Category and Sex, 2011 - Jammu and Kashmir"
435,36,"unexplained,geo_unnamed",,21,andaman andhra arunachal bengal dadra daman diu haveli himachal islands jammu kashmir,25,,"Industrial Classification of Main Workers and Marginal Workers other than Cultivators and Agricultural Labourers by Sex and by Section, Division and Class, 2011 - India | Industrial Classification of Main Workers and Marginal Workers other than Cultivators and Agricultural Labourers by Sex and by Section, Division and Class, 2011 - Jammu and Kashmir"
605,36,"unexplained,geo_unnamed",,21,andaman andhra arunachal bengal dadra daman diu haveli himachal islands jammu kashmir,25,,"Occupational Classification of Main Workers and Marginal Workers Other than Cultivators and Agricultural Labourers by Sex and Educational Level, 2011 - India | Occupational Classification of Main Workers and Marginal Workers Other than Cultivators and Agricultural Labourers by Sex and Educational Level, 2011 - Jammu & Kashmir"
574,36,"unexplained,geo_unnamed",,21,andaman andhra arunachal bengal dadra daman diu haveli himachal islands jammu kashmir,25,,"Non-Workers by Main Activity, Educational Level and Sex, 2011 - India | Non-Workers by Main Activity, Educational Level and Sex, 2011 - Jammu & Kashmir"
609,36,"unexplained,geo_unnamed",,21,andaman andhra arunachal bengal dadra daman diu haveli himachal islands jammu kashmir,25,,"Occupational Classification of Main Workers Other than Cultivators and Agricultural Labourers by Industrial Category and Sex, 2011 - India | Occupational Classification of Main Workers Other than Cultivators and Agricultural Labourers by Industrial Category and Sex, 2011 - Jammu & Kashmir"
613,36,"unexplained,geo_unnamed",,21,andaman andhra arunachal bengal dadra daman diu haveli himachal islands jammu kashmir,25,,"Occupational Classification of Marginal Workers Other than Cultivators and Agricultural Labourers by Industrial Category and Sex, 2011 - India | Occupational Classification of Marginal Workers Other than Cultivators and Agricultural Labourers by Industrial Category and Sex, 2011 - Jammu & Kashmir"
528,35,"unexplained,geo_unnamed",,21,andaman andhra arunachal bengal dadra daman diu haveli himachal islands jammu kashmir,24,,"Marginal Workers Classified by Industrial Category, Educational Level and Sex, 2011 - Jammu & Kashmir | Marginal Workers Classified by Industrial Category, Educational Level and Sex, 2011 - Himachal Pradesh"
497,36,"unexplained,geo_unnamed",,21,andaman andhra arunachal bengal dadra daman diu haveli himachal islands jammu kashmir,25,,"Main Workers, Marginal Workers, Non Workers and those Marginal Workers, Non Workers seeking/available for Work Classified by Age, Sex and Religious Community, 2011 - India | Main Workers, Marginal Workers, Non Workers and those Marginal Workers, Non Workers seeking/available for Work Classified by Age, Sex and Religious Community, 2011 - Jammu & Kashmir"
395,36,"unexplained,geo_unnamed",,21,andaman andhra arunachal bengal dadra daman diu haveli himachal islands jammu kashmir,25,,"Female Workers Classified by Industrial Category and Marital Status, 2011 - India | Female Workers Classified by Industrial Category and Marital Status, 2011 - Jammu & Kashmir"
608,36,"unexplained,geo_unnamed",,21,andaman andhra arunachal bengal dadra daman diu haveli himachal islands jammu kashmir,25,,"Occupational Classification of Main Workers in Non-Households Industry, Trade, Business, Profession or Service by Class of Worker and Sex, 2011 - India | Occupational Classification of Main Workers in Non-Households Industry, Trade, Business, Profession or Service by Class of Worker and Sex, 2011 - Jammu & Kashmir"
521,36,"unexplained,geo_unnamed",,21,andaman andhra arunachal bengal dadra daman diu haveli himachal islands jammu kashmir,25,,"Marginal Workers Classified by Industrial Category, Age and Sex, 2011 - India | Marginal Workers Classified by Industrial Category, Age and Sex, 2011 - Jammu & Kashmir"
455,36,"unexplained,geo_unnamed",,21,andaman andhra arunachal bengal dadra daman diu haveli himachal islands jammu kashmir,25,,"Main Workers Classified by Age, Industrial Category, Sex and Religious Community, 2011 - India | Main Workers Classified by Age, Industrial Category, Sex and Religious Community, 2011 - Jammu & Kashmir"
314,36,"unexplained,geo_unnamed",,21,andaman andhra arunachal bengal dadra daman diu haveli himachal islands jammu kashmir,25,,"Classification of Main Workers in Non-household Industries and Other Main Workers by Class of Worker, Age and Sex, 2011 - India | Classification of Main Workers in Non-household Industries and Other Main Workers by Class of Worker, Age and Sex, 2011 - Jammu & Kashmir"
473,36,"unexplained,geo_unnamed",,21,andaman andhra arunachal bengal dadra daman diu haveli himachal islands jammu kashmir,25,,"Main Workers Classified by Industrial Category, Educational Level and Sex, 2011 - India | Main Workers Classified by Industrial Category, Educational Level and Sex, 2011 - Jammu & Kashmir"
562,36,"unexplained,geo_unnamed",,21,andaman andhra arunachal bengal dadra daman diu haveli himachal islands jammu kashmir,25,,"Non-Workers by Main Activity, Age, Sex and Religious Community, 2011 - India | Non-Workers by Main Activity, Age, Sex and Religious Community, 2011 - Jammu & Kashmir"
534,36,"unexplained,geo_unnamed",,21,andaman andhra arunachal bengal dadra daman diu haveli himachal islands jammu kashmir,25,,"Marginal Workers and Non Workers seeking/available for work Classified by Educational Level, Age and Sex, 2011 - India | Marginal Workers and Non Workers seeking/available for work Classified by Educational Level, Age and Sex, 2011 - Jammu & Kashmir"
610,36,"unexplained,geo_unnamed",,21,andaman andhra arunachal bengal dadra daman diu haveli himachal islands jammu kashmir,25,,"Occupational Classification of Main Workers Other than Cultivators and Agricultural Labourers by Sex, 2011 - India | Occupational Classification of Main Workers Other than Cultivators and Agricultural Labourers by Sex, 2011 - Jammu & Kashmir"
614,36,"unexplained,geo_unnamed",,21,andaman andhra arunachal bengal dadra daman diu haveli himachal islands jammu kashmir,25,,"Occupational Classification of Marginal Workers Other than Cultivators and Agricultural Labourers by Sex, 2011 - India | Occupational Classification of Marginal Workers Other than Cultivators and Agricultural Labourers by Sex, 2011 - Jammu & Kashmir"
516,36,"unexplained,geo_unnamed",,21,andaman andhra arunachal bengal dadra daman diu haveli himachal islands jammu kashmir,25,,"Marginal Workers Classified by Industrial Category of Work and their Main Non Economic Activity, 2011 - India | Marginal Workers Classified by Industrial Category of Work and their Main Non Economic Activity, 2011 - Jammu & Kashmir"
603,36,"unexplained,geo_unnamed",,21,andaman andhra arunachal bengal dadra daman diu haveli himachal islands jammu kashmir,25,,"Occupational Classification of Main Workers and Marginal Workers Other than Cultivators and Agricultural Labourers by Age and Sex, 2011 - India | Occupational Classification of Main Workers and Marginal Workers Other than Cultivators and Agricultural Labourers by Age and Sex, 2011 - Jammu & Kashmir"
643,35,"unexplained,geo_unnamed",,21,andaman andhra arunachal bengal dadra daman diu haveli himachal islands jammu kashmir,24,,"Population by Mother Tongue, 2011 - Jammu & Kashmir | Population by Mother Tongue, 2011 - Himachal Pradesh"
465,36,"unexplained,geo_unnamed",,21,andaman andhra arunachal bengal dadra daman diu haveli himachal islands jammu kashmir,25,,"Main Workers Classified by Industrial Category, Age and Sex, 2011 - India | Main Workers Classified by Industrial Category, Age and Sex, 2011 - Jammu & Kashmir"
981,32,"unexplained,geo_unnamed",,20,andaman andhra arunachal bengal dadra daman diu haveli himachal islands jammu kashmir,21,,Category-wise Number of Newly Registered and Total Registered Motor Vehicles in Andhra Pradesh during 2015-16 | Category-wise Number of Newly Registered and Total Registered Motor Vehicles in Arunachal Pradesh during 2015-16
553,36,"unexplained,geo_unnamed",,20,andaman andhra arunachal bengal dadra daman diu haveli himachal islands jammu kashmir,25,,"Marital Status by Religious Community and Sex, 2001 - India | Marital Status by Religious Community and Sex, 2001 - Jammu & Kashmir"
377,36,"unexplained,geo_unnamed",,20,andaman andhra arunachal bengal dadra daman diu haveli himachal islands jammu kashmir,25,,"Ever Married and Currently Married Population by Age at Marriage, Duration of Marriage and Religious Community, 2001 - India | Ever Married and Currently Married Population by Age at Marriage, Duration of Marriage and Religious Community, 2001 - Jammu & Kashmir"
376,36,"unexplained,geo_unnamed",,20,andaman andhra arunachal bengal dadra daman diu haveli himachal islands jammu kashmir,25,,"Ever Married and Currently Married Population by Age at Marriage, Duration of Marriage and Educational Level, 2001 - India | Ever Married and Currently Married Population by Age at Marriage, Duration of Marriage and Educational Level, 2001 - Jammu & Kashmir"
627,35,"unexplained,geo_unnamed",,20,andaman andhra arunachal bengal dadra daman diu haveli himachal islands jammu kashmir,24,,"Population Attending Educational Institution by Age, Sex and Type of Educational Institution, 2001 - Jammu & Kashmir | Population Attending Educational Institution by Age, Sex and Type of Educational Institution, 2001 - Himachal Pradesh"
492,31,"unexplained,geo_unnamed",,20,andaman andhra arunachal bengal dadra daman diu haveli himachal islands jammu kashmir,20,,"Main Workers, Marginal Workers, Non-Workers and Those Marginal Workers, Non-Workers Seeking/ Available for Work Classified by Educational Level and Sex for Scheduled Tribes, 2011 - India | Main Workers, Marginal Workers, Non-Workers and Those Marginal Workers, Non-Workers Seeking/ Available for Work Classified by Educational Level and Sex for Scheduled Tribes, 2011 - JAMMU & KASHMIR"
651,30,"unexplained,geo_unnamed",,20,andaman andhra arunachal bengal dadra daman diu haveli himachal islands jammu kashmir,19,,"Population by Religious Community for Scheduled Tribe (Each Tribe Separately), 2011 - Jammu & Kashmir | Population by Religious Community for Scheduled Tribe (Each Tribe Separately), 2011 - Himachal Pradesh"
538,30,"unexplained,geo_unnamed",,20,andaman andhra arunachal bengal dadra daman diu haveli himachal islands jammu kashmir,19,,"Marginal Workers and Non-Workers Seeking/Available for Work Classified by Educational Level, Age and Sex for Scheduled Tribe (Each Tribe Separately), 2011 - Jammu & Kashmir | Marginal Workers and Non-Workers Seeking/Available for Work Classified by Educational Level, Age and Sex for Scheduled Tribe (Each Tribe Separately), 2011 - Himachal Pradesh"
493,36,"unexplained,geo_unnamed",,20,andaman andhra arunachal bengal dadra daman diu haveli himachal islands jammu kashmir,25,,"Main Workers, Marginal Workers, Non-Workers and those Marginal Workers, Non-Workers Seeking/ Available for Work Classified by Age and Sex, 2001 - India | Main Workers, Marginal Workers, Non-Workers and those Marginal Workers, Non-Workers Seeking/ Available for Work Classified by Age and Sex, 2001 - Jammu & Kashmir"
495,31,"unexplained,geo_unnamed",,20,andaman andhra arunachal bengal dadra daman diu haveli himachal islands jammu kashmir,20,,"Main Workers, Marginal Workers, Non-Workers and those Marginal Workers, Non-Workers Seeking/ Available for Work Classified by Age and Sex for Scheduled Tribes, 2001 - India | Main Workers, Marginal Workers, Non-Workers and those Marginal Workers, Non-Workers Seeking/ Available for Work Classified by Age and Sex for Scheduled Tribes, 2001 - Jammu & Kashmir"
542,36,"unexplained,geo_unnamed",,20,andaman andhra arunachal bengal dadra daman diu haveli himachal islands jammu kashmir,25,,"Marginal Workers by Main Activity, Age and Sex, 2001 - India | Marginal Workers by Main Activity, Age and Sex, 2001 - Jammu & Kashmir"
544,31,"unexplained,geo_unnamed",,20,andaman andhra arunachal bengal dadra daman diu haveli himachal islands jammu kashmir,20,,"Marginal Workers by Main Activity, Age and Sex for Scheduled Tribes, 2001 - India | Marginal Workers by Main Activity, Age and Sex for Scheduled Tribes, 2001 - Jammu & Kashmir"
439,36,"unexplained,geo_unnamed",,20,andaman andhra arunachal bengal dadra daman diu haveli himachal islands jammu kashmir,25,,"Industrial Classification of Main and Marginal Workers in Manufacturing, Processing, Servicing and Repairs in Household industry by Sex and Class of Worker, 2001 - India | Industrial Classification of Main and Marginal Workers in Manufacturing, Processing, Servicing and Repairs in Household industry by Sex and Class of Worker, 2001 - Jammu & Kashmir"
441,31,"unexplained,geo_unnamed",,20,andaman andhra arunachal bengal dadra daman diu haveli himachal islands jammu kashmir,20,,"Industrial Classification of Main and Marginal Workers in Manufacturing, Processing, Servicing and Repairs in Household industry by Sex and Class of Worker for Scheduled Tribes, 2001 - India | Industrial Classification of Main and Marginal Workers in Manufacturing, Processing, Servicing and Repairs in Household industry by Sex and Class of Worker for Scheduled Tribes, 2001 - Jammu & Kashmir"
457,36,"unexplained,geo_unnamed",,20,andaman andhra arunachal bengal dadra daman diu haveli himachal islands jammu kashmir,25,,"Main Workers Classified by Age, Industrial Category and Sex, 2001 - India | Main Workers Classified by Age, Industrial Category and Sex, 2001 - Jammu & Kashmir"
459,31,"unexplained,geo_unnamed",,20,andaman andhra arunachal bengal dadra daman diu haveli himachal islands jammu kashmir,20,,"Main Workers Classified by Age, Industrial Category and Sex for Scheduled Tribes, 2001 - India | Main Workers Classified by Age, Industrial Category and Sex for Scheduled Tribes, 2001 - Jammu & Kashmir"
447,36,"unexplained,geo_unnamed",,20,andaman andhra arunachal bengal dadra daman diu haveli himachal islands jammu kashmir,25,,"Industrial Classification of Main and Marginal Workers in Non-Household Industry, Trade, Business, Profession or Service by Class of Worker and Sex, 2001 - India | Industrial Classification of Main and Marginal Workers in Non-Household Industry, Trade, Business, Profession or Service by Class of Worker and Sex, 2001 - Jammu & Kashmir"
449,31,"unexplained,geo_unnamed",,20,andaman andhra arunachal bengal dadra daman diu haveli himachal islands jammu kashmir,20,,"Industrial Classification of Main and Marginal Workers in Non-Household Industry, Trade, Business, Profession or Service by Class of Worker and Sex for Scheduled Tribes, 2001 - India | Industrial Classification of Main and Marginal Workers in Non-Household Industry, Trade, Business, Profession or Service by Class of Worker and Sex for Scheduled Tribes, 2001 - Jammu & Kashmir"
480,36,"unexplained,geo_unnamed",,20,andaman andhra arunachal bengal dadra daman diu haveli himachal islands jammu kashmir,25,,"Main Workers Classified by Industrial Category, Educational Level and Sex, 2001 - India | Main Workers Classified by Industrial Category, Educational Level and Sex, 2001 - Jammu & Kashmir"
482,31,"unexplained,geo_unnamed",,20,andaman andhra arunachal bengal dadra daman diu haveli himachal islands jammu kashmir,20,,"Main Workers Classified by Industrial Category, Educational Level and Sex for Scheduled Tribes, 2001 - India | Main Workers Classified by Industrial Category, Educational Level and Sex for Scheduled Tribes, 2001 - Jammu & Kashmir"
569,36,"unexplained,geo_unnamed",,20,andaman andhra arunachal bengal dadra daman diu haveli himachal islands jammu kashmir,25,,"Non-Workers by Main Activity, Age and Sex, 2001 - India | Non-Workers by Main Activity, Age and Sex, 2001 - Jammu & Kashmir"
571,31,"unexplained,geo_unnamed",,20,andaman andhra arunachal bengal dadra daman diu haveli himachal islands jammu kashmir,20,,"Non-Workers by Main Activity, Age and Sex for Scheduled Tribes, 2001 - India | Non-Workers by Main Activity, Age and Sex for Scheduled Tribes, 2001 - Jammu & Kashmir"
499,36,"unexplained,geo_unnamed",,20,andaman andhra arunachal bengal dadra daman diu haveli himachal islands jammu kashmir,25,,"Main Workers, Marginal Workers, Non-Workers and those Marginal Workers, Non-Workers Seeking/ Available for Work Classified by Educational Level and Sex, 2001 - India | Main Workers, Marginal Workers, Non-Workers and those Marginal Workers, Non-Workers Seeking/ Available for Work Classified by Educational Level and Sex, 2001 - Jammu & Kashmir"
501,31,"unexplained,geo_unnamed",,20,andaman andhra arunachal bengal dadra daman diu haveli himachal islands jammu kashmir,20,,"Main Workers, Marginal Workers, Non-Workers and those Marginal Workers, Non-Workers Seeking/ Available for Work Classified by Educational Level and Sex for Scheduled Tribes, 2001 - India | Main Workers, Marginal Workers, Non-Workers and those Marginal Workers, Non-Workers Seeking/ Available for Work Classified by Educational Level and Sex for Scheduled Tribes, 2001 - Jammu & Kashmir"
512,36,"unexplained,geo_unnamed",,20,andaman andhra arunachal bengal dadra daman diu haveli himachal islands jammu kashmir,25,,"Marginal Workers Classified by Age, Industrial Category and Sex, 2001 - India | Marginal Workers Classified by Age, Industrial Category and Sex, 2001 - Jammu & Kashmir"
514,31,"unexplained,geo_unnamed",,20,andaman andhra arunachal bengal dadra daman diu haveli himachal islands jammu kashmir,20,,"Marginal Workers Classified by Age, Industrial Category and Sex for Scheduled Tribes, 2001 - India | Marginal Workers Classified by Age, Industrial Category and Sex for Scheduled Tribes, 2001 - Jammu & Kashmir"
646,30,"unexplained,geo_unnamed",,20,andaman andhra arunachal bengal dadra daman diu haveli himachal islands jammu kashmir,19,,"Population by Religious Community for Scheduled Tribe (Each Tribe Separately), 2001 - Jammu & Kashmir | Population by Religious Community for Scheduled Tribe (Each Tribe Separately), 2001 - Himachal Pradesh"
662,35,"unexplained,geo_unnamed",,20,andaman andhra arunachal bengal dadra daman diu haveli himachal islands jammu kashmir,24,,"Primary Census Abstract, 2001 - Jammu & Kashmir | Primary Census Abstract, 2001 - Himachal Pradesh"
367,30,"unexplained,geo_unnamed",,20,andaman andhra arunachal bengal dadra daman diu haveli himachal islands jammu kashmir,19,,"Educational Level by Age and Sex for Population Age 7 and Above for Scheduled Tribe (Each Tribe Separately), 2001 - Jammu & Kashmir | Educational Level by Age and Sex for Population Age 7 and Above for Scheduled Tribe (Each Tribe Separately), 2001 - Himachal Pradesh"
496,36,"unexplained,geo_unnamed",,20,andaman andhra arunachal bengal dadra daman diu haveli himachal islands jammu kashmir,25,,"Main Workers, Marginal Workers, Non-Workers and those Marginal Workers, Non-Workers Seeking/ Available for Work Classified by Age, Sex and Religion, 2001 - India | Main Workers, Marginal Workers, Non-Workers and those Marginal Workers, Non-Workers Seeking/ Available for Work Classified by Age, Sex and Religion, 2001 - Jammu & Kashmir"
541,36,"unexplained,geo_unnamed",,20,andaman andhra arunachal bengal dadra daman diu haveli himachal islands jammu kashmir,25,,"Marginal Workers by Main Activity, Age and Sex and Religious Community, 2001 - India | Marginal Workers by Main Activity, Age and Sex and Religious Community, 2001 - Jammu & Kashmir"
572,36,"unexplained,geo_unnamed",,20,andaman andhra arunachal bengal dadra daman diu haveli himachal islands jammu kashmir,25,,"Non-Workers by Main Activity, Age, Sex and Religion, 2001 - India | Non-Workers by Main Activity, Age, Sex and Religion, 2001 - Jammu & Kashmir"
432,35,"unexplained,geo_unnamed",,20,andaman andhra arunachal bengal dadra daman diu haveli himachal islands jammu kashmir,24,,"Industrial Classification of Main Workers and Marginal Workers other than Cultivators and Agricultural Labourers by Sex and by Division, Group and Class, 2001 - Jammu & Kashmir | Industrial Classification of Main Workers and Marginal Workers other than Cultivators and Agricultural Labourers by Sex and by Division, Group and Class, 2001 - Himachal Pradesh"
434,31,"unexplained,geo_unnamed",,20,andaman andhra arunachal bengal dadra daman diu haveli himachal islands jammu kashmir,20,,"Industrial Classification of Main Workers and Marginal Workers other than Cultivators and Agricultural Labourers by Sex and by Division, Group and Class for Scheduled Tribe, 2001 - India | Industrial Classification of Main Workers and Marginal Workers other than Cultivators and Agricultural Labourers by Sex and by Division, Group and Class for Scheduled Tribe, 2001 - Jammu & Kashmir"
438,36,"unexplained,geo_unnamed",,20,andaman andhra arunachal bengal dadra daman diu haveli himachal islands jammu kashmir,25,,"Industrial Classification of Main Workers in Manufacturing Processing, Servicing and Repairs by Household Industry and Non-household Industry, 2001 - India | Industrial Classification of Main Workers in Manufacturing Processing, Servicing and Repairs by Household Industry and Non-household Industry, 2001 - Jammu & Kashmir"
602,36,"unexplained,geo_unnamed",,20,andaman andhra arunachal bengal dadra daman diu haveli himachal islands jammu kashmir,25,,"Occupational Classification of Main Workers and Marginal Workers other than Cultivators and Agricultural Labourers by Age and Sex, 2001 - India | Occupational Classification of Main Workers and Marginal Workers other than Cultivators and Agricultural Labourers by Age and Sex, 2001 - Jammu & Kashmir"
604,36,"unexplained,geo_unnamed",,20,andaman andhra arunachal bengal dadra daman diu haveli himachal islands jammu kashmir,25,,"Occupational Classification of Main Workers and Marginal Workers other than Cultivators and Agricultural Labourers by Sex and Educational Level, 2001 - India | Occupational Classification of Main Workers and Marginal Workers other than Cultivators and Agricultural Labourers by Sex and Educational Level, 2001 - Jammu & Kashmir"
454,36,"unexplained,geo_unnamed",,20,andaman andhra arunachal bengal dadra daman diu haveli himachal islands jammu kashmir,25,,"Main Workers Classified by Age, Industrial Category and Sex and Religious Community, 2001 - India | Main Workers Classified by Age, Industrial Category and Sex and Religious Community, 2001 - Jammu & Kashmir"
485,36,"unexplained,geo_unnamed",,20,andaman andhra arunachal bengal dadra daman diu haveli himachal islands jammu kashmir,25,,"District-wise Main Workers by Educational Level, Age and Sex, 2001 - India | District-wise Main Workers by Educational Level, Age and Sex, 2001 - Jammu & Kashmir"
573,36,"unexplained,geo_unnamed",,20,andaman andhra arunachal bengal dadra daman diu haveli himachal islands jammu kashmir,25,,"Non-Workers by Main Activity, Educational Level and Sex, 2001 - India | Non-Workers by Main Activity, Educational Level and Sex, 2001 - Jammu & Kashmir"
533,36,"unexplained,geo_unnamed",,20,andaman andhra arunachal bengal dadra daman diu haveli himachal islands jammu kashmir,25,,"Marginal Workers and Non Workers Seeking/ Available for Work Classified by Educational Level, Age and Sex, 2001 - India | Marginal Workers and Non Workers Seeking/ Available for Work Classified by Educational Level, Age and Sex, 2001 - Jammu & Kashmir"
394,36,"unexplained,geo_unnamed",,20,andaman andhra arunachal bengal dadra daman diu haveli himachal islands jammu kashmir,25,,"Female Workers Classified by Industrial Category and Marital Status, 2001 - India | Female Workers Classified by Industrial Category and Marital Status, 2001 - Jammu & Kashmir"
313,36,"unexplained,geo_unnamed",,20,andaman andhra arunachal bengal dadra daman diu haveli himachal islands jammu kashmir,25,,"Classification of Main Workers in Non-Household Industry, Trade, Business, Profession or Service by Class of Worker, Age and Sex, 2001 - India | Classification of Main Workers in Non-Household Industry, Trade, Business, Profession or Service by Class of Worker, Age and Sex, 2001 - Jammu & Kashmir"
552,36,"unexplained,geo_unnamed",,20,andaman andhra arunachal bengal dadra daman diu haveli himachal islands jammu kashmir,25,,"Marital Status by Religious Communities, Age and Sex, 2001 - India | Marital Status by Religious Communities, Age and Sex, 2001 - Jammu & Kashmir"
378,36,"unexplained,geo_unnamed",,20,andaman andhra arunachal bengal dadra daman diu haveli himachal islands jammu kashmir,25,,"Ever Married and Currently Married Population by Age at Marriage, Duration of Marriage, Work Status and Occupation, 2001 - India | Ever Married and Currently Married Population by Age at Marriage, Duration of Marriage, Work Status and Occupation, 2001 - Jammu & Kashmir"
629,31,"unexplained,geo_unnamed",,20,andaman andhra arunachal bengal dadra daman diu haveli himachal islands jammu kashmir,20,,"Population Attending Educational Institution by Age, Sex and Type of Educational Institution for Scheduled Tribe, 2001 - India | Population Attending Educational Institution by Age, Sex and Type of Educational Institution for Scheduled Tribe, 2001 - Jammu & Kashmir"
631,36,"unexplained,geo_unnamed",,20,andaman andhra arunachal bengal dadra daman diu haveli himachal islands jammu kashmir,25,,"District-wise Population Attending Educational Institution by Completed Education Level, Age and Sex, 2001 - India | District-wise Population Attending Educational Institution by Completed Education Level, Age and Sex, 2001 - Jammu & Kashmir"
667,36,"unexplained,geo_unnamed",,20,andaman andhra arunachal bengal dadra daman diu haveli himachal islands jammu kashmir,25,,"Single Year Age Returns by Residence, Sex and Literacy Status, 2001 - India | Single Year Age Returns by Residence, Sex and Literacy Status, 2001 - Jammu & Kashmir"
665,36,"unexplained,geo_unnamed",,20,andaman andhra arunachal bengal dadra daman diu haveli himachal islands jammu kashmir,25,,"District-wise Religious Community by Age-Group and Sex, 2001 - India | District-wise Religious Community by Age-Group and Sex, 2001 - Jammu & Kashmir"
640,36,"unexplained,geo_unnamed",,20,andaman andhra arunachal bengal dadra daman diu haveli himachal islands jammu kashmir,25,,"Population by Bilingualism, Trilingualism, Age and Sex, 2001 - India | Population by Bilingualism, Trilingualism, Age and Sex, 2001 - Jammu & Kashmir"
325,36,"unexplained,geo_unnamed",,20,andaman andhra arunachal bengal dadra daman diu haveli himachal islands jammu kashmir,25,,"Disabled Population by Type of Disability, Marital Status, Age and Sex, 2001 - India | Disabled Population by Type of Disability, Marital Status, Age and Sex, 2001 - Jammu & Kashmir"
333,36,"unexplained,geo_unnamed",,20,andaman andhra arunachal bengal dadra daman diu haveli himachal islands jammu kashmir,25,,"Disabled Population in Ages 5-19 by Attending Educational Institutions by Type of Disability and Sex, 2001 - India | Disabled Population in Ages 5-19 by Attending Educational Institutions by Type of Disability and Sex, 2001 - Jammu & Kashmir"
323,36,"unexplained,geo_unnamed",,20,andaman andhra arunachal bengal dadra daman diu haveli himachal islands jammu kashmir,25,,"Disabled Population among Main Workers, Marginal Workers, Non-Workers by Type of Disability, Age and Sex, 2001 - India | Disabled Population among Main Workers, Marginal Workers, Non-Workers by Type of Disability, Age and Sex, 2001 - Jammu & Kashmir"
322,36,"unexplained,geo_unnamed",,20,andaman andhra arunachal bengal dadra daman diu haveli himachal islands jammu kashmir,25,,"Disabled Non-workers by Type of Disability and Sex, 2001 - India | Disabled Non-workers by Type of Disability and Sex, 2001 - Jammu & Kashmir"
324,36,"unexplained,geo_unnamed",,20,andaman andhra arunachal bengal dadra daman diu haveli himachal islands jammu kashmir,25,,"Disabled Population by Type of Disability, Educational Level and Sex, 2001 - India | Disabled Population by Type of Disability, Educational Level and Sex, 2001 - Jammu & Kashmir"
326,36,"unexplained,geo_unnamed",,20,andaman andhra arunachal bengal dadra daman diu haveli himachal islands jammu kashmir,25,,"Disabled Population by Type of Disability, Type of Households and Sex, 2001 - India | Disabled Population by Type of Disability, Type of Households and Sex, 2001 - Jammu & Kashmir"
431,35,"unexplained,geo_unnamed",,20,andaman andhra arunachal bengal dadra daman diu haveli himachal islands jammu kashmir,24,,"Houseless Households by Household Size, 2001 - India | Houseless Households by Household Size, 2001 - Jammu & Kashmir"
453,36,"unexplained,geo_unnamed",,20,andaman andhra arunachal bengal dadra daman diu haveli himachal islands jammu kashmir,25,,"Institutional Households by Household Size, 2001 - India | Institutional Households by Household Size, 2001 - Jammu & Kashmir"
430,36,"unexplained,geo_unnamed",,20,andaman andhra arunachal bengal dadra daman diu haveli himachal islands jammu kashmir,25,,"Households with Number of Aged Persons 60 Years and Above by Sex and by Household Size, 2001 - India | Households with Number of Aged Persons 60 Years and Above by Sex and by Household Size, 2001 - Jammu & Kashmir"
424,36,"unexplained,geo_unnamed",,20,andaman andhra arunachal bengal dadra daman diu haveli himachal islands jammu kashmir,25,,"Households by Marital Status, Sex and Age of the Head of the Household, 2001 - India | Households by Marital Status, Sex and Age of the Head of the Household, 2001 - Jammu & Kashmir"
426,36,"unexplained,geo_unnamed",,20,andaman andhra arunachal bengal dadra daman diu haveli himachal islands jammu kashmir,25,,"Households by Religion, Sex of the Head of the Household and Household Size, 2001 - India | Households by Religion, Sex of the Head of the Household and Household Size, 2001 - Jammu & Kashmir"
425,36,"unexplained,geo_unnamed",,20,andaman andhra arunachal bengal dadra daman diu haveli himachal islands jammu kashmir,25,,"Households by Number of Literates, Religion of the Head of the Household and Household Size, 2001 - India | Households by Number of Literates, Religion of the Head of the Household and Household Size, 2001 - Jammu & Kashmir"
429,36,"unexplained,geo_unnamed",,20,andaman andhra arunachal bengal dadra daman diu haveli himachal islands jammu kashmir,25,,"Households with Members Aged 15 Years and Above and with or without Educational Level Matriculation and Above, 2001 - India | Households with Members Aged 15 Years and Above and with or without Educational Level Matriculation and Above, 2001 - Jammu & Kashmir"
607,36,"unexplained,geo_unnamed",,20,andaman andhra arunachal bengal dadra daman diu haveli himachal islands jammu kashmir,25,,"Occupational Classification of Main Workers in Non-Households Industry, Trade, Business, Profession or Service by Class of Worker and Sex, 2001 - India | Occupational Classification of Main Workers in Non-Households Industry, Trade, Business, Profession or Service by Class of Worker and Sex, 2001 - Jammu & Kashmir"
595,36,"unexplained,geo_unnamed",,20,andaman andhra arunachal bengal dadra daman diu haveli himachal islands jammu kashmir,25,,"Number of Women and Ever Married Women by Present Age, Parity and Total Children Ever Born by Sex, 2001 - India | Number of Women and Ever Married Women by Present Age, Parity and Total Children Ever Born by Sex, 2001 - Jammu & Kashmir"
597,31,"unexplained,geo_unnamed",,20,andaman andhra arunachal bengal dadra daman diu haveli himachal islands jammu kashmir,20,,"Number of Women and Ever Married Women by Present Age, Parity and Total Children Ever Born by Sex for Scheduled Tribe, 2001 - India | Number of Women and Ever Married Women by Present Age, Parity and Total Children Ever Born by Sex for Scheduled Tribe, 2001 - Jammu & Kashmir"
600,36,"unexplained,geo_unnamed",,20,andaman andhra arunachal bengal dadra daman diu haveli himachal islands jammu kashmir,25,,"Number of Women and Ever Married Women by Present Age, Parity, Religious Community and Total Children Ever Born by Sex, 2001 - India | Number of Women and Ever Married Women by Present Age, Parity, Religious Community and Total Children Ever Born by Sex, 2001 - Jammu & Kashmir"
599,36,"unexplained,geo_unnamed",,20,andaman andhra arunachal bengal dadra daman diu haveli himachal islands jammu kashmir,25,,"Number of Women and Ever Married Women by Present Age, Parity, Educational Level and Total Children Ever Born by Sex, 2001 - India | Number of Women and Ever Married Women by Present Age, Parity, Educational Level and Total Children Ever Born by Sex, 2001 - Jammu & Kashmir"
598,36,"unexplained,geo_unnamed",,20,andaman andhra arunachal bengal dadra daman diu haveli himachal islands jammu kashmir,25,,"Number of Women and Ever Married Women by Present Age, Parity, Economic Activity and Total Children Ever Born by Sex, 2001 - India | Number of Women and Ever Married Women by Present Age, Parity, Economic Activity and Total Children Ever Born by Sex, 2001 - Jammu & Kashmir"
592,36,"unexplained,geo_unnamed",,20,andaman andhra arunachal bengal dadra daman diu haveli himachal islands jammu kashmir,25,,"Number of Women and Ever Married Women by Present Age, Number of Surviving Children and Total Surviving Children by Sex, 2001 - India | Number of Women and Ever Married Women by Present Age, Number of Surviving Children and Total Surviving Children by Sex, 2001 - Jammu & Kashmir"
591,31,"unexplained,geo_unnamed",,20,andaman andhra arunachal bengal dadra daman diu haveli himachal islands jammu kashmir,20,,"Number of Women and Ever Married Women by Present Age, Number of Surviving Children and Total Surviving Children by Sex for Scheduled Tribe, 2001 - India | Number of Women and Ever Married Women by Present Age, Number of Surviving Children and Total Surviving Children by Sex for Scheduled Tribe, 2001 - Jammu & Kashmir"
601,36,"unexplained,geo_unnamed",,20,andaman andhra arunachal bengal dadra daman diu haveli himachal islands jammu kashmir,25,,"Number of Women and Ever Married Women by Present Age, Religious Community, Number of Surviving Children and Total Surviving Children by Sex, 2001 - India | Number of Women and Ever Married Women by Present Age, Religious Community, Number of Surviving Children and Total Surviving Children by Sex, 2001 - Jammu & Kashmir"
587,36,"unexplained,geo_unnamed",,20,andaman andhra arunachal bengal dadra daman diu haveli himachal islands jammu kashmir,25,,"Number of Women and Ever Married Women by Present Age, Educational Level, Number of Surviving Children and Total Surviving Children by Sex, 2001 - India | Number of Women and Ever Married Women by Present Age, Educational Level, Number of Surviving Children and Total Surviving Children by Sex, 2001 - Jammu & Kashmir"
586,36,"unexplained,geo_unnamed",,20,andaman andhra arunachal bengal dadra daman diu haveli himachal islands jammu kashmir,25,,"Number of Women and Ever Married Women by Present Age, Economic Activity, Number of Surviving Children and Total Surviving Children by Sex, 2001 - India | Number of Women and Ever Married Women by Present Age, Economic Activity, Number of Surviving Children and Total Surviving Children by Sex, 2001 - Jammu & Kashmir"
582,36,"unexplained,geo_unnamed",,20,andaman andhra arunachal bengal dadra daman diu haveli himachal islands jammu kashmir,25,,"Number of Women and Currently Married Women by Present Age, Number of Births Last Year by Sex and Birth Order, 2001 - India | Number of Women and Currently Married Women by Present Age, Number of Births Last Year by Sex and Birth Order, 2001 - Jammu & Kashmir"
584,31,"unexplained,geo_unnamed",,20,andaman andhra arunachal bengal dadra daman diu haveli himachal islands jammu kashmir,20,,"Number of Women and Currently Married Women by Present Age, Number of Births Last Year by Sex and Birth Order for Scheduled Tribe, 2001 - India | Number of Women and Currently Married Women by Present Age, Number of Births Last Year by Sex and Birth Order for Scheduled Tribe, 2001 - Jammu & Kashmir"
585,36,"unexplained,geo_unnamed",,20,andaman andhra arunachal bengal dadra daman diu haveli himachal islands jammu kashmir,25,,"Number of Women and Currently Married Women by Present Age, Religious Community, Number of Births Last Year by Sex and Birth Order, 2001 - India | Number of Women and Currently Married Women by Present Age, Religious Community, Number of Births Last Year by Sex and Birth Order, 2001 - Jammu & Kashmir"
579,36,"unexplained,geo_unnamed",,20,andaman andhra arunachal bengal dadra daman diu haveli himachal islands jammu kashmir,25,,"Number of Women and Currently Married Women by Present Age, Educational Level, Number of Births Last Year by Sex and Birth Order, 2001 - India | Number of Women and Currently Married Women by Present Age, Educational Level, Number of Births Last Year by Sex and Birth Order, 2001 - Jammu & Kashmir"
578,36,"unexplained,geo_unnamed",,20,andaman andhra arunachal bengal dadra daman diu haveli himachal islands jammu kashmir,25,,"Number of Women and Currently Married Women by Present Age, Economic Activity, Number of Births Last Year by Sex and Birth Order, 2001 - India | Number of Women and Currently Married Women by Present Age, Economic Activity, Number of Births Last Year by Sex and Birth Order, 2001 - Jammu & Kashmir"
375,36,"unexplained,geo_unnamed",,20,andaman andhra arunachal bengal dadra daman diu haveli himachal islands jammu kashmir,25,,"Ever Married Women by Number of Children Ever Born, Number of Male Children Ever Born and Number of Surviving Children by Sex, 2001 - India | Ever Married Women by Number of Children Ever Born, Number of Male Children Ever Born and Number of Surviving Children by Sex, 2001 - Jammu & Kashmir"
317,36,"unexplained,geo_unnamed",,20,andaman andhra arunachal bengal dadra daman diu haveli himachal islands jammu kashmir,25,,"Currently Married Women by Number of Children Ever Born, Number of Male Children Ever Born and Number of Surviving Children by Sex, 2001 - India | Currently Married Women by Number of Children Ever Born, Number of Male Children Ever Born and Number of Surviving Children by Sex, 2001 - Jammu & Kashmir"
312,35,"unexplained,geo_unnamed",,20,andaman andhra arunachal bengal dadra daman diu haveli himachal islands jammu kashmir,24,,"Census Houses and the Uses to which they are Put, 2001 - Jammu & Kashmir | Census Houses and the Uses to which they are Put, 2001 - Himachal Pradesh"
339,35,"unexplained,geo_unnamed",,20,andaman andhra arunachal bengal dadra daman diu haveli himachal islands jammu kashmir,24,,"Distribution of Census Houses used as Residence and Residence-cum-other use by their Condition, 2001 - Jammu & Kashmir | Distribution of Census Houses used as Residence and Residence-cum-other use by their Condition, 2001 - Himachal Pradesh"
353,35,"unexplained,geo_unnamed",,20,andaman andhra arunachal bengal dadra daman diu haveli himachal islands jammu kashmir,24,,"Distribution of Households by the Condition of Census Houses Occupied by them, 2001 - Jammu & Kashmir | Distribution of Households by the Condition of Census Houses Occupied by them, 2001 - Himachal Pradesh"
355,30,"unexplained,geo_unnamed",,20,andaman andhra arunachal bengal dadra daman diu haveli himachal islands jammu kashmir,19,,"Distribution of Households by the Condition of Census Houses Occupied by them for Scheduled Tribe, 2001 - Jammu & Kashmir | Distribution of Households by the Condition of Census Houses Occupied by them for Scheduled Tribe, 2001 - Himachal Pradesh"
337,35,"unexplained,geo_unnamed",,20,andaman andhra arunachal bengal dadra daman diu haveli himachal islands jammu kashmir,24,,"Distribution of Census Houses by Predominant Material of Roof, 2001 - Jammu & Kashmir | Distribution of Census Houses by Predominant Material of Roof, 2001 - Himachal Pradesh"
338,35,"unexplained,geo_unnamed",,20,andaman andhra arunachal bengal dadra daman diu haveli himachal islands jammu kashmir,24,,"Distribution of Census Houses by Predominant Material of Wall, 2001 - Jammu & Kashmir | Distribution of Census Houses by Predominant Material of Wall, 2001 - Himachal Pradesh"
336,35,"unexplained,geo_unnamed",,20,andaman andhra arunachal bengal dadra daman diu haveli himachal islands jammu kashmir,24,,"Distribution of Census Houses by Predominant Material of Floor, 2001 - Jammu & Kashmir | Distribution of Census Houses by Predominant Material of Floor, 2001 - Himachal Pradesh"
344,35,"unexplained,geo_unnamed",,20,andaman andhra arunachal bengal dadra daman diu haveli himachal islands jammu kashmir,24,,"Distribution of Households Living in Census Houses by Predominant Material of Roof, 2001 - Jammu & Kashmir | Distribution of Households Living in Census Houses by Predominant Material of Roof, 2001 - Himachal Pradesh"
347,35,"unexplained,geo_unnamed",,20,andaman andhra arunachal bengal dadra daman diu haveli himachal islands jammu kashmir,24,,"Distribution of Households Living in Census Houses by Predominant Material of Wall, 2001 - Jammu & Kashmir | Distribution of Households Living in Census Houses by Predominant Material of Wall, 2001 - Himachal Pradesh"
341,35,"unexplained,geo_unnamed",,20,andaman andhra arunachal bengal dadra daman diu haveli himachal islands jammu kashmir,24,,"Distribution of Households Living in Census Houses by Predominant Material of Floor, 2001 - Jammu & Kashmir | Distribution of Households Living in Census Houses by Predominant Material of Floor, 2001 - Himachal Pradesh"
346,30,"unexplained,geo_unnamed",,20,andaman andhra arunachal bengal dadra daman diu haveli himachal islands jammu kashmir,19,,"Distribution of Households Living in Census Houses by Predominant Material of Roof for Scheduled Tribe, 2001 - Jammu & Kashmir | Distribution of Households Living in Census Houses by Predominant Material of Roof for Scheduled Tribe, 2001 - Himachal Pradesh"
349,30,"unexplained,geo_unnamed",,20,andaman andhra arunachal bengal dadra daman diu haveli himachal islands jammu kashmir,19,,"Distribution of Households Living in Census Houses by Predominant Material of Wall for Scheduled Tribe, 2001 - Jammu & Kashmir | Distribution of Households Living in Census Houses by Predominant Material of Wall for Scheduled Tribe, 2001 - Himachal Pradesh"
343,30,"unexplained,geo_unnamed",,20,andaman andhra arunachal bengal dadra daman diu haveli himachal islands jammu kashmir,19,,"Distribution of Households Living in Census Houses by Predominant Material of Floor for Scheduled Tribe, 2001 - Jammu & Kashmir | Distribution of Households Living in Census Houses by Predominant Material of Floor for Scheduled Tribe, 2001 - Himachal Pradesh"
340,35,"unexplained,geo_unnamed",,20,andaman andhra arunachal bengal dadra daman diu haveli himachal islands jammu kashmir,24,,"Distribution of Census Houses used as Residence and Residence-cum-other use by their Type of Structure, 2001 - Jammu & Kashmir | Distribution of Census Houses used as Residence and Residence-cum-other use by their Type of Structure, 2001 - Himachal Pradesh"
352,35,"unexplained,geo_unnamed",,20,andaman andhra arunachal bengal dadra daman diu haveli himachal islands jammu kashmir,24,,"Distribution of Households by Type of Census Houses Occupied, 2001 - Jammu & Kashmir | Distribution of Households by Type of Census Houses Occupied, 2001 - Himachal Pradesh"
351,30,"unexplained,geo_unnamed",,20,andaman andhra arunachal bengal dadra daman diu haveli himachal islands jammu kashmir,19,,"Distribution of Households by Type of Census Houses Occupied for Scheduled Tribe, 2001 - Jammu & Kashmir | Distribution of Households by Type of Census Houses Occupied for Scheduled Tribe, 2001 - Himachal Pradesh"
464,30,"unexplained,geo_unnamed",,20,andaman andhra arunachal bengal dadra daman diu haveli himachal islands jammu kashmir,19,,"Scheduled Tribe Main Workers Classified by Industrial Category, Age and Sex (Each Tribe Separately), 2001 - Jammu & Kashmir | Scheduled Tribe Main Workers Classified by Industrial Category, Age and Sex (Each Tribe Separately), 2001 - Himachal Pradesh"
472,30,"unexplained,geo_unnamed",,20,andaman andhra arunachal bengal dadra daman diu haveli himachal islands jammu kashmir,19,,"Scheduled Tribe Main Workers Classified by Industrial Category, Educational Level and Sex (Each Tribe Separately), 2001 - Jammu & Kashmir | Scheduled Tribe Main Workers Classified by Industrial Category, Educational Level and Sex (Each Tribe Separately), 2001 - Himachal Pradesh"
518,30,"unexplained,geo_unnamed",,20,andaman andhra arunachal bengal dadra daman diu haveli himachal islands jammu kashmir,19,,"Scheduled Tribe Marginal Workers Classified by Industrial Category, Age and Sex (Each Tribe Separately), 2001 - Jammu & Kashmir | Scheduled Tribe Marginal Workers Classified by Industrial Category, Age and Sex (Each Tribe Separately), 2001 - Himachal Pradesh"
527,30,"unexplained,geo_unnamed",,20,andaman andhra arunachal bengal dadra daman diu haveli himachal islands jammu kashmir,19,,"Scheduled Tribe Marginal Workers Classified by Industrial Category, Educational Level and Sex (Each Tribe Separately), 2001 - Jammu & Kashmir | Scheduled Tribe Marginal Workers Classified by Industrial Category, Educational Level and Sex (Each Tribe Separately), 2001 - Himachal Pradesh"
550,30,"unexplained,geo_unnamed",,20,andaman andhra arunachal bengal dadra daman diu haveli himachal islands jammu kashmir,19,,"Scheduled Tribe Marital Status by Age and Sex (Each Tribe Separately), 2001 - Jammu & Kashmir | Scheduled Tribe Marital Status by Age and Sex (Each Tribe Separately), 2001 - Himachal Pradesh"
363,30,"unexplained,geo_unnamed",,20,andaman andhra arunachal bengal dadra daman diu haveli himachal islands jammu kashmir,19,,"Scheduled Tribe Educational Level by Age and Sex for Population Age 7 and Above (Each Tribe Separately), 2001 - Jammu & Kashmir | Scheduled Tribe Educational Level by Age and Sex for Population Age 7 and Above (Each Tribe Separately), 2001 - Himachal Pradesh"
636,30,"unexplained,geo_unnamed",,20,andaman andhra arunachal bengal dadra daman diu haveli himachal islands jammu kashmir,19,,"Scheduled Tribe Population Attending Educational Institutions by Age, Sex and Type of Educational Institution (Each Tribe Separately), 2001 - Jammu & Kashmir | Scheduled Tribe Population Attending Educational Institutions by Age, Sex and Type of Educational Institution (Each Tribe Separately), 2001 - Himachal Pradesh"
626,30,"unexplained,geo_unnamed",,20,andaman andhra arunachal bengal dadra daman diu haveli himachal islands jammu kashmir,19,,"Scheduled Tribe Population Age 5-19 Attending School/ College by Economic Activity Status and Sex (Each Tribe Separately), 2001 - Jammu & Kashmir | Scheduled Tribe Population Age 5-19 Attending School/ College by Economic Activity Status and Sex (Each Tribe Separately), 2001 - Himachal Pradesh"
594,30,"unexplained,geo_unnamed",,20,andaman andhra arunachal bengal dadra daman diu haveli himachal islands jammu kashmir,19,,"Number of Women and Ever Married Women by Present Age, Parity and Total Children Ever Born by Sex for Selected Scheduled Tribes, 2001 - Jammu & Kashmir | Number of Women and Ever Married Women by Present Age, Parity and Total Children Ever Born by Sex for Selected Scheduled Tribes, 2001 - Himachal Pradesh"
589,30,"unexplained,geo_unnamed",,20,andaman andhra arunachal bengal dadra daman diu haveli himachal islands jammu kashmir,19,,"Number of Women and Ever Married Women by Present Age, Number of Surviving Children and Total Surviving Children by Sex for Selected Scheduled Tribes, 2001 - Jammu & Kashmir | Number of Women and Ever Married Women by Present Age, Number of Surviving Children and Total Surviving Children by Sex for Selected Scheduled Tribes, 2001 - Himachal Pradesh"
581,30,"unexplained,geo_unnamed",,20,andaman andhra arunachal bengal dadra daman diu haveli himachal islands jammu kashmir,19,,"Number of Women and Currently Married Women by Present Age, Number of Births Last Year by Sex and Birth Order for Selected Scheduled Tribes, 2001 - Jammu & Kashmir | Number of Women and Currently Married Women by Present Age, Number of Births Last Year by Sex and Birth Order for Selected Scheduled Tribes, 2001 - Himachal Pradesh"
641,35,"unexplained,geo_unnamed",,20,andaman andhra arunachal bengal dadra daman diu haveli himachal islands jammu kashmir,24,,"Tehsil-wise Population by Mother Tongue, 2001 - Jammu & Kashmir | Tehsil-wise Population by Mother Tongue, 2001 - Himachal Pradesh"
642,35,"unexplained,geo_unnamed",,20,andaman andhra arunachal bengal dadra daman diu haveli himachal islands jammu kashmir,24,,"City-wise Population by Mother Tongue, 2001 - Jammu & Kashmir | City-wise Population by Mother Tongue, 2001 - Himachal Pradesh"
515,36,"unexplained,geo_unnamed",,20,andaman andhra arunachal bengal dadra daman diu haveli himachal islands jammu kashmir,25,,"Marginal Workers Classified by Industrial Category of Work and their Main Activity, 2001 - India | Marginal Workers Classified by Industrial Category of Work and their Main Activity, 2001 - Jammu & Kashmir"
536,30,"unexplained,geo_unnamed",,20,andaman andhra arunachal bengal dadra daman diu haveli himachal islands jammu kashmir,19,,"Scheduled Tribe Marginal Workers and Non-Workers Seeking/ Available for Work Classified by Educational Level, Age and Sex (Each Tribe Separately), 2001 - Jammu & Kashmir | Scheduled Tribe Marginal Workers and Non-Workers Seeking/ Available for Work Classified by Educational Level, Age and Sex (Each Tribe Separately), 2001 - Himachal Pradesh"
462,31,"unexplained,geo_unnamed",,20,andaman andhra arunachal bengal dadra daman diu haveli himachal islands jammu kashmir,20,,"Main Workers Classified by Age, Industrial Category and Sex for Scheduled Tribe, 2011 - India | Main Workers Classified by Age, Industrial Category and Sex for Scheduled Tribe, 2011 - Jammu and Kashmir"
510,31,"unexplained,geo_unnamed",,20,andaman andhra arunachal bengal dadra daman diu haveli himachal islands jammu kashmir,20,,"Marginal Workers Classified by Age, Industrial Category and Sex for Scheduled Tribe, 2011 - India | Marginal Workers Classified by Age, Industrial Category and Sex for Scheduled Tribe, 2011 - Jammu and Kashmir"
437,31,"unexplained,geo_unnamed",,20,andaman andhra arunachal bengal dadra daman diu haveli himachal islands jammu kashmir,20,,"Industrial Classification of Main Workers and Marginal Workers other than Cultivators and Agricultural Labourers by Sex and by Section, Division and Class for Scheduled Tribe, 2011 - India | Industrial Classification of Main Workers and Marginal Workers other than Cultivators and Agricultural Labourers by Sex and by Section, Division and Class for Scheduled Tribe, 2011 - Jammu and Kashmir"
530,31,"unexplained,geo_unnamed",,20,andaman andhra arunachal bengal dadra daman diu haveli himachal islands jammu kashmir,20,,"Marginal Workers Classified by Industrial Category, Educational Level and Sex for Scheduled Tribes, 2011 - India | Marginal Workers Classified by Industrial Category, Educational Level and Sex for Scheduled Tribes, 2011 - Jammu & Kashmir"
475,31,"unexplained,geo_unnamed",,20,andaman andhra arunachal bengal dadra daman diu haveli himachal islands jammu kashmir,20,,"Main Workers Classified by Industrial Category, Educational Level and Sex for Scheduled Tribes, 2011 - India | Main Workers Classified by Industrial Category, Educational Level and Sex for Scheduled Tribes, 2011 - Jammu & Kashmir"
612,31,"unexplained,geo_unnamed",,20,andaman andhra arunachal bengal dadra daman diu haveli himachal islands jammu kashmir,20,,"Occupational Classification of Main Workers Other than Cultivators and Agricultural Labourers by Sex for Scheduled Tribes, 2011 - India | Occupational Classification of Main Workers Other than Cultivators and Agricultural Labourers by Sex for Scheduled Tribes, 2011 - Jammu & Kashmir"
616,31,"unexplained,geo_unnamed",,20,andaman andhra arunachal bengal dadra daman diu haveli himachal islands jammu kashmir,20,,"Occupational Classification of Marginal Workers Other than Cultivators and Agricultural Labourers by Sex for Scheduled Tribes, 2011 - India | Occupational Classification of Marginal Workers Other than Cultivators and Agricultural Labourers by Sex for Scheduled Tribes, 2011 - Jammu & Kashmir"
467,31,"unexplained,geo_unnamed",,20,andaman andhra arunachal bengal dadra daman diu haveli himachal islands jammu kashmir,20,,"Main Workers Classified by Industrial Category, Age and Sex for Scheduled Tribes, 2011 - India | Main Workers Classified by Industrial Category, Age and Sex for Scheduled Tribes, 2011 - Jammu & Kashmir"
316,33,"unexplained,geo_unnamed",,19,andaman andhra arunachal bengal dadra daman diu haveli himachal islands jammu kashmir,25,,"Complete Villages Directory by India/State/District/Sub-District Level, Census 2011 - JAMMU & KASHMIR | Complete Villages Directory by India/State/District/Sub-District Level, Census 2011 - HIMACHAL PRADESH"
977,33,"unexplained,geo_unnamed",,18,andaman andhra bengal dadra daman diu haveli himachal islands jammu kashmir nadu,24,,Category-wise Number of Newly Registered and Total Registered Motor Vehicles in Andhra Pradesh during 2013-14 and 2014-15 | Category-wise Number of Newly Registered and Total Registered Motor Vehicles in Assam during 2013-14 and 2014-15
330,34,"unexplained,geo_unnamed",,18,andhra arunachal bengal dadra daman diu haveli himachal jammu kashmir madhya nadu,24,,"Disabled Population by type of Disability, Age and Sex, 2011 - INDIA | Disabled Population by type of Disability, Age and Sex, 2011 - JAMMU & KASHMIR"
655,35,"unexplained,geo_unnamed",,18,andhra arunachal bengal dadra daman diu haveli himachal jammu kashmir madhya nadu,25,,"Population in single year age by Residence and Sex, 2011 - INDIA | Population in single year age by Residence and Sex, 2011 - JAMMU & KASHMIR"
652,35,"unexplained,geo_unnamed",,18,andhra arunachal bengal dadra daman diu haveli himachal jammu kashmir madhya nadu,25,,"Population in five year age-group by Residence and Sex, 2011 - INDIA | Population in five year age-group by Residence and Sex, 2011 - JAMMU & KASHMIR"
505,34,"unexplained,geo_unnamed",,18,andhra arunachal bengal dadra daman diu haveli himachal jammu kashmir madhya nadu,24,,"Main Workers, Marginal Workers, Non-Workers and those Marginal Workers, Non-Workers seeking/available for work classified by Age and Sex, 2011 - India | Main Workers, Marginal Workers, Non-Workers and those Marginal Workers, Non-Workers seeking/available for work classified by Age and Sex, 2011 - Jammu & Kashmir"
546,35,"unexplained,geo_unnamed",,18,andhra arunachal bengal dadra daman diu haveli himachal jammu kashmir madhya nadu,25,,"Marginal workers by main non economic activity by age and sex, 2011 - INDIA | Marginal workers by main non economic activity by age and sex, 2011 - JAMMU & KASHMIR"
575,35,"unexplained,geo_unnamed",,18,andhra arunachal bengal dadra daman diu haveli himachal jammu kashmir madhya nadu,25,,"Non-workers by main activity by age and sex, 2011 - INDIA | Non-workers by main activity by age and sex, 2011 - JAMMU & KASHMIR"
414,35,"unexplained,geo_unnamed",,18,andhra arunachal bengal dadra daman diu haveli himachal jammu kashmir madhya nadu,25,,"Female headed households by predominant materials of roof and wall of census houses occupied by them, 2011 - INDIA | Female headed households by predominant materials of roof and wall of census houses occupied by them, 2011 - JAMMU & KASHMIR"
411,35,"unexplained,geo_unnamed",,18,andhra arunachal bengal dadra daman diu haveli himachal jammu kashmir madhya nadu,25,,"Female headed households by predominant material of floor of census houses occupied by them, 2011 - INDIA | Female headed households by predominant material of floor of census houses occupied by them, 2011 - JAMMU & KASHMIR"
408,35,"unexplained,geo_unnamed",,18,andhra arunachal bengal dadra daman diu haveli himachal jammu kashmir madhya nadu,25,,"Female headed households by ownership status of the census houses, size of the household and number of dwelling rooms, 2011 - INDIA | Female headed households by ownership status of the census houses, size of the household and number of dwelling rooms, 2011 - JAMMU & KASHMIR"
420,35,"unexplained,geo_unnamed",,18,andhra arunachal bengal dadra daman diu haveli himachal jammu kashmir madhya nadu,25,,"Female headed households classified by source and location of drinking water and availability of electricity and latrine, 2011 - INDIA | Female headed households classified by source and location of drinking water and availability of electricity and latrine, 2011 - JAMMU & KASHMIR"
399,35,"unexplained,geo_unnamed",,18,andhra arunachal bengal dadra daman diu haveli himachal jammu kashmir madhya nadu,25,,"Female headed households by availability of bathing facility and type of drainage connectivity for waste water outlet, 2011 - INDIA | Female headed households by availability of bathing facility and type of drainage connectivity for waste water outlet, 2011 - JAMMU & KASHMIR"
402,35,"unexplained,geo_unnamed",,18,andhra arunachal bengal dadra daman diu haveli himachal jammu kashmir madhya nadu,25,,"Female headed households by availability of separate kitchen and type of fuel used for cooking, 2011 - INDIA | Female headed households by availability of separate kitchen and type of fuel used for cooking, 2011 - JAMMU & KASHMIR"
405,35,"unexplained,geo_unnamed",,18,andhra arunachal bengal dadra daman diu haveli himachal jammu kashmir madhya nadu,25,,"Female headed households by availability of type of latrine facility, 2011 - INDIA | Female headed households by availability of type of latrine facility, 2011 - JAMMU & KASHMIR"
396,35,"unexplained,geo_unnamed",,18,andhra arunachal bengal dadra daman diu haveli himachal jammu kashmir madhya nadu,25,,"Female headed households availing banking services and number of households having each of the specified assets, 2011 - INDIA | Female headed households availing banking services and number of households having each of the specified assets, 2011 - JAMMU & KASHMIR"
417,35,"unexplained,geo_unnamed",,18,andhra arunachal bengal dadra daman diu haveli himachal jammu kashmir madhya nadu,25,,"Female headed households by type of structure of the census houses occupied, 2011 - INDIA | Female headed households by type of structure of the census houses occupied, 2011 - JAMMU & KASHMIR"
620,35,"unexplained,geo_unnamed",,18,andhra arunachal bengal dadra daman diu haveli himachal jammu kashmir madhya nadu,25,,"Percentage of households to total households by amenities and assets, 2011 - INDIA | Percentage of households to total households by amenities and assets, 2011 - JAMMU & KASHMIR"
557,35,"unexplained,geo_unnamed",,18,andhra arunachal bengal dadra daman diu haveli himachal jammu kashmir madhya nadu,25,,"Marital status by age and sex, 2011 - INDIA | Marital status by age and sex, 2011 - JAMMU & KASHMIR"
391,35,"unexplained,geo_unnamed",,18,andhra arunachal bengal dadra daman diu haveli himachal jammu kashmir madhya nadu,25,,"Ever married and currently married population by age at marriage and duration of marriage, 2011 - INDIA | Ever married and currently married population by age at marriage and duration of marriage, 2011 - JAMMU & KASHMIR"
335,35,"unexplained,geo_unnamed",,18,andhra arunachal bengal dadra daman diu haveli himachal jammu kashmir madhya nadu,25,,"Disabled population among main workers, marginal workers, non-workers by type of disability, age and sex, 2011 - INDIA | Disabled population among main workers, marginal workers, non-workers by type of disability, age and sex, 2011 - JAMMU & KASHMIR"
334,35,"unexplained,geo_unnamed",,18,andhra arunachal bengal dadra daman diu haveli himachal jammu kashmir madhya nadu,25,,"Disabled non-workers by type of disability and sex, age and sex, 2011 - INDIA | Disabled non-workers by type of disability and sex, age and sex, 2011 - JAMMU & KASHMIR"
681,35,"unexplained,geo_unnamed",,18,andhra arunachal bengal dadra daman diu haveli himachal jammu kashmir madhya nadu,25,,"Number of women and ever married women by present age, parity and total children ever born by sex, 2011 - INDIA | Number of women and ever married women by present age, parity and total children ever born by sex, 2011 - JAMMU & KASHMIR"
678,35,"unexplained,geo_unnamed",,18,andhra arunachal bengal dadra daman diu haveli himachal jammu kashmir madhya nadu,25,,"Number of women and ever married women by present age, number of surviving children and total surviving children by sex, 2011 - INDIA | Number of women and ever married women by present age, number of surviving children and total surviving children by sex, 2011 - JAMMU & KASHMIR"
675,35,"unexplained,geo_unnamed",,18,andhra arunachal bengal dadra daman diu haveli himachal jammu kashmir madhya nadu,25,,"Number of women and currently married women by present age, number of births last year by sex and birth order, 2011 - INDIA | Number of women and currently married women by present age, number of births last year by sex and birth order, 2011 - JAMMU & KASHMIR"
427,35,"unexplained,geo_unnamed",,18,andhra arunachal bengal dadra daman diu haveli himachal jammu kashmir madhya nadu,25,,"Households by marital status, sex and age of the head of household, 2011 - INDIA | Households by marital status, sex and age of the head of household, 2011 - JAMMU & KASHMIR"
554,35,"unexplained,geo_unnamed",,18,andhra arunachal bengal dadra daman diu haveli himachal jammu kashmir madhya nadu,25,,"Marital Status by Single Year Age and Sex, 2011 - INDIA | Marital Status by Single Year Age and Sex, 2011 - JAMMU & KASHMIR"
359,35,"unexplained,geo_unnamed",,18,andhra arunachal bengal dadra daman diu haveli himachal jammu kashmir madhya nadu,25,,"Education Level Graduate and Above by Sex for Population Age 15 and Above, 2011 - INDIA | Education Level Graduate and Above by Sex for Population Age 15 and Above, 2011 - JAMMU & KASHMIR"
368,35,"unexplained,geo_unnamed",,18,andhra arunachal bengal dadra daman diu haveli himachal jammu kashmir madhya nadu,25,,"Educational Level by Age and Sex for Population Age 7 and Above, 2011 - INDIA | Educational Level by Age and Sex for Population Age 7 and Above, 2011 - JAMMU & KASHMIR"
504,31,"unexplained,geo_unnamed",,18,andaman andhra arunachal bengal dadra daman diu haveli himachal islands madhya nadu,21,,"Main Workers, Marginal Workers, Non-workers and those Non-workers Seeking/ Available for Work Classified by Age and Sex, 1991 - Andhra Pradesh | Main Workers, Marginal Workers, Non-workers and those Non-workers Seeking/ Available for Work Classified by Age and Sex, 1991 - Arunachal Pradesh"
568,31,"unexplained,geo_unnamed",,18,andaman andhra arunachal bengal dadra daman diu haveli himachal islands madhya nadu,21,,"Non-Workers Seeking/Available for work and those among them who Never worked before classified by Age, Sex and Educational level, 1991 - Andhra Pradesh | Non-Workers Seeking/Available for work and those among them who Never worked before classified by Age, Sex and Educational level, 1991 - Arunachal Pradesh"
446,31,"unexplained,geo_unnamed",,18,andaman andhra arunachal bengal dadra daman diu haveli himachal islands madhya nadu,21,,"Industrial Classification of Main and Marginal Workers in Manufacturing, Processing, Servicing and Repairs on Household Industry Basis by Sex and Class of Worker, 1991 - Andhra Pradesh | Industrial Classification of Main and Marginal Workers in Manufacturing, Processing, Servicing and Repairs on Household Industry Basis by Sex and Class of Worker, 1991 - Arunachal Pradesh"
469,26,"unexplained,geo_unnamed",,18,andaman andhra arunachal bengal dadra daman diu haveli himachal islands madhya nadu,16,,"Main Workers Classified by Industrial Category, Age and Sex for Scheduled Tribes, 1991 - Andhra Pradesh | Main Workers Classified by Industrial Category, Age and Sex for Scheduled Tribes, 1991 - Arunachal Pradesh"
477,26,"unexplained,geo_unnamed",,18,andaman andhra arunachal bengal dadra daman diu haveli himachal islands madhya nadu,16,,"Main Workers Classified by Industrial Category, Educational Level and Sex for Scheduled Tribes, 1991 - Andhra Pradesh | Main Workers Classified by Industrial Category, Educational Level and Sex for Scheduled Tribes, 1991 - Arunachal Pradesh"
525,26,"unexplained,geo_unnamed",,18,andaman andhra arunachal bengal dadra daman diu haveli himachal islands madhya nadu,16,,"Marginal Workers Classified by Industrial Category, Age and Sex for Scheduled Tribes, 1991 - Andhra Pradesh | Marginal Workers Classified by Industrial Category, Age and Sex for Scheduled Tribes, 1991 - Arunachal Pradesh"
532,26,"unexplained,geo_unnamed",,18,andaman andhra arunachal bengal dadra daman diu haveli himachal islands madhya nadu,16,,"Marginal Workers Classified by Industrial Category, Educational Level and Sex for Scheduled Tribes, 1991 - Andhra Pradesh | Marginal Workers Classified by Industrial Category, Educational Level and Sex for Scheduled Tribes, 1991 - Arunachal Pradesh"
566,26,"unexplained,geo_unnamed",,18,andaman andhra arunachal bengal dadra daman diu haveli himachal islands madhya nadu,16,,"Non-Workers Seeking/Available for Work and those among them who Never Worked before Classified by Age, Sex and Educational Level for Scheduled Tribes, 1991 - Andhra Pradesh | Non-Workers Seeking/Available for Work and those among them who Never Worked before Classified by Age, Sex and Educational Level for Scheduled Tribes, 1991 - Arunachal Pradesh"
311,26,"unexplained,geo_unnamed",,18,andaman andhra arunachal bengal dadra daman diu haveli himachal islands madhya nadu,16,,"Age, Sex and Marital Status for Scheduled Tribes, 1991 - Andhra Pradesh | Age, Sex and Marital Status for Scheduled Tribes, 1991 - Arunachal Pradesh"
309,26,"unexplained,geo_unnamed",,18,andaman andhra arunachal bengal dadra daman diu haveli himachal islands madhya nadu,16,,"Age, Sex and Level of Education for Scheduled Tribes, 1991 - Andhra Pradesh | Age, Sex and Level of Education for Scheduled Tribes, 1991 - Arunachal Pradesh"
624,26,"unexplained,geo_unnamed",,18,andaman andhra arunachal bengal dadra daman diu haveli himachal islands madhya nadu,16,,"Scheduled Tribes Population (Ages 5-19) by Single Year of Age, School Attendance and Economic Activity, 1991 - Andhra Pradesh | Scheduled Tribes Population (Ages 5-19) by Single Year of Age, School Attendance and Economic Activity, 1991 - Arunachal Pradesh"
374,26,"unexplained,geo_unnamed",,18,andaman andhra arunachal bengal dadra daman diu haveli himachal islands madhya nadu,16,,"Ever Married Women by Age at Marriage, Currently Married Women by Age at Marriage and duration of Marriage among Scheduled Tribes, 1991 - Andhra Pradesh | Ever Married Women by Age at Marriage, Currently Married Women by Age at Marriage and duration of Marriage among Scheduled Tribes, 1991 - Arunachal Pradesh"
321,26,"unexplained,geo_unnamed",,18,andaman andhra arunachal bengal dadra daman diu haveli himachal islands madhya nadu,16,,"Currently Married Women belonging to Scheduled Tribes by Present Age and Births during Last Year by Birth order, 1991 - Andhra Pradesh | Currently Married Women belonging to Scheduled Tribes by Present Age and Births during Last Year by Birth order, 1991 - Arunachal Pradesh"
384,26,"unexplained,geo_unnamed",,18,andaman andhra arunachal bengal dadra daman diu haveli himachal islands madhya nadu,16,,"Ever Married and Currently Married Women belonging to Scheduled Tribes by Present Age, Parity and Total Children Ever Born by Sex, 1991 - Andhra Pradesh | Ever Married and Currently Married Women belonging to Scheduled Tribes by Present Age, Parity and Total Children Ever Born by Sex, 1991 - Arunachal Pradesh"
618,25,"unexplained,geo_unnamed",,18,andaman andhra arunachal bengal dadra daman diu haveli himachal islands madhya nadu,15,,"Other Religions and Persuasions wise Population of Scheduled Tribes, 1991 - Andhra Pradesh | Other Religions and Persuasions wise Population of Scheduled Tribes, 1991 - Arunachal Pradesh"
664,25,"unexplained,geo_unnamed",,18,andaman andhra arunachal bengal dadra daman diu haveli himachal islands madhya nadu,15,,"Religion wise Population of Scheduled Tribes, 1991 - Andhra Pradesh | Religion wise Population of Scheduled Tribes, 1991 - Arunachal Pradesh"
561,25,"unexplained,geo_unnamed",,18,andaman andhra arunachal bengal dadra daman diu haveli himachal islands madhya nadu,15,,"Mother Tongue wise Number of Speakers of Scheduled Tribes, 1991 - Andhra Pradesh | Mother Tongue wise Number of Speakers of Scheduled Tribes, 1991 - Arunachal Pradesh"
291,56,"unexplained,geo_unnamed",,17,andhra arunachal bengal dadra daman diu haveli himachal jammu kashmir madhya nadu,20,,Location wise daily Ambient Air Quality of Andhra Pradesh for the year 2014 | Location wise daily Ambient Air Quality of Andhra Pradesh for the year 2015
43,34,"unexplained,geo_unnamed",,17,andhra arunachal bengal dadra daman diu haveli himachal jammu kashmir madhya nadu,24,,Total number of livestock and poultry for Andhra Pradesh - 2012 | Total number of livestock and poultry for Arunachal Pradesh - 2012
18,34,"unexplained,geo_unnamed",,17,andhra arunachal bengal dadra daman diu haveli himachal jammu kashmir madhya nadu,24,,"Details of dogs, rabbits and elephants in rural and urban combined for Andhra Pradesh - 2012 | Details of dogs, rabbits and elephants in rural and urban combined for Arunachal Pradesh - 2012"
6,34,"unexplained,geo_unnamed",,17,andhra arunachal bengal dadra daman diu haveli himachal jammu kashmir madhya nadu,24,,"Number of cattle, buffaloes, sheep, goats and pigs per thousand households in rural and urban combined for Andhra Pradesh - 2012 | Number of cattle, buffaloes, sheep, goats and pigs per thousand households in rural and urban combined for Arunachal Pradesh - 2012"
23,32,"unexplained,geo_unnamed",,17,andhra arunachal bengal dadra daman diu haveli himachal jammu kashmir madhya nadu,22,,"District wise Details of Livestock by Age, 2007 - Andhra Pradesh | District wise Details of Livestock by Age, 2007 - Arunachal Pradesh"
24,32,"unexplained,geo_unnamed",,17,andhra arunachal bengal dadra daman diu haveli himachal jammu kashmir madhya nadu,22,,"District wise Details of Livestock by Gender, 2007 - Andhra Pradesh | District wise Details of Livestock by Gender, 2007 - Arunachal Pradesh"
4,32,"unexplained,geo_unnamed",,17,andhra arunachal bengal dadra daman diu haveli himachal jammu kashmir madhya nadu,22,,"District wise Number of Cattle by breed, 2007 - Andhra Pradesh | District wise Number of Cattle by breed, 2007 - Arunachal Pradesh"
5,32,"unexplained,geo_unnamed",,17,andhra arunachal bengal dadra daman diu haveli himachal jammu kashmir madhya nadu,22,,"District wise Number of Indigenous Cattle by breed, 2007 - Andhra Pradesh | District wise Number of Indigenous Cattle by breed, 2007 - Arunachal Pradesh"
2,32,"unexplained,geo_unnamed",,17,andhra arunachal bengal dadra daman diu haveli himachal jammu kashmir madhya nadu,22,,"District wise Number of Buffalo by breed, 2007 - Andhra Pradesh | District wise Number of Buffalo by breed, 2007 - Arunachal Pradesh"
59,32,"unexplained,geo_unnamed",,17,andhra arunachal bengal dadra daman diu haveli himachal jammu kashmir madhya nadu,22,,"District wise Number of Yak and Mithun by breed, 2007 - Andhra Pradesh | District wise Number of Yak and Mithun by breed, 2007 - Arunachal Pradesh"
53,32,"unexplained,geo_unnamed",,17,andhra arunachal bengal dadra daman diu haveli himachal jammu kashmir madhya nadu,22,,"District wise Number of Exotic/Crossbred Sheep by Breed, 2007 - Andhra Pradesh | District wise Number of Exotic/Crossbred Sheep by Breed, 2007 - Arunachal Pradesh"
54,32,"unexplained,geo_unnamed",,17,andhra arunachal bengal dadra daman diu haveli himachal jammu kashmir madhya nadu,22,,"District wise Number of Indigenous Sheep by Breed, 2007 - Andhra Pradesh | District wise Number of Indigenous Sheep by Breed, 2007 - Arunachal Pradesh"
40,32,"unexplained,geo_unnamed",,17,andhra arunachal bengal dadra daman diu haveli himachal jammu kashmir madhya nadu,22,,"District wise Number of Goat by Breed, 2007 - Andhra Pradesh | District wise Number of Goat by Breed, 2007 - Arunachal Pradesh"
41,32,"unexplained,geo_unnamed",,17,andhra arunachal bengal dadra daman diu haveli himachal jammu kashmir madhya nadu,22,,"District wise Number of horses by breed, 2007 - Andhra Pradesh | District wise Number of horses by breed, 2007 - Arunachal Pradesh"
48,32,"unexplained,geo_unnamed",,17,andhra arunachal bengal dadra daman diu haveli himachal jammu kashmir madhya nadu,22,,"District wise Number of Ponies by breed, 2007 - Andhra Pradesh | District wise Number of Ponies by breed, 2007 - Arunachal Pradesh"
3,32,"unexplained,geo_unnamed",,17,andhra arunachal bengal dadra daman diu haveli himachal jammu kashmir madhya nadu,22,,"District wise Number of Camel by Breed, 2007 - Andhra Pradesh | District wise Number of Camel by Breed, 2007 - Arunachal Pradesh"
46,32,"unexplained,geo_unnamed",,17,andhra arunachal bengal dadra daman diu haveli himachal jammu kashmir madhya nadu,22,,"District wise Number of Exotic pig by breed, 2007 - Andhra Pradesh | District wise Number of Exotic pig by breed, 2007 - Arunachal Pradesh"
45,32,"unexplained,geo_unnamed",,17,andhra arunachal bengal dadra daman diu haveli himachal jammu kashmir madhya nadu,22,,"District wise Number of Crossbred pig by breed, 2007 - Andhra Pradesh | District wise Number of Crossbred pig by breed, 2007 - Arunachal Pradesh"
47,32,"unexplained,geo_unnamed",,17,andhra arunachal bengal dadra daman diu haveli himachal jammu kashmir madhya nadu,22,,"District wise Number of  Indigenous pig by breed, 2007 - Andhra Pradesh | District wise Number of  Indigenous pig by breed, 2007 - Arunachal Pradesh"
38,32,"unexplained,geo_unnamed",,17,andhra arunachal bengal dadra daman diu haveli himachal jammu kashmir madhya nadu,22,,"District wise Number of donkeys, rabbit by breed and dogs and elephants, 2007 - Andhra Pradesh | District wise Number of donkeys, rabbit by breed and dogs and elephants, 2007 - Arunachal Pradesh"
8,32,"unexplained,geo_unnamed",,17,andhra arunachal bengal dadra daman diu haveli himachal jammu kashmir madhya nadu,22,,"District wise Details of Backyard Poultry, 2007 - Andhra Pradesh | District wise Details of Backyard Poultry, 2007 - Arunachal Pradesh"
32,32,"unexplained,geo_unnamed",,17,andhra arunachal bengal dadra daman diu haveli himachal jammu kashmir madhya nadu,22,,"District wise Number of Poultry Farms and Poultry Birds in Farms, 2007  - Andhra Pradesh | District wise Number of Poultry Farms and Poultry Birds in Farms, 2007  - Arunachal Pradesh"
328,26,"unexplained,geo_unnamed",,17,andhra arunachal bengal dadra daman diu haveli himachal jammu kashmir madhya nadu,16,,"Disabled Population by type of Disability, Age and Sex for Scheduled Tribes, 2011 - JAMMU & KASHMIR | Disabled Population by type of Disability, Age and Sex for Scheduled Tribes, 2011 - HIMACHAL PRADESH"
656,32,"unexplained,geo_unnamed",,17,andhra bengal dadra daman diu haveli himachal jammu kashmir madhya nadu nagar,23,,"Population in single year age by Residence and Sex for Scheduled Castes, 2011 - INDIA | Population in single year age by Residence and Sex for Scheduled Castes, 2011 - JAMMU & KASHMIR"
657,30,"unexplained,geo_unnamed",,17,andhra arunachal bengal dadra daman diu haveli himachal jammu kashmir madhya nadu,20,,"Population in single year age by Residence and Sex for Scheduled Tribes, 2011 - INDIA | Population in single year age by Residence and Sex for Scheduled Tribes, 2011 - JAMMU & KASHMIR"
653,32,"unexplained,geo_unnamed",,17,andhra bengal dadra daman diu haveli himachal jammu kashmir madhya nadu nagar,23,,"Population in five year age-group by Residence and Sex for Scheduled Castes, 2011 - INDIA | Population in five year age-group by Residence and Sex for Scheduled Castes, 2011 - JAMMU & KASHMIR"
654,30,"unexplained,geo_unnamed",,17,andhra arunachal bengal dadra daman diu haveli himachal jammu kashmir madhya nadu,20,,"Population in five year age-group by Residence and Sex for Scheduled Tribes, 2011 - INDIA | Population in five year age-group by Residence and Sex for Scheduled Tribes, 2011 - JAMMU & KASHMIR"
506,32,"unexplained,geo_unnamed",,17,andhra bengal dadra daman diu haveli himachal jammu kashmir madhya nadu nagar,23,,"Main Workers, Marginal Workers, Non-Workers and those Marginal Workers, Non-Workers seeking/available for work classified by Age and Sex for Scheduled Castes, 2011 - India | Main Workers, Marginal Workers, Non-Workers and those Marginal Workers, Non-Workers seeking/available for work classified by Age and Sex for Scheduled Castes, 2011 - Jammu & Kashmir"
507,30,"unexplained,geo_unnamed",,17,andhra arunachal bengal dadra daman diu haveli himachal jammu kashmir madhya nadu,20,,"Main Workers, Marginal Workers, Non-Workers and those Marginal Workers, Non-Workers seeking/available for work classified by Age and Sex for Scheduled Tribes, 2011 - India | Main Workers, Marginal Workers, Non-Workers and those Marginal Workers, Non-Workers seeking/available for work classified by Age and Sex for Scheduled Tribes, 2011 - Jammu & Kashmir"
576,32,"unexplained,geo_unnamed",,17,andhra bengal dadra daman diu haveli himachal jammu kashmir madhya nadu nagar,23,,"Non-workers by main activity by age and sex for Scheduled Castes, 2011 - INDIA | Non-workers by main activity by age and sex for Scheduled Castes, 2011 - JAMMU & KASHMIR"
577,30,"unexplained,geo_unnamed",,17,andhra arunachal bengal dadra daman diu haveli himachal jammu kashmir madhya nadu,20,,"Non-workers by main activity by age and sex for Scheduled Tribes, 2011 - INDIA | Non-workers by main activity by age and sex for Scheduled Tribes, 2011 - JAMMU & KASHMIR"
415,32,"unexplained,geo_unnamed",,17,andhra bengal dadra daman diu haveli himachal jammu kashmir madhya nadu nagar,23,,"Female headed households by predominant materials of roof and wall of census houses occupied by them for Scheduled Castes, 2011 - INDIA | Female headed households by predominant materials of roof and wall of census houses occupied by them for Scheduled Castes, 2011 - JAMMU & KASHMIR"
416,30,"unexplained,geo_unnamed",,17,andhra arunachal bengal dadra daman diu haveli himachal jammu kashmir madhya nadu,20,,"Female headed households by predominant materials of roof and wall of census houses occupied by them for Scheduled Tribes, 2011 - INDIA | Female headed households by predominant materials of roof and wall of census houses occupied by them for Scheduled Tribes, 2011 - JAMMU & KASHMIR"
412,32,"unexplained,geo_unnamed",,17,andhra bengal dadra daman diu haveli himachal jammu kashmir madhya nadu nagar,23,,"Female headed households by predominant material of floor of census houses occupied by them for Scheduled Castes, 2011 - INDIA | Female headed households by predominant material of floor of census houses occupied by them for Scheduled Castes, 2011 - JAMMU & KASHMIR"
413,30,"unexplained,geo_unnamed",,17,andhra arunachal bengal dadra daman diu haveli himachal jammu kashmir madhya nadu,20,,"Female headed households by predominant material of floor of census houses occupied by them for Scheduled Tribes, 2011 - INDIA | Female headed households by predominant material of floor of census houses occupied by them for Scheduled Tribes, 2011 - JAMMU & KASHMIR"
409,32,"unexplained,geo_unnamed",,17,andhra bengal dadra daman diu haveli himachal jammu kashmir madhya nadu nagar,23,,"Female headed households by ownership status of the census houses, size of the household and number of dwelling rooms for Scheduled Castes, 2011 - INDIA | Female headed households by ownership status of the census houses, size of the household and number of dwelling rooms for Scheduled Castes, 2011 - JAMMU & KASHMIR"
410,30,"unexplained,geo_unnamed",,17,andhra arunachal bengal dadra daman diu haveli himachal jammu kashmir madhya nadu,20,,"Female headed households by ownership status of the census houses, size of the household and number of dwelling rooms for Scheduled Tribes, 2011 - INDIA | Female headed households by ownership status of the census houses, size of the household and number of dwelling rooms for Scheduled Tribes, 2011 - JAMMU & KASHMIR"
421,32,"unexplained,geo_unnamed",,17,andhra bengal dadra daman diu haveli himachal jammu kashmir madhya nadu nagar,23,,"Female headed households classified by source and location of drinking water and availability of electricity and latrine for Scheduled Castes, 2011 - INDIA | Female headed households classified by source and location of drinking water and availability of electricity and latrine for Scheduled Castes, 2011 - JAMMU & KASHMIR"
422,30,"unexplained,geo_unnamed",,17,andhra arunachal bengal dadra daman diu haveli himachal jammu kashmir madhya nadu,20,,"Female headed households classified by source and location of drinking water and availability of electricity and latrine for Scheduled Tribes, 2011 - INDIA | Female headed households classified by source and location of drinking water and availability of electricity and latrine for Scheduled Tribes, 2011 - JAMMU & KASHMIR"
400,32,"unexplained,geo_unnamed",,17,andhra bengal dadra daman diu haveli himachal jammu kashmir madhya nadu nagar,23,,"Female headed households by availability of bathing facility and type of drainage connectivity for waste water outlet for Scheduled Castes, 2011 - INDIA | Female headed households by availability of bathing facility and type of drainage connectivity for waste water outlet for Scheduled Castes, 2011 - JAMMU & KASHMIR"
401,30,"unexplained,geo_unnamed",,17,andhra arunachal bengal dadra daman diu haveli himachal jammu kashmir madhya nadu,20,,"Female headed households by availability of bathing facility and type of drainage connectivity for waste water outlet for Scheduled Tribes, 2011 - INDIA | Female headed households by availability of bathing facility and type of drainage connectivity for waste water outlet for Scheduled Tribes, 2011 - JAMMU & KASHMIR"
403,32,"unexplained,geo_unnamed",,17,andhra bengal dadra daman diu haveli himachal jammu kashmir madhya nadu nagar,23,,"Female headed households by availability of separate kitchen and type of fuel used for cooking for Scheduled Castes, 2011 - INDIA | Female headed households by availability of separate kitchen and type of fuel used for cooking for Scheduled Castes, 2011 - JAMMU & KASHMIR"
404,30,"unexplained,geo_unnamed",,17,andhra arunachal bengal dadra daman diu haveli himachal jammu kashmir madhya nadu,20,,"Female headed households by availability of separate kitchen and type of fuel used for cooking for Scheduled Tribes, 2011 - INDIA | Female headed households by availability of separate kitchen and type of fuel used for cooking for Scheduled Tribes, 2011 - JAMMU & KASHMIR"
406,32,"unexplained,geo_unnamed",,17,andhra bengal dadra daman diu haveli himachal jammu kashmir madhya nadu nagar,23,,"Female headed households by availability of type of latrine facilityfor Scheduled Castes, 2011 - INDIA | Female headed households by availability of type of latrine facilityfor Scheduled Castes, 2011 - JAMMU & KASHMIR"
407,30,"unexplained,geo_unnamed",,17,andhra arunachal bengal dadra daman diu haveli himachal jammu kashmir madhya nadu,20,,"Female headed households by availability of type of latrine facilityfor Scheduled Tribes, 2011 - INDIA | Female headed households by availability of type of latrine facilityfor Scheduled Tribes, 2011 - JAMMU & KASHMIR"
397,32,"unexplained,geo_unnamed",,17,andhra bengal dadra daman diu haveli himachal jammu kashmir madhya nadu nagar,23,,"Female headed households availing banking services and number of households having each of the specified assets for Scheduled Castes, 2011 - INDIA | Female headed households availing banking services and number of households having each of the specified assets for Scheduled Castes, 2011 - JAMMU & KASHMIR"
398,30,"unexplained,geo_unnamed",,17,andhra arunachal bengal dadra daman diu haveli himachal jammu kashmir madhya nadu,20,,"Female headed households availing banking services and number of households having each of the specified assets for Scheduled Tribes, 2011 - INDIA | Female headed households availing banking services and number of households having each of the specified assets for Scheduled Tribes, 2011 - JAMMU & KASHMIR"
418,32,"unexplained,geo_unnamed",,17,andhra bengal dadra daman diu haveli himachal jammu kashmir madhya nadu nagar,23,,"Female headed households by type of structure of the census houses occupied for Scheduled Castes, 2011 - INDIA | Female headed households by type of structure of the census houses occupied for Scheduled Castes, 2011 - JAMMU & KASHMIR"
419,30,"unexplained,geo_unnamed",,17,andhra arunachal bengal dadra daman diu haveli himachal jammu kashmir madhya nadu,20,,"Female headed households by type of structure of the census houses occupied for Scheduled Tribes, 2011 - INDIA | Female headed households by type of structure of the census houses occupied for Scheduled Tribes, 2011 - JAMMU & KASHMIR"
547,32,"unexplained,geo_unnamed",,17,andhra bengal dadra daman diu haveli himachal jammu kashmir madhya nadu nagar,23,,"Marginal workers by main non economic activity by age and sex for Scheduled Castes, 2011 - INDIA | Marginal workers by main non economic activity by age and sex for Scheduled Castes, 2011 - JAMMU & KASHMIR"
548,30,"unexplained,geo_unnamed",,17,andhra arunachal bengal dadra daman diu haveli himachal jammu kashmir madhya nadu,20,,"Marginal workers by main non economic activity by age and sex for Scheduled Tribes, 2011 - INDIA | Marginal workers by main non economic activity by age and sex for Scheduled Tribes, 2011 - JAMMU & KASHMIR"
658,31,"unexplained,geo_unnamed",,17,andhra bengal dadra daman diu haveli himachal jammu kashmir madhya nadu nagar,22,,"Primary Census Abstract for Scheduled Castes, 2011 - JAMMU & KASHMIR | Primary Census Abstract for Scheduled Castes, 2011 - HIMACHAL PRADESH"
659,29,"unexplained,geo_unnamed",,17,andhra arunachal bengal dadra daman diu haveli himachal jammu kashmir madhya nadu,19,,"Primary Census Abstract for Scheduled Tribes, 2011 - JAMMU & KASHMIR | Primary Census Abstract for Scheduled Tribes, 2011 - HIMACHAL PRADESH"
668,31,"unexplained,geo_unnamed",,17,andhra bengal dadra daman diu haveli himachal jammu kashmir madhya nadu nagar,22,,"State and district-wise Scheduled Castes population for each caste seperately, 2011 - JAMMU & KASHMIR | State and district-wise Scheduled Castes population for each caste seperately, 2011 - HIMACHAL PRADESH"
669,29,"unexplained,geo_unnamed",,17,andhra arunachal bengal dadra daman diu haveli himachal jammu kashmir madhya nadu,19,,"State and district-wise Scheduled Tribes population for each caste seperately, 2011 - JAMMU & KASHMIR | State and district-wise Scheduled Tribes population for each caste seperately, 2011 - HIMACHAL PRADESH"
558,32,"unexplained,geo_unnamed",,17,andhra bengal dadra daman diu haveli himachal jammu kashmir madhya nadu nagar,23,,"Marital status by age and sex for Scheduled Castes, 2011 - INDIA | Marital status by age and sex for Scheduled Castes, 2011 - JAMMU & KASHMIR"
559,30,"unexplained,geo_unnamed",,17,andhra arunachal bengal dadra daman diu haveli himachal jammu kashmir madhya nadu,20,,"Marital status by age and sex for Scheduled Tribes, 2011 - INDIA | Marital status by age and sex for Scheduled Tribes, 2011 - JAMMU & KASHMIR"
392,32,"unexplained,geo_unnamed",,17,andhra bengal dadra daman diu haveli himachal jammu kashmir madhya nadu nagar,23,,"Ever married and currently married population by age at marriage and duration of marriage for Scheduled Castes, 2011 - INDIA | Ever married and currently married population by age at marriage and duration of marriage for Scheduled Castes, 2011 - JAMMU & KASHMIR"
393,30,"unexplained,geo_unnamed",,17,andhra arunachal bengal dadra daman diu haveli himachal jammu kashmir madhya nadu,20,,"Ever married and currently married population by age at marriage and duration of marriage for Scheduled Tribes, 2011 - INDIA | Ever married and currently married population by age at marriage and duration of marriage for Scheduled Tribes, 2011 - JAMMU & KASHMIR"
682,32,"unexplained,geo_unnamed",,17,andhra bengal dadra daman diu haveli himachal jammu kashmir madhya nadu nagar,23,,"Number of women and ever married women by present age, parity and total children ever born by sex for Scheduled Castes, 2011 - INDIA | Number of women and ever married women by present age, parity and total children ever born by sex for Scheduled Castes, 2011 - JAMMU & KASHMIR"
683,30,"unexplained,geo_unnamed",,17,andhra arunachal bengal dadra daman diu haveli himachal jammu kashmir madhya nadu,20,,"Number of women and ever married women by present age, parity and total children ever born by sex for Scheduled Tribes, 2011 - INDIA | Number of women and ever married women by present age, parity and total children ever born by sex for Scheduled Tribes, 2011 - JAMMU & KASHMIR"
679,32,"unexplained,geo_unnamed",,17,andhra bengal dadra daman diu haveli himachal jammu kashmir madhya nadu nagar,23,,"Number of women and ever married women by present age, number of surviving children and total surviving children by sex for Scheduled Castes, 2011 - INDIA | Number of women and ever married women by present age, number of surviving children and total surviving children by sex for Scheduled Castes, 2011 - JAMMU & KASHMIR"
680,30,"unexplained,geo_unnamed",,17,andhra arunachal bengal dadra daman diu haveli himachal jammu kashmir madhya nadu,20,,"Number of women and ever married women by present age, number of surviving children and total surviving children by sex for Scheduled Tribes, 2011 - INDIA | Number of women and ever married women by present age, number of surviving children and total surviving children by sex for Scheduled Tribes, 2011 - JAMMU & KASHMIR"
676,32,"unexplained,geo_unnamed",,17,andhra bengal dadra daman diu haveli himachal jammu kashmir madhya nadu nagar,23,,"Number of women and currently married women by present age, number of births last year by sex and birth order for Scheduled Castes, 2011 - INDIA | Number of women and currently married women by present age, number of births last year by sex and birth order for Scheduled Castes, 2011 - JAMMU & KASHMIR"
677,30,"unexplained,geo_unnamed",,17,andhra arunachal bengal dadra daman diu haveli himachal jammu kashmir madhya nadu,20,,"Number of women and currently married women by present age, number of births last year by sex and birth order for Scheduled Tribes, 2011 - INDIA | Number of women and currently married women by present age, number of births last year by sex and birth order for Scheduled Tribes, 2011 - JAMMU & KASHMIR"
555,32,"unexplained,geo_unnamed",,17,andhra bengal dadra daman diu haveli himachal jammu kashmir madhya nadu nagar,23,,"Marital Status by Single Year Age and Sex for SC, 2011 - INDIA | Marital Status by Single Year Age and Sex for SC, 2011 - JAMMU & KASHMIR"
556,30,"unexplained,geo_unnamed",,17,andhra arunachal bengal dadra daman diu haveli himachal jammu kashmir madhya nadu,20,,"Marital Status by Single Year Age and Sex for ST, 2011 - INDIA | Marital Status by Single Year Age and Sex for ST, 2011 - JAMMU & KASHMIR"
360,32,"unexplained,geo_unnamed",,17,andhra bengal dadra daman diu haveli himachal jammu kashmir madhya nadu nagar,23,,"Education Level Graduate and Above by Sex for Population Age 15 and Above for SC, 2011 - INDIA | Education Level Graduate and Above by Sex for Population Age 15 and Above for SC, 2011 - JAMMU & KASHMIR"
361,30,"unexplained,geo_unnamed",,17,andhra arunachal bengal dadra daman diu haveli himachal jammu kashmir madhya nadu,20,,"Education Level Graduate and Above by Sex for Population Age 15 and Above for ST, 2011 - INDIA | Education Level Graduate and Above by Sex for Population Age 15 and Above for ST, 2011 - JAMMU & KASHMIR"
369,32,"unexplained,geo_unnamed",,17,andhra bengal dadra daman diu haveli himachal jammu kashmir madhya nadu nagar,23,,"Educational Level by Age and Sex for Population Age 7 and Above for SC, 2011 - INDIA | Educational Level by Age and Sex for Population Age 7 and Above for SC, 2011 - JAMMU & KASHMIR"
370,30,"unexplained,geo_unnamed",,17,andhra arunachal bengal dadra daman diu haveli himachal jammu kashmir madhya nadu,20,,"Educational Level by Age and Sex for Population Age 7 and Above for ST, 2011 - INDIA | Educational Level by Age and Sex for Population Age 7 and Above for ST, 2011 - JAMMU & KASHMIR"
491,32,"unexplained,geo_unnamed",,17,andhra bengal dadra daman diu haveli himachal jammu kashmir madhya nadu nagar,23,,"Main Workers, Marginal Workers, Non-Workers and Those Marginal Workers, Non-Workers Seeking/ Available for Work Classified by Educational Level and Sex for Scheduled Castes, 2011 - India | Main Workers, Marginal Workers, Non-Workers and Those Marginal Workers, Non-Workers Seeking/ Available for Work Classified by Educational Level and Sex for Scheduled Castes, 2011 - JAMMU & KASHMIR"
650,31,"unexplained,geo_unnamed",,17,andhra bengal dadra daman diu haveli himachal jammu kashmir madhya nadu nagar,22,,"Population by Religious Community for Scheduled Caste (Each Caste Separately), 2011 - Jammu & Kashmir | Population by Religious Community for Scheduled Caste (Each Caste Separately), 2011 - Himachal Pradesh"
537,31,"unexplained,geo_unnamed",,17,andhra bengal dadra daman diu haveli himachal jammu kashmir madhya nadu nagar,22,,"Marginal Workers and Non-Workers Seeking/Available for Work Classified by Educational Level, Age and Sex for Scheduled Caste (Each Caste Separately), 2011 - Jammu & Kashmir | Marginal Workers and Non-Workers Seeking/Available for Work Classified by Educational Level, Age and Sex for Scheduled Caste (Each Caste Separately), 2011 - Himachal Pradesh"
494,33,"unexplained,geo_unnamed",,17,andhra arunachal bengal dadra daman diu haveli himachal jammu kashmir madhya nadu,23,,"Main Workers, Marginal Workers, Non-Workers and those Marginal Workers, Non-Workers Seeking/ Available for Work Classified by Age and Sex for Scheduled Castes, 2001 - India | Main Workers, Marginal Workers, Non-Workers and those Marginal Workers, Non-Workers Seeking/ Available for Work Classified by Age and Sex for Scheduled Castes, 2001 - Jammu & Kashmir"
543,33,"unexplained,geo_unnamed",,17,andhra arunachal bengal dadra daman diu haveli himachal jammu kashmir madhya nadu,23,,"Marginal Workers by Main Activity, Age and Sex for Scheduled Castes, 2001 - India | Marginal Workers by Main Activity, Age and Sex for Scheduled Castes, 2001 - Jammu & Kashmir"
440,33,"unexplained,geo_unnamed",,17,andhra arunachal bengal dadra daman diu haveli himachal jammu kashmir madhya nadu,23,,"Industrial Classification of Main and Marginal Workers in Manufacturing, Processing, Servicing and Repairs in Household industry by Sex and Class of Worker for Scheduled Castes, 2001 - India | Industrial Classification of Main and Marginal Workers in Manufacturing, Processing, Servicing and Repairs in Household industry by Sex and Class of Worker for Scheduled Castes, 2001 - Jammu & Kashmir"
458,33,"unexplained,geo_unnamed",,17,andhra arunachal bengal dadra daman diu haveli himachal jammu kashmir madhya nadu,23,,"Main Workers Classified by Age, Industrial Category and Sex for Scheduled Castes, 2001 - India | Main Workers Classified by Age, Industrial Category and Sex for Scheduled Castes, 2001 - Jammu & Kashmir"
448,33,"unexplained,geo_unnamed",,17,andhra arunachal bengal dadra daman diu haveli himachal jammu kashmir madhya nadu,23,,"Industrial Classification of Main and Marginal Workers in Non-Household Industry, Trade, Business, Profession or Service by Class of Worker and Sex for Scheduled Castes, 2001 - India | Industrial Classification of Main and Marginal Workers in Non-Household Industry, Trade, Business, Profession or Service by Class of Worker and Sex for Scheduled Castes, 2001 - Jammu & Kashmir"
481,33,"unexplained,geo_unnamed",,17,andhra arunachal bengal dadra daman diu haveli himachal jammu kashmir madhya nadu,23,,"Main Workers Classified by Industrial Category, Educational Level and Sex for Scheduled Castes, 2001 - India | Main Workers Classified by Industrial Category, Educational Level and Sex for Scheduled Castes, 2001 - Jammu & Kashmir"
570,33,"unexplained,geo_unnamed",,17,andhra arunachal bengal dadra daman diu haveli himachal jammu kashmir madhya nadu,23,,"Non-Workers by Main Activity, Age and Sex for Scheduled Castes, 2001 - India | Non-Workers by Main Activity, Age and Sex for Scheduled Castes, 2001 - Jammu & Kashmir"
500,33,"unexplained,geo_unnamed",,17,andhra arunachal bengal dadra daman diu haveli himachal jammu kashmir madhya nadu,23,,"Main Workers, Marginal Workers, Non-Workers and those Marginal Workers, Non-Workers Seeking/ Available for Work Classified by Educational Level and Sex for Scheduled Castes, 2001 - India | Main Workers, Marginal Workers, Non-Workers and those Marginal Workers, Non-Workers Seeking/ Available for Work Classified by Educational Level and Sex for Scheduled Castes, 2001 - Jammu & Kashmir"
513,33,"unexplained,geo_unnamed",,17,andhra arunachal bengal dadra daman diu haveli himachal jammu kashmir madhya nadu,23,,"Marginal Workers Classified by Age, Industrial Category and Sex for Scheduled Castes, 2001 - India | Marginal Workers Classified by Age, Industrial Category and Sex for Scheduled Castes, 2001 - Jammu & Kashmir"
365,32,"unexplained,geo_unnamed",,17,andhra arunachal bengal dadra daman diu haveli himachal jammu kashmir madhya nadu,22,,"Educational Level by Age and Sex for Population Age 7 and Above for Scheduled Caste (Each Caste Separately), 2001 - Jammu & Kashmir | Educational Level by Age and Sex for Population Age 7 and Above for Scheduled Caste (Each Caste Separately), 2001 - Himachal Pradesh"
433,33,"unexplained,geo_unnamed",,17,andhra arunachal bengal dadra daman diu haveli himachal jammu kashmir madhya nadu,23,,"Industrial Classification of Main Workers and Marginal Workers other than Cultivators and Agricultural Labourers by Sex and by Division, Group and Class for Scheduled Caste, 2001 - India | Industrial Classification of Main Workers and Marginal Workers other than Cultivators and Agricultural Labourers by Sex and by Division, Group and Class for Scheduled Caste, 2001 - Jammu & Kashmir"
628,33,"unexplained,geo_unnamed",,17,andhra arunachal bengal dadra daman diu haveli himachal jammu kashmir madhya nadu,23,,"Population Attending Educational Institution by Age, Sex and Type of Educational Institution for Scheduled Caste, 2001 - India | Population Attending Educational Institution by Age, Sex and Type of Educational Institution for Scheduled Caste, 2001 - Jammu & Kashmir"
596,33,"unexplained,geo_unnamed",,17,andhra arunachal bengal dadra daman diu haveli himachal jammu kashmir madhya nadu,23,,"Number of Women and Ever Married Women by Present Age, Parity and Total Children Ever Born by Sex for Scheduled Caste, 2001 - India | Number of Women and Ever Married Women by Present Age, Parity and Total Children Ever Born by Sex for Scheduled Caste, 2001 - Jammu & Kashmir"
590,33,"unexplained,geo_unnamed",,17,andhra arunachal bengal dadra daman diu haveli himachal jammu kashmir madhya nadu,23,,"Number of Women and Ever Married Women by Present Age, Number of Surviving Children and Total Surviving Children by Sex for Scheduled Caste, 2001 - India | Number of Women and Ever Married Women by Present Age, Number of Surviving Children and Total Surviving Children by Sex for Scheduled Caste, 2001 - Jammu & Kashmir"
583,33,"unexplained,geo_unnamed",,17,andhra arunachal bengal dadra daman diu haveli himachal jammu kashmir madhya nadu,23,,"Number of Women and Currently Married Women by Present Age, Number of Births Last Year by Sex and Birth Order for Scheduled Caste, 2001 - India | Number of Women and Currently Married Women by Present Age, Number of Births Last Year by Sex and Birth Order for Scheduled Caste, 2001 - Jammu & Kashmir"
354,32,"unexplained,geo_unnamed",,17,andhra arunachal bengal dadra daman diu haveli himachal jammu kashmir madhya nadu,22,,"Distribution of Households by the Condition of Census Houses Occupied by them for Scheduled Caste, 2001 - Jammu & Kashmir | Distribution of Households by the Condition of Census Houses Occupied by them for Scheduled Caste, 2001 - Himachal Pradesh"
345,32,"unexplained,geo_unnamed",,17,andhra arunachal bengal dadra daman diu haveli himachal jammu kashmir madhya nadu,22,,"Distribution of Households Living in Census Houses by Predominant Material of Roof for Scheduled Caste, 2001 - Jammu & Kashmir | Distribution of Households Living in Census Houses by Predominant Material of Roof for Scheduled Caste, 2001 - Himachal Pradesh"
348,32,"unexplained,geo_unnamed",,17,andhra arunachal bengal dadra daman diu haveli himachal jammu kashmir madhya nadu,22,,"Distribution of Households Living in Census Houses by Predominant Material of Wall for Scheduled Caste, 2001 - Jammu & Kashmir | Distribution of Households Living in Census Houses by Predominant Material of Wall for Scheduled Caste, 2001 - Himachal Pradesh"
342,31,"unexplained,geo_unnamed",,17,andhra arunachal bengal dadra daman diu haveli himachal jammu kashmir madhya nadu,21,,"Distribution of Households Living in Census Houses by Predominant Material of Floor for Scheduled Caste, 2001 - Jammu & Kashmir | Distribution of Households Living in Census Houses by Predominant Material of Floor for Scheduled Caste, 2001 - Himachal Pradesh"
350,32,"unexplained,geo_unnamed",,17,andhra arunachal bengal dadra daman diu haveli himachal jammu kashmir madhya nadu,22,,"Distribution of Households by Type of Census Houses Occupied for Scheduled Caste, 2001 - Jammu & Kashmir | Distribution of Households by Type of Census Houses Occupied for Scheduled Caste, 2001 - Himachal Pradesh"
463,32,"unexplained,geo_unnamed",,17,andhra arunachal bengal dadra daman diu haveli himachal jammu kashmir madhya nadu,22,,"Scheduled Caste Main Workers Classified by Industrial Category, Age and Sex (Each Caste Separately), 2001 - Jammu & Kashmir | Scheduled Caste Main Workers Classified by Industrial Category, Age and Sex (Each Caste Separately), 2001 - Himachal Pradesh"
471,32,"unexplained,geo_unnamed",,17,andhra arunachal bengal dadra daman diu haveli himachal jammu kashmir madhya nadu,22,,"Scheduled Caste Main Workers Classified by Industrial Category, Educational Level and Sex (Each Caste Separately), 2001 - Jammu & Kashmir | Scheduled Caste Main Workers Classified by Industrial Category, Educational Level and Sex (Each Caste Separately), 2001 - Himachal Pradesh"
517,32,"unexplained,geo_unnamed",,17,andhra arunachal bengal dadra daman diu haveli himachal jammu kashmir madhya nadu,22,,"Scheduled Caste Marginal Workers Classified by Industrial Category, Age and Sex (Each Caste Separately), 2001 - Jammu & Kashmir | Scheduled Caste Marginal Workers Classified by Industrial Category, Age and Sex (Each Caste Separately), 2001 - Himachal Pradesh"
526,32,"unexplained,geo_unnamed",,17,andhra arunachal bengal dadra daman diu haveli himachal jammu kashmir madhya nadu,22,,"Scheduled Caste Marginal Workers Classified by Industrial Category, Educational Level and Sex (Each Caste Separately), 2001 - Jammu & Kashmir | Scheduled Caste Marginal Workers Classified by Industrial Category, Educational Level and Sex (Each Caste Separately), 2001 - Himachal Pradesh"
549,32,"unexplained,geo_unnamed",,17,andhra arunachal bengal dadra daman diu haveli himachal jammu kashmir madhya nadu,22,,"Scheduled Caste Marital Status by Age and Sex (Each Caste Separately), 2001 - Jammu & Kashmir | Scheduled Caste Marital Status by Age and Sex (Each Caste Separately), 2001 - Himachal Pradesh"
362,32,"unexplained,geo_unnamed",,17,andhra arunachal bengal dadra daman diu haveli himachal jammu kashmir madhya nadu,22,,"Scheduled Caste Educational Level by Age and Sex for Population Age 7 and Above (Each Caste Separately), 2001 - Jammu & Kashmir | Scheduled Caste Educational Level by Age and Sex for Population Age 7 and Above (Each Caste Separately), 2001 - Himachal Pradesh"
633,32,"unexplained,geo_unnamed",,17,andhra arunachal bengal dadra daman diu haveli himachal jammu kashmir madhya nadu,22,,"Scheduled Caste Population Attending Educational Institutions by Age, Sex and Type of Educational Institution (Each Caste Separately), 2001 - Jammu & Kashmir | Scheduled Caste Population Attending Educational Institutions by Age, Sex and Type of Educational Institution (Each Caste Separately), 2001 - Himachal Pradesh"
625,32,"unexplained,geo_unnamed",,17,andhra arunachal bengal dadra daman diu haveli himachal jammu kashmir madhya nadu,22,,"Scheduled Caste Population Age 5-19 Attending School/ College by Economic Activity Status and Sex (Each Caste Separately), 2001 - Jammu & Kashmir | Scheduled Caste Population Age 5-19 Attending School/ College by Economic Activity Status and Sex (Each Caste Separately), 2001 - Himachal Pradesh"
593,32,"unexplained,geo_unnamed",,17,andhra arunachal bengal dadra daman diu haveli himachal jammu kashmir madhya nadu,22,,"Number of Women and Ever Married Women by Present Age, Parity and Total Children Ever Born by Sex for Selected Scheduled Castes, 2001 - Jammu & Kashmir | Number of Women and Ever Married Women by Present Age, Parity and Total Children Ever Born by Sex for Selected Scheduled Castes, 2001 - Himachal Pradesh"
588,32,"unexplained,geo_unnamed",,17,andhra arunachal bengal dadra daman diu haveli himachal jammu kashmir madhya nadu,22,,"Number of Women and Ever Married Women by Present Age, Number of Surviving Children and Total Surviving Children by Sex for Selected Scheduled Castes, 2001 - Jammu & Kashmir | Number of Women and Ever Married Women by Present Age, Number of Surviving Children and Total Surviving Children by Sex for Selected Scheduled Castes, 2001 - Himachal Pradesh"
580,32,"unexplained,geo_unnamed",,17,andhra arunachal bengal dadra daman diu haveli himachal jammu kashmir madhya nadu,22,,"Number of Women and Currently Married Women by Present Age, Number of Births Last Year by Sex and Birth Order for Selected Scheduled Castes, 2001 - Jammu & Kashmir | Number of Women and Currently Married Women by Present Age, Number of Births Last Year by Sex and Birth Order for Selected Scheduled Castes, 2001 - Himachal Pradesh"
647,32,"unexplained,geo_unnamed",,17,andhra arunachal bengal dadra daman diu haveli himachal jammu kashmir madhya nadu,22,,"Population by Religious Community for Scheduled Caste (Each Caste Separately), 2001 - Jammu & Kashmir | Population by Religious Community for Scheduled Caste (Each Caste Separately), 2001 - Himachal Pradesh"
535,32,"unexplained,geo_unnamed",,17,andhra arunachal bengal dadra daman diu haveli himachal jammu kashmir madhya nadu,22,,"Scheduled Caste Marginal Workers and Non-Workers Seeking/ Available for Work Classified by Educational Level, Age and Sex (Each Caste Separately), 2001 - Jammu & Kashmir | Scheduled Caste Marginal Workers and Non-Workers Seeking/ Available for Work Classified by Educational Level, Age and Sex (Each Caste Separately), 2001 - Himachal Pradesh"
461,32,"unexplained,geo_unnamed",,17,andhra bengal dadra daman diu haveli himachal jammu kashmir madhya nadu nagar,23,,"Main Workers Classified by Age, Industrial Category and Sex for Scheduled Caste, 2011 - India | Main Workers Classified by Age, Industrial Category and Sex for Scheduled Caste, 2011 - Jammu and Kashmir"
509,32,"unexplained,geo_unnamed",,17,andhra bengal dadra daman diu haveli himachal jammu kashmir madhya nadu nagar,23,,"Marginal Workers Classified by Age, Industrial Category and Sex for Scheduled Caste, 2011 - India | Marginal Workers Classified by Age, Industrial Category and Sex for Scheduled Caste, 2011 - Jammu and Kashmir"
436,32,"unexplained,geo_unnamed",,17,andhra bengal dadra daman diu haveli himachal jammu kashmir madhya nadu nagar,23,,"Industrial Classification of Main Workers and Marginal Workers other than Cultivators and Agricultural Labourers by Sex and by Section, Division and Class for Scheduled Caste, 2011 - India | Industrial Classification of Main Workers and Marginal Workers other than Cultivators and Agricultural Labourers by Sex and by Section, Division and Class for Scheduled Caste, 2011 - Jammu and Kashmir"
529,32,"unexplained,geo_unnamed",,17,andhra bengal dadra daman diu haveli himachal jammu kashmir madhya nadu nagar,23,,"Marginal Workers Classified by Industrial Category, Educational Level and Sex for Scheduled Castes, 2011 - India | Marginal Workers Classified by Industrial Category, Educational Level and Sex for Scheduled Castes, 2011 - Jammu & Kashmir"
522,32,"unexplained,geo_unnamed",,17,andhra bengal dadra daman diu haveli himachal jammu kashmir madhya nadu nagar,23,,"Marginal Workers Classified by Industrial Category, Age and Sex for Scheduled Castes, 2011 - India | Marginal Workers Classified by Industrial Category, Age and Sex for Scheduled Castes, 2011 - Jammu & Kashmir"
474,32,"unexplained,geo_unnamed",,17,andhra bengal dadra daman diu haveli himachal jammu kashmir madhya nadu nagar,23,,"Main Workers Classified by Industrial Category, Educational Level and Sex for Scheduled Castes, 2011 - India | Main Workers Classified by Industrial Category, Educational Level and Sex for Scheduled Castes, 2011 - Jammu & Kashmir"
611,32,"unexplained,geo_unnamed",,17,andhra bengal dadra daman diu haveli himachal jammu kashmir madhya nadu nagar,23,,"Occupational Classification of Main Workers Other than Cultivators and Agricultural Labourers by Sex for Scheduled Castes, 2011 - India | Occupational Classification of Main Workers Other than Cultivators and Agricultural Labourers by Sex for Scheduled Castes, 2011 - Jammu & Kashmir"
615,32,"unexplained,geo_unnamed",,17,andhra bengal dadra daman diu haveli himachal jammu kashmir madhya nadu nagar,23,,"Occupational Classification of Marginal Workers Other than Cultivators and Agricultural Labourers by Sex for Scheduled Castes, 2011 - India | Occupational Classification of Marginal Workers Other than Cultivators and Agricultural Labourers by Sex for Scheduled Castes, 2011 - Jammu & Kashmir"
466,32,"unexplained,geo_unnamed",,17,andhra bengal dadra daman diu haveli himachal jammu kashmir madhya nadu nagar,23,,"Main Workers Classified by Industrial Category, Age and Sex for Scheduled Castes, 2011 - India | Main Workers Classified by Industrial Category, Age and Sex for Scheduled Castes, 2011 - Jammu & Kashmir"
292,132,"unexplained,geo_unnamed",,16,andhra bengal dadra daman diu haveli himachal jammu kashmir madhya nadu nagar,20,,Location wise daily Ambient Air Quality of Andhra Pradesh for the year 2004 | Location wise daily Ambient Air Quality of Andhra Pradesh for the year 2010
295,137,"unexplained,geo_unnamed",,16,andhra bengal dadra daman diu haveli himachal jammu kashmir madhya nadu nagar,22,,Location wise daily Ambient Air Quality of Andhra Pradesh for the year 2005 | Location wise daily Ambient Air Quality of Andhra Pradesh for the year 2006
660,32,"unexplained,geo_unnamed",,16,andaman andhra arunachal bengal daman diu islands jammu kashmir madhya nadu nicobar,23,,Primary Census Abstract 2011 - India | Primary Census Abstract 2011 - Punjab
814,98,"unexplained,geo_unnamed",,15,andhra arunachal bengal dadra daman diu haveli himachal jammu kashmir madhya nagar,26,,Evapotranspiration of Bihar - 2018 | Evapotranspiration Assam-2018
818,64,"unexplained,geo_unnamed",,15,andhra arunachal bengal dadra daman diu haveli himachal jammu kashmir madhya nagar,25,,Soil Moisture Andhra Pradesh-2018 | Soil Moisture Arunachal Pradesh-2018
822,31,"unexplained,geo_unnamed",,15,andaman andhra arunachal bengal himachal islands jammu kashmir madhya nadu nicobar pradesh,22,,State-wise Data of First Census of Water Bodies - Haryana | State-wise Data of First Census of Water Bodies - Chandigarh
64,29,"unexplained,geo_unnamed",,15,andaman andhra arunachal bengal himachal islands jammu kashmir madhya nadu nicobar pradesh,20,,6th Minor Irrigation Census - Shallow Tube Well - ANDAMAN AND NICOBAR ISLANDS | 6th Minor Irrigation Census - Shallow Tube Well - ANDHRA PRADESH
17,32,"unexplained,geo_unnamed",,15,andhra arunachal dadra daman diu haveli himachal jammu kashmir madhya nadu nagar,23,,"Details of cattle by age, sex and use in rural and urban combined for Andhra Pradesh - 2012 | Details of cattle by age, sex and use in rural and urban combined for Arunachal Pradesh - 2012"
14,32,"unexplained,geo_unnamed",,15,andhra arunachal dadra daman diu haveli himachal jammu kashmir madhya nadu nagar,23,,"Details of buffaloes by age,sex and use in rural and urban combined for male and female for Andhra Pradesh - 2012 | Details of buffaloes by age,sex and use in rural and urban combined for male and female for Arunachal Pradesh - 2012"
26,32,"unexplained,geo_unnamed",,15,andhra arunachal dadra daman diu haveli himachal jammu kashmir madhya nadu nagar,23,,Details of mithun by age and sex in urban and rural combined for Andhra Pradesh - 2012 | Details of mithun by age and sex in urban and rural combined for Arunachal Pradesh - 2012
37,32,"unexplained,geo_unnamed",,15,andhra arunachal dadra daman diu haveli himachal jammu kashmir madhya nadu nagar,23,,Details of yaks by age and sex rural and urban combined for Andhra Pradesh - 2012 | Details of yaks by age and sex rural and urban combined for Arunachal Pradesh - 2012
20,32,"unexplained,geo_unnamed",,15,andhra arunachal dadra daman diu haveli himachal jammu kashmir madhya nadu nagar,23,,"Details of goats by age, sex and use in rural and urban combined for Andhra Pradesh - 2012 | Details of goats by age, sex and use in rural and urban combined for Arunachal Pradesh - 2012"
22,32,"unexplained,geo_unnamed",,15,andhra arunachal dadra daman diu haveli himachal jammu kashmir madhya nadu nagar,23,,"Details of horses & ponies by age, sex and use in rural and urban combined for Andhra Pradesh - 2012 | Details of horses & ponies by age, sex and use in rural and urban combined for Arunachal Pradesh - 2012"
27,32,"unexplained,geo_unnamed",,15,andhra arunachal dadra daman diu haveli himachal jammu kashmir madhya nadu nagar,23,,Details of mules and donkeys by age and sex in rural and urban combined areas for Andhra Pradesh - 2012 | Details of mules and donkeys by age and sex in rural and urban combined areas for Arunachal Pradesh - 2012
15,32,"unexplained,geo_unnamed",,15,andhra arunachal dadra daman diu haveli himachal jammu kashmir madhya nadu nagar,23,,Details of camels by age and sex in rural and urban combined for Andhra Pradesh - 2012 | Details of camels by age and sex in rural and urban combined for Arunachal Pradesh - 2012
9,33,"unexplained,geo_unnamed",,15,andhra arunachal dadra daman diu haveli himachal jammu kashmir madhya nadu nagar,24,,"Details of backyard poultry in rural and urban combined for fowls, ducks and turkey for Andhra Pradesh - 2012 | Details of backyard poultry in rural and urban combined for fowls, ducks and turkey for Arunachal Pradesh - 2012"
7,32,"unexplained,geo_unnamed",,15,andhra arunachal dadra daman diu haveli himachal jammu kashmir madhya nadu nagar,23,,Details poultry birds in farms / hatcheries in rural and urban combined for Andhra Pradesh - 2012 | Details poultry birds in farms / hatcheries in rural and urban combined for Arunachal Pradesh - 2012
39,33,"unexplained,geo_unnamed",,15,andhra arunachal dadra daman diu haveli himachal jammu kashmir madhya nadu nagar,24,,Number of equipments used in livestock sector rural and urban combined for Andhra Pradesh - 2012 | Number of equipments used in livestock sector rural and urban combined for Arunachal Pradesh - 2012
42,33,"unexplained,geo_unnamed",,15,andhra arunachal dadra daman diu haveli himachal jammu kashmir madhya nadu nagar,24,,Number of households and households enterprises owning animals/poultry birds in rural and urban combined for Andhra Pradesh - 2012 | Number of households and households enterprises owning animals/poultry birds in rural and urban combined for Arunachal Pradesh - 2012
44,33,"unexplained,geo_unnamed",,15,andhra arunachal dadra daman diu haveli himachal jammu kashmir madhya nadu nagar,24,,Number of non households enterprises and institutions owning animals/poultry birds in rural and urban combined for Andhra Pradesh - 2012 | Number of non households enterprises and institutions owning animals/poultry birds in rural and urban combined for Arunachal Pradesh - 2012
327,29,"unexplained,geo_unnamed",,15,andhra bengal dadra daman diu haveli himachal madhya nadu nagar nct pradesh,21,,"Disabled Population by type of Disability, Age and Sex for Scheduled Castes, 2011 - HIMACHAL PRADESH | Disabled Population by type of Disability, Age and Sex for Scheduled Castes, 2011 - PUNJAB"
357,28,"unexplained,geo_unnamed",,15,andhra arunachal bengal dadra daman diu haveli himachal madhya nadu nagar pradesh,19,,"Distribution of Scheduled Caste Population by Sex, 1991 - Andhra Pradesh | Distribution of Scheduled Caste Population by Sex, 1991 - Arunachal Pradesh"
468,28,"unexplained,geo_unnamed",,15,andhra arunachal bengal dadra daman diu haveli himachal madhya nadu nagar pradesh,19,,"Main Workers Classified by Industrial Category, Age and Sex for Scheduled Castes, 1991 - Andhra Pradesh | Main Workers Classified by Industrial Category, Age and Sex for Scheduled Castes, 1991 - Arunachal Pradesh"
476,28,"unexplained,geo_unnamed",,15,andhra arunachal bengal dadra daman diu haveli himachal madhya nadu nagar pradesh,19,,"Main Workers Classified by Industrial Category, Educational Level and Sex for Scheduled Castes, 1991 - Andhra Pradesh | Main Workers Classified by Industrial Category, Educational Level and Sex for Scheduled Castes, 1991 - Arunachal Pradesh"
524,28,"unexplained,geo_unnamed",,15,andhra arunachal bengal dadra daman diu haveli himachal madhya nadu nagar pradesh,19,,"Marginal Workers Classified by Industrial Category, Age and Sex for Scheduled Castes, 1991 - Andhra Pradesh | Marginal Workers Classified by Industrial Category, Age and Sex for Scheduled Castes, 1991 - Arunachal Pradesh"
531,28,"unexplained,geo_unnamed",,15,andhra arunachal bengal dadra daman diu haveli himachal madhya nadu nagar pradesh,19,,"Marginal Workers Classified by Industrial Category, Educational Level and Sex for Scheduled Castes, 1991 - Andhra Pradesh | Marginal Workers Classified by Industrial Category, Educational Level and Sex for Scheduled Castes, 1991 - Arunachal Pradesh"
565,28,"unexplained,geo_unnamed",,15,andhra arunachal bengal dadra daman diu haveli himachal madhya nadu nagar pradesh,19,,"Non-Workers Seeking/Available for Work and those Among them Who Never Worked Before Classified by Age, Sex and Educational Level for Scheduled Castes, 1991 - Andhra Pradesh | Non-Workers Seeking/Available for Work and those Among them Who Never Worked Before Classified by Age, Sex and Educational Level for Scheduled Castes, 1991 - Arunachal Pradesh"
310,28,"unexplained,geo_unnamed",,15,andhra arunachal bengal dadra daman diu haveli himachal madhya nadu nagar pradesh,19,,"Age, Sex and Marital Status for Scheduled Castes, 1991 - Andhra Pradesh | Age, Sex and Marital Status for Scheduled Castes, 1991 - Arunachal Pradesh"
308,28,"unexplained,geo_unnamed",,15,andhra arunachal bengal dadra daman diu haveli himachal madhya nadu nagar pradesh,19,,"Age, Sex and Level of Education for Scheduled Castes, 1991 - Andhra Pradesh | Age, Sex and Level of Education for Scheduled Castes, 1991 - Arunachal Pradesh"
622,28,"unexplained,geo_unnamed",,15,andhra arunachal bengal dadra daman diu haveli himachal madhya nadu nagar pradesh,19,,"Scheduled Caste Population (Ages 5-19) by Single Year of Age, School Attendance and Economic Activity, 1991 - Andhra Pradesh | Scheduled Caste Population (Ages 5-19) by Single Year of Age, School Attendance and Economic Activity, 1991 - Arunachal Pradesh"
372,28,"unexplained,geo_unnamed",,15,andhra arunachal bengal dadra daman diu haveli himachal madhya nadu nagar pradesh,19,,"Ever Married Women by Age at Marriage, Currently Married Women by Age at Marriage and duration of Marriage Among Scheduled Castes, 1991 - Andhra Pradesh | Ever Married Women by Age at Marriage, Currently Married Women by Age at Marriage and duration of Marriage Among Scheduled Castes, 1991 - Arunachal Pradesh"
319,28,"unexplained,geo_unnamed",,15,andhra arunachal bengal dadra daman diu haveli himachal madhya nadu nagar pradesh,19,,"Currently Married Women belonging to Scheduled Castes by Present Age and Births during Last Year by Birth Order, 1991 - Andhra Pradesh | Currently Married Women belonging to Scheduled Castes by Present Age and Births during Last Year by Birth Order, 1991 - Arunachal Pradesh"
386,28,"unexplained,geo_unnamed",,15,andhra arunachal bengal dadra daman diu haveli himachal madhya nadu nagar pradesh,19,,"Ever Married and Currently Married Women belonging to Scheduled Castes by Present Age, Surviving Children and Total Surviving Children by Sex, 1991 - Andhra Pradesh | Ever Married and Currently Married Women belonging to Scheduled Castes by Present Age, Surviving Children and Total Surviving Children by Sex, 1991 - Arunachal Pradesh"
65,27,"unexplained,geo_unnamed",,14,andaman arunachal bengal himachal islands jammu kashmir madhya nadu nicobar pradesh tamil,19,,6th Minor Irrigation Census - Dugwell - ANDAMAN AND NICOBAR ISLANDS | 6th Minor Irrigation Census - Dugwell - ARUNACHAL PRADESH
294,295,"unexplained,geo_unnamed",,14,andhra bengal dadra daman diu haveli himachal madhya nadu nagar pradesh tamil,16,,Location wise monthly Ambient Air Quality of Andhra Pradesh for the year 1990 | Location wise monthly Ambient Air Quality of Andhra Pradesh for the year 1991
35,30,"unexplained,geo_unnamed",,14,arunachal dadra daman diu haveli himachal jammu kashmir madhya nadu nagar pradesh,22,,Details of sheep by age and sex in rural and urban combined for exotic crossbred and indigenous for Arunachal Pradesh - 2012 | Details of sheep by age and sex in rural and urban combined for exotic crossbred and indigenous for Assam - 2012
31,30,"unexplained,geo_unnamed",,14,arunachal dadra daman diu haveli himachal jammu kashmir madhya nadu nagar pradesh,22,,Details of pigs by age and sex in rural and urban combined for exotic crossbred and indigenous for Arunachal Pradesh - 2012 | Details of pigs by age and sex in rural and urban combined for exotic crossbred and indigenous for Assam - 2012
390,15,"unexplained,geo_unnamed",,14,andaman bengal dadra daman diu haveli islands nadu nagar nicobar pradesh tamil,9,,"Ever Married and Currently Married Women belonging to Scheduled Tribes by Present Age, Number of Surviving Children and Total Number of Surviving Children by Sex, 1991 - Manipur | Ever Married and Currently Married Women belonging to Scheduled Tribes by Present Age, Number of Surviving Children and Total Number of Surviving Children by Sex, 1991 - Meghalaya"
382,26,"unexplained,geo_unnamed",,14,andhra arunachal bengal dadra daman diu haveli himachal madhya nadu nagar pradesh,18,,"Ever Married and Currently Married Women belonging to Scheduled Castes by Present Age, Parity and Total Children Ever Born by Sex, 1991 - Andhra Pradesh | Ever Married and Currently Married Women belonging to Scheduled Castes by Present Age, Parity and Total Children Ever Born by Sex, 1991 - Arunachal Pradesh"
63,27,"unexplained,geo_unnamed",,12,andhra arunachal bengal himachal jammu kashmir madhya nadu pradesh tamil uttar west,19,,6th Minor Irrigation Census - Medium Tube Well - ANDHRA PRADESH | 6th Minor Irrigation Census - Medium Tube Well - ARUNACHAL PRADESH
62,28,"unexplained,geo_unnamed",,12,andhra arunachal bengal himachal jammu kashmir madhya nadu pradesh tamil uttar west,20,,6th Minor Irrigation Census - Deep Tube Well - ANDHRA PRADESH | 6th Minor Irrigation Census - Deep Tube Well - ARUNACHAL PRADESH
947,19,"unexplained,geo_unnamed",,12,andaman arunachal dadra haveli himachal islands jammu kashmir nagar nicobar pradesh uttar,13,,Number of Registered Motor Vehicles (Transport & Non-Transport) Arunachal Pradesh from 1996-97 to 1997-1998 | Number of Registered Motor Vehicles (Transport & Non-Transport) Assam from 1996-97 to 1997-1998
428,29,"unexplained,geo_unnamed",,12,andhra bengal himachal jammu kashmir madhya nadu nct pradesh tamil uttar west,22,,"Households by marital status, sex and age of the head of household, 2011 - City of JAMMU & KASHMIR | Households by marital status, sex and age of the head of household, 2011 - City of HIMACHAL PRADESH"
523,10,"unexplained,geo_unnamed",,12,andaman andhra dadra daman diu haveli islands nadu nagar nicobar pradesh tamil,5,,"Marginal Workers Classified by Industrial Category, Age and Sex for Scheduled Tribes, 2011 - Daman & Diu | Marginal Workers Classified by Industrial Category, Age and Sex for Scheduled Tribes, 2011 - Dadra & Nagar Haveli"
442,27,"unexplained,geo_unnamed",,11,andhra bengal himachal jammu kashmir madhya nadu pradesh tamil uttar west,20,,"City-wise Industrial Classification of Main and Marginal Workers in Manufacturing, Processing, Servicing and Repairs in Household Industry by Sex and Class of Worker, 2001 - Jammu & Kashmir | City-wise Industrial Classification of Main and Marginal Workers in Manufacturing, Processing, Servicing and Repairs in Household Industry by Sex and Class of Worker, 2001 - Himachal Pradesh"
443,27,"unexplained,geo_unnamed",,11,andhra bengal himachal jammu kashmir madhya nadu pradesh tamil uttar west,20,,"City-wise Industrial Classification of Main and Marginal Workers in Manufacturing, Processing, Servicing and Repairs in Household Industry by Sex and Class of Worker for Scheduled Castes, 2001 - Jammu & Kashmir | City-wise Industrial Classification of Main and Marginal Workers in Manufacturing, Processing, Servicing and Repairs in Household Industry by Sex and Class of Worker for Scheduled Castes, 2001 - Himachal Pradesh"
444,22,"unexplained,geo_unnamed",,11,andhra bengal himachal jammu kashmir madhya nadu pradesh tamil uttar west,15,,"City-wise Industrial Classification of Main and Marginal Workers in Manufacturing, Processing, Servicing and Repairs in Household Industry by Sex and Class of Worker for Scheduled Tribes, 2001 - Jammu & Kashmir | City-wise Industrial Classification of Main and Marginal Workers in Manufacturing, Processing, Servicing and Repairs in Household Industry by Sex and Class of Worker for Scheduled Tribes, 2001 - Himachal Pradesh"
450,27,"unexplained,geo_unnamed",,11,andhra bengal himachal jammu kashmir madhya nadu pradesh tamil uttar west,20,,"City-wise Industrial Classification of Main and Marginal Workers in Non-Household Industry, Trade, Business, Profession or Service by Class of Worker and Sex, 2001 - Jammu & Kashmir | City-wise Industrial Classification of Main and Marginal Workers in Non-Household Industry, Trade, Business, Profession or Service by Class of Worker and Sex, 2001 - Himachal Pradesh"
451,27,"unexplained,geo_unnamed",,11,andhra bengal himachal jammu kashmir madhya nadu pradesh tamil uttar west,20,,"City-wise Industrial Classification of Main and Marginal Workers in Non-Household Industry, Trade, Business, Profession or Service by Class of Worker and Sex for Scheduled Castes, 2001 - Jammu & Kashmir | City-wise Industrial Classification of Main and Marginal Workers in Non-Household Industry, Trade, Business, Profession or Service by Class of Worker and Sex for Scheduled Castes, 2001 - Himachal Pradesh"
452,22,"unexplained,geo_unnamed",,11,andhra bengal himachal jammu kashmir madhya nadu pradesh tamil uttar west,15,,"City-wise Industrial Classification of Main and Marginal Workers in Non-Household Industry, Trade, Business, Profession or Service by Class of Worker and Sex for Scheduled Tribes, 2001 - Jammu & Kashmir | City-wise Industrial Classification of Main and Marginal Workers in Non-Household Industry, Trade, Business, Profession or Service by Class of Worker and Sex for Scheduled Tribes, 2001 - Himachal Pradesh"
498,27,"unexplained,geo_unnamed",,11,andhra bengal himachal jammu kashmir madhya nadu pradesh tamil uttar west,20,,"City-wise Main Workers, Marginal Workers, Non-workers and those Marginal Workers, Non-workers Seeking/ Available for Work Classified by Age and Sex, 2001 - Jammu & Kashmir | City-wise Main Workers, Marginal Workers, Non-workers and those Marginal Workers, Non-workers Seeking/ Available for Work Classified by Age and Sex, 2001 - Himachal Pradesh"
502,28,"unexplained,geo_unnamed",,11,andhra bengal himachal jammu kashmir madhya nadu pradesh tamil uttar west,21,,"City-wise Main Workers, Marginal Workers, Non-Workers and those Marginal Workers, Non-workers Seeking/ Available for Work Classified by Educational Level and Sex, 2001 - India | City-wise Main Workers, Marginal Workers, Non-Workers and those Marginal Workers, Non-workers Seeking/ Available for Work Classified by Educational Level and Sex, 2001 - Jammu & Kashmir"
456,27,"unexplained,geo_unnamed",,11,andhra bengal himachal jammu kashmir madhya nadu pradesh tamil uttar west,20,,"City-wise Main Workers Classified by Age, Industrial Category and Sex, 2001 - Jammu & Kashmir | City-wise Main Workers Classified by Age, Industrial Category and Sex, 2001 - Himachal Pradesh"
511,27,"unexplained,geo_unnamed",,11,andhra bengal himachal jammu kashmir madhya nadu pradesh tamil uttar west,20,,"City-wise Marginal Workers Classified by Age, Industrial category and Sex, 2001 - Jammu & Kashmir | City-wise Marginal Workers Classified by Age, Industrial category and Sex, 2001 - Himachal Pradesh"
479,27,"unexplained,geo_unnamed",,11,andhra bengal himachal jammu kashmir madhya nadu pradesh tamil uttar west,20,,"City-wise Main Workers Classified by Industrial Category, Educational Level and Sex, 2001 - Jammu & Kashmir | City-wise Main Workers Classified by Industrial Category, Educational Level and Sex, 2001 - Himachal Pradesh"
486,28,"unexplained,geo_unnamed",,11,andhra bengal himachal jammu kashmir madhya nadu pradesh tamil uttar west,21,,"City-wise Main Workers by Educational Level, Age and Sex, 2001 - India | City-wise Main Workers by Educational Level, Age and Sex, 2001 - Jammu & Kashmir"
551,27,"unexplained,geo_unnamed",,11,andhra bengal himachal jammu kashmir madhya nadu pradesh tamil uttar west,20,,"City-wise Marital Status by Age and Sex, 2001 - Jammu & Kashmir | City-wise Marital Status by Age and Sex, 2001 - Himachal Pradesh"
630,27,"unexplained,geo_unnamed",,11,andhra bengal himachal jammu kashmir madhya nadu pradesh tamil uttar west,20,,"City-wise Population Attending Educational Institution by Age, Sex and Type of Educational Institution, 2001 - Jammu & Kashmir | City-wise Population Attending Educational Institution by Age, Sex and Type of Educational Institution, 2001 - Himachal Pradesh"
632,28,"unexplained,geo_unnamed",,11,andhra bengal himachal jammu kashmir madhya nadu pradesh tamil uttar west,21,,"City-wise Population Attending Educational Institution by Completed Education Level, Age and Sex, 2001 - India | City-wise Population Attending Educational Institution by Completed Education Level, Age and Sex, 2001 - Jammu & Kashmir"
666,28,"unexplained,geo_unnamed",,11,andhra bengal himachal jammu kashmir madhya nadu pradesh tamil uttar west,21,,"City-wise Religious Community by Age-Group and Sex, 2001 - India | City-wise Religious Community by Age-Group and Sex, 2001 - Jammu & Kashmir"
606,27,"unexplained,geo_unnamed",,11,andhra bengal himachal jammu kashmir madhya nadu pradesh tamil uttar west,20,,"City-wise Occupational Classification of Main Workers in Non-Households Industry, Trade, Business, Profession or Service by Class of Worker and Sex, 2001 - Jammu & Kashmir | City-wise Occupational Classification of Main Workers in Non-Households Industry, Trade, Business, Profession or Service by Class of Worker and Sex, 2001 - Himachal Pradesh"
644,29,"unexplained,geo_unnamed",,11,andhra bengal himachal jammu kashmir madhya nadu pradesh tamil uttar west,22,,"Population by Religious Communities of Urban Agglomerations/ Cities with 100000 & Above Population, 2001 - India | Population by Religious Communities of Urban Agglomerations/ Cities with 100000 & Above Population, 2001 - Jammu & Kashmir"
300,19,"unexplained,geo_unnamed",,9,andhra bengal himachal jammu kashmir madhya pradesh uttar west,15,,Ground water quality in Andhra Pradesh - 2013 | Ground water quality in Assam - 2013
58,14,"unexplained,geo_unnamed",,9,andhra arunachal bengal madhya nadu pradesh tamil uttar west,8,,Number of stray cattle and dogs for Andhra Pradesh - 2012 | Number of stray cattle and dogs for Arunachal Pradesh - 2012
57,18,"unexplained,geo_unnamed",,9,dadra daman diu haveli himachal jammu kashmir nagar pradesh,14,,Number of stray cattle and dogs for Chandigarh - 2012 | Number of stray cattle and dogs for Dadra and Nagar Haveli - 2012
297,3,"unexplained,geo_unnamed",,8,bengal himachal jammu kashmir madhya pradesh uttar west,12,,"Water quality of Lake & Pond In Goa, Gujarat, Madhya Pradesh, Chhattisgarh & Rajasthan  - 2012 | Water quality of Lake & Pond In Chandigarh, Delhi, Haryana, Himachal Pradesh, Jammu & Kashmir, Punjab, Uttar Pradesh & Uttarakhand - 2012"
293,40,"unexplained,geo_unnamed",,8,bengal himachal madhya nadu pradesh tamil uttar west,13,,Location wise daily Ambient Air Quality of Bihar for the year 1987 | Location wise daily Ambient Air Quality of Bihar for the year 1988
301,3,"unexplained,geo_unnamed",,8,bengal himachal jammu kashmir madhya pradesh uttar west,12,,"Water quality of lake & pond in Chandigarh, Delhi, Haryana, Himachal Pradesh, Jammu & Kashmir, Punjab, Uttar Pradesh & Uttarakhand - 2014 | Water quality of lake & pond in Goa, Gujarat, Madhya Pradesh, Chhattisgarh & Rajasthan - 2014"
303,18,"unexplained,geo_unnamed",,7,andhra bengal himachal madhya pradesh uttar west,15,,Ground water quality in Andhra Pradesh - 2014 | Ground water quality in Assam - 2014
11,12,"unexplained,geo_unnamed",,7,andhra arunachal madhya nadu pradesh tamil uttar,7,,Details of bovines by sex for Andhra Pradesh - 2012 | Details of bovines by sex for Arunachal Pradesh - 2012
10,15,"unexplained,geo_unnamed",,7,dadra daman diu haveli himachal nagar pradesh,12,,Details of bovines by sex for Chandigarh - 2012 | Details of bovines by sex for Dadra and Nagar Haveli - 2012
953,4,"unexplained,geo_unnamed",,6,andaman dadra haveli islands nagar nicobar,2,,Number of Registered Motor Vehicles (Transport) &( Non-Transport) - UT: Andaman and Nicobar Islands from 1998-99 to 1999-2000 | Number of Registered Motor Vehicles (Transport) &( Non-Transport) - UT: Dadra and Nagar Haveli from 1998-99 to 1999-2000
958,13,"unexplained,geo_unnamed",,6,arunachal himachal jammu kashmir pradesh uttar,9,,Number of Registered Motor Vehicles (Transport & Non-Transport) Arunachal Pradesh from 2000-01 to 2001-02 | Number of Registered Motor Vehicles (Transport & Non-Transport) Gujarat from 2000-01 to 2001-02
519,15,"unexplained,geo_unnamed",,6,arunachal himachal jammu kashmir pradesh uttar,11,,"Marginal Workers Classified by Industrial Category, Age and Sex for Scheduled Tribes, 2011 - India | Marginal Workers Classified by Industrial Category, Age and Sex for Scheduled Tribes, 2011 - Jammu & Kashmir"
389,11,"unexplained,geo_unnamed",,5,andhra arunachal himachal madhya pradesh,7,,"Ever Married and Currently Married Women belonging to Scheduled Tribes by Present Age, Number of Surviving Children and Total Number of Surviving Children by Sex, 1991 - Andhra Pradesh | Ever Married and Currently Married Women belonging to Scheduled Tribes by Present Age, Number of Surviving Children and Total Number of Surviving Children by Sex, 1991 - Arunachal Pradesh"
60,8,"unexplained,geo_unnamed",,4,andhra nadu pradesh tamil,6,,6th Minor Irrigation Census - Surface Flow - ANDHRA PRADESH | 6th Minor Irrigation Census - Surface Flow - GUJARAT
946,2,unexplained,,4,daman diu madhya pradesh,0,,Number of Registered Motor Vehicles (Transport & Non-Transport) Madhya Pradesh from 1996-97 to 1997-1998 | Number of Registered Motor Vehicles (Transport & Non-Transport) Daman and Diu from 1996-97 to 1997-1998
944,3,unexplained,,4,bengal nadu tamil west,1,,Number of Registered Motor Vehicles (Transport & Non-Transport) Tamil Nadu from 1996-97 to 1997-1998 | Number of Registered Motor Vehicles (Transport & Non-Transport) West Bengal from 1996-97 to 1997-1998
952,16,"unexplained,geo_unnamed",,4,himachal madhya pradesh uttar,13,,Number of Registered Motor Vehicles (Transport) &( Non-Transport) - Assam from 1998-99 to 1999-2000 | Number of Registered Motor Vehicles (Transport) &( Non-Transport) - Bihar from 1998-99 to 1999-2000
520,6,"unexplained,geo_unnamed",,4,bengal madhya pradesh west,4,,"Marginal Workers Classified by Industrial Category, Age and Sex for Scheduled Tribes, 2011 - West Bengal | Marginal Workers Classified by Industrial Category, Age and Sex for Scheduled Tribes, 2011 - Jharkhand"
61,5,"unexplained,geo_unnamed",,3,madhya pradesh uttar,3,,6th Minor Irrigation Census - Surface Lift - KARNATAKA | 6th Minor Irrigation Census - Surface Lift - MADHYA PRADESH
298,6,"unexplained,geo_unnamed",,3,himachal madhya pradesh,10,,Water quality of Medium & Minor Rivers In Goa - 2012 | Water quality of Medium & Minor Rivers In Maharashtra - 2012
302,5,"unexplained,geo_unnamed",,3,himachal madhya pradesh,9,,"Water quality of medium & minor rivers in Goa - 2014 | Water quality of medium & minor rivers in Haryana, Himachal Pradesh, Punjab, Rajasthan & Madhya Pradesh - 2014"
299,5,"unexplained,geo_unnamed",,3,himachal madhya pradesh,9,,Water quality of medium & minor rivers in Goa - 2013 | Water quality of medium & minor rivers in Maharashtra - 2013
959,2,unexplained,,3,andaman islands nicobar,1,,Number of Registered Motor Vehicles (Transport & Non-Transport) UT: Andaman and Nicobar Islands from 2000-01 to 2001-02 | Number of Registered Motor Vehicles (Transport & Non-Transport) UT: Lakshadweep from 2000-01 to 2001-02
823,6,"unexplained,geo_unnamed",,2,nadu tamil,5,,State-wise Data of First Spring Census - Bihar | State-wise Data of First Spring Census - Karnataka
296,4,"unexplained,geo_unnamed",,2,himachal pradesh,11,,"Water quality of Medium and Minor rivers in Goa and Maharashtra - 2008 | Water quality of Medium and Minor rivers in Himachal Pradesh, Punjab, Haryana, Chandigarh and Rajasthan - 2008"
33,2,unexplained,,2,andhra pradesh,1,,Details of sheep by age and sex in rural and urban combined for exotic crossbred and indigenous for Andhra Pradesh - 2012 | Details of sheep by age and sex in rural and urban combined for exotic crossbred and indigenous for Karnataka - 2012
29,2,unexplained,,2,andhra pradesh,1,,Details of pigs by age and sex in rural and urban combined for exotic crossbred and indigenous for Andhra Pradesh - 2012 | Details of pigs by age and sex in rural and urban combined for exotic crossbred and indigenous for Karnataka - 2012
13,2,unexplained,,2,bengal west,1,,Details of bovines by sex for Uttarakhand - 2012 | Details of bovines by sex for West Bengal - 2012
25,2,unexplained,,2,bengal west,1,,Details of mithun by age and sex in urban and rural combined for Uttarakhand - 2012 | Details of mithun by age and sex in urban and rural combined for West Bengal - 2012
36,2,unexplained,,2,bengal west,1,,Details of yaks by age and sex rural and urban combined for Uttarakhand - 2012 | Details of yaks by age and sex rural and urban combined for West Bengal - 2012
34,2,unexplained,,2,bengal west,1,,Details of sheep by age and sex in rural and urban combined for exotic crossbred and indigenous for Uttarakhand - 2012 | Details of sheep by age and sex in rural and urban combined for exotic crossbred and indigenous for West Bengal - 2012
19,2,unexplained,,2,bengal west,1,,"Details of goats by age, sex and use in rural and urban combined for Uttarakhand - 2012 | Details of goats by age, sex and use in rural and urban combined for West Bengal - 2012"
30,2,unexplained,,2,bengal west,1,,Details of pigs by age and sex in rural and urban combined for exotic crossbred and indigenous for Uttarakhand - 2012 | Details of pigs by age and sex in rural and urban combined for exotic crossbred and indigenous for West Bengal - 2012
21,2,unexplained,,2,bengal west,1,,"Details of horses & ponies by age, sex and use in rural and urban combined for Uttarakhand - 2012 | Details of horses & ponies by age, sex and use in rural and urban combined for West Bengal - 2012"
28,2,unexplained,,2,bengal west,1,,Details of mules and donkeys by age and sex in rural and urban combined areas for Uttarakhand - 2012 | Details of mules and donkeys by age and sex in rural and urban combined areas for West Bengal - 2012
16,2,unexplained,,2,bengal west,1,,Details of camels by age and sex in rural and urban combined for Uttarakhand - 2012 | Details of camels by age and sex in rural and urban combined for West Bengal - 2012
945,5,"unexplained,geo_unnamed",,2,andhra pradesh,4,,Number of Registered Motor Vehicles (Transport & Non-Transport) Andhra Pradesh from 1996-97 to 1997-1998 | Number of Registered Motor Vehicles (Transport & Non-Transport) Karnataka from 1996-97 to 1997-1998
951,2,unexplained,,2,andhra arunachal,0,,Number of Registered Motor Vehicles (Transport) &( Non-Transport) - Andhra Pradesh from 1998-99 to 1999-2000 | Number of Registered Motor Vehicles (Transport) &( Non-Transport) - Arunachal Pradesh from 1998-99 to 1999-2000
950,3,"unexplained,geo_unnamed",,2,daman diu,2,,Number of Registered Motor Vehicles (Transport) &( Non-Transport) - UT: Chandigarh from 1998-99 to 1999-2000 | Number of Registered Motor Vehicles (Transport) &( Non-Transport) - UT: Daman & Diu from 1998-99 to 1999-2000
957,4,"unexplained,geo_unnamed",,2,andhra pradesh,3,,Number of Registered Motor Vehicles (Transport & Non-Transport) Andhra Pradesh from 2000-01 to 2001-02 | Number of Registered Motor Vehicles (Transport & Non-Transport) Chhattisgarh from 2000-01 to 2001-02
976,2,unexplained,,2,arunachal pradesh,1,,Category-wise Number of Newly Registered and Total Registered Motor Vehicles in Arunachal Pradesh during 2013-14 and 2014-15 | Category-wise Number of Newly Registered and Total Registered Motor Vehicles in Punjab during 2013-14 and 2014-15
380,2,unexplained,,2,pradesh uttar,1,,"Ever Married and Currently Married Women belonging to Scheduled Castes by Present Age, Parity and Total Children Ever Born by Sex, 1991 - Tripura | Ever Married and Currently Married Women belonging to Scheduled Castes by Present Age, Parity and Total Children Ever Born by Sex, 1991 - Uttar Pradesh"
304,2,unexplained,,1,31st,0,,"Coverage under Aam Aadmi Bima Yojana as on 30 September, 2013 | Coverage under Aam Aadmi Bima Yojana as on 31st December 2013"
984,15,unexplained,,1,31st,0,,State/UT wise Number of Valid Drivers Licences Issued as on 31st March 2012 | State/UT wise Number of Valid Drivers Licences Issued as on 31st March 2010
1094,2,unexplained,,1,30th,0,,Number of approved travel trade service provider in the country during 2019 | Number of approved travel trade service provider in the country during 2021-22 as on 30th june 2022
824,5,geo_unnamed,,0,,5,,Second Census of Water Bodies - Assam | Second Census of Water Bodies - Bihar
810,5,geo_unnamed,,0,,5,,7th Minor Irrigation Census - Village Schedule - Assam | 7th Minor Irrigation Census - Village Schedule - Bihar
812,4,geo_unnamed,,0,,4,,7th Minor Irrigation Census - Ground Water Schedule - Assam | 7th Minor Irrigation Census - Ground Water Schedule - Bihar
811,4,geo_unnamed,,0,,4,,7th Minor Irrigation Census - Surface Water Schedule - Assam | 7th Minor Irrigation Census - Surface Water Schedule - Bihar
12,2,geo_unnamed,,0,,2,,Details of bovines by sex for Nagaland - 2012 | Details of bovines by sex for Rajasthan - 2012
960,2,geo_unnamed,,0,,2,,Number of Registered Motor Vehicles (Transport& Non-Transport) Assam from 2000-01 to 2001-02 | Number of Registered Motor Vehicles (Transport& Non-Transport) Karnataka from 2000-01 to 2001-02
980,3,geo_unnamed,,0,,3,,Category-wise Number of Newly Registered and Total Registered Motor Vehicles in Punjab during 2015-16 | Category-wise Number of Newly Registered and Total Registered Motor Vehicles in Chandigarh during 2015-16
331,2,geo_unnamed,,0,,2,,"Disabled Population by type of Disability, Age and Sex for Scheduled Castes, 2011 - INDIA | Disabled Population by type of Disability, Age and Sex for Scheduled Castes, 2011 - MANIPUR"
332,2,geo_unnamed,,0,,2,,"Disabled Population by type of Disability, Age and Sex for Scheduled Tribes, 2011 - INDIA | Disabled Population by type of Disability, Age and Sex for Scheduled Tribes, 2011 - MANIPUR"
329,2,geo_unnamed,,0,,2,,"Disabled Population by type of Disability, Age and Sex for Scheduled Tribes, 2011 - TRIPURA | Disabled Population by type of Disability, Age and Sex for Scheduled Tribes, 2011 - KERALA"
