Collection,n_rows,flags,contrasting_or_subset,n_unexplained_tokens,unexplained_tokens,n_states,merge_add_columns,sample_titles
Households by Female Literates Among Female Members of the Household Age 7 Years and Above,143,"contrasting,unexplained",female/male,24,andaman andhra arunachal bengal dadra daman diu female haveli himachal islands jammu,28,"year,state","Households by number of literates among the members of household age 7 years and above, 2011 - INDIA | Households by number of literates among the members of household age 7 years and above, 2011 - JAMMU & KASHMIR"
Households Belonging to Scheduled Castes by Female Literates Among Female Members of the Household Age 7 Years and Above,192,"contrasting,unexplained",female/male,24,andaman andhra arunachal bengal castes dadra daman diu female haveli himachal islands,25,state,"Households Belonging to Scheduled Castes by Female Literates Among Female Members of the Household Age 7 Years and Above, 2001 - India | Households Belonging to Scheduled Castes by Female Literates Among Female Members of the Household Age 7 Years and Above, 2001 - Jammu & Kashmir"
State/UT-wise Percentage of Schools having Functional Girls Toilets by Management,6,"contrasting,unexplained",boys/girls,6,boys cwsn friendly girls ut uts,0,year,State/UT-wise Percentage of Schools having functional Girls Toilets by Management during 2021-22 | State/UTs-wise Percentage of Schools having Functional Toilets by Management during 2023-24
State/UT-wise Complaints Received by OBC Commission and their disposal,3,"contrasting,unexplained",sc/st,6,commission commissions obc other sc st,0,,State/UT-wise Complaints Received by SC/ST Commission and their disposal during 2019-2021 | State/UT-wise Complaints Received by OBC Commission and their disposal during 2019-2021
Class-wise Gross enrolment ratio (GER) (schema 1),3,"contrasting,unexplained",sc/st,5,area rural sc st students,0,year,Class-wise Gross enrolment ratio (GER) of SC students for 2007-08 | Class-wise Gross enrolment ratio (GER) of ST students for 2007-08
Primary schools according to type of management in Rural & Urban areas,6,"contrasting,unexplained",rural/urban,5,area areas rural upper urban,0,year,Primary schools according to type of management in Rural area as on 30th September 2009 | Primary schools according to type of management in Urban area as on 30th September 2009
Higher secondary schools according to type of management in Rural & Urban areas,6,"contrasting,unexplained",rural/urban,5,area areas higher rural urban,0,year,Secondary schools according to type of management in Rural area as on 30th September 2009 | Secondary schools according to type of management in Urban area as on 30th September 2009
Degree colleges having classes XI and XII according to type of management in Rural & Urban areas,3,"contrasting,unexplained",rural/urban,5,area areas rural uban urban,0,,Degree colleges having classes XI and XII according to type of management in Rural area as on 30th September 2009 | Degree colleges having classes XI and XII according to type of management in Uban area as on 30th September 2009
Primary schools in Rural & Urban areas according to type of building in which majority of classes are held (schema 1),4,"contrasting,unexplained",rural/urban,5,area areas rural upper urban,0,year,Primary schools in Rural & Urban areas according to type of building in which majority of classes are held as on 30th September 2009 | Upper primary schools in Rural area according to type of building in which majority of classes are held as on 30th September 2009
Higher secondary schools in Rural & Urban areas according to type of building in which majority of classes are held,6,"contrasting,unexplained",rural/urban,5,area areas higher rural urban,0,year,Secondary schools in Urban area according to type of building in which majority of classes are held as on 30th September 2009 | Secondary schools in Rural area according to type of building in which majority of classes are held as on 30th September 2009
Primary schools in Rural & Urban areas according to availability of facilities within school premises,6,"contrasting,unexplained",rural/urban,5,area areas rural upper urban,0,year,Primary schools in Rural area according to availability of facilities within school premises as on 30th September 2009 | Primary schools in Urban area according to availability of facilities within school premises as on 30th September 2009
Higher secondary schools in Rural & Urban areas according to availability of facilities within school premises,6,"contrasting,unexplained",rural/urban,5,area areas higher rural urban,0,year,Secondary schools in Rural area according to availability of facilities within school premises as on 30th September 2009 | Secondary schools in Urban area according to availability of facilities within school premises as on 30th September 2009
Teachers in position in primary schools in Rural & Urban areas,6,"contrasting,unexplained",rural/urban,5,area areas rural upper urban,0,year,Teachers in position in primary schools in Rural area as on 30th September 2009 | Teachers in position in primary schools in Urban area as on 30th September 2009
Teachers in position in higher secondary schools in Rural & Urban areas,6,"contrasting,unexplained",rural/urban,5,area areas higher rural urban,0,year,Teachers in position in secondary schools in Rural area as on 30th September 2009 | Teachers in position in secondary schools in Urban area as on 30th September 2009
Distribution (per 1000) of workers for rural and urban person (male + female) according to usual status (taking both principal and subsidiary status together) by broad employment status for each State/UT,4,"contrasting,unexplained",female/male,5,female male person persons urban,0,,Distribution (per 1000) of workers for rural and urban person (male + female) according to usual status (taking both principal and subsidiary status together) by broad employment status for each State/UT | Distribution (per 1000) of workers for rural female according to usual status (taking both principal and subsidiary status together) by broad employment status for each State/UT
Primary schools according to number of teachers in position in rural and urban areas,3,"contrasting,unexplained",rural/urban,4,area areas rural urban,0,,Primary schools according to number of teachers in position in rural area as on 30th September 2009 | Primary schools according to number of teachers in position in urban area as on 30th September 2009
Schools belonging to different categories in Rural & Urban areas,3,"contrasting,unexplained",rural/urban,4,area areas rural urban,0,,Schools belonging to different categories in Rural area as on 30th September 2009 | Schools belonging to different categories in Urban area as on 30th September 2009
Class-wise enrolment in classes I to V in Rural & Urban areas (schema 1),3,"contrasting,unexplained",rural/urban,4,area areas rural urban,0,,Class-wise enrolment in classes I to V in Rural area as on 30th September 2009 | Class-wise enrolment in classes I to V in Urban area as on 30th September 2009
Class-wise enrolment in classes I to V in Rural & Urban areas (schema 2),3,"contrasting,unexplained",rural/urban,4,area areas rural urban,0,,Class-wise enrolment in classes VI to VIII in Rural area as on 30th September 2009 | Class-wise enrolment in classes VI to VIII in Urban area as on 30th September 2009
Class-wise enrolment in classes IX and X in Rural & Urban areas (schema 1),3,"contrasting,unexplained",rural/urban,4,area areas rural urban,0,,Class-wise enrolment in classes IX and X in Rural area as on 30th September 2009 | Class-wise enrolment in classes IX and X in Urban area as on 30th September 2009
State/UT wise total and surfaced length of Urban roads (schema 1),11,"contrasting,unexplained",rural/urban,4,31st project rural urban,1,year,"State/UT-wise Total & Surfaced Length of Project Roads as on 31 March, 2017 | State/UT-wise Total and Surfaced Length of Project Roads as on 31 March, 2016"
State/UT wise total and surfaced length of Urban roads (schema 2),4,"contrasting,unexplained",rural/urban,3,project rural urban,1,year,State/Ut-wise Total and Surfaced Length of Roads in India as on 31st March 2013 | State/Ut-wise Total and Surfaced Length of Rural Roads in India as on 31st March 2013
Distribution (per 1000) of workers for urban male according to usual status (taking both principal and subsidiary status together) by broad employment status for each State/UT,3,"contrasting,unexplained",female/male,3,female male person,0,,Distribution (per 1000) of workers for urban female according to usual status (taking both principal and subsidiary status together) by broad employment status for each State/UT | Distribution (per 1000) of workers for urban male according to usual status (taking both principal and subsidiary status together) by broad employment status for each State/UT
Enrolment in school education (schema 1),2,"contrasting,unexplained",sc/st,2,sc st,0,,Enrolment in school education of SC students for 2007-08 | Enrolment in school education of ST students for 2007-08
Class-wise Gender parity index (GPI) (schema 1),2,"contrasting,unexplained",sc/st,2,sc st,0,year,Class-wise Gender parity index (GPI) of SC students for 2007-08 | Class-wise Gender parity index (GPI) of ST students for 2007-08
Primary schools in Rural & Urban areas according to type of building in which majority of classes are held (schema 2),2,"contrasting,unexplained",rural/urban,2,rural urban,0,year,Primary schools in Rural area according to type of building in which majority of classes are held as on 30th September 2009 | Primary schools in Urban area according to type of building in which majority of classes are held as on 30th September 2009
State-wise estimated child population in Urban Area as on Sept,3,"contrasting,unexplained",rural/urban,2,rural urban,0,year,State-wise estimated child population in Rural Area as on Sept 2009 | State-wise estimated child population in Urban Area as on Sept 2009
State-wise unrecognised schools and teachers in them in Urban Area as on Sept (schema 1),2,"contrasting,unexplained",rural/urban,2,rural urban,0,,State-wise unrecognised schools and teachers in them - Rural Area as on Sept 2009 | State-wise unrecognised schools and teachers in them in Urban Area as on Sept 2009
State-wise enrolment (class wise) in unrecognised schools in Urban Area as on Sept,3,"contrasting,unexplained",rural/urban,2,rural urban,0,year,State-wise enrolment (class wise) in unrecognised schools in Rural Area as on Sept 2009 | State-wise enrolment (class wise) in unrecognised schools in Urban Area as on Sept 2009
Monthly Traffic and Operating Statistics of Air India Express on Scheduled Domestic Services (schema 1),37,unexplained,,26,air airways alliance asia blue carnival carriers costa dart deccan domestic express,1,,Monthly Traffic and operating Statistics of National Carriers on Non-scheduled Domestic Services during 2016-17 | Monthly Traffic and operating Statistics of Private Carriers on Non-scheduled Domestic Services during 2016-17
Female headed households classified by source and location of drinking water and availability of electricity and latrine,194,unexplained,,24,andaman andhra arunachal bengal caste classified dadra daman diu haveli himachal islands,24,state,"Households by Source and Location of Drinking Water and Availability of Electricity and Latrine, 2001 - Jammu & Kashmir | Households by Source and Location of Drinking Water and Availability of Electricity and Latrine, 2001 - Himachal Pradesh"
Married Couples and Married Couples having Independent Sleeping Room by Dwelling Rooms Available to the Households in which they Live and by Married Couples,97,unexplained,,24,andaman andhra arunachal bengal caste dadra daman diu haveli himachal islands jammu,24,state,"Married Couples and Married Couples having Independent Sleeping Room by Dwelling Rooms Available to the Households in which they Live and by Married Couples, 2001 - Jammu & Kashmir | Married Couples and Married Couples having Independent Sleeping Room by Dwelling Rooms Available to the Households in which they Live and by Married Couples, 2001 - Himachal Pradesh"
"Migrants By Place of Last Residence, Duration of Residence and Reason for Migration",100,unexplained,,24,age andaman andhra arunachal bengal city dadra daman diu haveli himachal islands,25,state,"Migrants By Place of Last Residence, Duration of Residence and Reason for Migration, 2001 - India | Migrants By Place of Last Residence, Duration of Residence and Reason for Migration, 2001 - Jammu & Kashmir"
Scheduled Caste Households by Source of Drinking Water and its Location,64,"unexplained,geo_unnamed",,23,andaman andhra arunachal bengal caste dadra daman diu haveli himachal islands jammu,24,year,"Scheduled Caste Households by main source of drinking water and its location, 2011 | Scheduled Tribe Households by main source of drinking water and its location, 2011"
Household with Numbers of Workers by Household Size,71,unexplained,,23,andaman andhra arunachal bengal dadra daman diu haveli himachal islands jammu kashmir,28,"year,state","Household with number of workers by household size, 2011 - INDIA | Household with number of workers by household size, 2011 - JAMMU & KASHMIR"
Households by Size and Female Members Seeking/Available for Work,142,unexplained,,23,andaman andhra arunachal bengal dadra daman diu female haveli himachal islands jammu,28,"year,state","Households by size and number of members seeking/available for work, 2011 - INDIA | Households by size and number of members seeking/available for work, 2011 - JAMMU & KASHMIR"
Households and 1000 Population by Availability of Electricity and Toilet Facilities and Ownership Status of House Occupied,97,unexplained,,23,andaman andhra arunachal bengal caste dadra daman diu haveli himachal islands jammu,24,state,"Households and 1000 Population by Availability of Electricity and Toilet Facilities and Ownership Status of House Occupied, 2001 - Jammu & Kashmir | Households and 1000 Population by Availability of Electricity and Toilet Facilities and Ownership Status of House Occupied, 2001 - Himachal Pradesh"
Households by Availability of Bathroom & Type of Latrine within the House and Type of Drainage Connectivity for Waste Water Outlet,97,unexplained,,23,andaman andhra arunachal bengal caste dadra daman diu haveli himachal islands jammu,24,state,"Households by Availability of Bathroom & Type of Latrine within the House and Type of Drainage Connectivity for Waste Water Outlet, 2001 - Jammu & Kashmir | Households by Availability of Bathroom & Type of Latrine within the House and Type of Drainage Connectivity for Waste Water Outlet, 2001 - Himachal Pradesh"
"Households by Married Couples in a Household and Dwelling Rooms, Total Married Couples and Married Couples having Independent Sleeping Rooms",97,unexplained,,23,andaman andhra arunachal bengal caste dadra daman diu haveli himachal islands jammu,24,state,"Households by Married Couples in a Household and Dwelling Rooms, Total Married Couples and Married Couples having Independent Sleeping Rooms, 2001 - Jammu & Kashmir | Households by Married Couples in a Household and Dwelling Rooms, Total Married Couples and Married Couples having Independent Sleeping Rooms, 2001 - Himachal Pradesh"
"Households by Ownership Status of Census Houses, Size of the Household and Dwelling Rooms",97,unexplained,,23,andaman andhra arunachal bengal caste dadra daman diu haveli himachal islands jammu,24,state,"Households by Ownership Status of Census Houses, Size of the Household and Dwelling Rooms, 2001 - Jammu & Kashmir | Households by Ownership Status of Census Houses, Size of the Household and Dwelling Rooms, 2001 - Himachal Pradesh"
Households by Ownership Status of the Census Houses Occupied by them and Dwelling Rooms,97,unexplained,,23,andaman andhra arunachal bengal caste dadra daman diu haveli himachal islands jammu,24,state,"Households by Ownership Status of the Census Houses Occupied by them and Dwelling Rooms, 2001 - Jammu & Kashmir | Households by Ownership Status of the Census Houses Occupied by them and Dwelling Rooms, 2001 - Himachal Pradesh"
Households by Source of Drinking Water and its Location,36,"unexplained,geo_unnamed",,22,andaman andhra arunachal bengal dadra daman diu haveli himachal islands its jammu,24,year,"Households by main source of drinking water and location, 2011 | Households by Source of Drinking Water and its Location, 2001 - Jammu & Kashmir"
Education Level by Age and Sex for Population Age 7 and Above,63,unexplained,,22,andaman andhra arunachal bengal dadra daman diu haveli himachal islands jammu kashmir,25,state,"Education Level by Age and Sex for Population Age 7 and Above, 2001 - India | Education Level by Age and Sex for Population Age 7 and Above, 2001 - Jammu & Kashmir"
Education Level Graduate and Above by Sex for Population Age 15 and Above,64,unexplained,,22,andaman andhra arunachal bengal dadra daman diu haveli himachal islands jammu kashmir,25,state,"Education Level Graduate and Above by Sex for Population Age 15 and Above, 2001 - India | Education Level Graduate and Above by Sex for Population Age 15 and Above, 2001 - Jammu & Kashmir"
Scheduled Caste Households by Availability of Separate Kitchen and Type of Fuel Used for Cooking,62,unexplained,,22,andaman andhra arunachal bengal caste dadra daman diu haveli himachal islands jammu,24,state,"Scheduled Caste Households by Availability of Separate Kitchen and Type of Fuel Used for Cooking, 2001 - Jammu & Kashmir | Scheduled Caste Households by Availability of Separate Kitchen and Type of Fuel Used for Cooking, 2001 - Himachal Pradesh"
Households by Disabled Males and Household Size,72,unexplained,,22,andaman andhra arunachal bengal dadra daman diu haveli himachal islands jammu kashmir,25,state,"Households by Disabled Persons and Household Size, 2001 - India | Households by Disabled Persons and Household Size, 2001 - Jammu & Kashmir"
Households Belonging to Scheduled Castes having Children in the Age-Group 5-14 Years by Children Attending School,64,unexplained,,22,andaman andhra arunachal bengal castes dadra daman diu haveli himachal islands jammu,25,state,"Households Belonging to Scheduled Castes having Children in the Age-Group 5-14 Years by Children Attending School, 2001 - India | Households Belonging to Scheduled Castes having Children in the Age-Group 5-14 Years by Children Attending School, 2001 - Jammu & Kashmir"
Monthly Traffic and Operating Statistics of Air India Express on Scheduled Domestic Services (schema 3),30,unexplained,,21,air airways alliance asia blue carnival carriers costa dart domestic express go,1,,"Monthly Traffic and Operating Statistics of Air Asia on Scheduled Domestic Services upto August, 2017 | Monthly Traffic and Operating Statistics of Air Carnival on Scheduled Domestic Services upto April, 2017"
Households by Source of Lighting,36,"unexplained,geo_unnamed",,21,andaman andhra arunachal bengal dadra daman diu haveli himachal islands jammu kashmir,24,year,"Households by main source of lighting, 2011 | Households by Source of Lighting, 2001 - Jammu & Kashmir"
Scheduled Tribe Households by Source of Lighting,31,"unexplained,geo_unnamed",,21,andaman andhra arunachal bengal dadra daman diu haveli himachal islands jammu kashmir,19,year,"Scheduled Tribe Households by main source of lighting, 2011 | Scheduled Tribe Households by Source of Lighting, 2001 - Jammu & Kashmir"
Educational Level by Age and Sex,35,unexplained,,21,andaman andhra arunachal bengal dadra daman diu haveli himachal island jammu kashmir,24,state,"Educational level by age and sex for population age 7 and above, 2001 - JAMMU & KASHMIR | Educational level by age and sex for population age 7 and above, 2001 - HIMACHAL PRADESH"
Ever married and currently married population by age at marriage and duration of marriage for Scheduled Tribes,32,"unexplained,geo_unnamed",,21,andaman andhra arunachal bengal dadra daman diu haveli himachal island islands jammu,20,,"Ever married and currently married population by age at marriage and duration of marriage for Scheduled Tribes, 2011 - ANDAMAN & NICOBAR ISLAND | Ever Married and Currently Married Population by Age At Marriage and Duration Of Marriage for Scheduled Tribes, 2001 -India"
Households having Children in the Age-Group 5-14 Years by Children Attending School,72,unexplained,,21,andaman andhra arunachal bengal dadra daman diu female haveli himachal islands jammu,25,state,"Households having Children in the Age-Group 5-14 Years by Children Attending School, 2001 - India | Households having Children in the Age-Group 5-14 Years by Children Attending School, 2001 - Jammu & Kashmir"
Population Classified by Place of Birth and Sex,72,unexplained,,21,age andaman andhra arunachal bengal dadra daman diu haveli himachal islands jammu,25,state,"Population Classified by Place of Birth and Sex, 2001 - India | Population Classified by Place of Birth and Sex, 2001 - Jammu & Kashmir"
Details of Annual Traffic and Operating Statistics on International Scheduled Services of Air India Express (schema 1),55,unexplained,,20,air airways alliance asia bluedart cargo costa domestic express go indigo international,1,,Details of Annual Traffic and Operating Statistics on Domestic Scheduled Services of Air Asia from 2007-08 to 2015-16 | Details of Annual Traffic and Operating Statistics on Domestic Scheduled Services of Air Costa from 2007-08 to 2015-16
State and Year-wise Physical and Financial Progress of PMMSY scheme,108,unexplained,,20,andaman andhra arunachal bengal dadra daman diu haveli himachal islands jammu kashmir,26,"year,state",State and Year-wise Physical and Financial Progress of PMMSY scheme - Andaman and Nicobar Islands - 2022-23 | State and Year-wise Physical and Financial Progress of PMMSY scheme - Gujarat - 2022-23
List of MSME Registered Units under Udyog Aadhaar Memorandum,36,unexplained,,20,andaman andhra arunachal bengal dadra daman diu haveli himachal islands jammu kashmir,25,state,List of MSME Registered Units under Udyog Aadhaar Memorandum - Andhra Pradesh | List of MSME Registered Units under Udyog Aadhaar Memorandum - Arunachal Pradesh
Number of Newly Registered Motor Vehicles in 2009-10 and 2010-11 and Number of Registered Motor Vehicles,68,unexplained,,20,andaman andhra arunachal bengal dadra daman diu haveli himachal islands jammu kashmir,23,state,"Number of Newly Registered Motor Vehicles in 2011-12 and Number of Registered Motor Vehicles as on 31st March, 2012 in Andaman and Nicobar Islands | Number of Newly Registered Motor Vehicles in 2011-12 and Number of Registered Motor Vehicles as on 31st March, 2012 in Andhra Pradesh"
"Number of Newly Registered Motor Vehicles in 2006-07, 2007-08 and 2008-09 and Number of Registered Motor Vehicles as on",35,unexplained,,20,andaman andhra arunachal bengal dadra daman diu haveli himachal islands jammu kashmir,24,state,"Number of Newly Registered Motor Vehicles in 2006-07, 2007-08 and 2008-09 and Number of Registered Motor Vehicles as on 2007,2008 and 2009 in Andhra Pradesh | Number of Newly Registered Motor Vehicles in 2006-07, 2007-08 and 2008-09 and Number of Registered Motor Vehicles as on 2007,2008 and 2009 in Arunachal Pradesh"
Number of Newly Registered Motor Vehicles in 2002-03 and 2003-04 and Number of Registered Motor Vehicles as on 31st March 2003 and 31st March,70,unexplained,,20,andaman andhra arunachal bengal dadra daman diu haveli himachal islands jammu kashmir,24,state,Number of Newly Registered Motor Vehicles in 2004-05 and 2005-06 and Number of Registered Motor Vehicles as on 31st March 2005 and 31st March 2006 in Andhra Pradesh | Number of Newly Registered Motor Vehicles in 2004-05 and 2005-06 and Number of Registered Motor Vehicles as on 31st March 2005 and 31st March 2006 in Arunachal Pradesh
Andhra Pradesh Gross State Domestic Product at Factor Cost by Industry of Origin at 2004-05 Prices - From 2004-05 to 2013-14 (as on 01.03.2014) (schema 1),263,unexplained,,20,andaman andhra arunachal bengal chattisgarh current gross himachal islands jammu kashmir madhya,24,state,Andhra Pradesh Gross State Domestic Product at Factor Cost by Industry of Origin at Current Prices - From 2004-05 to 2014-15 (as on 27.02.2015) | Andaman & Nicobar Islands Gross State Domestic Product at Factor Cost by Industry of Origin at Current Prices - From 2004-05 to 2013-14 (as on 27.02.2015)
Households by Availability of Separate Kitchen and Type of Fuel Used for Cooking,36,"unexplained,geo_unnamed",,20,andaman andhra arunachal bengal dadra daman diu haveli himachal islands jammu kashmir,24,,"Households by availability of separate kitchen and type of fuel used for cooking, 2011 | Households by Availability of Separate Kitchen and Type of Fuel Used for Cooking, 2001 - Jammu & Kashmir"
Occupational Classification of Main Workers Other than Cultivators and Agricultural Labourers by Sex for Scheduled Tribes,31,unexplained,,20,andaman andhra arunachal bengal dadra daman diu haveli himachal islands jammu kashmir,20,state,"Occupational Classification of Main Workers other than Cultivators and Agricultural Labourers by Sex for Scheduled Tribes, 2001 -India | Occupational Classification of Main Workers other than Cultivators and Agricultural Labourers by Sex for Scheduled Tribes, 2001 -Jammu & Kashmir"
Details of Sects/Beliefs/Religions Clubbed Under Specific Religious Community,35,unexplained,,20,andaman andhra arunachal bengal dadra daman diu haveli himachal islands jammu kashmir,24,state,"Details of Sects/Beliefs/Religions Clubbed Under Specific Religious Community, 2001 - India | Details of Sects/Beliefs/Religions Clubbed Under Specific Religious Community, 2001 - Jammu & Kashmir"
Details of Religious Communities Shown Under 'Other Religions And Persuasions',34,unexplained,,20,andaman andhra arunachal bengal dadra daman diu haveli himachal islands jammu kashmir,23,state,"Details of Religious Communities Shown Under 'Other Religions And Persuasions', 2001 - India | Details of Religious Communities Shown Under 'Other Religions And Persuasions', 2001 - Jammu & Kashmir"
"Population Ages 5-19 Attending Educational Institutions by Economic Activity Status and Sex for Scheduled Tribes, 2001 -Dadra & Nagar Haveli",31,unexplained,,20,andaman andhra arunachal bengal dadra daman diu haveli himachal islands jammu kashmir,20,state,"Population Ages 5-19 Attending Educational Institutions by Economic Activity Status and Sex for Scheduled Tribes, 2001 -India | Population Ages 5-19 Attending Educational Institutions by Economic Activity Status and Sex for Scheduled Tribes, 2001 -Jammu & Kashmir"
Education Level by Age and Sex for Scheduled Tribes Age 7 and Above,31,unexplained,,20,andaman andhra arunachal bengal dadra daman diu haveli himachal islands jammu kashmir,20,state,"Education Level by Age and Sex for Scheduled Tribes Age 7 and Above, 2001 - India | Education Level by Age and Sex for Scheduled Tribes Age 7 and Above, 2001 - Jammu & Kashmir"
Education Level Graduate and Above by Sex for Scheduled Tribe Age 15 and Above,31,unexplained,,20,andaman andhra arunachal bengal dadra daman diu haveli himachal islands jammu kashmir,20,state,"Education Level Graduate and Above by Sex for Scheduled Tribe Age 15 and Above, 2001 - India | Education Level Graduate and Above by Sex for Scheduled Tribe Age 15 and Above, 2001 - Jammu & Kashmir"
Households Availing Banking Services and Households having Each of the Specified Asset,35,unexplained,,20,andaman andhra arunachal bengal dadra daman diu haveli himachal islands jammu kashmir,24,state,"Households Availing Banking Services and Households having Each of the Specified Asset, 2001 - Jammu & Kashmir | Households Availing Banking Services and Households having Each of the Specified Asset, 2001 - Himachal Pradesh"
Scheduled Tribe Households Availing Banking Services and Scheduled Tribe Households having Each of the Specified Asset,30,unexplained,,20,andaman andhra arunachal bengal dadra daman diu haveli himachal islands jammu kashmir,19,state,"Scheduled Tribe Households Availing Banking Services and Scheduled Tribe Households having Each of the Specified Asset, 2001 - Jammu & Kashmir | Scheduled Tribe Households Availing Banking Services and Scheduled Tribe Households having Each of the Specified Asset, 2001 - Himachal Pradesh"
Households by Disabled Females and Household Size,36,unexplained,,20,andaman andhra arunachal bengal dadra daman diu haveli himachal islands jammu kashmir,25,state,"Households by Disabled Females and Household Size, 2001 - India | Households by Disabled Females and Household Size, 2001 - Jammu & Kashmir"
Scheduled Tribe Households by Size and Dwelling Rooms,30,unexplained,,20,andaman andhra arunachal bengal dadra daman diu haveli himachal islands jammu kashmir,19,state,"Scheduled Tribe Households by Size and Dwelling Rooms, 2001 - Jammu & Kashmir | Scheduled Tribe Households by Size and Dwelling Rooms, 2001 - Himachal Pradesh"
Households by Size and Dwelling Rooms,35,unexplained,,20,andaman andhra arunachal bengal dadra daman diu haveli himachal islands jammu kashmir,24,state,"Households by Size and Dwelling Rooms, 2001 - Jammu & Kashmir | Households by Size and Dwelling Rooms, 2001 - Himachal Pradesh"
Persons Born and Enumerated in Districts of the State,35,unexplained,,20,andaman andhra arunachal bengal dadra daman diu haveli himachal islands jammu kashmir,24,state,"Persons Born and Enumerated in Districts of the State, 2001 - Jammu & Kashmir | Persons Born and Enumerated in Districts of the State, 2001 - Himachal Pradesh"
Persons Born and Enumerated in Districts of the State/UT for Scheduled Tribe,30,unexplained,,20,andaman andhra arunachal bengal dadra daman diu haveli himachal islands jammu kashmir,19,state,"Persons Born and Enumerated in Districts of the State/UT for Scheduled Tribe, 2001 - Jammu & Kashmir | Persons Born and Enumerated in Districts of the State/UT for Scheduled Tribe, 2001 - Himachal Pradesh"
"Migrants Classified by Place of Last Residence, Sex and Duration of Residence in Place of Enumeration",36,unexplained,,20,andaman andhra arunachal bengal dadra daman diu haveli himachal islands jammu kashmir,25,state,"Migrants Classified by Place of Last Residence, Sex and Duration of Residence in Place of Enumeration, 2001 - India | Migrants Classified by Place of Last Residence, Sex and Duration of Residence in Place of Enumeration, 2001 - Jammu & Kashmir"
"Migrants within the State/UT Classified by Place of Last Residence, Sex and Duration of Residence in Place of Enumeration for Scheduled Tribe",30,unexplained,,20,andaman andhra arunachal bengal dadra daman diu haveli himachal islands jammu kashmir,19,state,"Migrants within the State/UT Classified by Place of Last Residence, Sex and Duration of Residence in Place of Enumeration for Scheduled Tribe, 2001 - Jammu & Kashmir | Migrants within the State/UT Classified by Place of Last Residence, Sex and Duration of Residence in Place of Enumeration for Scheduled Tribe, 2001 - Himachal Pradesh"
"Migrants within the State/UT by Place of Last Residence, Duration of Residence and Reason of Migration for Scheduled Tribe",30,unexplained,,20,andaman andhra arunachal bengal dadra daman diu haveli himachal islands jammu kashmir,19,state,"Migrants within the State/UT by Place of Last Residence, Duration of Residence and Reason of Migration for Scheduled Tribe, 2001 - Jammu & Kashmir | Migrants within the State/UT by Place of Last Residence, Duration of Residence and Reason of Migration for Scheduled Tribe, 2001 - Himachal Pradesh"
Households with Workers and Main Workers,36,unexplained,,20,andaman andhra arunachal bengal dadra daman diu haveli himachal islands jammu kashmir,25,state,"Households with Workers and Main Workers, 2001 - India | Households with Workers and Main Workers, 2001 - Jammu & Kashmir"
"Migrants by Place of Last Residence with Duration 0-9 Years Reporting 'Work/Employment' as Reason for Migration by Age, Sex and Educational Level",36,unexplained,,20,andaman andhra arunachal bengal dadra daman diu haveli himachal islands jammu kashmir,25,state,"Migrants by Place of Last Residence with Duration 0-9 Years Reporting 'Work/Employment' as Reason for Migration by Age, Sex and Educational Level, 2001 - India | Migrants by Place of Last Residence with Duration 0-9 Years Reporting 'Work/Employment' as Reason for Migration by Age, Sex and Educational Level, 2001 - Jammu & Kashmir"
Migrants by Place of Last Residence with Duration of Residence as 0-9 Years and Age,36,unexplained,,20,andaman andhra arunachal bengal dadra daman diu haveli himachal islands jammu kashmir,25,state,"Migrants by Place of Last Residence with Duration of Residence as 0-9 Years and Age, 2001 - India | Migrants by Place of Last Residence with Duration of Residence as 0-9 Years and Age, 2001 - Jammu & Kashmir"
"Migrants by Place of Last Residence, Age, Sex, Educational Level and Duration of Residence",36,unexplained,,20,andaman andhra arunachal bengal dadra daman diu haveli himachal islands jammu kashmir,25,state,"Migrants by Place of Last Residence, Age, Sex, Educational Level and Duration of Residence, 2001 - India | Migrants by Place of Last Residence, Age, Sex, Educational Level and Duration of Residence, 2001 - Jammu & Kashmir"
"Migrants by Place of Last Residence, Age, Sex, Marital Status and Duration of Residence 0-9 Years",36,unexplained,,20,andaman andhra arunachal bengal dadra daman diu haveli himachal islands jammu kashmir,25,state,"Migrants by Place of Last Residence, Age, Sex, Marital Status and Duration of Residence 0-9 Years, 2001 - India | Migrants by Place of Last Residence, Age, Sex, Marital Status and Duration of Residence 0-9 Years, 2001 - Jammu & Kashmir"
"Migrants by Place of Last Residence, Economic Activity, Age, Sex and Duration of Residence",36,unexplained,,20,andaman andhra arunachal bengal dadra daman diu haveli himachal islands jammu kashmir,25,state,"Migrants by Place of Last Residence, Economic Activity, Age, Sex and Duration of Residence, 2001 - India | Migrants by Place of Last Residence, Economic Activity, Age, Sex and Duration of Residence, 2001 - Jammu & Kashmir"
Annual Comparative Statement of Traffic on Total Scheduled (International+Domestic) Services of Air Asia (schema 2),19,unexplained,,19,air airways asia bluedart cargo carnival costa domestic express go indigo jet,1,,Annual Comparative Statement of Traffic on International scheduled Services of Air India from 2014-15 to 2016-17 | Annual Comparative Statement of Traffic on International scheduled Services of Air India Express from 2014-15 to 2016-17
Andhra Pradesh Gross State Domestic Product at Factor Cost by Industry of Origin at 2004-05 Prices - From 2004-05 to 2013-14 (as on 01.03.2014) (schema 2),256,unexplained,,19,andaman andhra arunachal bengal chattisgarh current gross himachal islands jammu kashmir madhya,22,state,Andaman & Nicobar Islands Gross State Domestic Product at Factor Cost by Industry of Origin at 2004-05 Prices - From 2004-05 to 2013-14 (as on 01.03.2014) | Andhra Pradesh Gross State Domestic Product at Factor Cost by Industry of Origin at 2004-05 Prices - From 2004-05 to 2013-14 (as on 01.03.2014)
ICAR Publication Repository as on date: NRC Orchids Collection,17,unexplained,,18,iifsr litchi meat mithun nbagr nbair nbfgr ncipm niasm nibsm nihsad ninfet,0,,ICAR Publication Repository as on date: NRC Pig Collection | ICAR Publication Repository as on date: NRC Orchids Collection
Andhra Pradesh Gross State Domestic Product at factor cost at Constant Prices for the base year (schema 1),358,unexplained,,18,andhra arunachal bengal constant current gross himachal himahal jammu kashmir madhya nadu,23,state,Andhra Pradesh Gross State Domestic Product at factor cost at Constant Prices for the base year 1993-94 | Andhra Pradesh Gross State Domestic Product at factor cost at Constant Prices for the base year 2004-05
Scheduled Caste Households by Source of Lighting,33,"unexplained,geo_unnamed",,18,andhra arunachal bengal dadra daman diu haveli himachal jammu kashmir madhya main,22,year,"Scheduled Caste Households by main source of lighting, 2011 | Scheduled Caste Households by Source of Lighting, 2001 - Jammu & Kashmir"
Normal households by household size,35,"unexplained,geo_unnamed",,18,andhra arunachal bengal dadra daman diu haveli himachal jammu kashmir madhya nadu,24,year,"Normal households by household size, 2011 | Normal households by household size, 2011 - JAMMU & KASHMIR"
Population in single year age by Residence and Sex,35,"unexplained,geo_unnamed",,18,andhra arunachal bengal dadra daman diu haveli himachal jammu kashmir madhya nadu,25,,"Population in single year age by Residence and Sex, 2001 - INDIA | Population in single year age by Residence and Sex, 2001 - JAMMU & KASHMIR"
Population in single year age by Residence and Sex for Scheduled Castes,33,"unexplained,geo_unnamed",,18,andhra arunachal bengal dadra daman diu haveli himachal jammu kashmir madhya nadu,23,,"Population in single year age by Residence and Sex for Scheduled Castes, 2001 - INDIA | Population in single year age by Residence and Sex for Scheduled Castes, 2001 - JAMMU & KASHMIR"
Population in five year age-group by Residence and Sex,56,unexplained,,18,andhra arunachal bengal dadra daman diu haveli himachal jammu kashmir madhya nadu,26,state,"Population in five year age-group by Residence and Sex, 2001 - INDIA | Population in five year age-group by Residence and Sex, 2001 - JAMMU & KASHMIR"
Population in five year age-group by Residence and Sex for Scheduled Castes,65,unexplained,,18,andhra arunachal bengal dadra daman diu haveli himachal jammu kashmir madhya nadu,26,state,"Population in five year age-group by Residence and Sex for Scheduled Castes, 2001 - INDIA | Population in five year age-group by Residence and Sex for Scheduled Castes, 2001 - JAMMU & KASHMIR"
Marital status by age and sex,35,"unexplained,geo_unnamed",,18,andhra arunachal bengal dadra daman diu haveli himachal jammu kashmir madhya nadu,25,,"Marital status by age and sex, 2001 - INDIA | Marital status by age and sex, 2001 - JAMMU & KASHMIR"
Marital status by age and sex for Scheduled Castes,48,"unexplained,geo_unnamed",,18,andhra arunachal bengal dadra daman diu haveli himachal jammu kashmir madhya nadu,23,,"Marital status by age and sex for Scheduled Castes, 2001 - INDIA | Marital status by age and sex for Scheduled Castes, 2001 - JAMMU & KASHMIR"
Educational level by age and sex for population age 7 and above for Scheduled Castes,33,"unexplained,geo_unnamed",,18,andhra arunachal bengal dadra daman diu haveli himachal jammu kashmir madhya nadu,23,,"Educational level by age and sex for population age 7 and above for Scheduled Castes, 2001 - INDIA | Educational level by age and sex for population age 7 and above for Scheduled Castes, 2001 - JAMMU & KASHMIR"
Population by Religious Community,35,unexplained,,18,andhra arunachal bengal dadra daman diu haveli himachal jammu kashmir madhya nadu,25,state,"Population by Religious Community, 2001 - India | Population by Religious Community, 2001 - Jammu & Kashmir"
Ever married and currently married population by age at marriage and duration of marriage,70,"unexplained,geo_unnamed",,18,andhra arunachal bengal dadra daman diu haveli himachal jammu kashmir madhya nadu,28,,"Ever married and currently married population by age at marriage and duration of marriage, 2001 - INDIA | Ever married and currently married population by age at marriage and duration of marriage, 2001 - JAMMU & KASHMIR"
Education level by religious community and sex for population age 7 and above,35,"unexplained,geo_unnamed",,18,andhra arunachal bengal dadra daman diu haveli himachal jammu kashmir madhya nadu,25,,"Education level by religious community and sex for population age 7 and above, 2001 - INDIA | Education level by religious community and sex for population age 7 and above, 2001 - JAMMU & KASHMIR"
"Population Attending Educational Institution by Completed Education Level, Age and Sex",35,"unexplained,geo_unnamed",,18,andhra arunachal bengal dadra daman diu haveli himachal jammu kashmir madhya nadu,25,,"Population attending educational institution by completed education level, age and sex, 2001 - INDIA | Population attending educational institution by completed education level, age and sex, 2001 - JAMMU & KASHMIR"
Population ages 5-19 attending educational institutions by economic activity status and sex,70,"unexplained,geo_unnamed",,18,andhra arunachal bengal dadra daman diu haveli himachal jammu kashmir madhya nadu,28,,"Population ages 5-19 attending educational institutions by economic activity status and sex, 2001 - INDIA | Population ages 5-19 attending educational institutions by economic activity status and sex, 2001 - JAMMU & KASHMIR"
Religious community by age-group and sex,35,"unexplained,geo_unnamed",,18,andhra arunachal bengal dadra daman diu haveli himachal jammu kashmir madhya nadu,25,,"Religious community by age-group and sex, 2001 - INDIA | Religious community by age-group and sex, 2001 - JAMMU & KASHMIR"
"Disabled Population by type of Disability, Age and Sex",56,"unexplained,geo_unnamed",,18,andhra arunachal bengal dadra daman diu haveli himachal jammu kashmir madhya nadu,26,,"Disabled population by type of disability, age and sex, 2001 - INDIA | Disabled population by type of disability, age and sex, 2001 - JAMMU & KASHMIR"
Houseless Households by Household Size,34,unexplained,,18,andhra arunachal bengal dadra daman diu haveli himachal jammu kashmir madhya nadu,24,state,"Houseless households by household size, 2011 - INDIA | Houseless households by household size, 2011 - JAMMU & KASHMIR"
Households with Number of Aged Persons 60 Years and Above by Sex and by Household Size,35,unexplained,,18,andhra arunachal bengal dadra daman diu haveli himachal jammu kashmir madhya nadu,25,state,"Households with number of aged persons 60 years and above by sex and household size, 2011 - INDIA | Households with number of aged persons 60 years and above by sex and household size, 2011 - JAMMU & KASHMIR"
Monthly Traffic and Operating Statistics of Air India Express on Scheduled Domestic Services (schema 2),33,unexplained,,17,air airways alliance asia bluedart costa domestic express go indigo international jet,1,,Monthly Traffic and Operating Statistics of Air Asia on Scheduled Domestic Services during 2015-16 | Monthly Traffic and Operating Statistics of Air Costa on Scheduled Domestic Services during 2015-16
Annual Comparative Statement of Traffic on Domestic Scheduled Services of Air India Express (schema 1),16,unexplained,,17,air airways alliance asia bluedart carnival costa express go indigo jet jetlite,1,,Annual Comparative Statement of Traffic on Domestic scheduled Services of Air India from 2014-15 to 2016-17 | Annual Comparative Statement of Traffic on Domestic scheduled Services of Air India Express from 2014-15 to 2016-17
Operating Traffic Statistics and other Performance Indicators relating to Scheduled Traffic of Air Asia (schema 1),14,unexplained,,17,air airways alliance asia blue cargo dart express go indigo jet jetlite,1,year,Operating Traffic Statistics and other Performance Indicators relating to Scheduled Traffic of Spicejet during 2016-17 | Operating Traffic Statistics and other Performance Indicators relating to Scheduled Traffic of Air Asia during 2016-17
Population in single year age by Residence and Sex for Scheduled Tribes,30,"unexplained,geo_unnamed",,17,andhra arunachal bengal dadra daman diu haveli himachal jammu kashmir madhya nadu,20,,"Population in single year age by Residence and Sex for Scheduled Tribes, 2001 - INDIA | Population in single year age by Residence and Sex for Scheduled Tribes, 2001 - JAMMU & KASHMIR"
Population in five year age-group by Residence and Sex for Scheduled Tribes,59,unexplained,,17,andhra arunachal bengal dadra daman diu haveli himachal jammu kashmir madhya nadu,22,state,"Population in five year age-group by Residence and Sex for Scheduled Tribes, 2001 - INDIA | Population in five year age-group by Residence and Sex for Scheduled Tribes, 2001 - JAMMU & KASHMIR"
Marital status by age and sex for Scheduled Tribes,41,"unexplained,geo_unnamed",,17,andhra arunachal bengal dadra daman diu haveli himachal jammu kashmir madhya nadu,20,,"Marital status by age and sex for Scheduled Tribes, 2001 - INDIA | Marital status by age and sex for Scheduled Tribes, 2001 - JAMMU & KASHMIR"
Educational level by age and sex for population age 7 and above for Scheduled Tribes,30,"unexplained,geo_unnamed",,17,andhra arunachal bengal dadra daman diu haveli himachal jammu kashmir madhya nadu,20,,"Educational level by age and sex for population age 7 and above for Scheduled Tribes, 2001 - INDIA | Educational level by age and sex for population age 7 and above for Scheduled Tribes, 2001 - JAMMU & KASHMIR"
Normal households by household size for SC,31,unexplained,,17,andhra bengal dadra daman diu haveli himachal jammu kashmir madhya nadu nagar,22,state,"Normal households by household size for SC, 2011 - JAMMU & KASHMIR | Normal households by household size for SC, 2011 - HIMACHAL PRADESH"
Normal households by household size for ST,29,unexplained,,17,andhra arunachal bengal dadra daman diu haveli himachal jammu kashmir madhya nadu,19,state,"Normal households by household size for ST, 2011 - JAMMU & KASHMIR | Normal households by household size for ST, 2011 - HIMACHAL PRADESH"
Household with number of workers by household size for SC,32,unexplained,,17,andhra bengal dadra daman diu haveli himachal jammu kashmir madhya nadu nagar,23,state,"Household with number of workers by household size for SC, 2011 - INDIA | Household with number of workers by household size for SC, 2011 - JAMMU & KASHMIR"
Household with number of workers by household size for ST,30,unexplained,,17,andhra arunachal bengal dadra daman diu haveli himachal jammu kashmir madhya nadu,20,state,"Household with number of workers by household size for ST, 2011 - INDIA | Household with number of workers by household size for ST, 2011 - JAMMU & KASHMIR"
Households by number of literates among the members of household age 7 years and above for SC,32,unexplained,,17,andhra bengal dadra daman diu haveli himachal jammu kashmir madhya nadu nagar,23,state,"Households by number of literates among the members of household age 7 years and above for SC, 2011 - INDIA | Households by number of literates among the members of household age 7 years and above for SC, 2011 - JAMMU & KASHMIR"
Households by number of literates among the members of household age 7 years and above for ST,30,unexplained,,17,andhra arunachal bengal dadra daman diu haveli himachal jammu kashmir madhya nadu,20,state,"Households by number of literates among the members of household age 7 years and above for ST, 2011 - INDIA | Households by number of literates among the members of household age 7 years and above for ST, 2011 - JAMMU & KASHMIR"
"Main Workers Classified by Industrial Category, Educational Level and Sex for Scheduled Castes",33,unexplained,,17,andhra arunachal bengal dadra daman diu haveli himachal jammu kashmir madhya nadu,23,state,"Marginal Workers Classified by Industrial Category, Educational Level and Sex for Scheduled Castes, 2001 -India | Marginal Workers Classified by Industrial Category, Educational Level and Sex for Scheduled Castes, 2001 -Jammu & Kashmir"
"Main Workers Classified by Industrial Category, Educational Level and Sex for Scheduled Tribes",30,unexplained,,17,andhra arunachal bengal dadra daman diu haveli himachal jammu kashmir madhya nadu,20,state,"Marginal Workers Classified by Industrial Category, Educational Level and Sex for Scheduled Tribes, 2001 -India | Marginal Workers Classified by Industrial Category, Educational Level and Sex for Scheduled Tribes, 2001 -Jammu & Kashmir"
Occupational Classification of Main Workers Other than Cultivators and Agricultural Labourers by Sex,35,unexplained,,17,andhra arunachal bengal dadra daman diu haveli himachal jammu kashmir madhya nadu,25,state,"Occupational Classification of Main Workers other than Cultivators and Agricultural Labourers by Sex, 2001 -India | Occupational Classification of Main Workers other than Cultivators and Agricultural Labourers by Sex, 2001 -Jammu & Kashmir"
Occupational Classification of Main Workers Other than Cultivators and Agricultural Labourers by Sex for Scheduled Castes,33,unexplained,,17,andhra arunachal bengal dadra daman diu haveli himachal jammu kashmir madhya nadu,23,state,"Occupational Classification of Main Workers other than Cultivators and Agricultural Labourers by Sex for Scheduled Castes, 2001 -India | Occupational Classification of Main Workers other than Cultivators and Agricultural Labourers by Sex for Scheduled Castes, 2001 -Jammu & Kashmir"
Ever married and currently married population by age at marriage and duration of marriage for Scheduled Castes,33,unexplained,,17,andhra arunachal bengal dadra daman diu haveli himachal jammu kashmir madhya nadu,23,state,"Ever Married and Currently Married Population by Age At Marriage and Duration Of Marriage for Scheduled Castes, 2001 -India | Ever Married and Currently Married Population by Age At Marriage and Duration Of Marriage for Scheduled Castes, 2001 -Jammu & Kashmir"
"Population Ages 5-19 Attending Educational Institutions by Economic Activity Status and Sex for Scheduled Castes, 2001 -Andhra Pradesh",33,unexplained,,17,andhra arunachal bengal dadra daman diu haveli himachal jammu kashmir madhya nadu,23,state,"Population Ages 5-19 Attending Educational Institutions by Economic Activity Status and Sex for Scheduled Castes, 2001 -India | Population Ages 5-19 Attending Educational Institutions by Economic Activity Status and Sex for Scheduled Castes, 2001 -Jammu & Kashmir"
Education Level by Age and Sex for Scheduled Caste Age 7 and Above,33,unexplained,,17,andhra arunachal bengal dadra daman diu haveli himachal jammu kashmir madhya nadu,23,state,"Education Level by Age and Sex for Scheduled Caste Age 7 and Above, 2001 - India | Education Level by Age and Sex for Scheduled Caste Age 7 and Above, 2001 - Jammu & Kashmir"
Education Level Graduate and Above by Sex for Scheduled Caste for Age 15 and Above,33,unexplained,,17,andhra arunachal bengal dadra daman diu haveli himachal jammu kashmir madhya nadu,23,state,"Education Level Graduate and Above by Sex for Scheduled Caste for Age 15 and Above, 2001 - India | Education Level Graduate and Above by Sex for Scheduled Caste for Age 15 and Above, 2001 - Jammu & Kashmir"
Scheduled Caste Households Availing Banking Services and Scheduled Caste Households Having Each of the Specified Asset,32,unexplained,,17,andhra arunachal bengal dadra daman diu haveli himachal jammu kashmir madhya nadu,22,state,"Scheduled Caste Households Availing Banking Services and Scheduled Caste Households Having Each of the Specified Asset, 2001 - Jammu & Kashmir | Scheduled Caste Households Availing Banking Services and Scheduled Caste Households Having Each of the Specified Asset, 2001 - Himachal Pradesh"
Scheduled Caste Households by Size and Dwelling Rooms,32,unexplained,,17,andhra arunachal bengal dadra daman diu haveli himachal jammu kashmir madhya nadu,22,state,"Scheduled Caste Households by Size and Dwelling Rooms, 2001 - Jammu & Kashmir | Scheduled Caste Households by Size and Dwelling Rooms, 2001 - Himachal Pradesh"
Persons Born and Enumerated in Districts of the State/UT for Scheduled Caste,32,unexplained,,17,andhra arunachal bengal dadra daman diu haveli himachal jammu kashmir madhya nadu,22,state,"Persons Born and Enumerated in Districts of the State/UT for Scheduled Caste, 2001 - Jammu & Kashmir | Persons Born and Enumerated in Districts of the State/UT for Scheduled Caste, 2001 - Himachal Pradesh"
"Migrants within the State/UT Classified by Place of Last Residence, Sex and Duration of Residence in Place of Enumeration for Scheduled Caste",32,unexplained,,17,andhra arunachal bengal dadra daman diu haveli himachal jammu kashmir madhya nadu,22,state,"Migrants within the State/UT Classified by Place of Last Residence, Sex and Duration of Residence in Place of Enumeration for Scheduled Caste, 2001 - Jammu & Kashmir | Migrants within the State/UT Classified by Place of Last Residence, Sex and Duration of Residence in Place of Enumeration for Scheduled Caste, 2001 - Himachal Pradesh"
"Migrants within the State/UT by Place of Last Residence, Duration of Residence and Reason of Migration for Scheduled Caste",32,unexplained,,17,andhra arunachal bengal dadra daman diu haveli himachal jammu kashmir madhya nadu,22,state,"Migrants within the State/UT by Place of Last Residence, Duration of Residence and Reason of Migration for Scheduled Caste, 2001 - Jammu & Kashmir | Migrants within the State/UT by Place of Last Residence, Duration of Residence and Reason of Migration for Scheduled Caste, 2001 - Himachal Pradesh"
Operating Traffic Statistics and other Performance Indicators relating to Scheduled Traffic of Air Asia (schema 2),14,unexplained,,16,air airways alliance asia blue costa dart express go indigo jet jetlite,1,year,Operating Traffic Statistics and other Performance Indicators relating to Scheduled Traffic of Air Asia during 2015-16 | Operating Traffic Statistics and other Performance Indicators relating to Scheduled Traffic of Air Costa during 2015-16
Annual Comparative Statement of Traffic on Total Scheduled (International+Domestic) Services of Air Asia (schema 1),19,unexplained,,16,air airways alliance asia bluedart costa domestic express go indigo jet jetlite,1,,Annual Comparative Statement of Traffic on International Scheduled Services of Air India from 2013-14 to 2015-16 | Annual Comparative Statement of Traffic on International Scheduled Services of Air India Express from 2013-14 to 2015-16
Percentage Growth in Passenger - Kilometres Performed of Air Asia,26,unexplained,,16,air airways alliance asia carnival costa go indigo jet jetlite pegasus spicejet,1,,Percentage Growth in Passenger - Kilometres Performed of Air Asia from 2007-08 to 2015-16 | Percentage Growth in Passenger - Kilometres Performed of Air Costa from 2007-08 to 2015-16
Selected Traffic Coefficients of Scheduled Commercial Traffic Carried by Air Asia (schema 1),15,unexplained,,16,air airways alliance asia bybluedart carnival costa express go indigo jet jetlite,1,,Year-wise Selected Traffic Coefficients of scheduled Commercial Traffic Carried by Air India from 2009-10 to 2016-17 | Year-wise Selected Traffic Coefficients of scheduled Commercial Traffic Carried by Air India Express from 2009-10 to 2016-17
Operating Revenue and Operating Expenses per Revenue Passenger Kilometre Performed of Air India Express,25,unexplained,,15,air airways alliance asia costa express go indigo jet jetlite pegasus spicejet,1,,Operating Revenue and Operating Expenses per Revenue Passenger Kilometre Performed of Air Asia during 2014-15 and 2015-16 | Operating Revenue and Operating Expenses per Revenue Passenger Kilometre Performed of Air Costa from 2013-14 to 2015-16
Annual Comparative Statement of Traffic on Domestic Scheduled Services of Air India Express (schema 2),14,unexplained,,15,air airways alliance asia bluedart costa express go indigo jet jetlite pegasus,1,,Annual Comparative Statement of Traffic on Domestic Scheduled Services of Air Asia from 2013-14 to 2015-16 | Annual Comparative Statement of Traffic on Domestic Scheduled Services of Air Costa from 2013-14 to 2015-16
Selected Traffic Coefficients of Scheduled Commercial Traffic Carried by Air Asia (schema 2),14,unexplained,,15,air airways alliance asia bluedart costa express go indigo jet jetlite pegasus,1,,Selected Traffic Coefficients of Scheduled Commercial Traffic Carried by Air Asia from 2008-09 to 2015-16 | Selected Traffic Coefficients of Scheduled Commercial Traffic Carried by Air Costa from 2008-09 to 2015-16
"Normal Households By Household Size Belonging To Scheduled Tribes, 2001 -Daman & Diu",59,unexplained,,15,andhra arunachal bengal castes daman diu jammu kashmir madhya nadu pradesh tamil,25,state,"Normal Households By Household Size Belonging To Scheduled Castes, 2001 -India | Normal Households By Household Size Belonging To Scheduled Castes, 2001 -Jammu & Kashmir"
Block wise Distribution of Surface Flow Schemes (Other Storage) in use and their Potential Created and Utilized according to Public and Private for 3rd census of minor irrigation scheme (2000-01) (schema 2),8,unexplained,,14,canal diversion drain flow lift other permanent pond river storage stream tank,0,,Block wise Distribution of Surface Flow Schemes (Other Storage) in use and their Potential Created and Utilized according to Public and Private for 3rd census of minor irrigation scheme (2000-01) | Block wise Distribution of Surface Flow Schemes (Permanent diversion) in use and their Potential Created and Utilized according to Public and Private for 3rd census of minor irrigation scheme (2000-01)
Block wise Distribution of Surface Flow Schemes (Other Storage) in use and their Potential Created and Utilized according to Public and Private for 3rd census of minor irrigation scheme (2000-01) (schema 3),8,unexplained,,14,canal diversion drain flow lift other permanent pond river storage stream tank,0,,District wise Distribution of Surface Flow Schemes(Other Storage) in use and their Potential Created and Utilized according to Public and Private for 3rd census of minor irrigation scheme (2000-01) | District wise Distribution of Surface Flow Schemes(Permanent diversion) in use and their Potential Created and Utilized according to Public and Private for 3rd census of minor irrigation scheme (2000-01)
Block wise Distribution of Surface Flow Schemes (Other Storage) in use and their Potential Created and Utilized according to Public and Private for 3rd census of minor irrigation scheme (2000-01) (schema 4),8,unexplained,,14,canal diversion drain flow lift other permanent pond river storage stream tank,0,,State wise Distribution of Surface Flow Schemes(Other Storage) in use and their Potential Created and Utilized according to Public and Private for 3rd census of minor irrigation scheme (2000-01) | State wise Distribution of Surface Flow Schemes(Permanent diversion) in use and their Potential Created and Utilized according to Public and Private for 3rd census of minor irrigation scheme (2000-01)
Block wise Distribution of Surface Flow Schemes (Other Storage) in use and their Potential Created and Utilized according to Public and Private for 3rd census of minor irrigation scheme (2000-01) (schema 1),8,unexplained,,14,canal diversion drain flow lift other permanent pond river storage stream tank,0,,Village wise Distribution of Surface Flow Schemes(Other Storage) in use and their Potential Created and Utilized according to Public and Private for 3rd census of minor irrigation scheme (2000-01) | Village wise Distribution of Surface Flow Schemes(Permanent diversion) in use and their Potential Created and Utilized according to Public and Private for 3rd census of minor irrigation scheme (2000-01)
ICAR Publication Repository as on date: Indian Institute of Oilseeds Research Col;collection,12,unexplained,,14,barley col maize millets oil oilseeds palm pulses rice soybean spices sugarcane,0,, ICAR Publication Repository as on date:  Indian Institute of Barley Research Collection | ICAR Publication Repository as on date: Indian Institute of Vegetable Research Collection
GSVA by Economic Activity at Current Prices for Delhi from 2011-12 to 2016-17 (as on 31.03.2017),124,unexplained,,14,andhra arunachal constant current gsva himachal jammu kashmir madhya nadu nsva pradesh,24,state,GSVA by Economic Activity at Constant (2011-12) Prices for Andhra Pradesh from 2011-12 to 2016-17 (as on 31.03.2017) | GSVA by Economic Activity at Current Prices for Andhra Pradesh from 2011-12 to 2016-17 (as on 31.03.2017)
"Disabled Population by type of Disability, Age and Sex for Scheduled Castes",33,"unexplained,geo_unnamed",,14,andhra arunachal bengal daman diu himachal jammu kashmir madhya nadu pradesh tamil,23,year,"Disabled Population by type of Disability, Age and Sex for Scheduled Castes, 2011 - JAMMU & KASHMIR | Disabled Population by Type Of Disability, Age and Sex for Scheduled Castes, 2001 -India"
"Main Workers Classified by Industrial Category, Educational Level and Sex",35,"unexplained,geo_unnamed",,14,andhra arunachal bengal daman diu himachal jammu kashmir madhya nadu pradesh tamil,25,,"Marginal Workers Classified by Industrial Category, Educational Level and Sex, 2001 -India | Marginal Workers Classified by Industrial Category, Educational Level and Sex, 2001 -Jammu & Kashmir"
"Disabled Population by type of Disability, Age and Sex for Scheduled Tribes",29,unexplained,,14,andhra arunachal bengal daman diu himachal jammu kashmir madhya nadu pradesh tamil,20,state,"Disabled Population by Type Of Disability, Age and Sex for Scheduled Tribes, 2001 -India | Disabled Population by Type Of Disability, Age and Sex for Scheduled Tribes, 2001 -Jammu & Kashmir"
"Single Year Age Returns by Residence and Sex for Scheduled Castes, 2001 -Jammu & Kashmir",32,unexplained,,14,andhra arunachal bengal daman diu himachal jammu kashmir madhya nadu pradesh tamil,23,state,"Single Year Age Returns by Residence and Sex for Scheduled Castes, 2001 -India | Single Year Age Returns by Residence and Sex for Scheduled Castes, 2001 -Jammu & Kashmir"
"Single Year Age Returns by Residence and Sex for Scheduled Tribes, 2001 -Jammu & Kashmir",28,unexplained,,14,andhra arunachal bengal daman diu himachal jammu kashmir madhya nadu pradesh tamil,19,state,"Single Year Age Returns by Residence and Sex for Scheduled Tribes, 2001 -India | Single Year Age Returns by Residence and Sex for Scheduled Tribes, 2001 -Jammu & Kashmir"
Yearly Percentage Growth in Available Seat Kilometers of Air Carnival,16,unexplained,,13,air airways alliance asia carnival costa go jet kilometers kilometres pegasus yearly,1,,Percentage Growth in Available Seat Kilometres of Air Asia from 2007-08 to 2015-16 | Percentage Growth in Available Seat Kilometres of Air Costa from 2007-08 to 2015-16
NSVA / NSDP at 2011-12 Prices for Himachal Pradesh from 2011-12 to 2014-15 (as on 29.07.2016),56,unexplained,,13,andhra arunachal gsdp gsva himachal islands jammu kashmir madhya nsdp nsva pradesh,21,state,GSVA / GSDP at 2011-12 Prices for Andhra Pradesh from 2011-12 to 2015-16 (as on 29.07.2016) | GSVA / GSDP at 2011-12 Prices for AN Islands from 2011-12 to 2014-15 (as on 29.07.2016)
NSVA / NSDP at Current Prices for Himachal Pradesh from 2011-12 to 2014-15 (as on 29.07.2016),56,unexplained,,13,andhra arunachal gsdp gsva himachal islands jammu kashmir madhya nsdp nsva pradesh,21,state,GSVA / GSDP at Current Prices for Andhra Pradesh from 2011-12 to 2015-16 (as on 29.07.2016) | GSVA / GSDP at Current Prices for AN Islands from 2011-12 to 2014-15 (as on 29.07.2016)
Monthly Traffic and Operating Statistics of Air India Express on Scheduled Domestic Services (schema 5),19,unexplained,,12,air airways alliance cargo domestic express international jet jetlite quikjet spicejet trujet,1,,Monthly Traffic and operating Statistics of Air India on scheduled Domestic Services during 2016-17 | Monthly Traffic and operating Statistics of Air India on scheduled International Services during 2016-17
Monthly Traffic and Operating Statistics of Air India Express on Scheduled Domestic Services (schema 4),19,unexplained,,12,air asia bluedart carnival costa domestic go indigo international pegasus vistara zoom,0,,Monthly Traffic and operating Statistics of Air Carnival on scheduled Domestic Services during 2016-17 | Monthly Traffic and operating Statistics of Air Carnival on Total scheduled (International+Domestic) Services during 2016-17
Details of Annual Traffic and Operating Statistics on International Scheduled Services of Air India Express (schema 2),18,unexplained,,12,air asia carnival costa domestic go indigo international ofbluedart pegasus vistara zoom,0,,Year-wise Details of Annual Traffic and operating Statistics on Domestic scheduled Services of Air Asia from 2007-08 to 2016-17 | Year-wise Details of Annual Traffic and operating Statistics on scheduled (International+Domestic) Services of Air Asia from 2007-08 to 2016-17
List of Completed Projects under Non-Lapsable Central Pool of Resources (NLCPR) for Assam for Health,40,unexplained,,12,arunachal bridges culture education health power pradesh road sports supply tourism water,5,state,List of Completed Projects under Non-Lapsable Central Pool of Resources (NLCPR) for Arunachal Pradesh for Education | List of Completed Projects under Non-Lapsable Central Pool of Resources (NLCPR) for Arunachal Pradesh for Health
6th Minor Irrigation Census - Village Schedule,29,unexplained,,11,andhra arunachal bengal himachal jammu kashmir nadu pradesh tamil uttar west,22,"year,state",6th Minor Irrigation Census - Village Schedule - Andhra Pradesh | 6th Minor Irrigation Census - Village Schedule - Arunachal Pradesh
ICAR Publication Repository as on Date: Central Sheep and Wool Research Institute Collection,8,unexplained,,11,arid avian citrus crops plantation potato sheep tobacco tuber wool zone,0,,ICAR Publication Repository as on Date: Central Tobacco Research Institute Collection | ICAR Publication Repository as on Date: Central Tuber Crops Research Institute Collection
Percentage Growth in Scheduled Cargo Traffic of Air Costa (schema 1),16,unexplained,,11,air airways alliance asia carnival costa go jet pegasus yearly zoom,1,,Percentage Growth in Scheduled Passenger Traffic of Air Asia from 2007-08 to 2015-16 | Percentage Growth in Scheduled Passenger Traffic of Air Costa from 2007-08 to 2015-16
State/UT-wise Number of Pedestrians Killed in Accidents Classified by the Type of Impacting Vehicles (schema 2),7,unexplained,,11,auto bicycle bus lorry other pedestrians persons rickshaw truck two wheeler,0,,State/UT-wise Pedestrians Killed in Accidents classified by the type of Impacting Vehicles during 2024 | State/UT-wise Persons Killed in Bicycle Accidents classified by the Type of Impacting Vehicles during 2024
Physical Progress Status of Computerization / Digitization of Land Records of ANDHRA PRADESH as on previous month,32,unexplained,,11,andhra arunachal bengal himachal madhya maharastra nct pradesh tamilnadu uttar west,24,state,Physical Progress Status of Computerization / Digitization of Land Records of HIMACHAL PRADESH as on previous month | Physical Progress Status of Computerization / Digitization of Land Records of PUNJAB as on previous month
"State, UT & City-Wise Number of Burglary Cases Reported and Value of Property Stolen by Place of Occurrence (schema 7)",4,unexplained,,11,away burglary dacoity number numbers reportd reported robbery stolen taken theft,0,year,"State, UT & City wise Number of Dacoity cases reported and Value of Property taken away by place of occurrence during 1999 | State, UT & City wise Number of Robbery Cases reported and value of Property taken away by Place of Occurrence during 1999"
"State, UT & City-wise Property Stolen and Recovered (schema 1)",23,unexplained,,11,cattle copper cycle cycles explosives kinds other theft thefts under wire,0,year,"State, UT & City-wise Property Stolen and Recovered under Copper Wire Theft during 1970 | State, UT & City-wise Property Stolen and Recovered under Cattle Theft during 1970"
Crime Head-wise Disposal of Persons Arrested for Crime against Children in Metropolitan Cities (schema 1),16,unexplained,,11,atrocities caste children citizen city s scheduled senior tribe wise women,0,year,City-wise Disposal of Persons Arrested for Crime against Children in Metropolitan Cities during 2016 | City-wise Disposal of Persons Arrested for Crime against Women in Metropolitan Cities during 2017
6th Minor Irrigation Census - Surface Lift,21,unexplained,,10,andhra arunachal bengal himachal jammu kashmir nadu pradesh tamil west,15,"year,state",6th Minor Irrigation Census - Surface Lift - Andhra Pradesh | 6th Minor Irrigation Census - Surface Lift - Arunachal Pradesh
Percentage Growth in Scheduled Cargo Traffic of Air Costa (schema 2),15,unexplained,,10,air airways alliance asia bluedart costa go jet pegasus yearly,1,,Percentage Growth in Scheduled Cargo Traffic of Air Asia from 2007-08 to 2015-16 | Percentage Growth in Scheduled Cargo Traffic of Air Costa from 2007-08 to 2015-16
State/UT-wise Number of Pedestrians Killed in Accidents Classified by the Type of Impacting Vehicles (schema 1),16,unexplained,,10,bicycle bycycle number pedestrians persons trucks two ut uts wheelers,0,year,State/UT-wise Pedestrians killed in Accidents Classified by the type of impacting vehicles during 2019 | State/UT-wise Persons killed in Bycycle Accidents Classified by the type of impacting vehicles during 2019
Crime Head-wise Disposal of Persons Arrested for Crime against Children in Metropolitan Cities (schema 2),11,unexplained,,10,atrocities caste children citizen duirng s scheduled senior tribe women,0,year,Crime Head-wise Disposal of Persons Arrested for Crime against Women in Metropolitan Cities during 2017 | Crime Head-wise Arrested Persons Disposal of Crime against Children in Metropolitan Cities during 2017
Crime Head-wise Disposal of Persons Arrested for Crime against Children in Metropolitan Cities (schema 3),10,unexplained,,10,atrocities caste children citizen number s scheduled senior tribe women,0,year,State/City-wise Disposal of Persons Arrested for Crime against Women in Metropolitan Cities during 2021 | State/City-wise Disposal of Persons Arrested for Crime against Children in Metropolitan Cities during 2021
CCA and Season wise Potential Created (Temporary not in Use) Through Dugwells for 5th Minor Irrigation Census (2013-14) (schema 1),15,unexplained,,9,deep dugwells medium not permanently shallow temporary tubewells use,0,,CCA and Season wise Potential Created Through all Dugwells for 5th Minor Irrigation Census (2013-14) | CCA and Season wise Potential Created (in Use) Through Dugwells for 5th Minor Irrigation Census (2013-14)
6th Minor Irrigation Census - Surface Flow,21,unexplained,,9,arunachal bengal himachal jammu kashmir madhya pradesh uttar west,15,"year,state",6th Minor Irrigation Census - Surface Flow - Arunachal Pradesh | 6th Minor Irrigation Census - Surface Flow - Assam
List of ongoing projects under North East Special Infrastructure Development Scheme (NESIDS) for Assam as on date,40,unexplained,,9,arunachal bridges education health power pradesh road supply water,7,state,List of ongoing projects under North East Special Infrastructure Development Scheme (NESIDS) for Assam as on date | List of ongoing projects under North East Special Infrastructure Development Scheme (NESIDS) for Arunachal Pradesh as on date
"Monthly, Seasonal and Annual Maximum Temperature",16,unexplained,,9,max maximum mean min minimum monthly series temp temperature,1,year,Seasonal and Annual Mean Temp Series - India from 1901 to 2014 |  Seasonal and Annual Min/Max Temp Series - India from 1901 to 2014
"State, UT & City-Wise Number of Burglary Cases Reported and Value of Property Stolen by Place of Occurrence (schema 12)",4,unexplained,,9,away burglary dacoity number numbers robbery stolen taken theft,0,year,"State, UT & City-wise Number of Cases Reported and Value of Property taken away by Place of Occurrence during 1998 Dacoity | State, UT & City-Wise Number of Cases Reported and Value of Property taken away by Place of Occurrence during 1998 Robbery"
Village Amenities for Rajouri District of Jammu Kashmir,9,unexplained,,9,pulwama punch rajouri ramban reasi samba shupiyan srinagar udhampur,0,,"Village Amenities for Pulwama District of Jammu Kashmir, 2011 | Village Amenities for Punch District of Jammu Kashmir, 2011"
"State, UT & City-Wise Number of Burglary Cases Reported and Value of Property Stolen by Place of Occurrence (schema 5)",7,unexplained,,9,away burglary dacoity ipc robbery sec stolen taken theft,0,year,State/UT & City-wise Theft (Sec.379-382 IPC) Cases Reported and Value of Property stolen by Place of Occurrence during 2004 | State/UT & City-wise Robbery Cases Reported and Value of Property Taken Away by Place of Occurrence during 2002
Crime Head-wise Disposal of Persons Arrested for Crime against Children in Metropolitan Cities (schema 5),5,unexplained,,9,atrocities caste children citizen s scheduled senior tribe women,0,year,Disposal of Persons Arrested for Crime against Women in Metropolitan Cities during 2020 | Disposal of Persons Arrested for Crime against Children in Metropolitan Cities during 2020
State/UT-wise Disposal of Persons Arrested under IPC Crimes by Courts (schema 5),5,unexplained,,9,cases crime crimes cyber ipc sll under ut uts,0,year,State/UT-wise Disposal of Persons Arrested under IPC Crimes during 2021 | State/UT-wise Disposal of Persons Arrested under SLL Crimes during 2021
Block wise Construction of Deep Tubewells over the years for 2nd Census of Minor Irrigation Schemes (1993-94) (schema 1),6,unexplained,,8,2nd 3rd deep dugwells scheme schemes shallow tubewells,0,,District wise Construction of Deep Tubewells over the years for 2nd Census of Minor Irrigation Schemes (1993-94) | District wise Construction of Deep Tubewells over the years for 3rd census of minor irrigation scheme (2000-01)
Block wise Culturable Command Area and Potential Created through Deep Tubewells for 2nd Census of Minor Irrigation Schemes (1993-94) (schema 1),5,unexplained,,8,2nd 3rd deep dugwells scheme schemes shallow tubewells,0,year,District wise Culturable Command Area and Potential Created through Deep Tubewells for 2nd Census of Minor Irrigation Schemes (1993-94) | District wise Culturable Command Area and Potential Created through Deep Tubewells for 3rd census of minor irrigation scheme (2000-01)
Block wise Construction of Deep Tubewells over the years for 2nd Census of Minor Irrigation Schemes (1993-94) (schema 2),6,unexplained,,8,2nd 3rd deep dugwells scheme schemes shallow tubewells,0,,State wise Construction of Deep Tubewells over the years for 2nd Census of Minor Irrigation Schemes (1993-94) | State wise Construction of Deep Tubewells over the years for 3rd census of minor irrigation scheme (2000-01)
Block wise Culturable Command Area and Potential Created through Deep Tubewells for 2nd Census of Minor Irrigation Schemes (1993-94) (schema 2),5,unexplained,,8,2nd 3rd deep dugwells scheme schemes shallow tubewells,0,year,State wise Culturable Command Area and Potential Created through Deep Tubewells for 3rd census of minor irrigation scheme (2000-01) | State wise Culturable Command Area and Potential Created through Deep Tubewells for 2nd Census of Minor Irrigation Schemes (1993-94)
Block wise Construction of Deep Tubewells over the years for 2nd Census of Minor Irrigation Schemes (1993-94) (schema 3),5,unexplained,,8,2nd 3rd deep dugwells scheme schemes shallow tubewells,0,,Village wise Construction of Deep Tubewells over the years for 2nd Census of Minor Irrigation Schemes (1993-94) | Village wise Construction of Deep Tubewells over the years for 3rd census of minor irrigation scheme (2000-01)
Season wise Potential Utilised (Temporary not in use) Through Medium Tubewells for 5th Minor Irrigation Census (2013-14),12,unexplained,,8,deep dugwells medium not shallow temporary tubewells use,0,,Season wise Potential Utilised Through All Dugwells for 5th Minor Irrigation Census (2013-14) | Season wise Potential Utilised (in use) Through Dugwells for 5th Minor Irrigation Census (2013-14)
CCA and Season wise Potential Created (Permanently not in use) Thorugh Surface Lift Schemes for 5th Minor Irrigation Census (2013-14),8,unexplained,,8,flow lift not permanently temporary thorugh through use,0,,CCA and Season wise Potential Created Through all Surface Flow Schemes for 5th Minor Irrigation Census (2013-14) | CCA and Season wise Potential Created (in use) Through Surface Flow Schemes for 5th Minor Irrigation Census (2013-14)
Fleet Strength and Utilisation of Aircraft by Air Asia,13,unexplained,,8,air alliance asia costa go indigo pegasus zoom,1,,Fleet Strength and Utilisation of Aircraft by Air Asia during 2014-15 and 2015-16 | Fleet Strength and Utilisation of Aircraft by Air Costa from 2013-14 to 2015-16
Type of Aircraft wise Fleet Statistics of Air Asia,13,unexplained,,8,air alliance asia costa go indigo pegasus zoom,1,,Type of Aircraft wise Fleet Statistics of Air Asia during 2015-16 | Type of Aircraft wise Fleet Statistics of Air Costa during 2015-16
International Traffic Carried To and From India on Scheduled Services of Air India Express,13,unexplained,,8,air airways express indigo jet jetlite ofbluedart spicejet,1,,International Traffic Carried To and From India on Scheduled Services of Air India from 2009-10 to 2015-16 | International Traffic Carried To and From India on Scheduled Services of Air India Express from 2009-10 to 2015-16
State Wise Distribution Of Enterprises By Nature Of Operation (Fourth All India Census of MSME: Unregistered Sector),5,unexplained,,8,activity industry nature operation organisation owner religion type,1,,State-Wise Distribution Of  Enterprises By Nature Of Activity  (Fourth All India Census of MSME: Unregistered Sector) | State Wise Distribution Of Enterprises By Nature Of Operation (Fourth All India Census of MSME: Unregistered Sector)
State/UT-wise Juveniles Apprehended under IPC Crimes by Age Group & Sex (schema 4),4,unexplained,,8,city ciy crime crimes ipc jueniles juveniles sll,0,year,"State, UT & City wise Jueniles Apprehended Under IPC Crimes by Age Group & Sex during 1999 | State, UT & City wise Juveniles Apprehended Under SLL Crime By Age Group & Sex during 1999"
All-India level Crime Head-wise Persons Arrested under IPC Crimes during 1988 and Percentage Variation in 1988 over (schema 1),11,unexplained,,8,different head heads ipc lsl sll variation wise,1,,All-India level Crime Head-wise Persons Arrested under IPC Crimes during 1990 and Percentage Variation in 1990 over 1989 | All-India level Crime Head-wise Persons Arrested under IPC Crimes during 1992 and Percentage Variation in 1992 over 1991
Crime Head-wise Disposal of Persons Arrested for Crime against Children in Metropolitan Cities (schema 6),4,unexplained,,8,atrocities caste children number s scheduled tribe women,0,year,Crime Head-wise Disposal of Persons Arrested for Crime against Women in Metropolitan Cities during 2021 | Crime Head-wise Disposal of Persons Arrested for Crime/Atrocities against Scheduled Caste(s) in Metropolitan Cities during 2021
Block wise Distribution of Surface Flow Schemes according to Social status for 3rd census of minor irrigation scheme (2000-01) (schema 1),3,unexplained,,7,2nd 3rd flow lift scheme source sources,0,year,District wise Distribution of Surface Flow Schemes according to Finance source for 2nd census of Minor Irrigation Schemes (1993-94) | District wise Distribution of Surface Flow Schemes according to source of Finance for 3rd census of minor irrigation scheme (2000-01)
Block wise Culturable Command Area and Potential Created through Deep Tubewells for 2nd Census of Minor Irrigation Schemes (1993-94) (schema 3),4,unexplained,,7,2nd 3rd dugwells scheme schemes shallow tubewells,0,year,Village wise Culturable command area and potential created through Dugwells for 2nd census of minor irrigation schemes (1993-94) | Village wise Culturable Command Area and Potential Created through Dugwells for 3rd census of minor irrigation scheme (2000-01)
State-wise Number and Arca of Operational Holdings for All Social Groups of Semi-medium Size Group,5,unexplained,,7,arca area large marginal medium semi small,0,year,State-wise Number and Area of Operational Holdings for All Social Groups of Marginal Size Group during 2005-06 and 2010-11 | State-wise Number and Area of Operational Holdings for All Social Groups of Small Size Group during 2005-06 and 2010-11
Rainfall in Central India and its departure from normal for Monsoon session,10,unexplained,,7,central east ne north nw sept west,1,year,Rainfall in All India and its departure from normal for Monsoon Session (June-Sept) from 1901 to 2015 | Rainfall in All India and its departure from normal for Monsoon Session (June-Sept) from 1901 to 2016
Traffic handled at Chennai Port Trust Principal Commodity wise -up,6,unexplained,,7,c chennai cochin o trust up v,0,year,Traffic handled at Cochin Port Principal Commodity-wise 1950-51 to 2020-21 | Principal Commodity-wise Traffic handled at Cochin Port from 1950-51 to 2019-20
Percentage Distribution of Cognizable Crimes (IPC) Under Different Crime Heads (schema 1),15,unexplained,,7,crime distribition distribution dnder ipc sll under,0,,Percentage Distribition of Cognizable Crimes (SLL) under different Crimes Heads from 1994 to 1998 | Percentage Distribition of Cognizable Crimes (SLL) under different Crimes Heads (1996-2000)
Town Amenities for Rajauri District of Jammu Kashmir,7,unexplained,,7,pulwama punch rajauri ramban reasi samba srinagar,0,,"Town Amenities for Pulwama District of Jammu Kashmir, 2011 | Town Amenities for Punch District of Jammu Kashmir, 2011"
"Single Year Age Returns by Residence and Sex, 2001 -Himachal Pradesh",26,unexplained,,7,andhra arunachal daman diu himachal madhya pradesh,21,state,"Single Year Age Returns by Residence and Sex, 2001 -India | Single Year Age Returns by Residence and Sex, 2001 -Himachal Pradesh"
State & UT-wise Age-group wise Percentage of Foreign Detenues to Total Foreign Detenues at the end (schema 2),4,unexplained,,7,31st end group groups number ut uts,0,year,"State/UT-wise and Age-group wise Percentage of Foreign Detenues to Total Foreign Detenues at the end of 2015 | State/UT-wise Age-group wise Percentage of Foreign Detenues to Total Foreign Detenues as on 31st December, 2020"
"State, UT & City-wise Property Stolen and Recovered (schema 4)",7,unexplained,,7,cattle cycles dacoity explosives robbery thefts wire,0,year,"State, UT & City-wise Property Stolen and Recovered under Dacoity during 1971 | State, UT & City-wise Property Stolen and Recovered under Robbery during 1971"
Distribution of Scheduled Caste Population by Sex,4,unexplained,,7,bhagalpur madhya pradesh purbi raigarh sidhi singhbhum,1,"year,state","Distribution of Scheduled Caste Population by Sex for Bhagalpur District of Bihar, 1991 | Distribution of Scheduled Caste Population by Sex for Purbi Singhbhum District of Bihar, 1991"
Crime Head-wise Disposal of Persons Arrested under IPC Crimes in Metropolitan Cities (schema 1),11,unexplained,,7,cases crime crimes cyber ipc sll under,0,year,City-wise Disposal of Persons Arrested under IPC Crimes in Metropolitan Cities during 2016 | City-wise Disposal of Persons Arrested under SLL Crimes in Metropolitan Cities during 2016
"State/UT-wise Incidence, Rate and Percentage Contribution to All India Total of Crimes (P) Committed Against Scheduled Castes (schema 2)",4,unexplained,,7,castes crime crimes i p r tribes,1,,"State/UT-wise Incidence (I), Rate (R) and Percentage Contribution to All India Total of Crimes (P) committed against Scheduled Castes during 2009 | State/UT-wise Incidence (I), Rate (R) and Percentage Contribution to All India (P) of Crime committed against Scheduled Tribes during 2009"
State/UT-wise Disposal of Persons Arrested under IPC Crimes by Courts (schema 6),4,unexplained,,7,cases crime crimes cyber ipc sll under,0,year,State/UT-wise Disposal of Persons Arrested for Cyber Crime Cases during 2020 | State/UT-wise Disposal of Persons Arrested under IPC Crimes during 2020
Crime Head-wise Disposal of Persons Arrested under IPC Crimes in Metropolitan Cities (schema 4),4,unexplained,,7,cases crime crimes cyber ipc sll under,0,year,Disposal of Persons Arrested for Cyber Crime Cases in Metropolitan Cities during 2020 | Disposal of Persons Arrested under IPC Crimes (in Metropolitan Cities) during 2020
Block wise Deep Tubewells according to Water Distribution System for 2nd Census of Minor Irrigation Schemes (1993-94) (schema 2),4,unexplained,,6,2nd 3rd deep scheme schemes shallow,0,year,District wise Deep Tubewells according to Water Distribution System for 2nd Census of Minor Irrigation Schemes (1993-94) | District wise Deep Tubewells according to Water Distribution System for 3rd census of minor irrigation scheme (2000-01)
Block wise Distribution of Deep Tubewells according to ownership for 2nd Census of Minor Irrigation Schemes (1993-94) (schema 2),3,unexplained,,6,2nd 3rd deep scheme schemes shallow,0,year,District wise Distribution of Deep Tubewells according to ownership for 2nd Census of Minor Irrigation Schemes (1993-94) | District wise Distribution of Shallow Tubewells according to ownership for 2nd Census of Minor Irrigation Schemes (1993-94)
Block wise Distribution of Deep Tubewells according to Social status for 2nd Census of Minor Irrigation Schemes (1993-94) (schema 2),3,unexplained,,6,2nd 3rd deep scheme schemes shallow,0,year,District wise Distribution of Deep Tubewells according to Social status for 2nd Census of Minor Irrigation Schemes (1993-94) | District wise Distribution of Deep Tubewells according to Social status for 3rd census of minor irrigation scheme (2000-01)
Block wise Distribution of Deep Tubewells according to The Farmers holding size for 2nd Census of Minor Irrigation Schemes (1993-94) (schema 2),4,unexplained,,6,2nd 3rd deep scheme schemes shallow,0,,District wise Distribution of Deep Tubewells according to The Farmers holding size for 2nd Census of Minor Irrigation Schemes (1993-94) | District wise Distribution of Deep Tubewells according to The Farmers holding size for 3rd census of minor irrigation scheme (2000-01)
Block wise Distribution of Deep Tubewells by Status for 2nd Census of Minor Irrigation Schemes (1993-94) (schema 2),3,unexplained,,6,2nd 3rd deep scheme schemes shallow,0,year,District wise Distribution of Deep Tubewells by Status for 3rd census of minor irrigation scheme (2000-01) | District wise Distribution of Shallow Tubewells by Status for 2nd Census of Minor Irrigation Schemes (1993-94)
Block wise Distribution of Surface Flow Schemes according to The Farmers holding size for 3rd census of minor irrigation scheme (2000-01) (schema 4),2,unexplained,,6,2nd 3rd farmers flow lift scheme,0,,District wise Distribution of Surface Flow Schemes according to the holding size for 2nd census of Minor Irrigation Schemes (1993-94) | District wise Distribution of Surface Lift Schemes according to The Farmers holding size for 3rd census of minor irrigation scheme (2000-01)
Block wise Deep Tubewells according to Water Distribution System for 2nd Census of Minor Irrigation Schemes (1993-94) (schema 3),4,unexplained,,6,2nd 3rd deep scheme schemes shallow,0,year,State wise Deep Tubewells according to Water Distribution System for 3rd census of minor irrigation scheme (2000-01) | State wise Deep Tubewells according to Water Distribution System for 2nd Census of Minor Irrigation Schemes (1993-94)
Block wise Distribution of Deep Tubewells according to ownership for 2nd Census of Minor Irrigation Schemes (1993-94) (schema 3),3,unexplained,,6,2nd 3rd deep scheme schemes shallow,0,year,State wise Distribution of Deep Tubewells according to ownership for 2nd Census of Minor Irrigation Schemes (1993-94) | State wise Distribution of Shallow Tubewells according to ownership for 3rd census of minor irrigation scheme (2000-01)
Block wise Distribution of Deep Tubewells according to The Farmers holding size for 2nd Census of Minor Irrigation Schemes (1993-94) (schema 3),4,unexplained,,6,2nd 3rd deep scheme schemes shallow,0,,State wise Distribution of Deep Tubewells according to The Farmers holding size for 3rd census of minor irrigation scheme (2000-01) | State wise Distribution of Deep Tubewells according to The Farmers holding size for 2nd Census of Minor Irrigation Schemes (1993-94)
Block wise Distribution of Deep Tubewells by Status for 2nd Census of Minor Irrigation Schemes (1993-94) (schema 3),3,unexplained,,6,2nd 3rd deep scheme schemes shallow,0,year,State wise Distribution of Deep Tubewells by Status for 3rd census of minor irrigation scheme (2000-01) | State wise Distribution of Shallow Tubewells by Status for 3rd census of minor irrigation scheme (2000-01)
Block wise Distribution of Surface Flow Schemes according to The Farmers holding size for 3rd census of minor irrigation scheme (2000-01) (schema 1),3,unexplained,,6,2nd 3rd farmers flow lift scheme,0,,State wise Distribution of Surface Flow Schemes according to The Farmers holding size for 3rd census of minor irrigation scheme (2000-01) | State wise Distribution of Surface Flow Schemes according to the holding size for 2nd census of Minor Irrigation Schemes (1993-94)
Block wise Deep Tubewells according to Water Distribution System for 2nd Census of Minor Irrigation Schemes (1993-94) (schema 1),4,unexplained,,6,2nd 3rd deep scheme schemes shallow,0,year,Village wise Deep Tubewells according to Water Distribution System for 2nd Census of Minor Irrigation Schemes (1993-94) | Village wise Deep Tubewells according to Water Distribution System for 3rd census of minor irrigation scheme (2000-01)
Block wise Distribution of Deep Tubewells according to ownership for 2nd Census of Minor Irrigation Schemes (1993-94) (schema 1),3,unexplained,,6,2nd 3rd deep scheme schemes shallow,0,year,Village wise Distribution of Deep Tubewells according to ownership for 2nd Census of Minor Irrigation Schemes (1993-94) | Village wise Distribution of Shallow Tubewells according to ownership for 2nd Census of Minor Irrigation Schemes (1993-94)
Block wise Distribution of Deep Tubewells according to Social status for 2nd Census of Minor Irrigation Schemes (1993-94) (schema 1),3,unexplained,,6,2nd 3rd deep scheme schemes shallow,0,year,Village wise Distribution of Deep Tubewells according to Social status for 2nd Census of Minor Irrigation Schemes (1993-94) | Village wise Distribution of Deep Tubewells according to Social status for 3rd census of minor irrigation scheme (2000-01)
Block wise Distribution of Deep Tubewells according to The Farmers holding size for 2nd Census of Minor Irrigation Schemes (1993-94) (schema 1),4,unexplained,,6,2nd 3rd deep scheme schemes shallow,0,,Village wise Distribution of Deep Tubewells according to The Farmers holding size for 2nd Census of Minor Irrigation Schemes (1993-94) | Village wise Distribution of Deep Tubewells according to The Farmers holding size for 3rd census of minor irrigation scheme (2000-01)
Block wise Distribution of Deep Tubewells by Status for 2nd Census of Minor Irrigation Schemes (1993-94) (schema 1),3,unexplained,,6,2nd 3rd deep scheme schemes shallow,0,year,Village wise Distribution of Deep Tubewells by Status for 3rd census of minor irrigation scheme (2000-01) | Village wise Distribution of Shallow Tubewells by Status for 2nd Census of Minor Irrigation Schemes (1993-94)
Season Wise Potential Utilised (Temporarily not in Use) Through Surface Lift Schemes for 5th Minor Irrigation Census (2013-14),6,unexplained,,6,flow lift not temporarily temporary use,0,,Season wise Potential Utilised Through all Surface Flow Schemes for 5th Minor Irrigation Census (2013-14) | Season wise Potential Utilised (in use) Through Surface Flow Schemes for 5th Minor Irrigation Census (2013-14)
State-wise Number and Area of Operational Holdings for Scheduled Castes of Large Size Group,5,unexplained,,6,group large marginal medium semi small,0,year,State-wise Number and Area of Operational Holdings for Scheduled Castes of Marginal Size Group during 2005-06 and 2010-11 | State-wise Number and Area of Operational Holdings for Scheduled Castes of Small Size Group during 2005-06 and 2010-11
Percentage Growth in Available Seat Kilometres of Spicejet,6,unexplained,,6,kilometers kilometres spicejet trujet vistara yearly,0,,Percentage Growth in Available Seat Kilometres of Spicejet from 2007-08 to 2015-16 | Percentage Growth in Available Seat Kilometres of Trujet from 2007-08 to 2015-16
Export data of major commodities through Port CHENNAI AIR,6,unexplained,,6,air chennai cochin export import sea,0,,Export data of major commodities through Port CHENNAI AIR for the year 2012-13 and 2013-14 | Export data of major commodities through Port CHENNAI SEA for the year 2012-13 and 2013-14
"Monthly, Seasonal and Annual Maximum Temeprature Series for the period",4,unexplained,,6,maximum mean minimum monthly temeprature temperature,0,,"Monthly, Seasonal and Annual Mean Temperature Series for the period 1901-2021 | Monthly, Seasonal and Annual Maximum Temeprature Series for the period 1901-2021"
State/UT-wise Number of Schools by Management and Availability of Boy Toilet and Functional Boy Toilet (schema 1),2,unexplained,,6,boy boys details number ut uts,0,year,State/UT-wise Number of Schools by Management and Availability of Boy Toilet and Functional Boy Toilet during 2021-22 | State/UTs-wise Details of Schools by Management and Availability of Boys Toilet and Functional Boys Toilet during 2023-24
State/UT-wise Number of Schools by Management and Availability of Boy Toilet and Functional Boy Toilet (schema 2),2,unexplained,,6,details girl girls number ut uts,0,year,State/UT-wise Number of Schools by Management and Availability of Girl Toilet and Functional Girl Toilet during 2021-22 | State/UTs-wise Details of Schools by Management and Availability of Girls Toilet and Functional Girls Toilet during 2023-24
Principal Commodity-wise Traffic handled at Mormugao Port,8,unexplained,,6,kamarajar kandla mormugao mumbai paradip up,0,year,Principal Commodity-wise Traffic handled at Kandla Port from 1954-55 to 2019-20 | Principal Commodity-wise Traffic handled at Mumbai Port from 1950-51 to 2019-20
State/UT-wise Number of Pedestrians Killed in Accidents Classified by the Type of Impacting Vehicles (schema 3),4,unexplained,,6,bicycle pedestrians persons trucks two wheelers,0,,State/UT-wise Number of Pedestrians killed in Accidents Classified by the Type of Impacting Vehicles during 2023 | State/UT-wise Number of Persons Killed in Bicycle Accidents Classified by the Type of Impacting Vehicles during 2023
State/UT-wise Accidents Victims Classified According to Non-Use of Safety Device (Non Wearing of Helmet) (schema 2),5,unexplained,,6,accident accidents belt helmet number seat,0,year,State/UT-wise Number of Accidents Classified According to Non-Use of Safety Device ( Non-Wearing of Seat Belt) by Victims during 2023 | State/UT-wise Number of Accidents Classified According to Non-Use of Safety Device ( Non-Wearing of Seat Belt) by Victims during 2022
Capital Formation by Type of Assets and by Type of Institutions at current Prices (schema 1),8,unexplained,,6,constant current institution institutions price prices,0,,Capital Formation By Type Of Assets And BY Type Of Institution At current Price upto 2011-12 | Capital Formation By Type Of Assets And BY Type Of Institution At Constant Price upto 2011-12
State-wise Gross Domestic Product (GDP) at constant price on yearly basis,4,unexplained,,6,constant current gdp gross ndp net,0,,State-wise Gross Domestic Product (GDP) at current Price on yearly basis | State-wise Gross Domestic Product (GDP) at constant price on yearly basis
"Ever Married and Currently Married Population by Age At Marriage and Duration Of Marriage, 2001 -Andaman & Nicobar Islands",5,unexplained,,6,community educational island islands level religious,0,,"Ever married and currently married population by age at marriage and duration of marriage, 2001 - ANDAMAN & NICOBAR ISLAND | Ever married and currently married population by age at marriage, duration of marriage and religious community, 2001 - ANDAMAN & NICOBAR ISLAND"
"State, UT & City-Wise Number of Burglary Cases Reported and Value of Property Stolen by Place of Occurrence (schema 15)",3,unexplained,,6,away burglary robbery stolen taken theft,0,year,"Number of Robbery Cases reported and value of Property taken away by Place of Occurrence during 2000 (State ,UT & city-wise) | Number of Burglary Cases reported and value of Property stolen by Place of Occurrence during 2000 (State ,UT & city-wise)"
State/UT-wise Juveniles Apprehended under IPC Crimes by Age Group & Sex (schema 7),2,unexplained,,6,city ciy crime crimes ipc sll,0,year,"State, UT & Ciy-Wise Juveniles apprehended under IPC Crimes by age group & Sex during 1997 | State, UT & City-Wise Juveniles Apprehended under SLL Crime by age group & Sex during 1997"
All-India level Crime Head & Gender-wise Persons Arrested under Local and Special Laws,7,unexplained,,6,acts gender l sex sl sll,1,year,All-India level Crime Head & Gender-wise Persons Arrested under Local and Special Laws during 1990 | All-India level Crime Head & Gender-wise Persons Arrested under Local and Special Laws during 1992
All-India level Juveniles Apprehended under IPC & LSL Crimes by Age Group & Sex (schema 1),8,unexplained,,6,crime crimes l lsl sl sll,1,,All-India level Juveniles Apprehended under IPC & LSL Crimes by Sex from 1980 to 1990 | All-India level Juveniles Apprehended under IPC & LSL Crimes by Sex from 1982 to 1992
All-India level Juveniles Apprehended under IPC & LSL Crimes by Age Group & Sex (schema 5),2,unexplained,,6,ad group groups l lsl sl,1,year,All-India level Juveniles Apprehended under IPC & LSL Crimes by Age Group & Sex during 1992 | All-India level Juveniles Apprehended under IPC ad L & SL Crimes by Age Groups & Sex during 1993
State & UT-wise Capacity and Population of Inmates in Special Jails at the end (schema 8),7,unexplained,,6,central open other special sub women,0,,State & UT-wise Capacity and Population of Inmates in Central Jails at the end of 2014 | State & UT-wise Capacity and Population of Inmates in District Jails at the end of 2014
All India level Disposal of Persons Arrested under IPC Crimes under Trial in Court (schema 2),2,unexplained,,6,c court courts i ipc p,1,,All India level Disposal of Persons Arrested under IPC Crimes under Trial in Courts during 1987 | All India level Disposal of Persons Arrested under I.P.C Crimes under Trial in Court during 1986
"State, UT & City-wise Juveniles Apprehended by Age Group for Committing Crimes under Local and Special Laws (schema 2)",14,unexplained,,6,crime crimes group groups juvenile juveniles,0,year,"State, UT & City-wise Juveniles Apprehended by Age Group for Committing Crimes under Local & Special Laws during 1986 | State, UT & City-wise Juveniles Apprehended by Age Group for Committing Crime under Local & Special Laws during 1985"
State & UT-wise Percentage Distribution of Foreigner Undertrials to Total Foreigners Undertrials by Age-groups at the end (schema 2),4,unexplained,,6,31st details end foreign foreigner foreigners,0,year,"State/UT-wise Percentage Distribution of Foreigner Undertrials to Total Foreigners Undertrials by Age-groups at the end of 2015 | State/UT-wise Percentage Distribution of Foreign Undertrials to Total Foreign Undertrials by Age-groups as on 31st December, 2020"
State & UT-wise Percentage Distribution of Foreigner Convicts to Total Foreigners Convicted by Age-groups at the end (schema 3),3,unexplained,,6,31st convicted end foreign foreigner foreigners,0,year,"State/UT-wise Percentage Distribution of Foreigner Convicts to Total Foreigners Convicted by Age-groups at the end of 2015 | State/UT-wise Percentage Distribution of Foreign Convicts to Total Foreign Convicts by Age-groups as on 31st December, 2020"
State & UT-wise Distribution of Convicts in Jails by Sex and Age-groups at the end (schema 1),25,unexplained,,6,31st convicts detenues end foreign foreigner,0,year,State & UT-wise Distribution of Convicts in Jails by Sex and Age-groups at the end of 2014 | State & UT-wise Distribution of Foreign Convicts in Jails by Sex and Age-groups at the end of 2014
State & UT-wise Percentage Distribution of Foreigner Convicts to Total Foreigners Convicted by Age-groups at the end (schema 1),12,unexplained,,6,31st convicted end foreign foreigner foreigners,0,year,State & UT-wise Percentage Distribution of Foreigner Convicts to Total Foreigners Convicted by Age-groups at the end of 2014 | State & UT-wise Percentage Distribution of Foreigner Convicts to Total Foreigners Convicted by Age-groups at the end of 2013
State/UT-wise Disposal of Persons Arrested under IPC Crimes by Courts (schema 2),15,unexplained,,6,cases crime crimes cyber ipc sll,0,year,State/UT-wise Disposal of Persons Arrested under Cyber Crimes during 2016 | State/UT-wise Disposal of Persons Arrested under IPC Crimes during 2016
Crime Head-wise Disposal of Persons Arrested under IPC Crimes in Metropolitan Cities (schema 2),6,unexplained,,6,cases crimes cyber ipc sll under,0,year,Crime Head-wise Disposal of Persons Arrested under IPC Crimes in Metropolitan Cities during 2016 | Crime Head-wise Disposal of Persons Arrested under SLL Crimes in Metropolitan Cities during 2016
Disposal of Persons by Courts Arrested for Committing Crimes Against Scheduled Castes (schema 1),11,unexplained,,6,castes courts police tribes ut wise,0,,"Disposal of Persons Arrested by Police for Committing Crimes against Scheduled Castes during 2008 | Disposal, by Police, of Persons Arrested for Committing Crimes against Scheduled Tribes during 2008"
Disposal of Persons by Courts Arrested for Committing Crimes Against Scheduled Castes (schema 2),7,unexplained,,6,castes crime crimes tribes ut wise,0,,State/UT-wise Disposal of Persons by Courts Arrested for Committing Crime against Scheduled Castes during 2004 | State/UT-wise Disposal of Persons by Courts Arrested for Committing Crime against Scheduled Tribes during 2004
Crime Head-wise Police Disposal of Cyber Crime Cases in Metropolitan Cities (schema 2),5,unexplained,,6,cases crime crimes cyber ipc sll,0,,City-wise Police Disposal of Cyber Crime Cases in Metropolitan Cities during 2017 | City-wise Police Disposal of IPC Crimes in Metropolitan Cities during 2017
Crime Head-wise Police Disposal of Cyber Crime Cases in Metropolitan Cities (schema 1),5,unexplained,,6,cases crime crimes cyber ipc sll,0,,City-wise Court Disposal of Cyber Crime Cases in Metropolitan Cities during 2017 | City-wise Court Disposal of SLL Crime Cases in Metropolitan Cities during 2017
Crime Head-wise Police Disposal of Cyber Crime Cases in Metropolitan Cities (schema 9),3,unexplained,,6,cases crime crimes cyber ipc sll,0,,City-wise Police Disposal of IPC Crimes in Metropolitan Cities during 2019 | City-wise Police Disposal of SLL Crime Cases in Metropolitan Cities during 2019
Crime Head-wise Disposal of Persons Arrested under IPC Crimes in Metropolitan Cities (schema 6),2,unexplained,,6,cases crimes cyber ipc under wise,0,year,"Crime Head, Disposal of Persons Arrested under IPC Crimes in Metropolitan Cities during 2019 | Crime Head-wise Disposal of Persons Arrested for Cyber Crime Cases in Metropolitan Cities during 2019"
Block wise Culturable Command Area and Potential Created through Surface Flow Schemes for 3rd census of minor irrigation scheme (2000-01) (schema 3),2,unexplained,,5,2nd 3rd flow lift scheme,0,year,District wise Culturable Command Area and Potential Created through Surface Flow Schemes for 3rd census of minor irrigation scheme (2000-01) | District wise Culturable command area and potential created through surface lift schemes for 2nd census of minor irrigation schemes (1993-94)
Block wise Distribution of Dugwells according to The Farmers holding size for 3rd census of minor irrigation scheme (2000-01) (schema 1),2,unexplained,,5,2nd 3rd farmers scheme schemes,0,,District wise Distribution of Dugwells according to The Farmers holding size for 3rd census of minor irrigation scheme (2000-01) | District wise Distribution of Dugwells according to the holding size for 2nd census of minor irrigation schemes
Block wise Distribution of Dugwells by Status for 3rd census of minor irrigation scheme (2000-01) (schema 1),2,unexplained,,5,2nd 3rd its scheme schemes,0,,District wise Distribution of Dugwells by its type for 2nd census of minor irrigation schemes | District wise Distribution of Dugwells by type for 3rd census of minor irrigation scheme (2000-01)
Block wise Distribution of Surface Flow Schemes according to Social status for 3rd census of minor irrigation scheme (2000-01) (schema 2),3,unexplained,,5,2nd 3rd flow lift scheme,0,year,District wise Distribution of Surface Flow Schemes according to Social status for 3rd census of minor irrigation scheme (2000-01) | District wise Distribution of Surface Flow Schemes according to social status for 2nd census of Minor Irrigation Schemes (1993-94)
Block wise Surface Flow Schemes according to Water Distribution System for 3rd census of minor irrigation scheme (2000-01) (schema 1),4,unexplained,,5,2nd 3rd flow lift scheme,0,year,District wise Surface Flow Schemes according to Water Distribution System for 3rd census of minor irrigation scheme (2000-01) | District wise Surface Flow Schemes according to water distribution system for 2nd census of Minor Irrigation Schemes (1993-94)
Block wise Construction of Surface Flow Schemes over the years for 3rd census of minor irrigation scheme (2000-01) (schema 1),3,unexplained,,5,2nd 3rd flow lift scheme,0,,State wise Construction of Surface Flow Schemes over the years for 3rd census of minor irrigation scheme (2000-01) | State wise construction of Surface Flow schemes over the years for 2nd census of Minor Irrigation Schemes (1993-94)
Block wise Surface Flow Schemes according to Water Distribution System for 3rd census of minor irrigation scheme (2000-01) (schema 2),4,unexplained,,5,2nd 3rd flow lift scheme,0,year,State wise Surface Flow Schemes according to Water Distribution System for 3rd census of minor irrigation scheme (2000-01) | State wise Surface Flow Schemes according to water distribution system for 2nd census of minor irrigation schemes (1993-94)
Block wise Surface Flow Schemes according to Water Distribution System for 3rd census of minor irrigation scheme (2000-01) (schema 3),3,unexplained,,5,2nd 3rd flow lift scheme,0,year,Village wise Surface Flow Schemes according to Water Distribution System for 3rd census of minor irrigation scheme (2000-01) | Village wise Surface Flow Schemes according to water distribution system for 2nd census of Minor Irrigation Schemes (1993-94)
"Distribution of Deep Tubewells (in use, Temporarily not in use) According to Total Hours of Pumping Operation for 5th Minor Irrigation Census (2013-14) (schema 2)",4,unexplained,,5,deep dugwells medium shallow tubewells,0,,"Distribution of Dugwells  (in Use, Temporarily not in use)  According to Total Pumping  Hours of Operation for 5th Minor Irrigation Census (2013-14) | Distribution of Shallow Tubewells (in use, Temporarily not in use)  According to Total Hours of Pumping Operation for 5th Minor Irrigation Census (2013-14)"
"Distribution of Deep Tubewells (in use, Temporarily not in use) According to Total Hours of Pumping Operation for 5th Minor Irrigation Census (2013-14) (schema 1)",4,unexplained,,5,deep dugwells medium shallow tubewells,0,,"Distribution of Dugwells  (in Use, Temporarily not in use) According to Average Hours of Pumping Per Day for 5th Minor Irrigation Census (2013-14) | Distribution of Shallow Tubewells (in Use, Temporarily Not In Use)  According To Average Hours Of Pumping Per Day for 5th Minor Irrigation Census (2013-14)"
Employees Productivity of Air Asia,10,unexplained,,5,alliance asia costa go zoom,1,,Employees Productivity of Air Asia during 2014-15 and 2015-16 | Employees Productivity of Air Costa from 2013-14 to 2015-16
Monthly Traffic and Operating Statistics of All Scheduled Indian Airlines on Scheduled Domestic Services (schema 1),9,unexplained,,5,domestic indian international national private,0,,Monthly Traffic and Operating Statistics of All Scheduled National Airlines on Scheduled Domestic Services during 2015-16 | Monthly Traffic and Operating Statistics of All Scheduled Private Airlines on Scheduled Domestic Services during 2015-16
Annual Comparative Statement of Traffic on Domestic Scheduled Services of All Scheduled Indian Airlines (schema 1),9,unexplained,,5,domestic indian international national private,0,,Annual Comparative Statement of Traffic on Domestic Scheduled Services of All Scheduled Indian Airlines from 2013-14 to 2015-16 | Annual Comparative Statement of Traffic on Domestic Scheduled Services of All Scheduled National Airlines from 2013-14 to 2015-16
Details of Annual Traffic and Operating Statistics on Domestic Scheduled Services of All Scheduled Indian Airlines (schema 1),9,unexplained,,5,domestic indian international national private,0,,Details of Annual Traffic and Operating Statistics on Domestic Scheduled Services of All Scheduled Indian Airlines from 2007-08 to 2015-16 | Details of Annual Traffic and Operating Statistics on Domestic Scheduled Services of All Scheduled National Airlines from 2007-08 to 2015-16
State-wise Distribution of Paid-up Capital of Companies Limited by Shares,12,unexplained,,5,31st government non share shares,0,year,Paid-up Capital of Companies Limited By Shares As On 31st March 2012 - State-wise Distribution | Paid-up Capital of Government Companies Limited By Shares As On 31st March 2012 - State-wise Distribution
List of Ongoing Projects Under NLCPR: for Meghalaya for Power as on Date,20,unexplained,,5,health nesrip nlcpr power sports,4,state,List of Ongoing Projects under NLCPR for Manipur as on date | List of Ongoing Projects under NLCPR for Meghalaya as on date
List of Ongoing Projects Under NLCPR: for Arunachal Pradesh for Health as on date,4,unexplained,,5,health power sports supply water,0,,List of Ongoing Projects Under NLCPR: for Arunachal Pradesh for Health as on date  | List of Ongoing Projects Under NLCPR: for Arunachal Pradesh for Power as on Date
List of ongoing projects with funds status under NLCPR for Arunachal Pradesh for Road & Bridges as on date,4,unexplained,,5,bridges education power road sports,0,,List of ongoing projects with funds status under NLCPR for Arunachal Pradesh for Education as on date | List of ongoing projects with funds status under NLCPR for Arunachal Pradesh for Power as on Date
Seasonal Frequency of Cyclones during Pre-Monsoon,5,unexplained,,5,post pre season seasonal severe,0,,Seasonal Frequency of Cyclones during Pre-Monsoon from 1891 to 2019 | Seasonal frequency of Cyclones during Post-Monsoon from 1891 to 2019
State/UT-wise New Admission of Students in Class 1- Others who have Pre-school Experience by Gender (schema 1),4,unexplained,,5,aided government number ut uts,0,year,State/UT-wise Number of New Admission of Students in Class 1 - who have Pre-school Experience by Gender during 2021-22 | State/UT-wise New Admission of Students in Class 1- Government Aided who have Pre-school Experience by Gender during 2020-21
Pimpri Chinchwad Municipal Corporation COVID 19 Slum_Boundary,4,unexplained,,5,boundary buffer slum ward zone,0,,Pimpri Chinchwad Municipal Corporation COVID 19 Ward_Boundary | Pimpri Chinchwad Municipal Corporation COVID 19 Zone_Boundary
State/UT-wise Total Number of Grevious and Minor Injured Persons in Road Accidents on National Highways (schema 1),10,unexplained,,5,grevious grievous national ut uts,0,year,State/UT-wise Total number of grievous and Minor Injured Persons in Road Accidents on National Highways during 2017 | State/UT-wise Total number of grievous and Minor Injured Persons in Road Accidents on State Highways during 2017
State/UT-wise Pedestrians Killed According to Classification of Age and Sex (schema 1),4,unexplained,,5,number passengers persons ut uts,0,year,State/UT-wise Total Number of Persons Killed According to Classification of Age and Sex during 2018 | State/UT-wise Passengers Killed according to classification of age and sex during 2019
State/UT-wise Accidents Victims Classified According to Non-Use of Safety Device (Non Wearing of Helmet) (schema 1),8,unexplained,,5,belt helmet seat ut uts,0,year,State/UT-wise Accidents Victims Classified According to Non-Use of Safety Device (Non Wearing of Helmet) during 2018 | State/UT-wise Accidents Classified According to Non-Use of Safety Device (Non-Wearing of Seat Belt) by Victims during 2018
Category-wise Details of Total and Surfaced Road Length By Categories in India as on 31-03,2,unexplained,,5,category surface surfaced type wise,1,,Category-wise Details of Total and Surfaced Road Length By Categories in India as on 31-03-2022 | Details of Road Length By Categories and by type of Surface in India as on 31-03-2022
Web Map Service from Survey of India consisting of 362 OSM Topo Sheets for contours,4,unexplained,,5,andhra contours cover land pradesh,2,state,Web Map Service from Survey of India consisting of 362 OSM Topo Sheets for land cover in Andhra Pradesh | Web Map Service from Survey of India consisting of 362 OSM Topo Sheets for contours in Andhra Pradesh
"Household Consumer Expenditure, NSS 50th Round : July 1993 - June",5,unexplained,,5,43rd 50th 57th 62nd 63rd,0,year,"Household Consumer Expenditure, NSS 43rd Round :July 1987 - June 1988 | Household Consumer Expenditure, NSS 50th Round : July 1993 - June 1994"
Gross State Domestic Product at Constant(2004-05) Prices - From 2004-05 to 2013-14 (as on 01.03.2014),12,unexplained,,5,constant current gross net wise,0,state,Gross State Domestic Product at Constant(2004-05) Prices - From 2004-05 to 2013-14 (as on 01.03.2014) | Gross State Domestic Product at Current Prices - From 2004-05 to 2013-14 (as on 01.03.2014)
"Foreign Tourist Arrivals (FTAs), Arrivals of Non-Resident indians (NRIs) and international Tourist Arrivals (ITAs) (schema 1)",3,unexplained,,5,ftas international internationals itas nris,0,,"Inbound tourism Foreign Tourist Arrivals (FTAs), arrivals of Non-Resident Indians (NRIs) and International Tourist Arrivals (ITAs) 1981-2020 | Inbound Tourism Foreign Tourist Arrivals, Arrivals of Non-Resident Indians and International Tourist Arrivals 1981-2020"
Percentage Distribution of Cognizable Crimes (IPC) Under Different Crime Heads (schema 3),4,unexplained,,5,crime distribition distribution ipc sll,0,,Percentage Distribition of Cognizable Crimes (SLL) Under Different Crimes Heads during 1995-1999 | Percentage Distribution of Cognizable Crimes (IPC) Under Different Crime Heads during 1995-1999
All-India level Percentage Distribution of Cognizable Crimes (IPC) under different Crime Heads (schema 1),14,unexplained,,5,ipc l lsl sl sll,1,,All-India level Percentage Distribution of Cognizable Crimes (LSL) under different Crime Heads from 1986 to 1990 | All-India level Percentage Distribution of Cognizable Crimes (LSL) under different Crime Heads from 1988 to 1992
All India level Disposal of Cases under IPC by Courts (schema 3),3,unexplained,,5,crime ipc l sl sll,1,year,All-India level Disposal of IPC Cases by Courts during 1994 | All-India level Disposal of L & SL Cases by Courts during 1993
All-India level Juveniles Apprehended under IPC & LSL Crimes by Age Group & Sex (schema 3),3,unexplained,,5,group groups l lsl sl,1,,All-India level Juveniles Apprehended under IPC & LSL Crimes by Age Groups from 1982 to 1992 | All-India level Juveniles Apprehended under IPC and L & SL Crimes by Age Groups from 1983 to 1993
"State, UT & City-wise Juvenile Apprehended by Age Group for Committing Crimes under Indian Penal Code (IPC) (schema 1)",10,unexplained,,5,group groups ipc juvenile juveniles,0,year,"State, UT & City-wise Juvenile Apprehended by Age Group for Committing Crimes under Indian Penal Code (IPC) during 1983 | State, UT & City-wise Juvenile Apprehended by Age Group for Committing Crimes under Indian Penal Code (IPC) during 1982"
State & UT-wise and Sex-wise Distribution of Different Types of Prison Inmates in Central Jails at the end (schema 2),6,unexplained,,5,central open other special sub,0,year,State/UT-wise and Sex-wise Distribution of Different Types of Prison Inmates in Special Jails at the end of 2015 | State/UT-wise and Sex-wise Distribution of Different Types of Prison Inmates in Open Jails at the end of 2015
State & UT-wise and Sex-wise Distribution of Different Types of Prison Inmates in Central Jails at the end (schema 1),48,unexplained,,5,central open other special sub,0,year,State & UT-wise and Sex-wise Distribution of Different Types of Prison Inmates in Central Jails at the end of 2014 | State & UT-wise and Sex-wise Distribution of Different Types of Prison Inmates in District Jails at the end of 2014
State & UT-wise Percentage Distribution of Foreigner Undertrials to Total Foreigners Undertrials by Age-groups at the end (schema 1),12,unexplained,,5,31st end foreign foreigner foreigners,0,year,State & UT-wise Percentage Distribution of Foreigner Undertrials to Total Foreigners Undertrials by Age-groups at the end of 2014 | State & UT-wise Percentage Distribution of Foreigner Undertrials to Total Foreigners Undertrials by Age-groups at the end of 2013
"State/UT-wise Incidence, Rate and Percentage Contribution to All India Total of Crimes (P) Committed Against Scheduled Castes (schema 1)",4,unexplained,,5,castes crime crimes p tribes,1,,"State/UT-wise Incidence, Rate and Percentage Contribution to All India Total of Crimes (P) committed against Scheduled Castes during 2008 | State/UT-wise Incidence, Rate and Percentage Contribution to All India of Crime committed against Scheduled Tribes during 2008"
"State, UT & City-Wise Number of Burglary Cases Reported and Value of Property Stolen by Place of Occurrence (schema 18)",2,unexplained,,5,city dacoity stolen stolenby theft,0,year,State/UT & City-wise Dacoity (Sec. 395-398 IPC) Cases reported and Value of Property stolenby Place of Occurrence during 2011 | State/UT-wise Theft (Sec.379-382 IPC) Cases reported and Value of Property Stolen by Place of Occurrence during 2011
"State/UT-wise Incidence, Rate and Percentage Contribution to All India Total of Crimes (P) Committed Against Scheduled Castes (schema 6)",2,unexplained,,5,castes crime crimes p tribes,1,year,"State/UT-wise Incidence, Rate and Percentage Contribution to All India Total of Crimes (P) committed against Scheduled Castes during 2007 | State/UT-wise Incidence, Rate and Percentage Contribution to All India of Crime committed against Scheduled Tribes during 2007"
"State/UT-wise Incidence, Rate and Percentage Contribution to All India Total of Crimes (P) Committed Against Scheduled Castes (schema 3)",3,unexplained,,5,castes crime crimes p tribes,1,year,"State/UT-wise Incidence, Rate and Percentage Contribution to All India of Crime Committed against Scheduled Tribes during 2004 | State/UT-wise Incidence, Rate and percentage Contribution to All India(P) of Crimes Committed against Scheduled Castes during 2002"
"State, UT & City-Wise Number of Burglary Cases Reported and Value of Property Stolen by Place of Occurrence (schema 17)",2,unexplained,,5,away ipc sec stolen taken,0,year,State/UT & City-wise Dacoity (Sec. 395-398 IPC) Cases Reported and Value of Property stolen by Place of Occurrence during 2004 | State/UT & City-wise Dacoity Cases Reported and Value of Property Taken Away by Place of Occurrence during 2002
"State/UT-wise Incidence, Rate and Percentage Contribution to All India Total of Crimes (P) Committed Against Scheduled Castes (schema 4)",2,unexplained,,5,castes crime crimes p tribes,1,,"State/UT-wise Incidence, Rate and percentage Contribution to All India Total of Crimes (P) Committed against Scheduled Castes during 2003 | State/UT-wise Incidence, Rate and percentage Contribution to All India of Crime Committed against Scheduled Tribes during 2003"
Crime Head-wise Court Disposal of Crime against Children in Metropolitan Cities (schema 2),5,unexplained,,5,cases children city wise women,0,,City-wise Police Disposal of Crime against Children in Metropolitan Cities during 2017 | City-wise Police Disposal of Crime against Women Cases in Metropolitan Cities during 2018
State/UT-wise Disposal of IPC Cases by Courts (schema 1),4,unexplained,,5,cases crime crimes ipc sll,0,,State/UT-wise Court Disposal of IPC Crimes during 2017 | State/UT-wise Court Disposal of SLL Crime Cases during 2017
Crime Head-wise Police Disposal of Cyber Crime Cases in Metropolitan Cities (schema 12),3,unexplained,,5,cases crimes cyber ipc sll,0,,Crime Head-wise Police Disposal of Cyber Crime Cases in Metropolitan Cities during 2020 | Crime Head-wise Police Disposal of IPC Crimes in Metropolitan Cities during 2020
Crime Head-wise Police Disposal of Cyber Crime Cases in Metropolitan Cities (schema 7),3,unexplained,,5,cases crimes cyber ipc sll,0,,Crime Head-wise Court Disposal of Cyber Crime Cases in Metropolitan Cities during 2020 | Crime Head-wise Court Disposal of IPC Crimes in Metropolitan Cities during 2020
Crime Head-wise Police Disposal of Cyber Crime Cases in Metropolitan Cities (schema 8),3,unexplained,,5,cases crimes cyber ipc sll,0,,Crime Head-wise Court Disposal of IPC Crimes in Metropolitan Cities during 2021 | Crime Head-wise Court Disposal of SLL Crimes in Metropolitan Cities during 2021
Crime Head-wise Court Disposal of Crime against Children in Metropolitan Cities (schema 7),3,unexplained,,5,children city number wise women,0,,City-wise Number of Police Disposal of Crime against Women in Metropolitan Cities during 2022 | City-wise Number of Police Disposal of Crime against Children in Metropolitan Cities during 2022
Crime Head-wise Court Disposal of Crime against Children in Metropolitan Cities (schema 3),4,unexplained,,5,children city number wise women,0,,City-wise Number of Court Disposal of Crime against Women in Metropolitan Cities during 2022 | City-wise Number of Court Disposal of Crime against Children in Metropolitan Cities during 2022
Crime Head-wise Disposal of Persons Arrested for Crime against Children in Metropolitan Cities (schema 7),3,unexplained,,5,children city number wise women,0,year,City-wise Number of Disposal of Persons Arrested for Crime against Women in Metropolitan Cities during 2022 | Disposal of Persons Arrested for Crime against Women in Metropolitan Cities during 2023
Block wise Construction of Deep Tubewells over the years for 2nd Census of Minor Irrigation Schemes (1993-94) (schema 4),3,unexplained,,4,deep dugwells shallow tubewells,0,,Block wise Construction of Deep Tubewells over the years for 2nd Census of Minor Irrigation Schemes (1993-94) | Block wise Construction of Dugwells over the years for 2nd census Minor Irrigation Schemes (1993-94)
Block wise Construction of Deep Tubewells over the years for 2nd Census of Minor Irrigation Schemes (1993-94) (schema 5),3,unexplained,,4,deep dugwells shallow tubewells,0,,Block wise Construction of Deep Tubewells over the years for 3rd census of minor irrigation scheme (2000-01) | Block wise Construction of Dugwells over the years for 3rd census of minor irrigation scheme (2000-01)
Block wise Culturable Command Area and Potential Created through Deep Tubewells for 2nd Census of Minor Irrigation Schemes (1993-94) (schema 4),3,unexplained,,4,deep dugwells shallow tubewells,0,,Block wise Culturable Command Area and Potential Created through Deep Tubewells for 2nd Census of Minor Irrigation Schemes (1993-94) | Block wise Culturable command area and potential created through Dugwells for 2nd census of minor irrigation schemes (1993-94)
Block wise Culturable Command Area and Potential Created through Deep Tubewells for 2nd Census of Minor Irrigation Schemes (1993-94) (schema 5),3,unexplained,,4,deep dugwells shallow tubewells,0,,Block wise Culturable Command Area and Potential Created through Deep Tubewells for 3rd census of minor irrigation scheme (2000-01) | Block wise Culturable Command Area and Potential Created through Dugwells for 3rd census of minor irrigation scheme (2000-01)
Block-wise CCA and season wise potential created through Deep Tubewell - 4th Minor Irrigation Census (2006-07) (schema 1),2,unexplained,,4,deep shallow tubewell tubewells,0,,Block-wise CCA and season wise potential created through Deep Tubewell - 4th Minor Irrigation Census (2006-07) | Block-wise CCA and season wise potential created through Shallow Tubewells - 4th Minor Irrigation Census (2006-07)
Block wise Distribution of Surface Flow Schemes according to Social status for 3rd census of minor irrigation scheme (2000-01) (schema 3),2,unexplained,,4,flow lift source sources,0,,Block wise Distribution of Surface Flow Schemes according to Finance source for 2nd census of Minor Irrigation Schemes (1993-94) | Block wise Distribution of surface lift schemes according to finance sources for 2nd census of minor irrigation schemes (1993-94)
Block-wise CCA and season wise potential created through Deep Tubewell - 4th Minor Irrigation Census (2006-07) (schema 3),2,unexplained,,4,deep shallow tubewell tubewells,0,,District-wise CCA and season wise potential created through Deep Tubewell - 4th Minor Irrigation Census (2006-07) | District-wise CCA and season wise potential created through Shallow Tubewells - 4th Minor Irrigation Census (2006-07)
Block wise Distribution of Deep Tubewells according to Horse Power of Lifting Device for 2nd Census of Minor Irrigation Schemes (1993-94) (schema 7),2,unexplained,,4,2nd 3rd scheme schemes,0,year,District wise Distribution of Deep Tubewells according to Water Lifting Device for 2nd Census of Minor Irrigation Schemes (1993-94) | District wise Distribution of Deep Tubewells according to Water Lifting Device for 3rd census of minor irrigation scheme (2000-01)
Block wise Distribution of Deep Tubewells in use according to Utilization of Potential Created for 3rd census of minor irrigation scheme (2000-01) (schema 1),3,unexplained,,4,deep dugwells shallow tubewells,0,,District wise Distribution of Deep Tubewells in use according to Utilization of Potential Created for 3rd census of minor irrigation scheme (2000-01) | District wise Distribution of Dugwells in use according to Utilization of Potential Created for 3rd census of minor irrigation scheme (2000-01)
Block wise Distribution of Deep Tubewells in use and their Potential Created/ Utilized according to Public and Private for 3rd census of minor irrigation scheme (2000-01) (schema 1),3,unexplained,,4,deep dugwells shallow tubewells,0,,District wise Distribution of Deep Tubewells in use and their Potential Created/Utilized according to Public and Private for 3rd census of minor irrigation scheme (2000-01) | District wise Distribution of Dugwells in use and their Potential Created/Utilized according to Public and Private for 3rd census of minor irrigation scheme (2000-01)
District wise Distribution of Dugwells according to ownership for 2nd census of minor irrigation schemes (schema 2),2,unexplained,,4,2nd 3rd scheme schemes,0,,District wise Distribution of Dugwells according to ownership for 2nd census of minor irrigation schemes | District wise Distribution of Dugwells according to ownership for 3rd census of minor irrigation scheme (2000-01)
Block wise Distribution of Dugwells according to Social status for 3rd census of minor irrigation scheme (2000-01) (schema 2),2,unexplained,,4,2nd 3rd scheme schemes,0,,District wise Distribution of Dugwells according to social status for 2nd census of minor irrigation schemes | District wise Distribution of Dugwells according to Social status for 3rd census of minor irrigation scheme (2000-01)
Block wise Distribution of Deep Tubewells according to source of Finance for 2nd Census of Minor Irrigation Schemes (1993-94) (schema 1),2,unexplained,,4,2nd 3rd scheme schemes,0,year,District wise Distribution of Shallow Tubewells according to source of Finance for 2nd Census of Minor Irrigation Schemes (1993-94) | District wise Distribution of Shallow Tubewells according to source of Finance for 3rd census of minor irrigation scheme (2000-01)
Block wise Distribution of Deep Tubewells according to Horse Power of Lifting Device for 2nd Census of Minor Irrigation Schemes (1993-94) (schema 4),2,unexplained,,4,2nd 3rd scheme schemes,0,year,District wise Distribution of Shallow Tubewells according to Water Lifting Device for 2nd Census of Minor Irrigation Schemes (1993-94) | District wise Distribution of Shallow Tubewells according to Water Lifting Device for 3rd census of minor irrigation scheme (2000-01)
Block wise Distribution of Surface Lift Schemes according to Horse Power of Lifting Device for 3rd census of minor irrigation scheme (2000-01) (schema 1),2,unexplained,,4,2nd 3rd scheme water,0,year,District wise Distribution of surface lift schemes according to lifting device for 2nd census of minor irrigation schemes (1993-94) | District wise Distribution of Surface Lift Schemes according to Water Lifting Device for 3rd census of minor irrigation scheme (2000-01)
Block wise Dugwells according to Water Distribution System for 3rd census of minor irrigation scheme (2000-01) (schema 2),2,unexplained,,4,2nd 3rd scheme schemes,0,,District wise Dugwells according to water distribution system for 2nd census of minor irrigation schemes | District wise Dugwells according to Water Distribution System for 3rd census of minor irrigation scheme (2000-01)
Block-wise CCA and season wise potential created through Deep Tubewell - 4th Minor Irrigation Census (2006-07) (schema 4),2,unexplained,,4,deep shallow tubewell tubewells,0,,State-wise CCA and season wise potential created through Deep Tubewell - 4th Minor Irrigation Census (2006-07) | State-wise CCA and season wise potential created through Shallow Tubewells - 4th Minor Irrigation Census (2006-07)
Block wise Culturable Command Area and Potential Created through Surface Flow Schemes for 3rd census of minor irrigation scheme (2000-01) (schema 1),3,unexplained,,4,2nd 3rd flow lift,0,year,State wise Culturable command area and potential created through Surface Flow Scheme for 2nd census of Minor Irrigation Schemes (1993-94) | State wise Culturable Command Area and Potential Created through Surface Flow Schemes for 3rd census of minor irrigation scheme (2000-01)
Block wise Distribution of Deep Tubewells according to source of Finance for 2nd Census of Minor Irrigation Schemes (1993-94) (schema 2),2,unexplained,,4,2nd 3rd scheme schemes,0,year,State wise Distribution of Deep Tubewells according to source of Finance for 3rd census of minor irrigation scheme (2000-01) | State wise Distribution of Deep Tubewells according to source of Finance for 2nd Census of Minor Irrigation Schemes (1993-94)
Block wise Distribution of Deep Tubewells according to Horse Power of Lifting Device for 2nd Census of Minor Irrigation Schemes (1993-94) (schema 9),2,unexplained,,4,2nd 3rd scheme schemes,0,year,State wise Distribution of Deep Tubewells according to Water Lifting Device for 3rd census of minor irrigation scheme (2000-01) | State wise Distribution of Deep Tubewells according to Water Lifting Device for 2nd Census of Minor Irrigation Schemes (1993-94)
Block wise Distribution of Deep Tubewells according to Horse Power of Lifting Device for 2nd Census of Minor Irrigation Schemes (1993-94) (schema 8),2,unexplained,,4,2nd 3rd scheme schemes,0,year,State wise Distribution of Shallow Tubewells according to Horse Power of Lifting Device for 3rd census of minor irrigation scheme (2000-01) | State wise Distribution of Shallow Tubewells according to Horse Power of Lifting Device for 2nd Census of Minor Irrigation Schemes (1993-94)
Block wise Distribution of Deep Tubewells according to Horse Power of Lifting Device for 2nd Census of Minor Irrigation Schemes (1993-94) (schema 5),2,unexplained,,4,2nd 3rd scheme schemes,0,year,State wise distribution of shallow tubewells according to water lifting device for 3rd census of minor irrigation scheme (2000-01) | State wise Distribution of Shallow Tubewells according to Water Lifting Device for 2nd Census of Minor Irrigation Schemes (1993-94)
Block wise Distribution of Surface Flow Schemes according to Social status for 3rd census of minor irrigation scheme (2000-01) (schema 7),2,unexplained,,4,flow lift source sources,0,,State wise Distribution of Surface Flow Schemes according to Finance source for 2nd census of minor irrigation schemes (1993-94) | State wise Distribution of surface lift schemes according to finance sources for 2nd census of minor irrigation schemes (1993-94)
Block wise Distribution of Surface Lift Schemes according to Horse Power of Lifting Device for 3rd census of minor irrigation scheme (2000-01) (schema 2),2,unexplained,,4,2nd 3rd scheme water,0,year,State wise Distribution of surface lift schemes according to lifting device for 2nd census of minor irrigation schemes (1993-94) | State wise Distribution of Surface Lift Schemes according to Water Lifting Device for 3rd census of minor irrigation scheme (2000-01)
Block wise Culturable Command Area and Potential Created through Surface Flow Schemes for 3rd census of minor irrigation scheme (2000-01) (schema 2),2,unexplained,,4,2nd 3rd flow lift,0,year,Village wise Culturable command area and potential created through Surface Flow Scheme for 2nd census of Minor Irrigation Schemes (1993-94) | Village wise Culturable Command Area and Potential Created through Surface Lift Schemes for 3rd census of minor irrigation scheme (2000-01)
Block wise Distribution of Deep Tubewells according to Horse Power of Lifting Device for 2nd Census of Minor Irrigation Schemes (1993-94) (schema 3),2,unexplained,,4,2nd 3rd scheme schemes,0,year,Village wise Distribution of Deep Tubewells according to Water Lifting Device for 2nd Census of Minor Irrigation Schemes (1993-94) | Village wise Distribution of Deep Tubewells according to Water Lifting Device for 3rd census of minor irrigation scheme (2000-01)
District wise Distribution of Dugwells according to ownership for 2nd census of minor irrigation schemes (schema 1),2,unexplained,,4,2nd 3rd scheme schemes,0,year,Village wise Distribution of Dugwells according to ownership for 2nd census of minor irrigation schemes (1993-94) | Village wise Distribution of Dugwells according to ownership for 3rd census of minor irrigation scheme (2000-01)
Block wise Distribution of Dugwells according to Social status for 3rd census of minor irrigation scheme (2000-01) (schema 1),2,unexplained,,4,2nd 3rd scheme schemes,0,year,Village wise Distribution of Dugwells according to social status for 2nd census of minor irrigation schemes (1993-94) | Village wise Distribution of Dugwells according to Social status for 3rd census of minor irrigation scheme (2000-01)
Block wise Distribution of Deep Tubewells according to Horse Power of Lifting Device for 2nd Census of Minor Irrigation Schemes (1993-94) (schema 2),2,unexplained,,4,2nd 3rd scheme schemes,0,year,Village wise Distribution of Shallow Tubewells according to Horse Power of Lifting Device for 2nd Census of Minor Irrigation Schemes (1993-94) | Village wise Distribution of Shallow Tubewells according to Horse Power of Lifting Device for 3rd census of minor irrigation scheme (2000-01)
Block wise Distribution of Deep Tubewells according to Horse Power of Lifting Device for 2nd Census of Minor Irrigation Schemes (1993-94) (schema 1),2,unexplained,,4,2nd 3rd scheme schemes,0,year,Village wise Distribution of Shallow Tubewells according to Water Lifting Device for 2nd Census of Minor Irrigation Schemes (1993-94) | Village wise Distribution of Shallow Tubewells according to Water Lifting Device for 3rd census of minor irrigation scheme (2000-01)
Block wise Distribution of Surface Flow Schemes according to The Farmers holding size for 3rd census of minor irrigation scheme (2000-01) (schema 2),2,unexplained,,4,2nd 3rd farmers scheme,0,,Village wise Distribution of Surface Flow Schemes according to The Farmers holding size for 3rd census of minor irrigation scheme (2000-01) | Village wise Distribution of Surface Flow Schemes according to the holding size for 2nd census of Minor Irrigation Schemes (1993-94)
Block wise Dugwells according to Water Distribution System for 3rd census of minor irrigation scheme (2000-01) (schema 1),2,unexplained,,4,2nd 3rd scheme schemes,0,year,Village wise Dugwells according to water distribution system for 2nd census of minor irrigation schemes (1993-94) | Village wise Dugwells according to Water Distribution System for 3rd census of minor irrigation scheme (2000-01)
Distribution of Deep Tubewells According to Water Distribution System and Potential Utilised for 5th Minor Irrigation Census (2013-14),3,unexplained,,4,deep medium shallow use,0,,Distribution of Shallow Tubewells in use According to Water Distribution System and Potential Utilised for 5th Minor Irrigation Census (2013-14) | Distribution of Medium Tubewells in use  According to Water Distribution System and Potential Utilised for 5th Minor Irrigation Census (2013-14) 
"Distribution of Deep Tubewells (in use, Temporarily not in use) According to Horse Power of Lifting Devices for 5th Minor Irrigation Census (2013-14) (schema 1)",3,unexplained,,4,deep medium shallow water,0,,"Distribution of Shallow Tubewells (in use, Temporarily not in use)  According to Lifting Devices for 5th Minor Irrigation Census (2013-14) | Distribution of Medium Tubewells (in use, Temporarily not in use) According to Water Lifting Devices for 5th Minor Irrigation Census (2013-14)"
Distribution of Surface Lift Schemes According To Ownership for 5th Minor Irrigation Census (2013-14),2,unexplained,,4,flow lift scheme schemes,0,,Distribution of Surface flow Scheme According to Ownership for 5th Minor Irrigation Census (2013-14) | Distribution of Surface Lift Schemes  According To Ownership for 5th Minor Irrigation Census (2013-14)
State-wise Number and Area of Operational Holdings for Scheduled Tribes of Large Size Group,4,unexplained,,4,large marginal medium semi,0,year,State-wise Number and Area of Operational Holdings for Scheduled Tribes of Marginal Size Group during 2005-06 and 2010-11 | State-wise Number and Area of Operational Holdings for Scheduled Tribes of Semi-medium Size Group during 2005-06 and 2010-11
ICAR Publication Repository as on Date: ATARI-Jabalpur Collection,4,unexplained,,4,jabalpur jodhpur kanpur ludhiana,0,,ICAR Publication Repository as on Date: ATARI-Ludhiana Collection | ICAR Publication Repository as on Date: ATARI-Jabalpur Collection
Personnel Statistics of Air Asia,8,unexplained,,4,asia costa go zoom,1,year,Personnel Statistics of Air Asia during 2015-16 | Personnel Statistics of Air Costa during 2015-16
Year-wise Detailed Financial Results of Air Asia (schema 1),5,unexplained,,4,alliance asia costa go,1,,Year-wise Detailed Financial Results of Air Asia during 2014-15 and 2015-16 | Year-wise Detailed Financial Results of Air Costa from 2013-14 to 2015-16
Monthly Traffic and Operating Statistics of Air India Express on Scheduled Domestic Services (schema 6),3,unexplained,,4,domestic international national private,0,,Monthly Traffic and Operating Statistics of National Carriers on Non Scheduled Domestic Services during 2015-16 | Monthly Traffic and Operating Statistics of Private Carriers on Non Scheduled Domestic Services during 2015-16
Year-wise Detailed Financial Results of Air Asia (schema 2),4,unexplained,,4,alliance asia go zoom,0,,Year-wise Detailed Financial Results of Go Air from 2012-13 to 2016-17 | Year-wise Detailed Financial Results of Alliance Air from 2012-13 to 2016-17
Import data of major commodities through Port DELHI (ICD),4,unexplained,,4,air export icd import,1,,Export data of major commodities through Port DELHI AIR for the year 2012-13 and 2013-14 | Export data of major commodities through Port DELHI (ICD) for the year 2012-13 and 2013-14
Import data of major commodities through Port ICD TUTICORIN,4,unexplained,,4,export icd import sea,0,,Export data of major commodities through Port ICD TUTICORIN for the year 2012-13 and 2013-14 | Export data of major commodities through Port TUTICORIN SEA for the year 2012-13 and 2013-14
Export data of major commodities through Port KOLKATA AIR,4,unexplained,,4,air export import sea,0,,Export data of major commodities through Port KOLKATA AIR  for the year 2012-13 and 2013-14 | Export data of major commodities through Port KOLKATA SEA for the year 2012-13 and 2013-14
Export data of major commodities through Port MUMBAI AIR,4,unexplained,,4,air export import sea,0,,Export data of major commodities through Port MUMBAI AIR for the year 2012-13 and 2013-14 | Export data of major commodities through Port MUMBAI SEA for the year 2012-13 and 2013-14
List of ongoing projects with funds status under NLCPR for Tripura as on date,28,unexplained,,4,education health power sports,7,state,List of ongoing projects with funds status under NLCPR for Nagaland as on Date | List of ongoing projects with funds status under NLCPR for Sikkim as on date
"List of all ongoing and completed projects implemented by MDoNER for all schemes (NLCPR, NESIDS, BTC, KAATC, DHATC, HADP, NESRIP etc) as on date",3,unexplained,,4,completed ongoing project projects,0,,"List of ongoing projects implemented by MDoNER for all schemes NLCPR, NESIDS, BTC, KAATC, DHATC, HADP, NESRIP etc. as on date | List of completed project implemented by MDoNER for all schemes (NLCPR, NESIDS,  BTC, KAATC, DHATC, HADP, NESRIP etc.) as on date"
Season frequency of Cyclonic disturbances during Monsoon,3,unexplained,,4,post pre season seasonal,0,,Season frequency of Cyclonic disturbances during Monsoon from 1891 to 2019 | Seasonal frequency of Cyclonic Disturbances during Post-Monsoon from 1891 to 2019
Results of high school examination- 2010 of annual and supplementary examination results (schema 1),2,unexplained,,4,high higher school secondary,0,,Results of high school examination- 2010 of annual and supplementary examination results | Results of higher secondary examination-2009 of annual and supplementary examination results
State/UT-wise Number of Teachers - Others by Management and Classes Taught (schema 2),3,unexplained,,4,other others ut uts,0,,"State/UT-wise Number of Teachers - Others by Management, Gender and Classes Taught during 2021-22 | State/UT-wise Number of Teachers - Other by Management, Gender and Classes Taught during 2020-21"
State/UT-wise Number of Enrolment of Students - All Types of School Management and Level of School Education (schema 5),3,unexplained,,4,number schools ut uts,0,,State/UT-wise Number of Enrolment of Students - Other Schools Management and Level of School Education during 2021-22 | State/UT-wise Enrolment of Students by Other School Management and Level of School Education during 2020-21
State/UT-wise Number of Schools by Management and Availability of Electricity and Functional Electricity (schema 1),2,unexplained,,4,details number ut uts,0,year,State/UT-wise Number of Schools by Management and availability of Electricity and Functional Electricity during 2021-22 | State/UTs-wise Details of Schools by Management and availability of Electricity and Functional Electricity during 2023-24
State/UT-wise Number of Schools by Management and Availability of Drinking Water and Functional Drinking Water (schema 1),2,unexplained,,4,details number ut uts,0,year,State/UT-wise Number of Schools by Management and Availability of Drinking Water and Functional Drinking Water during 2021-22 | State/UTs-wise Details of Schools by Management and Availability of Drinking Water and Functional Drinking Water during 2023-24
State/UT-wise Number of Schools by Management and Availability of Boy Toilet and Functional Boy Toilet (schema 3),2,unexplained,,4,details number ut uts,0,year,State/UT-wise Number of Schools by Management and Availability of Toilets and Functional Toilets during 2021-22 | State/UTs-wise Details of Schools by Management and Availability of Toilets and Functional Toilets during 2023-24
State/UT-wise Number of Schools by Management and Availability of Internet Facility (schema 1),2,unexplained,,4,details number ut uts,0,year,State/UT-wise Number of Schools by Management and Availability of Hand Wash Facility during 2021-22 | State/UTs-wise Details of Schools by Management and Availability of Hand Wash Facility during 2023-24
State/UT-wise Details of Schools by Management and Availability of Library/Book Bank/Reading Corner Facility (schema 1),2,unexplained,,4,details number ut uts,0,year,State/UT-wise Number of Schools by Management and Availability of Library/ Book Bank/ Reading Corner Facility during 2021-22 | State/UTs-wise Details of Schools by Management and Availability of Library/ Book Bank/ Reading Corner Facility during 2023-24
State/UT-wise Number of Schools by Management and Availability of Internet Facility (schema 2),2,unexplained,,4,details number ut uts,0,year,State/UT-wise Number of Schools by Management and Availability of Internet Facility during 2021-22 | State/UTs-wise Details of Schools by Management and Availability of Internet Facility during 2023-24
State/UT-wise Number of Schools by Management and Availability Ramps for Children with Special Needs (CWSN) (schema 2),2,unexplained,,4,details number ut uts,0,year,State/UT-wise Number of Schools by Management and availability Ramps for Children with Special Needs (CWSN) during 2021-22 | State/UTs-wise Details of Schools by Management and availability Ramps for Children with Special Needs (CWSN) during 2023-24
State/UT-wise Number of Schools by Management and Availability Ramps for Children with Special Needs (CWSN) (schema 1),2,unexplained,,4,details number ut uts,0,year,State/UT-wise Number of Schools by Management and availability of Ramps with Handrails for Children with Special Needs (CWSN) during 2021-22 | State/UTs-wise Details of Schools by Management and availability of Ramps with Handrails for Children with Special Needs (CWSN) during 2023-24
State/UT-wise Details of Schools by Management and Availability of Co-Curricular Activity Room/Arts and Crafts Room Facility (schema 1),2,unexplained,,4,details number ut uts,0,year,State/UT-wise Number of Schools by Management and Availability of Co-curricular Activity Room/Arts and Crafts Room Facility during 2021-22 | State/UTs-wise Details of Schools by Management and Availability of Co-curricular Activity Room/Arts and Crafts Room Facility during 2023-24
State/UT-wise Number of Schools by Management and Availability of Internet Facility (schema 3),2,unexplained,,4,details number ut uts,0,year,State/UT-wise Number of Schools by Management and Availability of Kitchen Garden Facility during 2021-22 | State/UTs-wise Details of Schools by Management and Availability of Kitchen Garden Facility during 2023-24
State/UT-wise Details of Schools having Secondary Sections by Management and Availability of Integrated Science Lab Facility (schema 1),2,unexplained,,4,details number ut uts,0,year,State/UT-wise Number of Schools having Secondary Sections by Management and Availability of Integrated Science Lab Facility during 2021-22 | State/UTs-wise Details of Schools having Secondary Sections by Management and Availability of Integrated Science Lab Facility during 2023-24
State/UT-wis Number of Enrolments (Boys) by Management,3,unexplained,,4,ut uts wis wise,0,year,State/UT-wise Number of Enrolments (Boys) by Management during 2021-22 | State/UTs-wise Number of Enrolments (Boys) by Management during 2023-24
State/UT-wise Details of Schools having Functional Smart Classrooms Used for Teaching with Digital Boards/Smart Boards/Virtual Classrooms/Smart TV Available (schema 1),2,unexplained,,4,details number ut uts,0,,State/UT-wise Number of Schools having Functional Smart Classrooms Used for Teaching with Digital Boards/ Smart Boards/ Virtual Classrooms/ Smart TV Available during 2021-22 | State/UTs-wise Details of Schools having Functional Smart Classrooms Used for Teaching with Digital Boards/ Smart Boards/ Virtual Classrooms/ Smart TV Available during 2023-24
State/UT-wise Details of Schools having Functional Mobile Phones used for Teaching Purposes (schema 1),2,unexplained,,4,details number ut uts,0,year,State/UT-wise Number of Schools having Functional Mobile Phones Used for Teaching Purposes during 2021-22 | State/UTs-wise Details of Schools having Functional Mobile Phones Used for Teaching Purposes during 2023-24
"State/UT-wise Details of Government and Government Aided Schools with Upper Primary, Secondary and Higher Secondary Sections having ICT and Functional ICT Labs",3,unexplained,,4,details number ut uts,0,,"State/UT-wise Number of Government and Government Aided Schools with Upper Primary, Secondary and Higher Secondary Sections having ICT and Functional ICT Labs during 2021-22 | State/UT-wise Details of Government and Government Aided Schools with Upper Primary, Secondary and Higher Secondary Sections having ICT and Functional ICT Labs during 2022-23"
State/UT-wise Number of Enrolment of Students - Private Unaided Recognized Schools Management and Level of School Education (schema 1),2,unexplained,,4,number schools ut uts,0,,"State/UT-wise Enrolment of Students by Gender Private Unaided Recognized School Management and Level of School Education during 2020-21 | State/UTs-wise Number of Enrolment of Students by Gender, Private Unaided Recognized Schools Management and Level of School Education during 2023-24"
State & UT-wise Details of Estimates of Meat Production from Goat,4,unexplained,,4,goat pig poultry sheep,0,,State & UT-wise Details of Estimates of Meat Production from Sheep from 2009-10 to 2013-14 | State & UT-wise Details of Estimates of Meat Production from Goat from 2009-10 to 2013-14
Principal Commodity-wise Traffic handled at Jawahar Lal Nehru Port,2,unexplained,,4,jawahar jawaharlal lal up,0,year,Principal Commodity-wise Traffic handled at Jawahar Lal Nehru Port from 1989-90 to 2019-20 | Traffic handled at  Jawaharlal Nehru port Principal Commodity-wise up to 2020-21
Traffic handled at Non-Major Ports,9,unexplained,,4,andhra nadu pradesh tamil,7,"year,state",Traffic handled at Non-Major Ports in Gujarat from 1959-60 to 2019-20 | Traffic handled at Non-Major Ports in Maharashtra from 1962-63 to 2019-20
Commodity-wise Traffic handled at Non-Major Ports,12,unexplained,,4,andhra nadu pradesh tamil,7,"year,state",Commodity-wise Traffic handled at Non-Major Ports in Gujarat from 1959-60 to 2019-20 | Commodity-wise Traffic handled at Non-Major Ports in Maharashtra from 1962-63 to 2019-20
Average Number Of Locomotives In Use Daily (Diesel) Metre Gauge,3,unexplained,,4,diesel electric metre narrow,0,year,Average Number Of Locomotives In Use Daily (Diesel) Metre Gauge upto 2013-14 | Average Number Of Locomotives In Use Daily (Electric) Metre Gauge upto 2013-14
State/UT-wise Total Number of Grevious and Minor Injured Persons in Road Accidents on All Roads (schema 1),5,unexplained,,4,grevious grievous ut uts,0,year,State/UT-wise Total number of grievous and Minor Injured Persons in Road Accidents on all roads during 2017 | State/UT-wise Total Number of Grevious and Minor Injured Persons in Road Accidents on All Roads during 2018
State/UT-wise Total Number of Road Accidents on National Highways (schema 4),3,unexplained,,4,highways highwaysfrom ut uts,0,,State/UT-wise Total Number of Road Accidents on National Highwaysfrom 2016 to 2019 | States/UTs-wise Total Number of Road Accidents on National Highways from 2017 to 2020
Web Map Service from Survey of India consisting of 362 OSM Topo Sheets for railways,4,unexplained,,4,andhra pradesh railways roads,2,state,Web Map Service from Survey of India consisting of 362 OSM Topo Sheets for roads in Andhra Pradesh | Web Map Service from Survey of India consisting of 362 OSM Topo Sheets for railways in Andhra Pradesh
Andaman and Nicobar Islands Gross State Domestic Product at factor cost at Constant Prices for the base year,12,unexplained,,4,constant current gross net,0,year,Andaman and Nicobar Islands Gross State Domestic Product at factor cost at Constant Prices for the base year 1993-94 | Andaman and Nicobar Islands Gross State Domestic Product at factor cost at Constant Prices for the base year 2004-05
Andhra Pradesh Gross State Domestic Product at factor cost at Constant Prices for the base year (schema 3),4,unexplained,,4,constant current gross net,1,,Nagaland Gross State Domestic Product at factor cost at Constant Prices for the base year 2004-05 | Nagaland Gross State Domestic Product at factor cost at Current Prices for the base year 2004-05
Andhra Pradesh Gross State Domestic Product at factor cost at Constant Prices for the base year (schema 2),4,unexplained,,4,constant current gross net,1,,Tripura Gross State Domestic Product at factor cost at Constant Prices for the base year 2004-05 | Tripura Gross State Domestic Product at factor cost at Current Prices for the base year 2004-05
Andhra Pradesh Gross State Domestic Product at factor cost at Constant Prices for the base year (schema 4),3,unexplained,,4,constant current gross net,1,,Goa Gross State Domestic Product at factor cost at Current Prices for the base year 2004-05 | Goa Net State Domestic Product at factor cost at Constant Prices for the base year 2004-05
GSVA / GSDP at 2011-12 Prices for Puducherry from 2011-12 to 2015-16 (as on 29.07.2016),2,unexplained,,4,gsdp gsva nsdp nsva,1,,GSVA / GSDP at 2011-12 Prices for Puducherry from 2011-12 to 2015-16 (as on 29.07.2016) | NSVA / NSDP at 2011-12 Prices for Puducherry from 2011-12 to 2015-16 (as on 29.07.2016)
GSVA / GSDP at 2011-12 Prices for Tamil Nadu from 2011-12 to 2015-16 (as on 29.07.2016),2,unexplained,,4,gsdp gsva nsdp nsva,0,,GSVA / GSDP at 2011-12 Prices for Tamil Nadu from 2011-12 to 2015-16 (as on 29.07.2016) | NSVA / NSDP at 2011-12 Prices for Tamil Nadu from 2011-12 to 2015-16 (as on 29.07.2016)
GSVA / GSDP at 2011-12 Prices for Telengana from 2011-12 to 2015-16 (as on 29.07.2016),2,unexplained,,4,gsdp gsva nsdp nsva,0,,GSVA / GSDP at 2011-12 Prices for Telengana from 2011-12 to 2015-16 (as on 29.07.2016) | NSVA / NSDP at 2011-12 Prices for Telengana from 2011-12 to 2015-16 (as on 29.07.2016)
GSVA / GSDP at 2011-12 Prices for Uttrakhand from 2011-12 to 2015-16 (as on 29.07.2016),2,unexplained,,4,gsdp gsva nsdp nsva,0,,GSVA / GSDP at 2011-12 Prices for Uttrakhand from 2011-12 to 2015-16 (as on 29.07.2016) | NSVA / NSDP at 2011-12 Prices for Uttrakhand from 2011-12 to 2015-16 (as on 29.07.2016)
GSVA / GSDP at Current Prices for Puducherry from 2011-12 to 2015-16 (as on 29.07.2016),2,unexplained,,4,gsdp gsva nsdp nsva,1,,GSVA / GSDP at Current Prices for Puducherry from 2011-12 to 2015-16 (as on 29.07.2016) | NSVA / NSDP at Current Prices for Puducherry from 2011-12 to 2015-16 (as on 29.07.2016)
GSVA / GSDP at Current Prices for Tamil Nadu from 2011-12 to 2015-16 (as on 29.07.2016),2,unexplained,,4,gsdp gsva nsdp nsva,0,,GSVA / GSDP at Current Prices for Tamil Nadu from 2011-12 to 2015-16 (as on 29.07.2016) | NSVA / NSDP at Current Prices for Tamil Nadu from 2011-12 to 2015-16 (as on 29.07.2016)
GSVA / GSDP at Current Prices for Telengana from 2011-12 to 2015-16 (as on 29.07.2016),2,unexplained,,4,gsdp gsva nsdp nsva,0,,GSVA / GSDP at Current Prices for Telengana from 2011-12 to 2015-16 (as on 29.07.2016) | NSVA / NSDP at Current Prices for Telengana from 2011-12 to 2015-16 (as on 29.07.2016)
GSVA / GSDP at Current Prices for Uttrakhand from 2011-12 to 2015-16 (as on 29.07.2016),2,unexplained,,4,gsdp gsva nsdp nsva,0,,GSVA / GSDP at Current Prices for Uttrakhand from 2011-12 to 2015-16 (as on 29.07.2016) | NSVA / NSDP at Current Prices for Uttrakhand from 2011-12 to 2015-16 (as on 29.07.2016)
GSVA by Economic Activity at Constant (2011-12) Prices for Andaman & Nicobar Islands from 2011-12 to 2014-15 (as on 31.03.2017),4,unexplained,,4,constant current gsva nsva,0,,GSVA by Economic Activity at Constant (2011-12) Prices for Andaman & Nicobar Islands from 2011-12 to 2014-15 (as on 31.03.2017) | GSVA by Economic Activity at Current Prices for Andaman & Nicobar Islands from 2011-12 to 2014-15 (as on 31.03.2017)
Nationality-wise Average Duration of Stay by Foreign Tourists Arrivals (schema 1),4,unexplained,,4,details ftas tourist tourists,1,year,"Nationality-wise Average Duration of Stay by Foreign Tourists Arrivals in India, 2020 | Nationality wise Average duration of stay by Foreign Tourist Arrivals in India, 2021"
Nationality wise Details of Percentage Distribution of Foreign Tourists Arrivals (FTAs) in India Acording to Average Duration of Stay Groups (schema 1),2,unexplained,,4,arrival arrivals tourist tourists,1,,"Nationality wise Percentage distribution of Foreign Tourists Arrival in India according to Average Duration of Stay Groups, 2020      | Nationality wise Percentage distribution of Foreign Tourist Arrivals in India according to Average duration of Stay Groups, 2020"
Primary Census Abstract,4,"unexplained,geo_unnamed",,4,himachal jammu kashmir pradesh,2,,Primary Census Abstract 2011 - Chandigarh | Primary Census Abstract 2011 - Uttarakhand
"Sanctioned and Actual Strength of Armed Police as on 31.12.2000 (Men+Women) (State, UT & City -Wise ) (schema 8)",2,unexplained,,4,actual actul men only,0,,"State, UT & City Wise Sanctioned and Actual Strength of Armed Police  as on 31.12.1999 (Men+Women) | State, UT & City Wise Sanctioned and Actul Strength of Armed Police as on 31.12.1999 (Women Only)"
State/UT-wise Disposal of Persons Arrested under IPC Crimes by Courts (schema 10),3,unexplained,,4,court courts ipc sll,0,,State & UT-wise Disposal of Persons Arrested Under IPC Crimes by Courts during 1998 | State & UT-wise Disposal of Persons Arrested under SLL Crimes by Courts during 1998
Sanctioned & Actual Strength of Armed Police as on 31.12.1998 (Men + Women) (schema 3),2,unexplained,,4,actual actul men only,0,,Sanctioned & Actual Strength of Armed Police as on 31.12.1998 (Men + Women) | Sanctioned & Actul Strength of Armed Police as on 31.12.1998 (Women only)
State/UT-wise Juveniles Apprehended under IPC Crimes by Age Group & Sex (schema 8),2,unexplained,,4,crime crimes ipc sll,0,year,"Juveniles Apprehended under IPC Crimes by Age Group & Sex during 2000 (State, UT & City wise) | Juveniles Apprehended under SLL Crime by Age Group & Sex during 2000 (State,UT & City-Wise )"
Village Amenities for Kathua District of Jammu Kashmir,4,unexplained,,4,kathua kishtwar kulgam kupwara,0,,"Village Amenities for Kathua District of Jammu Kashmir, 2011 | Village Amenities for Kishtwar District of Jammu Kashmir, 2011"
Village Amenities for South District of Nct,7,unexplained,,4,east north south west,1,,"Village Amenities for East District of Nct for Delhi, 2011 | Village Amenities for North District of Nct for Delhi, 2011"
Town Amenities for Kathua District of Jammu Kashmir,4,unexplained,,4,kathua kishtwar kulgam kupwara,0,,"Town Amenities for Kathua District of Jammu Kashmir, 2011 | Town Amenities for Kishtwar District of Jammu Kashmir, 2011"
State/UT & City-wise Incidence & Rate of Total Cognizable Crimes (IPC) (schema 4),2,unexplained,,4,ipc sll ut uts,0,,"States, UTs & City wise Incidence & Rate of Total Cognizable Crimes (IPC) during 1997 | State, UT & City wise Incidence & Rate of Total Cognizable Crimes (SLL) during 1997"
"State, UT & City-Wise Number of Burglary Cases Reported and Value of Property Stolen by Place of Occurrence (schema 19)",2,unexplained,,4,burglary number numbers theft,0,year,"State, UT & City -Wise Number of Cases reported and value of property stolen by place of occurrence during 1997 Burglary | State, UT & City-Wise Numbers of Cases reported and value of property stolen by place of occurrence during 1997 Theft"
Persons Arrested Under IPC and SLL Crimes by Age Groups and Sex (schema 1),2,unexplained,,4,crime crimes group groups,0,year,Persons Arrested under IPC and SLL Crime by age group and sex during 1997 | Persons Arrested Under IPC and SLL Crimes by Age Groups and Sex during 1996
Sanctioned & Actual Strength of Armed Police as on 31.12.1998 (Men + Women) (schema 1),2,unexplained,,4,actual actul men only,0,,Sanctioned and Actual Strength of Armed Police as on 31.12.1997 (Men + Women) | Sanctioned and Actul Strength of Armed Police as on 31.12.1997 (Women Only)
State/UT-wise Disposal of Juveniles Arrested under IPC and SLL Crimes and Sent to Courts (schema 2),4,unexplained,,4,court courts lsl sll,0,year,"State, UT & City-Wise Disposal of Juveniles Arrested (Under IPC and SLL Crimes) and Sent to Courts during 1996 | State, UT & City-wise Disposal of juveniles Arrested (Under IPC & LSL Crimes) and Sent to Court during 1990"
"State, UT & City-Wise Number of Burglary Cases Reported and Value of Property Stolen by Place of Occurrence (schema 9)",4,unexplained,,4,burglary dacoity robbery theft,0,year,"State, UT & City-Wise Number of Dacoity Cases Reported and Value of Property Stolen by Place of Occurrence during 1996 | State, UT & City-Wise Number of Robbery Cases Reported and Value of Property Stolen by Place of Occurrence during 1996"
Incidence & Rate of Cognizable Crimes under Special and Local Laws (SLL) under different Crime Heads and Percentage Changes (schema 4),2,unexplained,,4,change changes lsl sll,1,,All-India level Incidence & Rate of Cognizable Crimes under Local and Special Laws (LSL) under different Crime Heads and Percentage Change during 1992 | All-India level Incidence & Rate of Cognizable Crimes under special and Local Laws (SLL) under different Crime Heads and Percentage Changes during 1994
All India level Percentage of Disposal of Cases under IPC by the Courts (schema 2),10,unexplained,,4,ipc l lsl sl,1,year,All-India level Percentage of IPC Crime Cases Disposed of by Courts during 1990 | All-India level Percentage of IPC Crime Cases Disposed of by Courts during 1992
All-India level Persons Arrested Per Case under IPC and LSL Crimes (schema 2),3,unexplained,,4,l lsl sl sll,1,,All-India level Persons Arrested Per Case under IPC and LSL Crimes from 1988 to 1992 | All-India level Persons Arrested Per Case under IPC and L & SL Crimes from 1989 to 1993
All-India level Juveniles Apprehended under IPC & LSL Crimes by Age Group & Sex (schema 2),4,unexplained,,4,group groups lsl sll,1,,All-India level Juveniles Apprehended under IPC & LSL Crimes by Age Group from 1980 to 1990 | All-India level Juveniles Apprehended under IPC & LSL Crimes by Age Group from 1979 to 1989
"State, UT & City-Wise Number of Burglary Cases Reported and Value of Property Stolen by Place of Occurrence (schema 1)",12,unexplained,,4,burglary dacoity robbery theft,0,year,"State, UT & City-wise Number of Dacoity Cases Reported and Value of Property Stolen by Place of Occurrence during 1990 | State, UT & City-wise Number of Robbery Cases Reported and Value of Property Stolen by Place of Occurrence during 1990"
"State, UT & City-Wise Number of Burglary Cases Reported and Value of Property Stolen by Place of Occurrence (schema 3)",8,unexplained,,4,burglary dacoity robbery theft,0,year,"State, UT & City-wise Number of Dacoity Cases reported and Value of Property Stolen by Place of Occurrence during 1992 | State, UT & City-wise Number of Robbery Cases Reported and Value of Property Stolen by Place of Occurrence during 1992"
"State, UT & City-Wise Number of Burglary Cases Reported and Value of Property Stolen by Place of Occurrence (schema 10)",4,unexplained,,4,burglary dacoity robbery theft,0,year,"State, UT & City-wise Number of Dacoity Cases Reported and Value of Property Stolen by Place of Occurrence during 1993 | State, UT & City-wise Number of Robbery Cases Reported and Value of Property Stolen by Place of Occurrence during 1993"
"State, UT & City-Wise Number of Burglary Cases Reported and Value of Property Stolen by Place of Occurrence (schema 8)",4,unexplained,,4,burglary dacoity robbery theft,0,year,"State, UT & City-wise Number of Dacoity Cases Reported and Value of Property Stolen by Place of Occurrence during 1988 | State, UT & City-wise Number of Robbery Cases Reported and Value of Property Stolen by Place of Occurrence during 1988"
"State, UT & City-wise Juveniles Apprehended By Sex for Committing Crime under IPC",16,unexplained,,4,crime crimes juvenile juveniles,0,year,"State, UT & City-wise Juveniles Apprehended by Sex for Committing Crimes under IPC during 1987 | State, UT & City-wise Juveniles Apprehended by Sex for Committing Crime under IPC during 1986"
"State, UT & City-wise Juveniles Apprehended by Age Group for Committing Crimes under Local and Special Laws (schema 1)",16,unexplained,,4,crime crimes juvenile juveniles,0,year,"State, UT & City-wise Juveniles Apprehended by Sex for Committing Crimes under Local and Special Laws during 1987 | State, UT & City-wise Juveniles Apprehended by Sex for Committing Crime under Local and Special Laws during 1986"
"State, UT & City-wise Disposal of Juveniles Sent to Court (schema 1)",6,unexplained,,4,court courts disposal disposals,0,year,"State, UT & City-wise Disposal of Juveniles Sent to Courts during 1987 | State, UT & City-wise Disposal of Juveniles Sent to Court during 1983"
All India level Disposal of Persons Arrested under IPC Crimes under Investigation by Police (schema 3),2,unexplained,,4,c i ipc p,1,,All India level Disposal of Persons Arrested under I.P.C. Crimes under Investigation by Police during 1986 | All India level Disposal of Persons Arrested under IPC Crimes under Investigation by Police during 1985
"State, UT & City-wise Disposal of Juveniles Sent to Court (schema 2)",4,unexplained,,4,court courts disposal disposals,0,year,"State, UT & City-wise Disposal of Juveniles Sent to Courts during 1986 | State, UT & City-wise Disposal of Juveniles Sent to Court during 1981"
"All India level Percentage of Cases Not Investigated, Cases Investigated, Pending Investigation to Total Cases for Investigation, Percentage of Cases Charge sheeted to Cases Investigated under LSL (schema 2)",2,unexplained,,4,laws local lsl special,1,,"All India level Percentage of Cases Not Investigated, Cases Investigated, Pending Investigation to Total Cases for Investigation, Percentage of Cases Charge sheeted to Cases Investigated under LSL during 1980 | All India level Percentage of Cases Not Investigated, Pending Investigation to Total Cases for Investigation, Percentage of Cases Charge sheeted to Cases Investigated under Local & Special Laws during 1977"
"State, UT & City-wise Incidence of Crime under IPC during 1972 & 1973 with Percentage Variation",4,unexplained,,4,along their ut uts,0,,"State, UT & City-wise Incidence of Crime under IPC during 1978 & 1979 with their Percentage Variation | States, UTs & City-wise Incidence of Crime under IPC during 1975 & 1976 Along with Percentage Variation"
"State, UT & City-wise Incidence of Other Railway Accidents during Various Quarters",6,unexplained,,4,other rail railway road,0,year,"State, UT & City-wise Incidence of Road Accidents during Various Quarters of 2000 | State, UT & City-wise Incidence of Rail-Road Accidents during Various Quarters of 2000"
All India level Juveniles Apprehended by Age Group (schema 4),4,unexplained,,4,group groups sex under,1,year,All India level Juveniles Apprehended by Age Group and Sex during 1969 | All India level Juveniles Apprehended by Age Group and Sex during 1968
Population by Single Year Age Returns,2,unexplained,,4,dadra dhemaji haveli nagar,1,"year,state","Population by Single Year Age Returns for Dhemaji District of Assam, 1991 | Population by Single Year Age Returns, 1991 - Dadra and Nagar Haveli"
City-wise Crime/Atrocities against Scheduled Castes in Metropolitan Cities (schema 4),2,unexplained,,4,castes scs sts tribes,0,,City-wise Crime/Atrocities against Scheduled Castes (SCs) in Metropolitan Cities from 2014 to 2016 | City-wise Crime/Atrocities against Scheduled Tribes (STs) in Metropolitan Cities from 2014 to 2016
Crime Head-wise Court Disposal of Crime/Atrocities against Scheduled Caste(s) in Metropolitan Cities (schema 17),2,unexplained,,4,cases scheduled scs tribes,0,,Crime Head-wise Police Disposal of Crime/Atrocities against SCs Cases in Metropolitan Cities during 2016 | Crime Head-wise Police Disposal of Crime/Atrocities against Scheduled Tribes in Metropolitan Cities during 2016
All-India level Disposal of Persons Arrested under IPC Crimes by Courts (schema 3),2,unexplained,,4,court courts ipc sll,1,,All-India level Disposal of Persons Arrested under IPC Crimes by Courts during 2010 | All-India level Disposal of Persons Arrested under SLL Crimes by Court during 2010
Disposal of Persons by Courts Arrested for Committing Crimes Against Scheduled Castes (schema 8),3,unexplained,,4,castes crime crimes tribes,0,,"State/UT-wise Disposal, by Police, of Persons Arrested for Committing Crime against Scheduled Castes during 2011 | State/UT-wise Disposal by Police, of Persons Arrested for Committing Crime against Scheduled Castes during 2007"
Disposal of Persons Arrested Under IPC Crimes by Courts (schema 1),4,unexplained,,4,court courts ipc sll,0,,Disposal of Persons Arrested under IPC Crimes by Courts during 2006 | Disposal of Persons Arrested under SLL Crimes by Court during 2006
Disposal of Persons Arrested Under IPC Crimes by Courts (schema 3),2,unexplained,,4,court courts ipc sll,0,,Disposal of Persons Arrested under IPC Crimes by Courts during 2007 | Disposal of Persons Arrested under SLL Crimes by Court during 2007
Disposal of Persons Arrested Under IPC Crimes by Courts (schema 2),2,unexplained,,4,court courts ipc sll,0,,Disposal of Persons Arrested under IPC Crimes by Courts during 2005 | Disposal of Persons Arrested under SLL Crimes by Court during 2005
"State, UT & City-wise Distribution of Suicides by Causes (schema 4)",4,unexplained,,4,cause causes ut uts,1,,State/UT/City and Causes-wise Distribution of Suicides during 2016 | State/UT/City and Cause-wise Distribution of Suicides during 2017
Crime Head-wise Court Disposal of Crime against Children in Metropolitan Cities (schema 1),6,unexplained,,4,children city wise women,0,,City-wise Court Disposal of Crime against Women in Metropolitan Cities during 2017 | City-wise Court Disposal of Crime against Children in Metropolitan Cities during 2017
City-wise Crime/Atrocities against Scheduled Castes in Metropolitan Cities (schema 2),6,unexplained,,4,castes scs sts tribes,0,,City-wise Crime/Atrocities against Scheduled Castes in Metropolitan Cities from 2015 to 2017 | City-wise Crime/Atrocities against Scheduled Tribes in Metropolitan Cities from 2015 to 2017
State/UT-wise Crime/Atrocities against Scheduled Tribe(s) (schema 2),3,unexplained,,4,s sts tribe tribes,0,,State/UT-wise Crime/Atrocities against Scheduled Tribe(s) from 2015 to 2017 | State/UT-wise Crime/Atrocities against Scheduled Tribes (STs) from 2016 to 2018
"State/UT-wise Types of Prison Inmates in District Jails as on 31st December, 2019 (Sex-wise)",5,unexplained,,4,central open special sub,0,,"State/UT-wise Types of Prison Inmates in Central Jails as on 31st December, 2019 (Sex-wise) | State/UT-wise Types of Prison Inmates in District Jails as on 31st December, 2019 (Sex-wise)"
Crime Head-wise Police Disposal of Cyber Crime Cases in Metropolitan Cities (schema 11),3,unexplained,,4,cases crimes cyber ipc,0,,Crime Head-wise Police Disposal of IPC Crimes in Metropolitan Cities during 2021 | Crime Head-wise Police Disposal of Cyber Crime Cases in Metropolitan Cities during 2021
State/UT-wise Court Disposal of Crime/Atrocities against Scheduled Caste(s) (schema 2),4,unexplained,,4,caste tribe ut uts,0,,State/UTs-wise Police Disposal of Crime/Atrocities against Scheduled Caste(s) during 2021 | State/UTs-wise Police Disposal of Crime/Atrocities against Scheduled Tribe(s) during 2021
"Types of Prison Inmates in Special Jails as on 31st December, 2021 (Sex-wise)",4,unexplained,,4,central open special sub,0,,"Types of Prison Inmates in Open Jails as on 31st December, 2021 (Sex-wise) | Types of Prison Inmates in Special Jails as on 31st December, 2021 (Sex-wise)"
State & UT-wise Sanctioned and Actual Strength of Jail Officers/Staff (schema 2),3,unexplained,,4,31st number ut uts,0,year,"States/Uts wise Sanctioned and Actual Strength of Jail Officers/Staff as on 31st December, 2021 | State/UT-wise Number of Sanctioned and Actual Strength of Jail Officers/Staff as on 31st December 2022"
Attendance of the Members of Lok Sabha 15 for Monsoon Session 5,12,unexplained,,3,budget monsoon winter,0,,Attendance of the Members of Lok Sabha 15 for Budget Session 13 | Attendance of the Members of Lok Sabha 15 for Budget Session 2
Block wise Deep Tubewells in the command of Major/ Medium Projects and Supplementary Irrigation for 3rd census of minor irrigation scheme (2000-01) (schema 1),2,unexplained,,3,dugwells shallow tubewells,0,,Block wise Dugwells in the command of Major/Medium Projects and Supplementary Irrigation for 3rd census of minor irrigation scheme (2000-01) | Block wise Shallow Tubewells in the command of Major/ Medium Projects and Supplementary Irrigation for 3rd census of minor irrigation scheme (2000-01)
Block wise Potential Utilized through Lift Schemes for 3rd census of minor irrigation scheme (2000-01) (schema 2),2,unexplained,,3,flow lift surface,0,,Block wise Potential Utilized through Lift Schemes for 3rd census of minor irrigation scheme (2000-01) | Block wise Potential Utilized through Surface Flow Schemes for 3rd census of minor irrigation scheme (2000-01)
Block wise Irrigation potential utilized through Deep Tubewells for 2nd Census of Minor Irrigation Schemes (1993-94) (schema 1),2,unexplained,,3,deep dugwells tubewells,0,,District wise Irrigation potential utilized through Deep Tubewells for 2nd Census of Minor Irrigation Schemes (1993-94) | District wise Irrigation potential utilized through Dugwells for 2nd census of minor irrigation schemes (1993-94)
Block wise Potential Utilized through Lift Schemes for 3rd census of minor irrigation scheme (2000-01) (schema 3),2,unexplained,,3,flow lift surface,0,,District wise Potential Utilized through Lift Schemes for 3rd census of minor irrigation scheme (2000-01) | District wise Potential Utilized through Surface Flow Schemes for 3rd census of minor irrigation scheme (2000-01)
Block wise Distribution of Deep Tubewells in use according to Utilization of Potential Created for 3rd census of minor irrigation scheme (2000-01) (schema 3),2,unexplained,,3,deep dugwells tubewells,0,,State wise Distribution of Deep Tubewells in use according to Utilization of Potential Created for 3rd census of minor irrigation scheme (2000-01) | State wise Distribution of Dugwells in use according to Utilization of Potential Created for 3rd census of minor irrigation scheme (2000-01)
Block wise Distribution of surface lift schemes according to horsepower for 2nd census of minor irrigation schemes (1993-94) (schema 6),2,unexplained,,3,flow lift scheme,0,,State wise Distribution of surface flow schemes according to ownership for 2nd census of minor irrigation scheme (1993-94) | State wise Distribution of surface lift schemes according to ownership for 2nd census of minor irrigation schemes (1993-94)
Block-wise Distribution of Tanks/Ponds/Reservoir of Surface Flow Schemes by CCA classes &amp; in use and PC/ PU - 4th Minor Irrigation Census (2006-07) (schema 4),2,unexplained,,3,flow lift surface,0,,State-wise Distribution of Tanks/Ponds/Reservoir of Surface Flow Schemes by CCA classes &amp; in use and PC/ PU - 4th Minor Irrigation Census (2006-07) | State-wise Distribution of Tanks/Ponds/Reservoir of Lift Schemes by CCA classes &amp; in use and PC/ PU - 4th Minor Irrigation Census (2006-07)
Block wise Potential Utilized through Lift Schemes for 3rd census of minor irrigation scheme (2000-01) (schema 4),2,unexplained,,3,flow lift surface,0,,State wise Potential Utilized through Lift Schemes for 3rd census of minor irrigation scheme (2000-01) | State wise Potential Utilized through Surface Flow Schemes for 3rd census of minor irrigation scheme (2000-01)
Block wise Distribution of Deep Tubewells in use according to Utilization of Potential Created for 3rd census of minor irrigation scheme (2000-01) (schema 2),2,unexplained,,3,deep dugwells tubewells,0,,Village wise Distribution of Deep Tubewells in use according to Utilization of Potential Created for 3rd census of minor irrigation scheme (2000-01) | Village wise Distribution of Dugwells in use according to Utilization of Potential Created for 3rd census of minor irrigation scheme (2000-01)
Block wise Distribution of Surface Flow Schemes according to Social status for 3rd census of minor irrigation scheme (2000-01) (schema 4),2,unexplained,,3,2nd 3rd scheme,0,year,Village wise Distribution of Surface Flow Schemes according to Finance source for 2nd census of Minor Irrigation Schemes (1993-94) | Village wise Distribution of Surface Flow Schemes according to source of Finance for 3rd census of minor irrigation scheme (2000-01)
Block wise Potential Utilized through Lift Schemes for 3rd census of minor irrigation scheme (2000-01) (schema 1),2,unexplained,,3,flow lift surface,0,,Village wise Potential Utilized through Lift Schemes for 3rd census of minor irrigation scheme (2000-01) | Village wise Potential Utilized through Surface Flow Schemes for 3rd census of minor irrigation scheme (2000-01)
Distribution of Deep Tubewells According to Ownership for 5th Minor Irrigation (2013-14) (schema 1),3,unexplained,,3,deep medium shallow,0,,Distribution of Shallow Tubewells According to Ownership for 5th  Minor Irrigation Census (2013-14) | Distribution of Medium Tubewells According to Ownership for 5th Minor Irrigation Census (2013-14)
Distribution of Deep Tubewells and Cost of Construction Over the Years for 5th Minor Irrigation Census (2013-14),3,unexplained,,3,deep medium shallow,0,,Distribution of Shallow Tubewells and Cost of Construction Over the Years for 5th Minor Irrigation Census (2013-14) | Distribution of Medium Tubewells and Cost of Construction Over the Years for 5th Minor Irrigation Census (2013-14)
Distribution of Deep Tubewells According to Major Source (under Individual Ownership) of Finance for 5th Minor Irrigation Census (2013-14),3,unexplained,,3,deep medium shallow,0,,Distribution of Shallow Tubewells  (under Individual Ownership) According to Major Source of Finance for 5th Minor Irrigation Census (2013-14) | Distribution of Medium Tubewells According to Major Source (under Individual Ownership)  of Finance for 5th Minor Irrigation Census (2013-14)
Distribution of Deep Tubewells Temporarily not in use by Reasons for 5th Minor Irrigation Census (2013-14),3,unexplained,,3,deep medium shallow,0,,Distribution of Shallow Tubewells Temporarily not in use by Reasons for 5th Minor Irrigation Census (2013-14) | Distribution of Medium Tubewells Temporarily Not in use By reasons for 5th Minor Irrigation Census (2013-14)
Distribution of Deep Tubewells Permanently not in use by Reasons for 5th Minor Irrigation Census (2013-14),3,unexplained,,3,deep medium shallow,0,,Distribution of Shallow Tubewells Permanently not in use by Reasons for 5th Minor Irrigation Census (2013-14) | Distribution of Medium Tubewells Permanently not in use by Reasons for 5th Minor Irrigation Census (2013-14)
"Distribution of Deep Tubewells (in use, Temporarily not in use) According to Source of Energy for 5th Minor Irrigation Census (2013-14)",3,unexplained,,3,deep medium shallow,0,,"Distribution of Shallow Tubewells  (in use, Temporarily not in use) According to Source of Energy for 5th Minor Irrigation Census (2013-14) | Distribution of Medium Tubewells (in use, Temporarily not in use)  According to Source of Energy for 5th Minor Irrigation Census (2013-14)"
Distribution of Surface Flow Schemes According to Major Source (under Individual Ownership) of Finance for 5th Minor Irrigation Census (2013-14),2,unexplained,,3,5th flow lift,0,,Distribution of Surface Flow Schemes According to Major Source (under Individual Ownership) of Finance for 5th Minor Irrigation Census (2013-14) | Distribution of Surface Lift Schemes According to Major Source (under Individual Ownership) of Finance for Minor Irrigation Census (2013-14)
Number and Storage Capacity of Reservoirs in Surface Flow Schemes for 5th Minor Irrigation Census (2013-14),2,unexplained,,3,ponds reservoirs tanks,0,,Number and Storage Capacity of  Reservoirs in Surface Flow Schemes for 5th Minor Irrigation Census (2013-14) | Number and Storage Capacity of Tanks/Ponds in Surface Flow  Schemes for 5th Minor Irrigation Census (2013-14)
ICAR Publication Repository as on Date: Directorate of Poultry Research Collection,3,unexplained,,3,cashew poultry weed,0,,ICAR Publication Repository as on Date: Directorate of Weed Research Collection | ICAR Publication Repository as on Date: Directorate of Poultry Research Collection
ICAR Publication Repository as on Date: Central Institute For Research On Buffaloes Collection,3,unexplained,,3,buffaloes cattle goats,0,,ICAR Publication Repository as on Date: Central Institute for Research on Goats Collection | ICAR Publication Repository as on Date: Central Institute For Research On Cattle Collection
Operating Traffic Statistics and other Performance Indicators relating to Scheduled Traffic of All Scheduled Indian Airlines (schema 2),3,unexplained,,3,indian national private,0,year,Operating Traffic Statistics and other Performance Indicators relating to Scheduled Traffic of All Scheduled Indian Airlines during 2015-16 | Operating Traffic Statistics and other Performance Indicators relating to Scheduled Traffic of Scheduled National Airlines during 2015-16
Operating Revenue and Operating Expenses per Revenue Passenger Kilometre Performed of Scheduled National Airlines,6,unexplained,,3,indian national private,0,,Operating Revenue and Operating Expenses per Revenue Passenger Kilometre Performed of All Scheduled Indian Airlines from 2007-08 to 2015-16 | Operating Revenue and Operating Expenses per Revenue Passenger Kilometre Performed of Scheduled National Airlines from 2007-08 to 2015-16
Selected Traffic Coefficients of Scheduled Commercial Traffic Carried by All Scheduled Indian Airlines (schema 1),3,unexplained,,3,indian national private,0,,Selected Traffic Coefficients of Scheduled Commercial Traffic Carried by All Scheduled Indian Airlines from 2008-09 to 2015-16 | Selected Traffic Coefficients of Scheduled Commercial Traffic Carried by All Scheduled National Airlines from 2008-09 to 2015-16
International Traffic Carried To and From India on Scheduled Services of All Scheduled Indian Airlines,4,unexplained,,3,indian national private,1,,International Traffic Carried To and From India on Scheduled Services of All Scheduled Indian Airlines from 2009-10 to 2015-16 | International Traffic Carried To and From India on Scheduled Services of All Scheduled National Airlines from 2009-10 to 2015-16
Percentage Growth in Scheduled Passenger Traffic of All Scheduled Indian Airlines,3,unexplained,,3,indian national yearly,0,,Percentage Growth in Scheduled Passenger Traffic of All Scheduled Indian Airlines from 2007-08 to 2015-16 | Percentage Growth in Scheduled Passenger Traffic of All Scheduled National Airlines from 2007-08 to 2015-16
Percentage Growth in Scheduled Passenger Traffic of Indigo,4,unexplained,,3,indigo jetlite yearly,0,,Percentage Growth in Scheduled Passenger Traffic of Indigo from 2007-08 to 2015-16 | Percentage Growth in Scheduled Passenger Traffic of Jetlite from 2007-08 to 2015-16
Percentage Growth in Scheduled Passenger Traffic of Trujet,4,unexplained,,3,trujet vistara yearly,0,,Percentage Growth in Scheduled Passenger Traffic of Trujet from 2007-08 to 2015-16 | Percentage Growth in Scheduled Passenger Traffic of Vistara from 2007-08 to 2015-16
Percentage Growth in Scheduled Cargo Traffic of All Scheduled Indian Airlines,3,unexplained,,3,indian national yearly,0,,Percentage Growth in Scheduled Cargo Traffic of All Scheduled Indian Airlines from 2007-08 to 2015-16 | Percentage Growth in Scheduled Cargo Traffic of All Scheduled National Airlines from 2007-08 to 2015-16
Percentage Growth in Available Seat Kilometres of Air India Express,2,unexplained,,3,kilometers kilometres yearly,1,,Percentage Growth in Available Seat Kilometres of Air India Express from 2007-08 to 2015-16 | Yearly Percentage Growth in Available Seat Kilometers of Air India Express from 2007-08 to 2016-17
Percentage Growth in Available Seat Kilometres of All Scheduled Indian Airlines,2,unexplained,,3,kilometers kilometres yearly,0,,Percentage Growth in Available Seat Kilometres of All Scheduled Indian Airlines  from 2007-08 to 2015-16 | Yearly Percentage Growth in Available Seat Kilometers of All Scheduled Indian Airlines from 2007-08 to 2016-17
Percentage Growth in Available Seat Kilometres of Indigo,2,unexplained,,3,kilometers kilometres yearly,0,,Percentage Growth in Available Seat Kilometres of Indigo from 2007-08 to 2015-16 | Yearly Percentage Growth in Available Seat Kilometers of Indigo from 2007-08 to 2016-17
Percentage Growth in Available Seat Kilometres of Jetlite,2,unexplained,,3,kilometers kilometres yearly,0,,Percentage Growth in Available Seat Kilometres of Jetlite from 2007-08 to 2015-16 | Yearly Percentage Growth in Available Seat Kilometers of Jetlite from 2007-08 to 2016-17
Operating Traffic Statistics and other Performance Indicators relating to Scheduled Traffic of All Scheduled Indian Airlines (schema 1),3,unexplained,,3,indian national private,0,year,Operating Traffic Statistics and other Performance Indicators relating to Scheduled Traffic of Scheduled Private Airlines during 2016-17 | Operating Traffic Statistics and other Performance Indicators relating to Scheduled Traffic of Scheduled National Airlines during 2016-17
Country wise India&#039;s imports by Principal Commodity,3,unexplained,,3,exports imports s,1,year,Country-wise India Exports by Principal Commodity in 2011-12 and 2012-13 | Country wise India&#039;s imports by Principal Commodity
List of Ongoing Projects Under NLCPR: for Assam for Power as on date,3,unexplained,,3,nesrip nlcpr power,1,,List of Ongoing Projects under NLCPR for Assam as on date | List of Ongoing Projects Under NLCPR: for Assam for Power as on date 
List of Ongoing Projects Under NLCPR: for Sikkim for Power as on Date,6,unexplained,,3,nesrip nlcpr power,2,state,List of Ongoing Projects under NLCPR for Sikkim as on date | List of Ongoing Projects under NLCPR for Tripura as on date
North Eastern States Road Investment Project (NESRIP) schemes of MDoNER for Assam during current year as on date,14,unexplained,,3,current five last,7,state,North Eastern States Road Investment Project (NESRIP) schemes of MDoNER for Assam during last five years as on date | North Eastern States Road Investment Project (NESRIP) schemes of MDoNER for Manipur during last five years as on date
"Frequency of cyclones (maximum wind speed of 34 knots andabove) over the Bay of Bengal (BOB), Arabian Sea (AS) and land surface",2,unexplained,,3,above andabove severe,1,"year,state","Frequency of cyclones (maximum wind speed of 34 knots andabove) over the Bay of Bengal (BOB), Arabian Sea (AS) and land surface of India during 1891-2016 | Frequency of severe cyclones (maximum wind speed of 48 knots and above) over the Bay of Bengal (BOB), Arabian Sea (AS) and land surface of India during 1891-2016"
Seasonal Frequency of Cyclones during Monsoon during the period,7,unexplained,,3,post pre severe,0,year,Seasonal Frequency of Cyclones during Monsoon during the period 1891-2019 | Seasonal Frequency of cyclones during Monsoon during the period 1891-2021
State-wise number of habitations in various population slabs (SC Population is 50 % or More) and their population as on Sept,2,unexplained,,3,between more or,0,,State-wise number of habitations in various population slabs (SC Population is 50 % or More) and their population as on Sept 2009 | State-wise number of habitations in various population slabs (SC Population is Between 25-50 %) and their population as on Sept 2009
State-wise number of habitations in various population slabs (ST Population is 50 % or More) and their population as on Sept,2,unexplained,,3,between more or,0,,State-wise number of habitations in various population slabs (ST Population is 50 % or More) and their population as on Sept 2009 | State-wise number of habitations in various population slabs (ST Population is Between 25-50 %) and their population as on Sept 2009
Habitations with and without higher secondary schools/sections/intermediate/junior college/PUC (SC Population is 50% or More) as on Sept (schema 1),2,unexplained,,3,between more or,0,year,Habitations with and without higher secondary schools/sections/intermediate/junior college/PUC (SC Population is 50% or More) as on Sept 2009 | Habitations with and without higher secondary schools/sections/intermediate/junior college/PUC (SC Population is Between 25-50 %) as on Sept 2009
Habitations with and without higher secondary schools/sections/intermediate/junior college/PUC (ST Population is 50 % or More) as on Sept (schema 1),2,unexplained,,3,between more or,0,year,Habitations with and without higher secondary schools/sections/intermediate/junior college/PUC (ST Population is 50 % or More) as on Sept 2009 | Habitations with and without higher secondary schools/sections/intermediate/junior college/PUC (ST Population is Between 25-50 %) as on Sept 2009
Habitations with and without higher secondary schools/sections/intermediate/junior college/PUC (SC Population is 50% or More) as on Sept (schema 2),2,unexplained,,3,between more or,0,year,State-wise habitations with and without higher secondary schools/sections/intermediate/junior colleges/PUC (SC Population is 50 % or More) as on Sept 2009 | State-wise habitations with and without higher secondary schools/sections/intermediate/junior colleges/PUC (SC Population is Between 25-50 %) as on Sept 2009
Habitations with and without higher secondary schools/sections/intermediate/junior college/PUC (ST Population is 50 % or More) as on Sept (schema 2),2,unexplained,,3,between more or,0,year,State-wise habitations with and without higher secondary schools/sections/intermediate/junior colleges/PUC (ST Population is 50 % or More) as on Sept 2009 | State-wise habitations with and without higher secondary schools/sections/intermediate/junior colleges/PUC (ST Population is Between 25-50 %) as on Sept 2009
State-wise habitations under different population slabs (SC Population is Between 25-50 %) not served by a primary school/section with/without an alternative school as on Sept,2,unexplained,,3,between more or,0,year,State-wise habitations under different population slabs not served by a primary school/section with/without an alternative school (SC Population is 50 % or More) as on Sept 2009 | State-wise habitations under different population slabs (SC Population is Between 25-50 %) not served by a primary school/section with/without an alternative school as on Sept 2009
State-wise habitations under different population slabs (ST Population is 50 % or More) not served by a primary school/section with/without an alternative school as on Sept,2,unexplained,,3,between more or,0,year,State-wise habitations under different population slabs (ST Population is 50 % or More) not served by a primary school/section with/without an alternative school as on Sept 2009 | State-wise habitations under different population slabs (ST Population is Between 25-50 %)not served by a primary school/section with/without an alternative school as on Sept 2009
State/UT-wise Number of Enrolment of Students - All Types of School Management and Level of School Education (schema 4),3,unexplained,,3,schools ut uts,0,,State/UT-wise Number of Enrolment of Students - Government Schools Management and Level of School Education during 2021-22 | State/UT-wise Number of Enrolment of Students - Government School Management and Level of School Education during 2020-21
State/UT-wise Number of Enrolment of Students - All Types of School Management and Level of School Education (schema 1),3,unexplained,,3,number ut uts,0,,"State/UT-wise Number of Enrolment of Students by Gender, All Types of School Management and Level of School Education during 2021-22 | State/UT-wise Enrolment of Students by Gender, School All Types of Management and Level of School Education during 2020-21"
State/UT-wise Number of Enrolment of Students - All Types of School Management and Level of School Education (schema 3),3,unexplained,,3,number ut uts,0,,"State/UT-wise Number of Enrolment of Students by Gender, Government School Management and Level of School Education during 2021-22 | State/UT-wise Enrolment of Students by Gender, Government School Management and Level of School Education during 2020-21"
State/UT-wise Number of Enrolment of Students - All Types of School Management and Level of School Education (schema 2),3,unexplained,,3,number ut uts,0,,"State/UT-wise Number of Enrolment of Students by Gender, Government Aided School Management and Level of School Education during 2021-22 | State/UT-wise Enrolment of Students by Gender, Government Aided School Management and Level of School Education during 2020-21"
State/UT-wise Number of Enrolment of Students - All Types of School Management and Level of School Education (schema 6),2,unexplained,,3,number other others,0,,"State/UT-wise Number of Enrolment of Students by Gender, Others School Management and Level of School Education during 2021-22 | State/UT-wise Enrolment of Students by Gender, Other School Management and Level of School Education during 2020-21"
State/UT-wise New Admission of Students in Class 1 - All Types of Management who have Pre-school Experience by Gender,4,unexplained,,3,number ut uts,0,year,State/UT-wise Number of New Admission of Students in Class 1 - All Types of Management who have Pre-school Experience by Gender during 2021-22 | State/UT-wise New Admission of Students in Class 1 - All Types of Management who have Pre-school Experience by Gender during 2020-21
State/UT-wise New Admission of Students in Class 1- Others who have Pre-school Experience by Gender (schema 2),4,unexplained,,3,number ut uts,0,year,State/UT-wise Number of New Admission of Students in class 1 - Government who have Pre-school Experience by Gender during 2021-22 | State/UT-wise New Admission of Students in Class 1- Government who have Pre-school Experience by Gender during 2020-21
State/UT-wise New Admission of Students in Class 1- Others who have Pre-school Experience by Gender (schema 3),4,unexplained,,3,number ut uts,0,year,State/UT-wise Number of New Admission of Students in Class 1 - Others who have Pre-school Experience by Gender during 2021-22 | State/UT-wise New Admission of Students in Class 1- Others who have Pre-school Experience by Gender during 2020-21
State/UT-wise Details of Gross Enrolment Ratio (GER) by Gender and Level of School Education (All Social Groups) (schema 1),3,unexplained,,3,details ut uts,0,,State/UT-wise Gross Enrolment Ratio (GER) ) - All Social Groups by Gender and Level of School Education during 2021-22 | State/UT-wise Gross Enrolment Ratio (GER) - All Social Groups by Gender and Level of School Education during 2020-21
"State/UT-wise Number of Population Projection by Gender, Social Groups and Age-Group - Scheduled Tribes (ST) (schema 1)",3,unexplained,,3,number ut uts,0,year,"State/UT-wise Number of Projected population by Age Group - Scheduled Tribes (ST) by Gender, Social Groups and Age-Group during 2021 | State/UT-wise Scheduled Tribes (ST) Projected Population by Gender, Social Groups and Age-group during 2020"
State/UT-wise Number of Schools - Private Unaided Recognized by Management and School Category (schema 1),3,unexplained,,3,schools ut uts,0,,State/UT-wise Number of Teachers in Private Unaided Recognized by Management and School Category during 2021-22 | State/UT-wise Number of Teachers in Private Unaided Recognized Schools by Management and School Category during 2020-21
State/UT-wise New Admission of Students in Class 1- Private Unaided Recognized who have Pre-school Experience by Gender (schema 1),3,unexplained,,3,number ut uts,0,year,State/UT-wise New Admission of Students in Class 1- Private Unaided Recognized who have Pre-school Experience by Gender during 2020-21 | State/UT-wise Number of New Admission of Students in Class 1 who have Pre-School Experience by Gender - Private Unaided Recognized during 2022-23
State/UT-wise Net Enrolment Rate (NER) by Gender and Level of School Education (schema 1),2,unexplained,,3,details ut uts,0,,State/UT-wise Net Enrolment Rate (NER) by Gender and Level of School Education during 2020-21 | State/UTs-wise Details of Net Enrolment Rate (NER) by Gender and Level of School Education during 2023-24
"State/UT-wise Details of Highlights of Schools, Enrolments and Teachers as per UDISE+ Data",2,unexplained,,3,per ut uts,0,year,"State/UT-wise Details of Highlights of Schools, Enrolments and Teachers as per UDISE+ Data during 2022-23 | State/UTs-wise Details of Schools, Enrolments and Teachers Highlights of UDISE+ Data during 2023-24"
Census 1971 – Ward wise Area and Population : Surat (schema 2),2,unexplained,,3,ward wardwise wise,0,,Census 1971 – Ward wise Area and Population : Surat | Surat: Census 1961 – Wardwise Area and Population
Cultural Heritage : Thane,2,unexplained,,3,cultural culturalheritage heritage,0,year,Cultural Heritage : Thane : As on Jan 2019 | Thane: CulturalHeritage: 2021
Pimpri Chinchwad Municipal Corporation COVID 19 Private_Hospitals,2,unexplained,,3,hospital hospitals major,0,,Pimpri Chinchwad Municipal Corporation COVID 19 Private_Hospitals | Pimpri Chinchwad Municipal Corporation COVID 19 Private_Major_hospital
Growth of Overseas Fleet By Size of Vessels,2,unexplained,,3,31st size type,0,year,Growth of Overseas Fleet by Type of Vessels from 1984 to 2024 | Growth of Overseas Fleet By Size of Vessels as on 31st December 1980 TO 2022
Growth of Coastal Fleet By Type of Vessels,2,unexplained,,3,31st size type,0,year,Growth of Coastal Fleet By Type of Vessels as on 31st December 2024 | Growth of Coastal Fleet by Size of Vessels from 1981 to 2024
Locomotive - Number in service as on 31st March for All Gauges,2,unexplained,,3,broad gauge gauges,0,year,Locomotive - Number in service as on 31st March for Broad Gauge upto 2013-14 | Locomotive - Number in service as on 31st March for All Gauges upto 2013-14
Number of coaching vehicles in service as on 31st March for Broad Gauge,3,unexplained,,3,broad metre narrow,0,year,Number of coaching vehicles in service as on 31st March for Broad Gauge upto 2013-14 | Number of coaching vehicles in service as on 31st March for Metre Gauge upto 2013-14
Ineffective Rolling Stock - Percentage under or awaiting repairs to total on line - Broad Gauge,2,unexplained,,3,broad metre totalon,0,year,Ineffective Rolling Stock - Percentage under or awaiting repairs to total on line - Broad Gauge upto 2013-14 | Ineffective Rolling Stock - Percentage under or awaiting repairs to totalon line -Metre Gauge upto 2013-14
Revenue Realized from Road Transport (Centre) (schema 1),2,unexplained,,3,form realised realized,0,,Revenue Realized from Road Transport (Centre) during 2009-10 to 2011-12 | Revenue Realised from Road Transport Centre form 2009-10 to 2014-15
State/UT wise total and surfaced length of Urban roads (schema 3),3,unexplained,,3,road roads rural,1,year,State/UT wise total and surfaced road length in India as on 31st March 2012 | State/UT wise total and surfaced length of rural roads in India as on 31st March 2012
State/ UT-wise Total Number of Fatal Road Accidents (schema 1),9,unexplained,,3,fatal no number,1,,State/UT wise total no of road accidents during 2003-2012 | State/UT wise total number of Fatal road accidents during 2003-2012
"State/UT wise Total Number of Road Accidents, Persons Killed/Injured, Fatal Accidents due to Auto rickshaws (schema 1)",6,unexplained,,3,auto buses rickshaws,0,,"State/UT wise Total Number of Road Accidents, Persons Killed/Injured, Fatal Accidents due to Auto rickshaws during 2006-2012 | State/UT wise Total Number of Road Accidents, Persons Killed/Injured, Fatal Accidents due to Buses during 2006-2012"
Number of Registered Motor Vehicles (Transport & Non-Transport) (schema 5),2,unexplained,,3,daman diu ut,1,state,Number of Registered Motor Vehicles (Transport & Non-Transport) Punjab from 2000-01 to 2001-02 | Number of Registered Motor Vehicles (Transport & Non-Transport) UT: Daman & diu from 2000-01 to 2001-02
Fatal Accidents in Rural and Urban Area,2,unexplained,,3,area areas road,0,,Fatal Accidents in Rural and Urban Area during 2014 | Fatal Road Accidents in Rural and Urban Areas from 2010 and 2016
Total Motor Vehicle Production in Selected Countries (schema 2),4,unexplained,,3,producation production wise,0,,Total Motor Vehicle Producation in Selected Countries from 1986 to 1989 | Total Motor Vehicle Production in Selected Countries from 1982 to 1986
"State/UT wise Total Number of Road Accidents, Persons Killed/Injured, Fatal Accidents due to Auto rickshaws (schema 2)",2,unexplained,,3,auto buses rickshaws,0,,"State/UT wise Total Number of Road Accidents, Persons Killed/Injured, Fatal Accidents due to Auto rickshaws during 2006-2016 | State/UT wise Total Number of Road Accidents, Persons Killed/Injured, Fatal Accidents due to Buses during 2006-2016"
State/ UT-wise Fatal Road Accidents in Rural and Urban Areas (schema 1),7,unexplained,,3,number ut uts,0,year,State/UT-wise Fatal Road Accidents in Rural and Urban Areas during 2017 | State/UT-wise Fatal Road Accidents in Rural and Urban Areas during 2019
State/UT-wise Drivers Killed According to Classification of Age and Sex (schema 1),5,unexplained,,3,number ut uts,0,year,State/UT-wise Drivers Killed According to Classification of Age and Sex during 2018 | State/UT-wise Drivers Killed according to classification of age and sex during 2019
"States/UTs-wise Persons killed in Car,Jeep,Taxi Accidents Classified by the type of impacting Vehicles (schema 1)",4,unexplained,,3,number ut uts,0,year,"State/UT-wise Persons killed in Car,Jeep,Taxi Accidents Classified by the type of impacting Vehicles during 2019 | States/UTs-wise Persons killed in Car,Jeep,Taxi Accidents Classified by the type of impacting Vehicles during 2020"
State/UT-wise Pedestrians Killed According to Classification of Age and Sex (schema 3),4,unexplained,,3,number ut uts,0,year,State/UT-wise Pedestrians killed according to classification of age and sex during 2019 | States/UTs-wise Pedestrians killed according to classification of age and sex during 2020
State/UT-wise Road Accidents as per the Time of Occurance (schema 2),2,unexplained,,3,number occurance occurrence,0,year,State/UT-wise Number of Road Accidents as per the Time of Occurance during 2023 | State/UT-wise Road Accidents as per the Time of Occurrence during 2024
State/UT-wise Total Number of Grevious and Minor Injured Persons in Road Accidents on National Highways (schema 2),4,unexplained,,3,grevious grievously national,0,year,State/UT-wise Total Number of Grevious and Minor Injured Persons in Road Accidents on National Highways during 2022 | State/UT-wise Total Number of Grevious and Minor Injured Persons in Road Accidents on State Highways during 2022
Area-wise Number of Research And Development Proposals Not Found Suitable,4,unexplained,,3,06th area number,0,year,Area-wise Number of Research And Development Proposals Not Found Suitable During 2011-12 And 2012-13 | Area-wise Research And Development Proposals Not Found Suitable As On 06th June 2013
"Household Consumer Expenditure, NSS 47th Round : July - Dec",3,unexplained,,3,47th 53th 59th,0,year,"Household Consumer Expenditure, NSS 47th Round : July - Dec 1991 | Household Consumer Expenditure, NSS 53th Round : Jan - Dec 1997"
Quarterly Estimates of GDP at Constant (2004-05) Prices - From 2004-05 to 2013-14 (as on 30.05.2014),2,unexplained,,3,constant current series,0,,"Quarterly Estimates of GDP at Constant (2004-05) Prices - From 2004-05 to 2013-14 (as on 30.05.2014) | Quarterly Estimates of GDP at Current Prices, 2004-05 Series - From 2004-05 to 2013-14 (as on 30.05.2014)"
Quarterly Estimates of Rates of GDP at Market Price at Constant (2004-05) Prices - From 2004-05 to 2013-14 (as on 30.05.2014) (schema 1),2,unexplained,,3,constant current series,0,,"Quarterly Estimates of Rates of GDP at Market Price at Constant (2004-05) Prices - From 2004-05 to 2013-14 (as on 30.05.2014) | Quarterly Estimates of Rates of GDP at Market Price at Current Prices, 2004-05 Series - From 2004-05 to 2013-14 (as on 30.05.2014)"
Quarterly Estimates of Growth Rates of GDP at Constant (2004-05) Prices - From 2005-06 to 2013-14 (as on 30.05.2014) (schema 1),2,unexplained,,3,constant current series,0,,"Quarterly Estimates of Growth Rates of GDP at Constant (2004-05) Prices - From 2005-06 to 2013-14 (as on 30.05.2014) | Quarterly Estimates of Growth Rates of GDP at Current Prices, 2004-05 Series - From 2005-06 to 2013-14 (as on 30.05.2014)"
Month wise break up of Non Residents Indians arrivals (schema 1),5,unexplained,,3,nris resident residents,0,,Month-wise break-up of Non-Residents indians (NRIs) Arrivals from 2016 to 2018 | Month wise break-up of Non-Resident Indians (NRIs) Arrivals from 2017 to 2019
Domestic and Foreign Visitors at 10 Most Popular Centrally Protected Ticketed ASI Monuments during FY (schema 1),4,unexplained,,3,fy visitors vsitors,0,,Domestic and Foreign Visitors at 10 Most Popular Centrally Protected Ticketed ASI Monuments during 2018-19 | Domestic and Foreign Vsitors at 10 most Popular Centrally protected Ticketed ASI monuments during 2019-20
Destination Country-wise Details of Average Duration of Stay by Indian National Departures (schema 1),2,unexplained,,3,details national nationals,0,year,"Destination country wise average duration of stay by Indian Nationals Departures, 2021 | Destination Country-wise Details of Average Duration of Stay by Indian National Departures during 2021"
"State, UT & City-wise Distribution of Suicides by Causes (schema 12)",2,unexplained,,3,distribtion distribution ut,0,,State/UT-wise distribution of suicides by causes during 2001-2012 | State-wise distribtion of suicides by causes during 2013
State-wise profession profile of suicide victim (schema 1),2,unexplained,,3,profession professional ut,0,,State/UT-wise professional profile of suicide victim during 2001-2012 | State-wise profession profile of suicide victim during 2013
State-wise social status of suicide victim (schema 1),2,unexplained,,3,ut victim victims,0,,State/UT-wise social status of suicide victims during 2001-2012 | State-wise social status of suicide victim during 2013
"State, UT & City-wise Number of Traffic Accidents by Month Of Occurrence (schema 7)",2,unexplained,,3,occurance occurrence ut,0,,State/UT-wise number of traffic accidents by month of occurrence during 2001-2012 | State-wise number of traffic accidents by month of occurance during 2013
"State, UT & City-wise Number of Traffic Accidents by Month Of Occurrence (schema 6)",2,unexplained,,3,occurance occurrence ut,0,,State/UT-wise number of traffic accidents by time of occurrence during 2001-2012 | State-wise number of traffic accidents by time of occurance during 2013
"Single Year Age Returns by Residence, Sex and Literacy Status",3,unexplained,,3,caste schedule tribe,0,year,"Single year age returns by residence, sex and literacy status, 2011 | Single year age returns by residence, sex and literacy status for Schedule Caste, 2011"
State/UT-wise Disposal of Persons Arrested under IPC Crimes by Courts (schema 17),2,unexplained,,3,ipc sll ut,0,,State & UT-Wise Disposal of Persons Arrested under IPC Crimes by Police during 1999 | State wise Disposal of Persons Arrested under SLL Crimes by police during 1999
"Sanctioned and Actual Strength of Civil Police Including District Armed Police as on 31.12.2000 (Men+Women) (State, UT & City -wise ) (schema 8)",2,unexplained,,3,actual men only,0,,"State, UT & City Wise Sanctioned and Actual Strength of Civil Police Including District Armed Police as on 31.12.1999 (Men+Women) | State, UT & City Wise Sanctioned and Strength of Civil Police Including District Armed Police As on 31.12.1999 (Women Only)"
State/UT-wise Incidence & Rate of Crime Committed Against Scheduled Tribes (schema 3),2,unexplained,,3,ut uts wise,0,,State and UT-wise Incidence & Rate of Crime Committed against Scheduled Tribes during 1998 | Incidence & Rate of Crime Committed Against Scheduled Tribes in states and UTs during 1997
State/UT-wise Disposal of Persons Arrested under IPC Crimes by Courts (schema 16),2,unexplained,,3,crimes ipc sll,0,,State & UT-wise Disposal of Persons Arrested under IPC by Police during 1998 | State & UT-wise Disposal of Persons Arrested under SLL Crimes by Police during 1998
Crime Head-wise Persons Arrested under IPC Crimes during 2000 & 2001 and Percentage Variation in 2001 over (schema 1),16,unexplained,,3,different ipc sll,0,,Persons Arrested under different SLL Crimes during 2000 and Percentage Variation in 2000 over 1999 (Crime Head wise ) | Crime Head-wise Persons Arrested under different SLL Crimes during 2007 & 2008 and Percentage Variation in 2008 over 2007
State/UT-wise Disposal of Persons Arrested under IPC Crimes by Courts (schema 8),4,unexplained,,3,ipc od sll,0,,Disposal od Persons arrested under IPC Crimes by Police during 2000 (State & UT-wise ) | Disposal of Persons Arrested under SLL Crimes by police during 2000 (State & UT-Wise)
Village Amenities for Badgam District of Jammu Kashmir,3,unexplained,,3,badgam bandipore baramula,0,,"Village Amenities for Badgam District of Jammu Kashmir, 2011 | Village Amenities for Bandipore District of Jammu Kashmir, 2011"
Percentage Distribution of Cognizable Crimes (IPC) Under Different Crime Heads (schema 2),6,unexplained,,3,crime ipc sll,0,,Percentage Distribution of Cognizable Crimes (SLL) Under Different Crimes Heads from 1993 to 1997 | Percentage Distribution of Cognizable Crimes (IPC) under different Crime Heads from 2000 to 2004
State/UT & City-wise Incidence & Rate of Cognizable Crimes (IPC) under different Crime Heads (schema 1),2,unexplained,,3,cities city wise,0,,"Incidence (I) & Rate (R) of Cognizable Crimes (SLL) Under Different Crime Heads in States, UTs & Cities during 1997 | State, UTs & City-wise Incidence (I) & Rate (R) of Cognizable Crimes (SLL) under different Crime Heads during 1995"
Sanctioned & Actual Strength of Civil Police including District Armed Police as on 31.12.1998 (Women only) (schema 1),7,unexplained,,3,level men only,1,year,Sanctioned and Actual Strength of Civil Police including district Armed Police as on 31.12.1997 (Men + Women) | Sanctioned and Actual Strength (Men+Women) of Civil Police including District Armed Police as on 31.12.1996
State/UT-wise Juveniles Apprehended under IPC Crimes by Age Group & Sex (schema 2),10,unexplained,,3,ipc lsl sll,0,year,"State, UT & City-Wise Juveniles Apprehended Under IPC Crimes by Age Group & Sex during 1996 | State, UT & City-Wise Juveniles Apprehended Under SLL Crimes by Age Group & Sex during 1996"
State/UT-wise Classification of Juveniles Arrested under IPC and SLL by Attributes (schema 1),3,unexplained,,3,crimes lsl sll,0,,"State, UT & City-Wise Classification of Juveniles Arrested (Under IPC and SLL) by Attributes during 1996 | State, UT & City-wise Classification of Juveniles Arrested (Under IPC & LSL) by Attributes during 1988"
All-India level Disposal of IPC Crime Cases by Police (schema 1),3,unexplained,,3,ipc l sl,1,year,All-India level Disposal of IPC Crime Cases by Police during 1993 | All-India level Disposal of L & SL Crime Cases by Police during 1993
State/UT-wise Disposal of IPC Cases by Police (schema 9),2,unexplained,,3,ipc l sl,0,year,State & UT-wise Disposal of IPC Crime Cases by Police during 1993 | State & UT-wise Disposal of L & SL Crime Cases by Police during 1993
All India level Disposal of Cases under IPC by Courts (schema 2),5,unexplained,,3,crime ipc lsl,1,year,All-India level Disposal of IPC Crime Cases by Courts during 1992 | All-India level Disposal of LSL Crime Cases by Courts during 1992
All India level Persons Arrested under IPC Crime Heads By Sex (schema 2),8,unexplained,,3,gender sex wise,1,year,All-India level Crime Head & Gender-wise Persons Arrested under IPC Crimes during 1990 | All-India level Crime Head & Gender-wise Persons Arrested under IPC Crimes during 1992
All-India level Disposal of Persons Arrested under IPC Crimes by Police (schema 1),9,unexplained,,3,crimes ipc lsl,1,,All-India level Disposal of Persons Arrested under IPC Crimes by Police during 1990 | All-India level Disposal of Persons Arrested under IPC Crimes by Police during 1992
All-India level Disposal of Persons Arrested under IPC Crimes by Courts (schema 1),4,unexplained,,3,crimes ipc lsl,1,,All-India level Disposal of Persons Arrested under IPC Crimes by Courts during 1990 | All-India level Disposal of Persons Arrested under LSL by Courts during 1990
All-India level Juvenile Delinquency (LSL) under different Crime Heads (schema 1),6,unexplained,,3,l lsl sl,1,,All-India level Juvenile Delinquency (LSL) under different Crime Heads during from 1989 to 1990 | All-India level Juvenile Delinquency (LSL) under different Crime Heads during from 1991 to 1992
State/UT-wise Disposal of Persons Arrested under IPC Crimes by Courts (schema 12),2,unexplained,,3,ipc l sl,0,,State & UT-wise Disposal of Persons Arrested under IPC Crimes by Courts during 1993 | State & UT-wise Disposal of Persons Arrested under L & SL Crimes by Courts during 1993
"State, UT & City-wise Juvenile Delinquency (IPC) under different Crime Heads (schema 8)",2,unexplained,,3,l lsl sl,0,year,"State, UT & City-wise Juvenile Delinquency (LSL) under different Crime Heads during 1992 | State, UT & City-wise Juvenile Delinquency (L&SL) under different Crime Heads during 1993"
State/UT-wise Juveniles Apprehended under different IPC Crimes (schema 6),2,unexplained,,3,l lsl sl,0,year,"State, UT & City-wise Juveniles Apprehended under different LSL Crimes during 1992 | State, UT & City-wise Juveniles Apprehended under different L & SL Crimes during 1993"
State/UT-wise Juveniles Apprehended under IPC Crimes by Age Group & Sex (schema 10),2,unexplained,,3,ipc l sl,0,year,"State, UT & City-wise Juveniles Apprehended under IPC Crimes by Age-Groups & Sex during 1993 | State, UT & City-wise Juveniles Apprehended under L & SL Crimes by Age-Groups & Sex during 1993"
State/UT-wise Classification of Juveniles Arrested under IPC and SLL by Attributes (schema 5),2,unexplained,,3,l sl sll,0,,"State, UT & City-wise Classification of Juveniles Arrested (Under IPC and L & SL Crimes) by Attributes during 1993 | State, UT & City-wise Classification of Juveniles Arrested (Under IPC & SLL Crimes) by Attributes during 1994"
All India level Incidence and Volume of Total Cognizable Crime under Local and Special Laws,2,unexplained,,3,crime crimes lsl,1,,All-India level Incidence and Volume of Total Cognizable Crimes under Local & Special Laws (LSL) from 1978 to 1988 | All India level Incidence and Volume of Total Cognizable Crime under Local and Special Laws from 1977 to 1987
All India level Persons Arrested under IPC Crime Heads By Sex (schema 1),9,unexplained,,3,different head heads,1,,All India level Persons Arrested under different IPC Crime Heads during 1986 and 1987 | All India level Persons Arrested under the IPC Crime Head in 1985 and 1986
All India level Persons Arrested Per Case under IPC Crimes and Offences under Local & Special Laws (schema 1),16,unexplained,,3,crime crimes offences,1,,All India level Persons Arrested Per Case under IPC Offences and Offences under Local and Special Laws during 1987 | All India level Persons Arrested Per Case under IPC Crime and Offences under Local and Special Laws from 1982 to 1986
"State, UT & City-wise Juvenile Apprehended by Age Group for Committing Crimes under Indian Penal Code (IPC) (schema 2)",2,unexplained,,3,crime crimes ipc,0,year,"State, UT & City-wise Juveniles Apprehended by Age Group for Committing Crime under Indian Penal Code during 1987 | State, UT & City-wise Juveniles Apprehended by Age Group for Committing Crimes under Indian Penal Code (IPC) during 1984"
"State, UT & City-Wise Number of Burglary Cases Reported and Value of Property Stolen by Place of Occurrence (schema 20)",2,unexplained,,3,dacoity reported robbery,0,year,"State, UT & City-wise Number of Cases and Value of Property Stolen under Dacoity by Place of Occurrence during 1987 | State, UT & City-wise Number of Cases Reported and Value of Property Stolen under Robbery by Place of Occurrence during 1987"
"State, UT & City-Wise Number of Burglary Cases Reported and Value of Property Stolen by Place of Occurrence (schema 4)",8,unexplained,,3,dacoity reported robbery,0,year,"State, UT & City-wise Number of Cases Reported and Value of Property Stolen under Dacoity by Place of Occurrence during 1986 | State, UT & City-wise Number of Cases Reported and Value of Property Stolen under Robbery and by Place of Occurrence during 1986"
All India level Percentage Distribution of Crime under Important IPC Crime Heads (schema 1),15,unexplained,,3,head heads ipc,1,,All India level Percentage Distribution of Crime under Important IPC Crime Heads from 1978 to 1982 | All India level Percentage Distribution of Crime under Important IPC Crime Heads from 1977 to 1981
"State, UT & City-Wise Number of Burglary Cases Reported and Value of Property Stolen by Place of Occurrence (schema 13)",3,unexplained,,3,burglary dacoity robbery,0,year,"State, UT & City-wise Number of Dacoity Cases Reported and Value of Property Stolen by Place of Occurrence during 1995 | State, UT & City-wise Number of Robbery Cases Reported and Value of Property Stolen by Place of Occurrence during 1995"
"State, UT & City-Wise Incidence of Cognizable Crime and Volume Per One Lakh of Population under Important Heads of Indian Penal Code (IPC) (schema 1)",5,unexplained,,3,code indian penal,0,year,"State, UT & City-wise Incidence of Cognizable Crime and Volume per One Lakh of Population under Important Heads of IPC during 1981 | State, UT & City-wise Incidence of Cognizable Crime & Volume per one lakh of population under important heads of IPC during 1980"
"State, UT & City-wise Particulars of Juveniles Arrested under IPC Crimes and Offences under Local and Special Laws (schema 1)",8,unexplained,,3,juvenile juveniles particulars,0,,"State, UT & City-wise Particulars of Juvenile Arrested under IPC Crimes and Offences under Local & Special Laws during 1979 | State, UT & City-wise Particulars of Juvenile Arrested under IPC Crimes and Offences under Local & Special Laws during 1978"
"State, UT & City-Wise Incidence of Cognizable Crime and Volume Per One Lakh of Population under Important Heads of Indian Penal Code (IPC) (schema 2)",3,unexplained,,3,ipc ut uts,0,year,"States, UTs & City-wise Incidence of Cognizable Crime and Volume per One Lakh of Population under Important Heads of Indian Penal Code (IPC) during 1976 | State, UT & City-wise Incidence of Cognizable Crime and Volume Per One Lakh of Population under Important Heads of Indian Penal Code during 1974"
State & UT-wise Distribution of Convicts in Jails by Sex and Age-groups at the end (schema 4),2,unexplained,,3,convicts detenues foreigner,0,year,State/UT-wise Distribution of Convicts in Jails by Sex and Age-groups at the end of 2015 | State/UT-wise Distribution of Foreigner Detenues in Jails by Sex and Age-groups at the end of 2015
"State, UT & City-wise Property Stolen and Recovered (schema 2)",8,unexplained,,3,dacoity robbery under,0,year,"State, UT & City-wise Property Stolen and Recovered by Dacoity during 1970 | State, UT & City-wise Property Stolen and Recovered by Robbery during 1970"
State/UT-wise Classification of Railway Accidents (schema 1),6,unexplained,,3,ut uts wise,0,year,State/UT-wise Classification of Railway Accidents during 2015 | State/UT-wise Classification of Railway Accidents during 2016
State/UT and Cause-wise Distribution of Railway Accidents (schema 1),6,unexplained,,3,cause ut uts,0,year,State/UT and Cause-wise Distribution of Railway Accidents during 2015 | State/UT and Cause-wise Distribution of Railway Accidents during 2016
State/UT/City and Cause-wise Distribution of Road Accidents and Unmanned Railway Crossing Accidents (schema 1),6,unexplained,,3,cause ut uts,0,year,State/UT/City and Cause-wise Distribution of Road Accidents and Unmanned Railway Crossing Accidents during 2015 | State/UT/City and Cause-wise Distribution of Road Accidents and Unmanned Railway Crossing Accidents during 2016
"State, UT & City-wise Property Stolen and Recovered (schema 5)",4,unexplained,,3,dacoity robbery thefts,0,,"State, UT & City-wise Property Stolen and Recovered during 1964 | State, UT & City-wise Property Stolen and Recovered - Dacoity during 1964"
All India Level Category-wise Distribution of Female Inmates in Different Jails at the end (schema 1),9,unexplained,,3,country female jail,1,year,All India Level Category-wise Distribution of Jail Inmates in Different Jails in the Country at the end of 2014 | All India Level Category-wise Distribution of Female Inmates in Different Jails at the end of 2014
State & UT-wise Distribution of Foreigner Undertrials in Jails by Sex and Age-groups at the end (schema 1),16,unexplained,,3,foreigner jail jails,0,year,State & UT-wise Distribution of Undertrials in Jail by sex and Age-groups at the end of 2014 | State & UT-wise Distribution of Foreigner Undertrials in Jails by Sex and Age-groups at the end of 2014
State & UT-wise Age-group wise Percentage of Foreign Detenues to Total Foreign Detenues at the end (schema 1),12,unexplained,,3,31st end ut,0,year,State & UT-wise Age-group wise Percentage of Foreign Detenues to Total Foreign Detenues at the end of 2014 | State & UT-wise and Age-group wise Percentage of Foreign Detenues to Total Foreign Detenues at the end of 2013
State & UT-wise Demographic Particulars of Undertrial Prisoners at the end,9,unexplained,,3,prisoners undertrial undertrials,0,year,State & UT-wise Demographic Particulars of Undertrial Prisoners at the end of 2012 | State & UT-wise Demographic Particulars of Undertrial Prisoners at the end of 2011
State & UT-wise Distribution of Convicts in Jails by Sex and Age-groups at the end (schema 2),6,unexplained,,3,convicted convicts foreigners,0,year,State & UT-wise Distribution of Convicts in Jails by Age Groups at the end of 2000 | State & UT-wise Distribution of Foreigners Convicts in Jails by Age Groups at the end of 2000
State & UT-wise Percentage Distribution of Foreigner Convicts to Total Foreigners Convicted by Age-groups at the end (schema 2),3,unexplained,,3,convicted convicts foreigner,0,year,State & UT-wise Percentage of Foreigners Convicts to Total Foreigner Convicts by Age Groups at the end of 2000 | State & UT-wise Percentage of Foreigners Convicted to Total Foreigners Convicted by Age Groups at the end of 1999
"State, UT & City-Wise Number of Burglary Cases Reported and Value of Property Stolen by Place of Occurrence (schema 14)",3,unexplained,,3,burglary dacoity robbery,0,year,State/UT-wise Dacoity Cases Reported and Value of Property Taken away by Place of Occurrence during 2001 | State/UT-wise Robbery Cases Reported and Value of Property Taken away by Place of Occurrence during 2001
State/UT and Gender-wise Distribution of Accidental Deaths due to Forces of Nature (schema 1),3,unexplained,,3,gender ut uts,0,year,State/UT and Gender-wise Distribution of Accidental Deaths due to Forces of Nature during 2017 | State/UT and Gender-wise Distribution of Accidental Deaths due to Forces of Nature during 2018
Crime Head-wise Police Disposal of Cyber Crime Cases in Metropolitan Cities (schema 3),4,unexplained,,3,cyber ipc sll,0,,Crime Head-wise Court Disposal of Cyber Crime Cases in Metropolitan Cities during 2017 | Crime Head-wise Court Disposal of Cyber Crime Cases in Metropolitan Cities during 2018
Crime Head-wise Police Disposal of Cyber Crime Cases in Metropolitan Cities (schema 4),4,unexplained,,3,cyber ipc sll,0,,Crime Head-wise Police Disposal of SLL Crime Cases in Metropolitan Cities during 2017 | Crime Head-wise Police Disposal of Cyber Crime Cases in Metropolitan Cities during 2018
Crime Head-wise Disposal of Persons Arrested under IPC Crimes in Metropolitan Cities (schema 3),4,unexplained,,3,city crime head,0,year,City-wise Arrested Persons Disposal under SLL Crimes in Metropolitan Cities during 2017 | City-wise Arrested Persons Disposal in Metropolitan Cities under SLL Crimes during 2018
Crime Head-wise Court Disposal of Crime/Atrocities against Scheduled Tribe(s) (schema 1),6,unexplained,,3,atrocities caste tribe,0,,Crime Head-wise Court Disposal of Crime against Scheduled Caste(s) during 2017 | Crime Head-wise Court Disposal of Crime/Atrocities against Scheduled Tribe(s) during 2017
State/UT-wise Court Disposal of Crime/Atrocities against Scheduled Caste(s) (schema 3),3,unexplained,,3,atrocities caste tribe,0,,State/UT-wise Police Disposal of Crime against Scheduled Tribe(s) during 2017 | State/UT-wise Police Disposal of Crime/Atrocities against Scheduled Caste(s) during 2018
State/UT-wise Disposal of IPC Cases by Police (schema 1),4,unexplained,,3,crime ipc sll,0,,State/UT-wise Police Disposal of IPC Crime Cases during 2017 | State/UT-wise Police Disposal of SLL Cases during 2017
Crime Head-wise Period of Cases Pending Trial under IPC (schema 1),4,unexplained,,3,crimes ipc sll,0,year,Crime Head-wise Period of Cases Pending Trial under IPC during 2017 | Crime Head-wise Period of Cases Pending Trial under SLL Crimes during 2017
Crime Head-wise Disposal of Persons under Crimes by Foreigners (schema 3),2,unexplained,,3,against foreginers foreigners,0,year,Crime Head-wise Disposal of Persons under Crimes against Foreginers during 2019 | Crime Head-wise Disposal of Persons under Crimes by Foreigners during 2019
Crime Head-wise Police Disposal of Cyber Crime Cases in Metropolitan Cities (schema 10),3,unexplained,,3,cyber ipc sll,0,,Crime Head-wise Police Disposal of IPC Crime Cases in Metropolitan Cities during 2019 | Crime Head-wise Police Disposal of SLL Crime Cases in Metropolitan Cities during 2019
Crime Head-wise Police Disposal of Cyber Crime Cases in Metropolitan Cities (schema 6),3,unexplained,,3,cyber ipc sll,0,,Crime Head-wise Court Disposal of IPC Crime Cases in Metropolitan Cities during 2019 | Crime Head-wise Court Disposal of SLL Crime Cases in Metropolitan Cities during 2019
Crime Head-wise Police Disposal of Cyber Crime Cases in Metropolitan Cities (schema 5),3,unexplained,,3,cyber ipc sll,0,,City-wise Court Disposal of IPC Crime Cases in Metropolitan Cities during 2019 | City-wise Court Disposal of SLL Crime Cases in Metropolitan Cities during 2019
State/UT-wise Court Disposal of Crime/Atrocities against Scheduled Caste(s) (schema 8),2,unexplained,,3,atrocities caste tribe,0,,State/UT-wise Police Disposal of Crime/Atrocities against Scheduled Caste(s) during 2019 | State/UT-wise Police Disposal of Crime against Scheduled Tribe(s) during 2019
Crime Head-wise Disposal of Persons Arrested for Crime against Children (schema 4),2,unexplained,,3,children citizen senior,0,year,Crime Head-wise Disposal of Persons Arrested for Crime against Children during 2020 | Crime Head-wise Disposal of Persons Arrested for Crime against Senior Citizen during 2020
State & UT-wise Actual Strength of Women Jail Officers/Staff (schema 2),3,unexplained,,3,number ut uts,0,year,"State/UT-wise Actual Strength of Women Jail Officers/Staff as on 31st December, 2020 | States/Uts wise Actual Strength of Women Jail Officers/Staff as on 31st December, 2021"
State & UT-wise Training of Jail Officers/Staff (Refresher / Specialised / Re-Orientation Courses) (schema 2),3,unexplained,,3,number ut uts,0,year,State/UT-wise Training of Jail Officers/Staff (Refresher/ Specialised/ Re-orientation Courses) during 2020 | States/Uts wise Training of Jail Officers/Staff (Refresher / Specialised / Re-orientation Courses) during the year 2021
Crime Head-wise Disposal of Persons Arrested under Special & Local Laws (SLL) Crimes in Metropolitan Cities (schema 2),2,unexplained,,3,law laws number,0,year,Crime Head-wise Disposal of Persons Arrested under Special & Local Laws (SLL) Crimes in Metropolitan Cities during 2021 | Crime Head-wise Number of Disposal of Persons Arrested under Special and Local Law (SLL) Crimes in Metropolitan Cities during 2022
Crime Head-wise Disposal of Persons Arrested under Special & Local Laws (SLL) Crimes in Metropolitan Cities (schema 1),2,unexplained,,3,law laws number,0,year,State/City-wise Disposal of Persons Arrested under  Special & Local Laws (SLL) Crimes (in Metropolitan Cities) during 2021 | City-wise Number of Disposal of Persons Arrested under Special and Local Law (SLL) Crimes in Metropolitan Cities during 2022
Crime Head-wise Disposal of Persons Arrested for Crime against Children (schema 5),2,unexplained,,3,children citizen senior,0,,Crime Head-wise Disposal of Persons Arrested for Crime against Children during 2021 | Crime Head-wise Disposal of Persons Arrested for Crime against Senior Citizen during 2021
Crime Head-wise Disposal of Persons Arrested for Crime against Children in Metropolitan Cities (schema 8),2,unexplained,,3,children citizen senior,0,,Crime Head-wise Disposal of Persons Arrested for Crime against Children in Metropolitan Cities during 2021 | Crime Head-wise Disposal of Persons Arrested for Crime against Senior Citizen in Metropolitan Cities during 2021
State/UT-wise Education & Family Background of Juveniles Apprehended (schema 2),2,unexplained,,3,number ut uts,0,,State/UTs-wise Education & Family Background of Juveniles Apprehended during 2021 | State/UT-wise Number of Education and Family Background of Juveniles Apprehended during 2022
State/UT-wise Crime against Senior Citizen (60 Years & Above) (schema 2),3,unexplained,,3,number ut uts,0,,State/UTs-wise Crime against Senior Citizen (60 Years & Above) from 2019 to 2021 | State/UT-wise Number of Crime against Senior Citizen (60 Years and Above) from 2020 to 2022
State/UT-wise Disposal of Persons Arrested for Crime Against Senior Citizen (schema 2),3,unexplained,,3,number ut uts,0,year,State/UTs-wise Disposal of Persons Arrested for Crime against Senior Citizen during 2021 | State/UT-wise Number of Disposal of Persons Arrested for Crime against Senior Citizen during 2022
State/UT-wise Crime/Atrocities against Scheduled Castes (SCs) (schema 1),3,unexplained,,3,number ut uts,0,,State/UTs-wise Crime/Atrocities against Scheduled Caste(s) from 2019 to 2021 | State/UT-wise Number of Crime/Atrocities against Scheduled Caste(s) from 2020 to 2022
City-wise Crime/Atrocities against Scheduled Castes in Metropolitan Cities (schema 1),6,unexplained,,3,caste number tribe,0,,State/City-wise Crime/Atrocities against Scheduled Caste(s) in Metropolitan Cities during 2019 to 2021 | State/City-wise Crime/Atrocities against Scheduled Tribe(s) in Metropolitan Cities from 2019 to 2021
State/UT-wise Crime/Atrocities against Scheduled Tribe(s) (schema 1),3,unexplained,,3,number ut uts,0,,State/UTs-wise Crime/Atrocities against Scheduled Tribe(s) during 2019 from 2021 | State/UT-wise Number of Crime/Atrocities against Scheduled Tribe(s) from 2020 to 2022
State/UT-wise Prevention of Corruption Act & Related Sections of IPC Cases Reported (schema 2),3,unexplained,,3,number ut uts,0,,State/UTs-wise Prevention of Corruption Act & Related Sections of IPC Cases Reported from 2019 to 2021 | State/UT-wise Number of Prevention of Corruption Act & Related Sections of IPC Cases Reported from 2020 to 2022
"State/UT-wise Prevention of Corruption Act, 1988 (PC Act) under Cases Registered by Anti-Corruption Bureau, Vigilance and Lokayukta (schema 2)",3,unexplained,,3,number ut uts,0,year,"State/UTs-wise Prevention of Corruption Act, 1988 (PC Act) - Cases Registered by Anti-Corruption Bureau, Vigilance and Lokayukta during 2021 | State/UT-wise Number of Prevention of Corruption Act, 1988 (PC Act) - Cases Registered by Anti-Corruption Bureau, Vigilance and Lokayukta during 2022"
State/UT-wise Action against Persons Arrested and Departmental Action taken in Offences under P.C. Act (schema 2),3,unexplained,,3,number ut uts,0,year,State/UTs-wise Action against Persons Arrested and Departmental Action taken in Offences under P.C.Act during 2021 | State/UT-wise Number of Action against Persons Arrested and Departmental Action taken in Offences under P.C.Act during 2022
State/UT-wise Disposal of Persons Arrested under Offences against State (schema 2),3,unexplained,,3,number ut uts,0,year,State/UTs-wise Disposal of Persons Arrested for Offences against State during 2021 | State/UT-wise Number of Disposal of Persons Arrested for Offences against State during 2022
"State/UT-wise Number of Clashes/Group Clashes (with use of Firearm + without use of Firearm) - Incidences, Injuries and Deaths (schema 1)",2,unexplained,,3,number ut uts,0,year,"States/Uts wise Clashes/Group Clashes (with use of Firearm + without use of Firearm) - incidences, injuries and deaths during the year 2021 | State/UT-wise Number of Clashes/Group Clashes (with use of Firearm + without use of Firearm) - Incidences, Injuries and Deaths during 2022"
State/UT-wise Disposal of Persons Arrested for Crime/Atrocities against Scheduled Caste(s) (schema 2),3,unexplained,,3,caste number tribe,0,year,State/UT-wise Number of Disposal of Persons Arrested for Crime/Atrocities against Scheduled Tribe(s) during 2022 | State/UT-wise Disposal of Persons Arrested for Crime/Atrocities against Scheduled Caste(s) during 2023
Crime Head-wise Court Disposal of Crime against Children in Metropolitan Cities (schema 6),4,unexplained,,3,children number women,0,,Crime Head-wise Number of Police Disposal of Crime against Women in Metropolitan Cities during 2022 | Crime Head-wise Number of Police Disposal of Crime against Children in Metropolitan Cities during 2022
Crime Head-wise Court Disposal of Crime against Children in Metropolitan Cities (schema 4),4,unexplained,,3,children number women,0,,Crime Head-wise Number of Court Disposal of Crime against Women in Metropolitan Cities during 2022 | Crime Head-wise Number of Court Disposal of Crime against Children in Metropolitan Cities during 2022
State/UT-wise Number of Convicts (Indian Prisoners) in Jails by Gender and Age-groups as on 31-12 (schema 1),3,unexplained,,3,convicts detenues other,0,,State/UT-wise Number of Convicts (Indian Prisoners) in Jails by Gender and Age-groups as on 31-12-2023 | State/UT-wise Number of Detenues (Indian Prisoners) in Jails by Gender and Age-groups as on 31-12-2023
Committee Membership by Lok Sabha Members (English),2,unexplained,,2,english hindi,0,,Committee Membership by Lok Sabha Members (English) | Committee Membership by Lok Sabha Members (Hindi)
Daily List of Lok Sabha Starred Questions (English),2,unexplained,,2,starred unstarred,0,,Daily List of Lok Sabha Starred Questions (English) | Daily List of Lok Sabha Unstarred Questions (English)
Date-wise Committee Meetings of Lok Sabha (English),2,unexplained,,2,english hindi,0,,Date-wise Committee Meetings of Lok Sabha (English) | Date-wise Committee Meetings of Lok Sabha (Hindi)
List of Lok Sabha Members Resigned/ Died/ Ceased/ Retired (English),2,unexplained,,2,english hindi,0,,List of Lok Sabha Members Resigned/ Died/ Ceased/ Retired (English) | List of Lok Sabha Members Resigned/ Died/ Ceased/ Retired (Hindi)
List of Starred and Unstarred Questions by Lok Sabha Members (English),2,unexplained,,2,english hindi,0,,List of Starred and Unstarred Questions by Lok Sabha Members (English) | List of Starred and Unstarred Questions by Lok Sabha Members (Hindi)
Lok Sabha Parliamentary Bulletin Part I (English),2,unexplained,,2,i ii,0,,Lok Sabha Parliamentary Bulletin Part I (English) | Lok Sabha Parliamentary Bulletin Part II (English)
Lok Sabha Parliamentary Bulletin Part I (Hindi),2,unexplained,,2,i ii,0,,Lok Sabha Parliamentary Bulletin Part I (Hindi) | Lok Sabha Parliamentary Bulletin Part II (Hindi)
Member-wise Special Mentions in Lok Sabha (English),2,unexplained,,2,english hindi,0,,Member-wise Special Mentions in Lok Sabha (English) | Member-wise Special Mentions in Lok Sabha (Hindi)
Number of Seats and Lok Sabha Members by State (English),2,unexplained,,2,english hindi,0,,Number of Seats and Lok Sabha Members by State (English) | Number of Seats and Lok Sabha Members by State (Hindi)
Private Member Bills by Lok Sabha Members (English),2,unexplained,,2,english hindi,0,,Private Member Bills by Lok Sabha Members (English) | Private Member Bills by Lok Sabha Members (Hindi)
Provisional Calendar of Lok Sabha Sittings (English),2,unexplained,,2,english hindi,0,,Provisional Calendar of Lok Sabha Sittings (English) | Provisional Calendar of Lok Sabha Sittings (Hindi)
Block-wise Distribution of Deep Tubewells and cost of construction over the year - 4th Minor Irrigation Census (2006-07) (schema 1),2,unexplained,,2,deep shallow,0,,Block-wise Distribution of Deep Tubewells and cost of construction over the year - 4th Minor Irrigation Census (2006-07) | Block-wise Distribution of Shallow Tubewells and cost of construction over the year - 4th Minor Irrigation Census (2006-07)
Block wise Construction of Surface Flow Schemes over the years for 3rd census of minor irrigation scheme (2000-01) (schema 3),2,unexplained,,2,flow lift,0,,Block wise Construction of Surface Flow Schemes over the years for 3rd census of minor irrigation scheme (2000-01) | Block wise Construction of Surface Lift Schemes over the years for 3rd census of minor irrigation scheme (2000-01)
Block-wise Distribution of Surface Flow Schemes and cost of construction over the year - 4th Minor Irrigation Census (2006-07) (schema 1),2,unexplained,,2,flow lift,0,,Block-wise Distribution of Surface Flow Schemes and cost of construction over the year - 4th Minor Irrigation Census (2006-07) | Block-wise Distribution of Surface Lift Schemes and cost of construction over the year - 4th Minor Irrigation Census (2006-07)
Block wise Deep Tubewells according to Water Distribution System for 2nd Census of Minor Irrigation Schemes (1993-94) (schema 4),2,unexplained,,2,deep shallow,0,,Block wise Deep Tubewells according to Water Distribution System for 2nd Census of Minor Irrigation Schemes (1993-94) | Block wise Shallow Tubewells according to Water Distribution System for 2nd Census of Minor Irrigation Schemes (1993-94)
Block wise Deep Tubewells according to Water Distribution System for 2nd Census of Minor Irrigation Schemes (1993-94) (schema 5),2,unexplained,,2,deep shallow,0,,Block wise Deep Tubewells according to Water Distribution System for 3rd census of minor irrigation scheme (2000-01) | Block wise Shallow Tubewells according to Water Distribution System for 3rd census of minor irrigation scheme (2000-01)
Block wise Distribution of Deep Tubewells according to Average Pumping Hours for 3rd census of minor irrigation scheme (2000-01) (schema 2),2,unexplained,,2,deep shallow,0,,Block wise Distribution of Deep Tubewells according to Average Pumping Hours for 3rd census of minor irrigation scheme (2000-01) | Block wise Distribution of Shallow Tubewells according to Average Pumping Hours for 3rd census of minor irrigation scheme (2000-01)
Block wise Distribution of Deep Tubewells according to ownership for 2nd Census of Minor Irrigation Schemes (1993-94) (schema 4),2,unexplained,,2,deep shallow,0,,Block wise Distribution of Deep Tubewells according to ownership for 2nd Census of Minor Irrigation Schemes (1993-94) | Block wise Distribution of Shallow Tubewells according to ownership for 2nd Census of Minor Irrigation Schemes (1993-94)
Block-wise Distribution of Deep Tubewells according to ownership - 4th Minor Irrigation Census (2006-07) (schema 1),2,unexplained,,2,deep shallow,0,,Block-wise Distribution of Deep Tubewells according to ownership - 4th Minor Irrigation Census (2006-07) | Block-wise Distribution of Shallow Tubewells according to ownership - 4th Minor Irrigation Census (2006-07)
Block wise Distribution of Deep Tubewells according to Social status for 2nd Census of Minor Irrigation Schemes (1993-94) (schema 3),2,unexplained,,2,deep shallow,0,,Block wise Distribution of Deep Tubewells according to Social status for 3rd census of minor irrigation scheme (2000-01) | Block wise Distribution of Shallow Tubewells according to Social status for 3rd census of minor irrigation scheme (2000-01)
Block-wise Distribution of Deep Tubewells according to source of energy - 4th Minor Irrigation Census (2006-07) (schema 6),2,unexplained,,2,deep shallow,0,,Block-wise Distribution of Deep Tubewells according to source of energy - 4th Minor Irrigation Census (2006-07) | Block-wise Distribution of Shallow Tubewells according to source of energy - 4th Minor Irrigation Census (2006-07)
Block-wise Distribution of Deep Tubewells according to source of energy - 4th Minor Irrigation Census (2006-07) (schema 1),2,unexplained,,2,deep shallow,0,,Block-wise Distribution of Deep Tubewells according to source of finance - 4th Minor Irrigation Census (2006-07) | Block-wise Distribution of Shallow Tubewells according to source of finance - 4th Minor Irrigation Census (2006-07)
Block wise Distribution of Deep Tubewells according to The Farmers holding size for 2nd Census of Minor Irrigation Schemes (1993-94) (schema 4),2,unexplained,,2,deep shallow,0,,Block wise Distribution of Deep Tubewells according to The Farmers holding size for 2nd Census of Minor Irrigation Schemes (1993-94) | Block wise Distribution of Shallow Tubewells according to The Farmers holding size for 2nd Census of Minor Irrigation Schemes (1993-94)
Block wise Distribution of Deep Tubewells according to The Farmers holding size for 2nd Census of Minor Irrigation Schemes (1993-94) (schema 5),2,unexplained,,2,deep shallow,0,,Block wise Distribution of Deep Tubewells according to The Farmers holding size for 3rd census of minor irrigation scheme (2000-01) | Block wise Distribution of Shallow Tubewells according to The Farmers holding size for 3rd census of minor irrigation scheme (2000-01)
Block wise Distribution of Deep Tubewells by Status for 2nd Census of Minor Irrigation Schemes (1993-94) (schema 4),2,unexplained,,2,deep shallow,0,,Block wise Distribution of Deep Tubewells by Status for 3rd census of minor irrigation scheme (2000-01) | Block wise Distribution of Shallow Tubewells by Status for 3rd census of minor irrigation scheme (2000-01)
Block wise Distribution of Deep Tubewells in use and their Potential Created/ Utilized according to Public and Private for 3rd census of minor irrigation scheme (2000-01) (schema 2),2,unexplained,,2,deep shallow,0,,Block wise Distribution of Deep Tubewells in use and their Potential Created/ Utilized according to Public and Private for 3rd census of minor irrigation scheme (2000-01) | Block wise Distribution of Shallow Tubewells in use and their Potential Created/ Utilized according to Public and Private for 3rd census of minor irrigation scheme (2000-01)
Block-wise Distribution of Deep Tubewells permanently not is use by reasons - 4th Minor Irrigation Census (2006-07) (schema 1),2,unexplained,,2,deep shallow,0,,Block-wise Distribution of Deep Tubewells permanently not is use by reasons - 4th Minor Irrigation Census (2006-07) | Block-wise Distribution of Shallow Tubewells permanently not is use by reasons - 4th Minor Irrigation Census (2006-07)
Block-wise Distribution of Surface Flow Schemes by location in the command of Major/Medium projects - 4th Minor Irrigation Census (2006-07) (schema 1),2,unexplained,,2,flow lift,0,,Block-wise Distribution of Surface Lift Schemes by location in the command of Major/Medium projects - 4th Minor Irrigation Census (2006-07) | Block-wise Distribution of Surface Flow Schemes by location in the command of Major/Medium projects - 4th Minor Irrigation Census (2006-07)
Block wise Distribution of surface lift schemes according to horsepower for 2nd census of minor irrigation schemes (1993-94) (schema 3),2,unexplained,,2,flow lift,0,,Block wise Distribution of Surface Flow Schemes according to ownership for 3rd census of minor irrigation scheme (2000-01) | Block wise Distribution of Surface Lift Schemes according to Ownership for 3rd census of minor irrigation scheme (2000-01)
Block wise Distribution of surface lift schemes according to horsepower for 2nd census of minor irrigation schemes (1993-94) (schema 2),2,unexplained,,2,flow lift,0,,Block wise Distribution of surface flow schemes according to ownership for 2nd census of Minor Irrigation Schemes (1993-94) | Block wise Distribution of surface lift schemes according to ownership for 2nd census of minor irrigation schemes (1993-94)
Block wise Distribution of Surface Flow Schemes according to Social status for 3rd census of minor irrigation scheme (2000-01) (schema 6),2,unexplained,,2,flow lift,0,,Block wise Distribution of Surface Flow Schemes according to Social status for 3rd census of minor irrigation scheme (2000-01) | Block wise Distribution of Surface Lift Schemes according to Social status for 3rd census of minor irrigation scheme (2000-01)
Block-wise Distribution of Surface Flow Schemes according to social status of owner - 4th Minor Irrigation Census (2006-07) (schema 1),2,unexplained,,2,flow lift,0,,Block-wise Distribution of Surface Flow Schemes according to social status of owner - 4th Minor Irrigation Census (2006-07) | Block-wise Distribution of Surface Lift Schemes according to social status of owner - 4th Minor Irrigation Census (2006-07)
Block-wise Distribution of Surface Flow Schemes according to source of finance - 4th Minor Irrigation Census (2006-07) (schema 1),2,unexplained,,2,flow lift,0,,Block-wise Distribution of Surface Flow Schemes according to source of finance - 4th Minor Irrigation Census (2006-07) | Block-wise Distribution of Surface Lift Schemes according to source of finance - 4th Minor Irrigation Census (2006-07)
Block wise Distribution of Surface Flow Schemes according to The Farmers holding size for 3rd census of minor irrigation scheme (2000-01) (schema 3),2,unexplained,,2,flow lift,0,,Block wise Distribution of Surface Flow Schemes according to The Farmers holding size for 3rd census of minor irrigation scheme (2000-01) | Block wise Distribution of Surface Lift Schemes according to The Farmers holding size for 3rd census of minor irrigation scheme (2000-01)
Block-wise Distribution of Tanks/Ponds/Reservoir of Surface Flow Schemes by CCA classes &amp; in use and PC/ PU - 4th Minor Irrigation Census (2006-07) (schema 1),2,unexplained,,2,flow lift,0,,Block-wise Distribution of Tanks/Ponds/Reservoir of Surface Flow Schemes by CCA classes &amp; in use and PC/ PU - 4th Minor Irrigation Census (2006-07) | Block-wise Distribution of Tanks/Ponds/Reservoir of Surface Lift Schemes by CCA classes &amp; in use and PC/ PU - 4th Minor Irrigation Census (2006-07)
Block wise Potential Utilized through Deep Tubewells for 3rd census of minor irrigation scheme (2000-01) (schema 1),2,unexplained,,2,deep shallow,0,,Block wise Potential Utilized through Deep Tubewells for 3rd census of minor irrigation scheme (2000-01) | Block wise Potential Utilized through Shallow Tubewells for 3rd census of minor irrigation scheme (2000-01)
Block wise Surface Flow Schemes according to Water Distribution System for 3rd census of minor irrigation scheme (2000-01) (schema 5),2,unexplained,,2,flow lift,0,,Block wise Surface Flow Schemes according to Water Distribution System for 3rd census of minor irrigation scheme (2000-01) | Block wise Surface Lift Schemes according to Water Distribution System for 3rd census of minor irrigation scheme (2000-01)
Block wise Surface Flow Schemes according to Water Distribution System for 3rd census of minor irrigation scheme (2000-01) (schema 4),2,unexplained,,2,flow lift,0,,Block wise Surface Flow Schemes according to water distribution system for 2nd census of Minor Irrigation Schemes (1993-94) | Block wise surface lift Schemes according to water distribution system for 2nd census of minor irrigation schemes (1993-94)
Block-wise Distribution of Deep Tubewells and cost of construction over the year - 4th Minor Irrigation Census (2006-07) (schema 3),2,unexplained,,2,deep shallow,0,,District-wise Distribution of Deep Tubewells and cost of construction over the year - 4th Minor Irrigation Census (2006-07) | District-wise Distribution of Shallow Tubewells and cost of construction over the year - 4th Minor Irrigation Census (2006-07)
Block-wise Distribution of Surface Flow Schemes and cost of construction over the year - 4th Minor Irrigation Census (2006-07) (schema 3),2,unexplained,,2,flow lift,0,,District-wise Distribution of Surface Flow Schemes and cost of construction over the year - 4th Minor Irrigation Census (2006-07) | District-wise Distribution of Surface Lift Schemes and cost of construction over the year - 4th Minor Irrigation Census (2006-07)
Block wise Distribution of Deep Tubewells according to Average Pumping Hours for 3rd census of minor irrigation scheme (2000-01) (schema 3),2,unexplained,,2,deep shallow,0,,District wise Distribution of Deep Tubewells according to Average Pumping Hours for 3rd census of minor irrigation scheme (2000-01) | District wise Distribution of Shallow Tubewells according to Average Pumping Hours for 3rd census of minor irrigation scheme (2000-01)
Block wise Distribution of Deep Tubewells according to Horse Power of Lifting Device for 2nd Census of Minor Irrigation Schemes (1993-94) (schema 6),2,unexplained,,2,deep shallow,0,,District wise Distribution of Deep Tubewells according to Horse Power of Lifting Device for 3rd census of minor irrigation scheme (2000-01) | District wise Distribution of Shallow Tubewells according to Horse Power of Lifting Device for 3rd census of minor irrigation scheme (2000-01)
Block-wise Distribution of Deep Tubewells according to ownership - 4th Minor Irrigation Census (2006-07) (schema 3),2,unexplained,,2,deep shallow,0,,District-wise Distribution of Deep Tubewells according to ownership - 4th Minor Irrigation Census (2006-07) | District-wise Distribution of Shallow Tubewells according to ownership - 4th Minor Irrigation Census (2006-07)
Block-wise Distribution of Deep Tubewells according to source of energy - 4th Minor Irrigation Census (2006-07) (schema 7),2,unexplained,,2,deep shallow,0,,District-wise Distribution of Deep Tubewells according to source of energy - 4th Minor Irrigation Census (2006-07) | District-wise Distribution of Shallow Tubewells according to source of energy - 4th Minor Irrigation Census (2006-07)
Block-wise Distribution of Deep Tubewells according to source of energy - 4th Minor Irrigation Census (2006-07) (schema 3),2,unexplained,,2,deep shallow,0,,District-wise Distribution of Deep Tubewells according to source of finance - 4th Minor Irrigation Census (2006-07) | District-wise Distribution of Shallow Tubewells according to source of finance - 4th Minor Irrigation Census (2006-07)
Block-wise Distribution of Deep Tubewells permanently not is use by reasons - 4th Minor Irrigation Census (2006-07) (schema 3),2,unexplained,,2,deep shallow,0,,District-wise Distribution of Deep Tubewells permanently not is use by reasons - 4th Minor Irrigation Census (2006-07) | District-wise Distribution of Shallow Tubewells permanently not is use by reasons - 4th Minor Irrigation Census (2006-07)
Block-wise Distribution of Surface Flow Schemes by location in the command of Major/Medium projects - 4th Minor Irrigation Census (2006-07) (schema 3),2,unexplained,,2,flow lift,0,,District-wise Distribution of Surface Lift Schemes by location in the command of Major/Medium projects - 4th Minor Irrigation Census (2006-07) | District-wise Distribution of Surface Flow Schemes by location in the command of Major/Medium projects - 4th Minor Irrigation Census (2006-07)
Block wise Distribution of surface lift schemes according to horsepower for 2nd census of minor irrigation schemes (1993-94) (schema 4),2,unexplained,,2,flow lift,0,,District wise Distribution of Surface Flow Schemes according to ownership for 3rd census of minor irrigation scheme (2000-01) | District wise Distribution of Surface Lift Schemes according to ownership for 3rd census of minor irrigation scheme (2000-01)
Block wise Distribution of surface lift schemes according to horsepower for 2nd census of minor irrigation schemes (1993-94) (schema 5),2,unexplained,,2,flow lift,0,,District wise Distribution of surface flow schemes according to ownership for 2nd census of Minor Irrigation Schemes (1993-94) | District wise Distribution of surface lift schemes according to ownership for 2nd census of minor irrigation schemes (1993-94)
Block-wise Distribution of Surface Flow Schemes according to social status of owner - 4th Minor Irrigation Census (2006-07) (schema 3),2,unexplained,,2,flow lift,0,,District-wise Distribution of Surface Flow Schemes according to social status of owner - 4th Minor Irrigation Census (2006-07) | District-wise Distribution of Surface Lift Schemes according to social status of owner - 4th Minor Irrigation Census (2006-07)
Block-wise Distribution of Surface Flow Schemes according to source of finance - 4th Minor Irrigation Census (2006-07) (schema 3),2,unexplained,,2,flow lift,0,,District-wise Distribution of Surface Flow Schemes according to source of finance - 4th Minor Irrigation Census (2006-07) | District-wise Distribution of Surface Lift Schemes according to source of finance - 4th Minor Irrigation Census (2006-07)
Block-wise Distribution of Tanks/Ponds/Reservoir of Surface Flow Schemes by CCA classes &amp; in use and PC/ PU - 4th Minor Irrigation Census (2006-07) (schema 3),2,unexplained,,2,flow lift,0,,District-wise Distribution of Tanks/Ponds/Reservoir of Surface Flow Schemes by CCA classes &amp; in use and PC/ PU - 4th Minor Irrigation Census (2006-07) | District-wise Distribution of Tanks/Ponds/Reservoir of Surface Lift Schemes by CCA classes &amp; in use and PC/ PU - 4th Minor Irrigation Census (2006-07)
Block wise Potential Utilized through Deep Tubewells for 3rd census of minor irrigation scheme (2000-01) (schema 2),2,unexplained,,2,deep shallow,0,,District wise Potential Utilized through Deep Tubewells for 3rd census of minor irrigation scheme (2000-01) | District wise Potential Utilized through Shallow Tubewells for 3rd census of minor irrigation scheme (2000-01)
Block-wise Distribution of Deep Tubewells and cost of construction over the year - 4th Minor Irrigation Census (2006-07) (schema 4),2,unexplained,,2,deep shallow,0,,State-wise Distribution of Deep Tubewells and cost of construction over the year - 4th Minor Irrigation Census (2006-07) | State-wise Distribution of Shallow Tubewells and cost of construction over the year - 4th Minor Irrigation Census (2006-07)
Block-wise Distribution of Surface Flow Schemes and cost of construction over the year - 4th Minor Irrigation Census (2006-07) (schema 4),2,unexplained,,2,flow lift,0,,State-wise Distribution of Surface Flow Schemes and cost of construction over the year - 4th Minor Irrigation Census (2006-07) | State-wise Distribution of Surface Lift Schemes and cost of construction over the year - 4th Minor Irrigation Census (2006-07)
Block-wise Distribution of Deep Tubewells according to ownership - 4th Minor Irrigation Census (2006-07) (schema 4),2,unexplained,,2,deep shallow,0,,State-wise Distribution of Deep Tubewells according to ownership - 4th Minor Irrigation Census (2006-07) | State-wise Distribution of Shallow Tubewells according to ownership - 4th Minor Irrigation Census (2006-07)
Block wise Distribution of Deep Tubewells according to Social status for 2nd Census of Minor Irrigation Schemes (1993-94) (schema 4),2,unexplained,,2,deep shallow,0,,State wise Distribution of Deep Tubewells according to Social status for 3rd census of minor irrigation scheme (2000-01) | State wise Distribution of Shallow Tubewells according to Social status for 3rd census of minor irrigation scheme (2000-01)
Block-wise Distribution of Deep Tubewells according to source of energy - 4th Minor Irrigation Census (2006-07) (schema 8),2,unexplained,,2,deep shallow,0,,State-wise Distribution of Deep Tubewells according to source of energy - 4th Minor Irrigation Census (2006-07) | State-wise Distribution of Shallow Tubewells according to source of energy - 4th Minor Irrigation Census (2006-07)
Block-wise Distribution of Deep Tubewells according to source of energy - 4th Minor Irrigation Census (2006-07) (schema 4),2,unexplained,,2,deep shallow,0,,State-wise Distribution of Deep Tubewells according to source of finance - 4th Minor Irrigation Census (2006-07) | State-wise Distribution of Shallow Tubewells according to source of finance - 4th Minor Irrigation Census (2006-07)
Block wise Distribution of Deep Tubewells in use and their Potential Created/ Utilized according to Public and Private for 3rd census of minor irrigation scheme (2000-01) (schema 3),2,unexplained,,2,deep shallow,0,,State wise Distribution of Deep Tubewells in use and their Potential Created/Utilized according to Public and Private for 3rd census of minor irrigation scheme (2000-01) | State wise Distribution of Shallow Tubewells in use and their Potential Created/Utilized according to Public and Private for 3rd census of minor irrigation scheme (2000-01)
Block-wise Distribution of Deep Tubewells permanently not is use by reasons - 4th Minor Irrigation Census (2006-07) (schema 4),2,unexplained,,2,deep shallow,0,,State-wise Distribution of Deep Tubewells permanently not is use by reasons - 4th Minor Irrigation Census (2006-07) | State-wise Distribution of Shallow Tubewells permanently not is use by reasons - 4th Minor Irrigation Census (2006-07)
Block-wise Distribution of Surface Flow Schemes by location in the command of Major/Medium projects - 4th Minor Irrigation Census (2006-07) (schema 4),2,unexplained,,2,flow lift,0,,State-wise Distribution of Surface Lift Schemes by location in the command of Major/Medium projects - 4th Minor Irrigation Census (2006-07) | State-wise Distribution of Surface Flow Schemes by location in the command of Major/Medium projects - 4th Minor Irrigation Census (2006-07)
Block-wise Distribution of Surface Flow Schemes according to social status of owner - 4th Minor Irrigation Census (2006-07) (schema 4),2,unexplained,,2,flow lift,0,,State-wise Distribution of Surface Flow Schemes according to social status of owner - 4th Minor Irrigation Census (2006-07) | State-wise Distribution of Surface Lift Schemes according to social status of owner - 4th Minor Irrigation Census (2006-07)
Block-wise Distribution of Surface Flow Schemes according to source of finance - 4th Minor Irrigation Census (2006-07) (schema 4),2,unexplained,,2,flow lift,0,,State-wise Distribution of Surface Flow Schemes according to source of finance - 4th Minor Irrigation Census (2006-07) | State-wise Distribution of Surface Lift Schemes according to source of finance - 4th Minor Irrigation Census (2006-07)
Block wise Potential Utilized through Deep Tubewells for 3rd census of minor irrigation scheme (2000-01) (schema 3),2,unexplained,,2,deep shallow,0,,State wise Potential Utilized through Deep Tubewells for 3rd census of minor irrigation scheme (2000-01) | State wise Potential Utilized through Shallow Tubewells for 3rd census of minor irrigation scheme (2000-01)
Block-wise Distribution of Deep Tubewells and cost of construction over the year - 4th Minor Irrigation Census (2006-07) (schema 2),2,unexplained,,2,deep shallow,0,,Village-wise Distribution of Deep Tubewells and cost of construction over the year - 4th Minor Irrigation Census (2006-07) | Village-wise Distribution of Shallow Tubewells and cost of construction over the year - 4th Minor Irrigation Census (2006-07)
Block wise Construction of Surface Flow Schemes over the years for 3rd census of minor irrigation scheme (2000-01) (schema 2),2,unexplained,,2,flow lift,0,,Village wise Construction of Surface Flow Schemes over the years for 3rd census of minor irrigation scheme (2000-01) | Village wise Construction of Surface Lift Schemes over the years for 3rd census of minor irrigation scheme (2000-01)
Block-wise Distribution of Surface Flow Schemes and cost of construction over the year - 4th Minor Irrigation Census (2006-07) (schema 2),2,unexplained,,2,flow lift,0,,Village-wise Distribution of Surface Flow Schemes and cost of construction over the year - 4th Minor Irrigation Census (2006-07) | Village-wise Distribution of Surface Lift Schemes and cost of construction over the year - 4th Minor Irrigation Census (2006-07)
Block-wise CCA and season wise potential created through Deep Tubewell - 4th Minor Irrigation Census (2006-07) (schema 2),2,unexplained,,2,deep shallow,0,,Village-wise CCA and season wise potential created through Deep Tubewells - 4th Minor Irrigation Census (2006-07) | Village-wise CCA and season wise potential created through Shallow Tubewells - 4th Minor Irrigation Census (2006-07)
Block wise Distribution of Deep Tubewells according to Average Pumping Hours for 3rd census of minor irrigation scheme (2000-01) (schema 1),2,unexplained,,2,deep shallow,0,,Village wise Distribution of Deep Tubewells according to Average Pumping Hours for 3rd census of minor irrigation scheme (2000-01) | Village wise Distribution of Shallow Tubewells according to Average Pumping Hours for 3rd census of minor irrigation scheme (2000-01)
Block-wise Distribution of Deep Tubewells according to ownership - 4th Minor Irrigation Census (2006-07) (schema 2),2,unexplained,,2,deep shallow,0,,Village-wise Distribution of Deep Tubewells according to ownership - 4th Minor Irrigation Census (2006-07) | Village-wise Distribution of Shallow Tubewells according to ownership - 4th Minor Irrigation Census (2006-07)
Block-wise Distribution of Deep Tubewells according to source of energy - 4th Minor Irrigation Census (2006-07) (schema 5),2,unexplained,,2,deep shallow,0,,Village-wise Distribution of Deep Tubewells according to source of energy - 4th Minor Irrigation Census (2006-07) | Village-wise Distribution of Shallow Tubewells according to source of energy - 4th Minor Irrigation Census (2006-07)
Block-wise Distribution of Deep Tubewells according to source of energy - 4th Minor Irrigation Census (2006-07) (schema 2),2,unexplained,,2,deep shallow,0,,Village-wise Distribution of Deep Tubewells according to source of finance - 4th Minor Irrigation Census (2006-07) | Village-wise Distribution of Shallow Tubewells according to source of finance - 4th Minor Irrigation Census (2006-07)
Block-wise Distribution of Deep Tubewells permanently not is use by reasons - 4th Minor Irrigation Census (2006-07) (schema 2),2,unexplained,,2,deep shallow,0,,Village-wise Distribution of Deep Tubewells permanently not is use by reasons - 4th Minor Irrigation Census (2006-07) | Village-wise Distribution of Shallow Tubewells permanently not is use by reasons - 4th Minor Irrigation Census (2006-07)
Block-wise Distribution of Surface Flow Schemes by location in the command of Major/Medium projects - 4th Minor Irrigation Census (2006-07) (schema 2),2,unexplained,,2,flow lift,0,,Village-wise Distribution of Surface Lift Schemes by location in the command of Major/Medium projects - 4th Minor Irrigation Census (2006-07) | Village-wise Distribution of Surface Flow Schemes by location in the command of Major/Medium projects - 4th Minor Irrigation Census (2006-07)
Block wise Distribution of surface lift schemes according to horsepower for 2nd census of minor irrigation schemes (1993-94) (schema 1),2,unexplained,,2,flow lift,0,,Village wise Distribution of Surface Flow Schemes according to ownership for 3rd census of minor irrigation scheme (2000-01) | Village wise Distribution of Surface Lift Schemes according to ownership for 3rd census of minor irrigation scheme (2000-01)
Block wise Distribution of Surface Flow Schemes according to Social status for 3rd census of minor irrigation scheme (2000-01) (schema 5),2,unexplained,,2,flow lift,0,,Village wise Distribution of Surface Flow Schemes according to Social status for 3rd census of minor irrigation scheme (2000-01) | Village wise Distribution of Surface Lift Schemes according to Social status for 3rd census of minor irrigation scheme (2000-01)
Block-wise Distribution of Surface Flow Schemes according to social status of owner - 4th Minor Irrigation Census (2006-07) (schema 2),2,unexplained,,2,flow lift,0,,Village-wise Distribution of Surface Flow Schemes according to social status of owner - 4th Minor Irrigation Census (2006-07) | Village-wise Distribution of Surface Lift Schemes according to social status of owner - 4th Minor Irrigation Census (2006-07)
Block-wise Distribution of Surface Flow Schemes according to source of finance - 4th Minor Irrigation Census (2006-07) (schema 2),2,unexplained,,2,flow lift,0,,Village-wise Distribution of Surface Flow Schemes according to source of finance - 4th Minor Irrigation Census (2006-07) | Village-wise Distribution of Surface Lift Schemes according to source of finance - 4th Minor Irrigation Census (2006-07)
Block-wise Distribution of Tanks/Ponds/Reservoir of Surface Flow Schemes by CCA classes &amp; in use and PC/ PU - 4th Minor Irrigation Census (2006-07) (schema 2),2,unexplained,,2,flow lift,0,,Village-wise Distribution of Tanks/Ponds/Reservoir of Surface Flow Schemes by CCA classes &amp; in use and PC/ PU - 4th Minor Irrigation Census (2006-07) | Village-wise Distribution of Tanks/Ponds/Reservoir of Surface Lift Schemes by CCA classes &amp; in use and PC/ PU - 4th Minor Irrigation Census (2006-07)
"Distribution of Deep Tubewells (in use, Temporarily not in use) According to Horse Power of Lifting Devices for 5th Minor Irrigation Census (2013-14) (schema 2)",2,unexplained,,2,medium shallow,0,,"Distribution of Shallow Tubewells (in use, Temporarily not in use) According to Horse Power of Lifting Devices for 5th Minor Irrigation Census (2013-14) | Distribution of Medium Tubewells ( in use, Temporarily not  in use) According  to Horse Power of Lifting Devices for 5th Minor Irrigation Census (2013-14)"
Distribution of Surface Flow Schemes by Status of Utilisation for 5th Minor Irrigation Census (2013-14),2,unexplained,,2,flow lift,0,,Distribution of Surface Flow Schemes by Status of Utilisation  for 5th Minor Irrigation Census (2013-14) | Distribution of Surface Lift Schemes by Status of Utilisation for 5th Minor Irrigation Census (2013-14)
Field Crop varieties released during 2010 (Central Release),2,unexplained,,2,crop crops,0,year,Field Crop varieties released during 2010 (Central Release) | Field crops varieties released during 2012 (Central release)
State-wise Distribution of Number of Operational Holdings and Area Operated of Scheduled Castes,2,unexplained,,2,castes tribes,0,year,State-wise Distribution of Number of Operational Holdings and Area Operated of Scheduled Tribes during 2010-11 | State-wise Distribution of Number of Operational Holdings and Area Operated of Scheduled Castes during 2010-11
All India Number and Area of Operational Holdings By Size Classes of Scheduled Castes,2,unexplained,,2,castes tribes,1,year,All India Number and Area of Operational Holdings By Size Classes of Scheduled Tribes during 2010-11 | All India Number and Area of Operational Holdings By Size Classes of Scheduled Castes during 2010-11
ICAR Publication Repository as on date: ICAR Research Complex for Eastern Region Collection,2,unexplained,,2,eastern neh,0,,ICAR Publication Repository as on date: ICAR Research Complex for NEH Region Collection | ICAR Publication Repository as on date: ICAR Research Complex for Eastern Region Collection
ICAR Publication Repository as on date: National Dairy Research Institute Collection,2,unexplained,,2,dairy rice,0,,ICAR Publication Repository as on date: National Rice Research Institute Collection | ICAR Publication Repository as on date: National Dairy Research Institute Collection
ICAR Publication Repository as on date: NRC-Equine Collection,2,unexplained,,2,equine grapes,0,,ICAR Publication Repository as on date: NRC-Grapes Collection | ICAR Publication Repository as on date: NRC-Equine Collection
ICAR Publication Repository as on date: NRC-Banana Collection,2,unexplained,,2,banana camel,0,,ICAR Publication Repository as on date: NRC-Camel Collection | ICAR Publication Repository as on date: NRC-Banana Collection
ICAR Publication Repository as on Date: Indian Institute of Seed Science Collection,2,unexplained,,2,seed soil,0,,ICAR Publication Repository as on date: Indian Institute of Soil Science Collection | ICAR Publication Repository as on Date: Indian Institute of Seed Science Collection
ICAR Publication Repository as on Date: Central Marine Fisheries Research Institute Collection,2,unexplained,,2,inland marine,0,,ICAR Publication Repository as on Date:  Central Marine Fisheries Research Institute Collection | ICAR Publication Repository as on Date: Central Inland Fisheries Research Institute Collection
ICAR Publication Repository as on Date: Central Coastal Agricultural Research Institute Collection,2,unexplained,,2,coastal island,0,,ICAR Publication Repository as on Date: Central Island Agricultural Research Institute Collection | ICAR Publication Repository as on Date:  Central Coastal Agricultural Research Institute Collection
ICAR Publication Repository as on Date: ATARI-Umiam Collection,2,unexplained,,2,collection collectionv1,0,,ICAR Publication Repository as on Date: ATARI-Umiam Collection | ICAR Publication Repository as on Date: ATARI-Umiam Collectionv1
Fleet Strength and Utilisation of Aircraft by All Scheduled Indian Airlines,4,unexplained,,2,indian national,0,,Fleet Strength and Utilisation of Aircraft by All Scheduled Indian Airlines from 2007-08 to 2015-16 | Fleet Strength and Utilisation of Aircraft by Scheduled National Airlines from 2007-08 to 2015-16
Monthly Traffic and operating Statistics of Scheduled NationalAirlines on scheduled Domestic Services,3,unexplained,,2,domestic international,0,,Monthly Traffic and operating Statistics of Scheduled NationalAirlines on scheduled Domestic Services during 2016-17 | Monthly Traffic and operating Statistics of Scheduled NationalAirlines on scheduled International Services during 2016-17
Annual Comparative Statement of Traffic on Domestic scheduled Services of Scheduled NationalAirlines,3,unexplained,,2,domestic international,0,,Annual Comparative Statement of Traffic on Domestic scheduled Services of Scheduled NationalAirlines from 2014-15 to 2016-17 | Annual Comparative Statement of Traffic on International scheduled Services of Scheduled NationalAirlines from 2014-15 to 2016-17
Year-wise Details of Annual Traffic and operating Statistics on Domestic scheduled Services of Scheduled NationalAirlines,3,unexplained,,2,domestic international,0,,Year-wise Details of Annual Traffic and operating Statistics on Domestic scheduled Services of Scheduled NationalAirlines from 2007-08 to 2016-17 | Year-wise Details of Annual Traffic and operating Statistics on International scheduled Services of Scheduled NationalAirlines from 2007-08 to 2016-17
Year-wise Selected Traffic Coefficients of scheduled Commercial Traffic Carried by Scheduled NationalAirlines,2,unexplained,,2,nationalairlines privateairlines,0,,Year-wise Selected Traffic Coefficients of scheduled Commercial Traffic Carried by Scheduled NationalAirlines from 2009-10 to 2016-17 | Year-wise Selected Traffic Coefficients of scheduled Commercial Traffic Carried by Scheduled PrivateAirlines from 2009-10 to 2016-17
Monthly Traffic and operating Statistics of Scheduled PrivateAirlines on scheduled Domestic Services,3,unexplained,,2,domestic international,0,,Monthly Traffic and operating Statistics of Scheduled PrivateAirlines on scheduled Domestic Services during 2016-17 | Monthly Traffic and operating Statistics of Scheduled PrivateAirlines on scheduled International Services during 2016-17
Annual Comparative Statement of Traffic on Domestic scheduled Services of Scheduled PrivateAirlines,3,unexplained,,2,domestic international,0,,Annual Comparative Statement of Traffic on Domestic scheduled Services of Scheduled PrivateAirlines from 2014-15 to 2016-17 | Annual Comparative Statement of Traffic on International scheduled Services of Scheduled PrivateAirlines from 2014-15 to 2016-17
Year-wise Details of Annual Traffic and operating Statistics on Domestic scheduled Services of Scheduled PrivateAirlines,3,unexplained,,2,domestic international,0,,Year-wise Details of Annual Traffic and operating Statistics on Domestic scheduled Services of Scheduled PrivateAirlines from 2007-08 to 2016-17 | Year-wise Details of Annual Traffic and operating Statistics on International scheduled Services of Scheduled PrivateAirlines from 2007-08 to 2016-17
Monthly Traffic and Operating Statistics of All Scheduled Indian Airlines on Scheduled Domestic Services (schema 2),3,unexplained,,2,domestic international,0,,Monthly Traffic and operating Statistics of All Scheduled Indian Airlines on scheduled Domestic Services during 2016-17 | Monthly Traffic and operating Statistics of All Scheduled Indian Airlines on scheduled International Services during 2016-17
Annual Comparative Statement of Traffic on Domestic Scheduled Services of All Scheduled Indian Airlines (schema 2),3,unexplained,,2,domestic international,0,,Annual Comparative Statement of Traffic on Domestic scheduled Services of All Scheduled Indian Airlines from 2014-15 to 2016-17 | Annual Comparative Statement of Traffic on International scheduled Services of All Scheduled Indian Airlines from 2014-15 to 2016-17
Details of Annual Traffic and Operating Statistics on Domestic Scheduled Services of All Scheduled Indian Airlines (schema 2),3,unexplained,,2,domestic international,0,,Year-wise Details of Annual Traffic and operating Statistics on Domestic scheduled Services of All Scheduled Indian Airlines from 2007-08 to 2016-17 | Year-wise Details of Annual Traffic and operating Statistics on International scheduled Services of All Scheduled Indian Airlines from 2007-08 to 2016-17
India's Export data for Principal Commodity of April to August 2014 and April to August,2,unexplained,,2,export import,1,,India's Export data for Principal Commodity of April to August 2014 and April to August 2013 | India's Import data for Principal Commodity of April to August 2014 and April to August 2013
Export data of major commodities through Port AHMEDABAD AIR CARGO COMPLEX,2,unexplained,,2,export import,0,,Export data of major commodities through Port AHMEDABAD AIR CARGO COMPLEX for the year 2012-13 and 2013-14 | Import data of major commodities through Port AHMEDABAD AIR CARGO COMPLEX for the year 2012-13 and 2013-14
Export data of major commodities through Port BANGALORE AIRPORT,2,unexplained,,2,export import,0,,Export data of major commodities through Port BANGALORE AIRPORT for the year 2012-13 and 2013-14 | Import data of major commodities through Port BANGALORE AIRPORT for the year 2012-13 and 2013-14
Export data of major commodities through Port CFS PATPARGANJ,2,unexplained,,2,export import,0,,Export data of major commodities through Port CFS PATPARGANJ for the year 2012-13 and 2013-14 | Import data of major commodities through Port CFS PATPARGANJ for the year 2012-13 and 2013-14
Export data of major commodities through Port CFS STARTRACK DADRI,2,unexplained,,2,export import,0,,Export data of major commodities through Port CFS STARTRACK DADRI for the year 2012-13 and 2013-14 | Import data of major commodities through Port CFS STARTRACK DADRI for the year 2012-13 and 2013-14
Export data of major commodities through Port CGML DADRI,2,unexplained,,2,export import,0,,Export data of major commodities through Port CGML DADRI for the year 2012-13 and 2013-14 | Import data of major commodities through Port CGML DADRI for the year 2012-13 and 2013-14
Export data of major commodities through Port COCHIN AIRPORT,2,unexplained,,2,export import,0,,Export data of major commodities through Port COCHIN AIRPORT for the year 2012-13 and 2013-14 | Import data of major commodities through Port COCHIN AIRPORT for the year 2012-13 and 2013-14
Export data of major commodities through Port ICD FARIDABAD,2,unexplained,,2,faridabad hyderabad,0,,Export data of major commodities through Port ICD FARIDABAD for the year 2012-13 and 2013-14 | Export data of major commodities through Port ICD HYDERABAD for the year 2012-13 and 2013-14
Export data of major commodities through Port MUNDRA,2,unexplained,,2,export import,0,,Export data of major commodities through Port MUNDRA for the year 2012-13 and 2013-14 | Import data of major commodities through Port MUNDRA for the year 2012-13 and 2013-14
Export data of major commodities through Port NHAVA SHEVA SEA,2,unexplained,,2,export import,0,,Export data of major commodities through Port NHAVA SHEVA SEA for the year 2012-13 and 2013-14 | Import data of major commodities through Port NHAVA SHEVA SEA for the year 2012-13 and 2013-14
Export data of major commodities through Port PETRAPOLE LAND,2,unexplained,,2,export import,0,,Export data of major commodities through Port PETRAPOLE LAND for the year 2012-13 and 2013-14 | Import data of major commodities through Port PETRAPOLE LAND for the year 2012-13 and 2013-14
Export data of major commodities through Port PIPAVAB(VICYOR),2,unexplained,,2,export import,0,,Export data of major commodities through Port PIPAVAB(VICYOR) for the year 2012-13 and 2013-14 | Import data of major commodities through Port PIPAVAB(VICYOR) for the year 2012-13 and 2013-14
Export data of major commodities through Port RAXAUL LAND,2,unexplained,,2,export import,0,,Export data of major commodities through Port RAXAUL LAND for the year 2012-13 and 2013-14 | Import data of major commodities through Port RAXAUL LAND for the year 2012-13 and 2013-14
Export data of major commodities through Port TRIVANDRUM AIRPORT,2,unexplained,,2,export import,0,,Export data of major commodities through Port TRIVANDRUM AIRPORT for the year 2012-13 and 2013-14 | Import data of major commodities through Port TRIVANDRUM AIRPORT for the year 2012-13 and 2013-14
Export data of major commodities through Port VISAKHAPATNAM SEA,2,unexplained,,2,export import,0,,Export data of major commodities through Port VISAKHAPATNAM SEA for the year 2012-13 and 2013-14 | Import data of major commodities through Port VISAKHAPATNAM SEA for the year 2012-13 and 2013-14
"Export data of major commodities through Port ACC CALICUT,KARIPUR (COCHIN)",2,unexplained,,2,export import,0,,"Export data of major commodities through Port ACC CALICUT,KARIPUR (COCHIN) for the year 2012-13 and 2013-14 | Import data of major commodities through Port ACC CALICUT,KARIPUR (COCHIN) for the year 2012-13 and 2013-14"
Import data of major commodities through Port ICD FARIDABAD,2,unexplained,,2,faridabad hyderabad,0,,Import data of major commodities through Port ICD FARIDABAD for the year 2012-13 and 2013-14 | Import data of major commodities through Port ICD HYDERABAD for the year 2012-13 and 2013-14
Principal Commodity wise Export,16,unexplained,,2,export import,0,year,Principal Commodity wise Import for the year 2014-15 | Principal Commodity wise Import for the year 2015-16
District-wise Service Ready Gram Panchayat Status under BharatNet as on 30-11,7,unexplained,,2,service servise,0,year,District-wise Servise Ready Gram Panchayat Status under BharatNet as on 31-05-2023 | District-wise Servise Ready Gram Panchayat Status under BharatNet as on 30-06-2023
Daily retail price of Masoor Dal,2,unexplained,,2,masoor moong,0,year,Daily retail price of Masoor Dal upto April - 2015 | Daily retail price of Moong Dal upto April - 2015
Weekly retail price of Loose Salt,2,unexplained,,2,salt tea,0,year,Weekly retail price of Loose Salt upto 2012 | Weekly retail price of Tea Loose upto 2012
Daily wholesale price of Masoor Dal,2,unexplained,,2,masoor moong,0,year,Daily wholesale price of Masoor Dal upto April - 2015 | Daily wholesale price of Moong Dal upto April - 2015
Weekly wholesale price of Loose Salt,2,unexplained,,2,salt tea,0,year,Weekly wholesale price of Loose Salt upto 2012 | Weekly wholesale price of Tea Loose upto 2012
Companies Limited By Shares At Work As On 31st March 2012 - Distribution by Industrial Activity,3,unexplained,,2,government non,0,year,Companies Limited By Shares At Work As On 31st March 2012 - Distribution by Industrial Activity | Government Companies Limited By Shares At work As On 31st March 2012 - Distribution by Industrial Activity
Companies Limited By Shares At Work As On 31st March 2012 - State-wise Distribution,3,unexplained,,2,government non,0,year,Companies Limited By Shares At Work As On 31st March 2012 - State-wise Distribution | Government Companies Limited By Shares At Work As On 31st March 2012 - State-wise Distribution
Paid-up Capital of Companies Limited By Shares As On 31st March 2012 - Distribution By Industrial Activity,3,unexplained,,2,government non,0,year,Paid-up Capital of Companies Limited By Shares As On 31st March 2012 - Distribution By Industrial Activity | Paid-up Capital of Government Companies Limited by Shares As On 31st March 2012 - Distribution By Industrial Activity
Registration of New Companies Limited By Shares During 2011-12 - Region / State-wise Distribution,3,unexplained,,2,government non,0,year,Registration of New Companies Limited By Shares During 2011-12 - Region / State-wise Distribution | Registration of New Government Companies Limited By Shares During 2011-12 - Region / State-wise Distribution
Region/State-wise Distribution of Registration of New Government Companies Limited by Shares,5,unexplained,,2,government non,0,year,Region/State-wise Distribution of  Registration of New Government Companies Limited by Shares during 2013-14 | Region/State wise Distribution of Registration of New Non-Government Companies Limited by Shares during 2013-14
Economic-Activity wise Paid up Capital of Companies Limited by Shares,6,unexplained,,2,government non,0,year,"Economic-Activity wise Paid up Capital of Companies Limited by Shares as on 31st March, 2013 | Economic-Activity wise Paid up Capital of Companies Limited by Shares as on 31st March, 2014"
Economic Activity-Wise Active Govt Companies as on 28.03.2021,3,unexplained,,2,govt non,0,year,Economic Activity-Wise Active Govt Companies as on 28.03.2021 | Economic Activity-Wise Active Non-Govt Companies as on 28.03.2021
Paid-up Capital of Companies Limited by Share Distribution by Industrial Activity as on 28.03.2021,3,unexplained,,2,govt non,0,year,Paid-up Capital of Govt Companies Limited by Share Distribution by Industrial Activity as on 28.03.2021 | Paid-up Capital of Companies Limited by Share Distribution by Industrial Activity as on 28.03.2021
List of Ongoing Projects Under NLCPR: for Arunachal Pradesh for Agriculture & Allied activities as on Date,2,unexplained,,2,funds status,0,,List of Ongoing Projects Under NLCPR: for Arunachal Pradesh for  Agriculture & Allied activities as on Date  | List of ongoing projects with funds status under NLCPR for Arunachal Pradesh for Agriculture & Allied activities as on Date
List of ongoing Projects under BTC for Miscellaneous as on date,2,unexplained,,2,btc dhatc,0,,List of ongoing Projects under BTC for Miscellaneous as on date | List of ongoing projects under DHATC for Miscellaneous as on date
List of ongoing Projects under BTC for Road & Bridges as on date,2,unexplained,,2,btc kaatc,0,,List of ongoing Projects under BTC for Road & Bridges as on date | List of ongoing projects under KAATC for Road & Bridges as on date
List of ongoing projects under DHATC as on date,2,unexplained,,2,dhatc kaatc,0,,List of ongoing projects under KAATC as on date | List of ongoing projects under DHATC as on date
List of North Eastern States Road Investment Project (NESRIP) schemes for Assam since inception to as on date,14,unexplained,,2,list mdoner,7,state,List of North Eastern States Road Investment Project (NESRIP) schemes for Assam since inception to as on date | List of North Eastern States Road Investment Project (NESRIP) schemes for Manipur since inception to as on date
List of schemes under Karbi Anglong Autonomous Territorial Council (KAATC) during last five years as on date,2,unexplained,,2,projects schemes,0,,List of projects under Karbi Anglong Autonomous Territorial Council (KAATC) during last five years as on date | List  of schemes under Karbi Anglong Autonomous Territorial Council (KAATC) during last five years as on date
"Funds Sanctioned, Released & Utilised under North East Special Infrastructure Development Scheme (NESIDS) for Arunachal Pradesh as on date",8,unexplained,,2,arunachal pradesh,7,state,"Funds Sanctioned, Released & Utilised under North East Special Infrastructure Development Scheme (NESIDS) for Assam as on date | Funds Sanctioned, Released & Utilised under North East Special Infrastructure Development Scheme (NESIDS) for Arunachal Pradesh as on date"
"Funds Sanctioned, Released & Utilised under North East Special Infrastructure Development Scheme (NESIDS) for Arunachal Pradesh during last five years",8,unexplained,,2,arunachal pradesh,7,state,"Funds Sanctioned, Released & Utilised under North East Special Infrastructure Development Scheme (NESIDS) for Assam during last five years | Funds Sanctioned, Released & Utilised under North East Special Infrastructure Development Scheme (NESIDS) for Arunachal Pradesh during last five years"
List of Completed Projects under Non-Lapsable Central Pool of Resources (NLCPR),8,unexplained,,2,arunachal pradesh,7,state,List of Completed Projects under Non-Lapsable Central Pool of Resources (NLCPR) for Assam | List of Completed Projects under Non-Lapsable Central Pool of Resources (NLCPR) for Arunachal Pradesh
List of Completed Projects under Non-Lapsable Central Pool of Resources (NLCPR) for Arunachal Pradesh for Agriculture & Allied,6,unexplained,,2,arunachal pradesh,5,state,List of Completed Projects under Non-Lapsable Central Pool of Resources (NLCPR) for Arunachal Pradesh for Agriculture & Allied | List of Completed Projects under Non-Lapsable Central Pool of Resources (NLCPR) for Assam for Agriculture & Allied
List of Completed Projects under Non-Lapsable Central Pool of Resources (NLCPR) for Arunachal Pradesh for Flood Control & Irrigation,6,unexplained,,2,arunachal pradesh,5,state,List of Completed Projects under Non-Lapsable Central Pool of Resources (NLCPR) for Arunachal Pradesh for Flood Control & Irrigation | List of Completed Projects under Non-Lapsable Central Pool of Resources (NLCPR) for Assam for Flood Control & Irrigation
List of Completed Projects under Non-Lapsable Central Pool of Resources (NLCPR) for Arunachal Pradesh for Miscellaneous,6,unexplained,,2,arunachal pradesh,5,state,List of Completed Projects under Non-Lapsable Central Pool of Resources (NLCPR) for Arunachal Pradesh for Miscellaneous | List of Completed Projects under Non-Lapsable Central Pool of Resources (NLCPR) for Assam for Miscellaneous
List of ongoing projects costing Rs. 50 crore and above funded by MDoNER for Manipur as on date,4,unexplained,,2,crore crores,4,state,List of ongoing projects costing Rs. 50 crore and above funded by MDoNER for Manipur as on date | List of ongoing projects costing Rs. 50 crores and above funded by MDoNER for Meghalaya as on date
Annual And Seasonal Maximum Temperature,2,unexplained,,2,maximum minimum,1,,Annual And Seasonal Maximum Temperature Of India | Annual And Seasonal Minimum Temperature Of India
Yearly and Seasonal Frequency of Cyclones and Depressions in the basin of Bay of Bengal (Intensity Level : CS+SCS),3,unexplained,,2,cs d,0,year,Yearly and Seasonal Frequency of Cyclones and Depressions in the basin of Bay of Bengal (Intensity Level : D+CS+SCS) during 1891-2015 | Yearly and Seasonal Frequency of Cyclones and Depressions in the basin of Bay of Bengal (Intensity Level : CS+SCS) during 1891-2015
Yearly and Seasonal Frequency of Cyclones and Depressions in the basin of Arabian Sea (Intensity Level : CS+SCS),3,unexplained,,2,cs d,0,year,Yearly and Seasonal Frequency of Cyclones and Depressions in the basin of Arabian Sea (Intensity Level : D+CS+SCS) during 1891-2015 | Yearly and Seasonal Frequency of Cyclones and Depressions in the basin of Arabian Sea (Intensity Level : CS+SCS) during 1891-2015
Yearly and Seasonal Frequency of Cyclones and Depressions in the Land basin (Intensity Level : CS+SCS),3,unexplained,,2,cs d,0,year,Yearly and Seasonal Frequency of Cyclones and Depressions in the Land basin (Intensity Level : D+CS+SCS) during 1891-2015 | Yearly and Seasonal Frequency of Cyclones and Depressions in the Land basin (Intensity Level : CS+SCS) during 1891-2015
"Yearly and Seasonal Frequency of Cyclones and Depressions in the basin of Bay of Bengal, Arabian Sea and Land (Intensity Level : CS+SCS)",3,unexplained,,2,cs d,0,year,"Yearly and Seasonal Frequency of Cyclones and Depressions in the basin of Bay of Bengal, Arabian Sea and Land (Intensity Level : D+CS+SCS) during 1891-2015 | Yearly and Seasonal Frequency of Cyclones and Depressions in the basin of Bay of Bengal, Arabian Sea and Land (Intensity Level : CS+SCS) during 1891-2015"
Seasonal Frequency of Cyclonic Disturbances during Monsoon during the period,3,unexplained,,2,post pre,0,,Seasonal Frequency of Cyclonic Disturbances during Monsoon during the period 1891-2021 | Seasonal Frequency of Cyclonic Disturbances during Pre-Monsoon during the period 1891-2021
State-wise number of AIE centres (Primary) under EGS & AIE scheme by management and type as on Sept,3,unexplained,,2,both upper,0,year,State-wise number of AIE centres (Primary) under EGS & AIE scheme by management and type as on Sept 2009 | State-wise number of AIE centres (Upper Primary) under EGS & AIE scheme by management and type as on Sept 2009
Management - wise and category - wise number of madrasas following system of general education as on Sept,2,unexplained,,2,madrasas maktabs,0,,Management - wise and category - wise number of maktabs following system of general education as on Sept 2009 | Management - wise and category - wise number of madrasas following system of general education as on Sept 2009
State and category - wise number of madrasas following system of general education as on Sept,2,unexplained,,2,madrasas maktabs,0,,State and category - wise number of maktabs following system of general education as on Sept 2009 | State and category - wise number of madrasas following system of general education as on Sept 2009
Management - wise number of madrasas following system of general education at different school stages as on Sept (schema 1),2,unexplained,,2,madrasas maktabs,0,,Management - wise number of maktabs following system of general education at different school stages as on Sept 2009 | Management - wise number of madrasas following system of general education at different school stages as on Sept 2009
Management - wise number of madrasas following system of general education at different school stages as on Sept (schema 2),2,unexplained,,2,madrasas maktabs,0,,State-wise number of maktabs following system of general education at different school stages as on Sept 2009 | State-wise number of madrasas following system of general education at different school stages as on Sept 2009
CBSE Result Statistics Class X (schema 1),2,unexplained,,2,x xii,0,,CBSE Result Statistics Class X  - 2022 | CBSE Result Statistics Class XII - 2023
State/UT-wise Percentage of Trained Teachers All Types of Management by Gender and Level of School Education (schema 1),2,unexplained,,2,ut uts,0,,State/UT-wise Percentage of Trained Teachers All Types of Management by Gender and Level of School Education during 2021-22 | State/UTs-wise Percentage of Trained Teachers All Types of Management by Gender and Level of School Education during 2023-24
State/UT-wise Percentage of Other Backward Class (OBC) Enrolment to Total Enrolment by Gender and Level of School Education (schema 1),2,unexplained,,2,ut uts,0,,State/UT-wise Percentage of Other Backward Class (OBC) Enrolment to Total Enrolment by Gender and Level of School Education during 2021-22 | State/UTs-wise Percentage of Other Backward Class (OBC) Enrolment to Total Enrolment by Gender and Level of School Education during 2023-24
State/UT-wise Number of Schools by availability of Drinking Water Facility within School Premises and Major Source of Drinking Water - All Types of Management (schema 1),2,unexplained,,2,ut uts,0,year,State/UT-wise Number of Schools by availability of Drinking Water Facility within School Premises and Major Source of Drinking Water - All Types of Management during 2021-22 | State/UTs-wise Number of Schools by availability of Drinking Water Facility within School Premises and Major Source of Drinking Water - All Types of Management during 2023-24
State/UT-wise Number of Schools by Availability of Drinking Water Facility within School Premises and Major Source of Drinking Water - Government Aided Schools (schema 1),2,unexplained,,2,ut uts,0,year,State/UT-wise Number of Schools by availability of Drinking Water Facility within School Premises and Major Source of Drinking Water - Government Schools during 2021-22 | State/UTs-wise Number of Schools by availability of Drinking Water Facility within School Premises and Major Source of Drinking Water - Government Schools during 2023-24
State/UT-wise Number of Books available in Library/Book Bank/Reading Corner per School,2,unexplained,,2,ut uts,0,year,State/UT-wise Number of Books available in Library/Book Bank/Reading Corner per School during 2021-22 | State/UTs-wise Number of Books available in Library/Book Bank/Reading Corner per School during 2023-24
State/UT-wise Percentage of Schools having Tinkering Labs by Management,2,unexplained,,2,ut uts,0,year,State/UT-wise Percentage of Schools having Tinkering Labs by Management during 2021-22 | State/UTs-wise Percentage of Schools having Tinkering Labs by Management during 2023-24
State/UT-wise Number of Schools - Government Aided by Management and School Category (schema 1),2,unexplained,,2,ut uts,0,,State/UT-wise Number of Teachers in Government Schools by Management and School Category during 2021-22 | State/UTs-wise Number of Teachers in Government Schools by Management and School Category during 2023-24
"State/UT-wise Number of Teachers - All Types of Management, Gender and Classes Taught (schema 1)",4,unexplained,,2,ut uts,0,,State/UT-wise Number of Teachers - All Types of Management by Management and Classes Taught during 2021-22 | State/UT-wise Number of Teachers - All Types of Management and Classes Taught during 2020-21
State/UT-wise Number of Primary Schools - All Types of Management having AWC or Pre-Primary Sections (schema 1),2,unexplained,,2,anganwadi centres,0,,State/UT-wise Number of Primary Schools - All Types of Management having AWC or Pre-Primary Sections during 2020-21 | State/UT-wise Number of Primary Schools - All Types of Management having Anganwadi Centres (AWC) or Pre-Primary Sections during 2021-22
State/UT-wise Number of Primary Schools - Private Unaided Recognized having AWC or Pre-Primary Sections,2,unexplained,,2,anganwadi centres,0,,State/UT-wise Number of Primary Schools - Private Unaided Recognized having AWC or Pre-Primary Sections during 2020-21 | State/UT-wise Number of Primary Schools - Private Unaided Recognized having Anganwadi Centres (AWC) or Pre-Primary Sections during 2021-22
State/UT-wise Number of Teachers - All Types by Management and School Category (schema 1),2,unexplained,,2,ut uts,0,,State/UT-wise Number of Teachers - All Types by Management and School Category during 2020-21 | State/UTs-wise Number of Teachers - All Types of Management and School Category during 2023-24
State/UT-wise Number of Teachers - Government Aided by Management and Classes Taught (schema 1),3,unexplained,,2,ut uts,0,,State/UT-wise Number of Teachers - Government by Management and Classes Taught during 2020-21 | State/UT-wise Number of Teachers by Management and Classes Taught - Government during 2022-23
State/UT-wise Number of Teachers - Others by Management and Classes Taught (schema 1),3,unexplained,,2,ut uts,0,,State/UT-wise Number of Teachers - Others by Management and Classes Taught during 2020-21 | State/UT-wise Number of Teachers by Management and Classes Taught - Others during 2022-23
State/UT-wise Number of Schools - Others by Management and School Category (schema 1),2,unexplained,,2,ut uts,0,,State/UT-wise Number of Schools - Others by Management and School Category during 2021-22 | State/UTs-wise Number of Schools - Others by Management and School Category during 2023-24
State/UT-wise Repetition Rate by Level of Education and Gender (schema 1),2,unexplained,,2,ut uts,0,,State/UT-wise Details of Retention Rate by Level of Education and Gender during 2022-23 | State/UTs-wise Details of Retention Rate by Level of Education and Gender during 2023-24
State/UT-wise Percentage of Schools having Kitchen Gardens by Management (schema 1),2,unexplained,,2,ut uts,0,year,State/UTs-wise Percentage of Schools having Kitchen Gardens by Management during 2023-24 | State/UT-wise Percentage of Schools having Kitchen Gardens by Management during 2022-23
"State/UT-wise Details of Distribution of Schools, Enrolments and Teachers by School Category",2,unexplained,,2,ut uts,0,,"State/UT-wise Details of Distribution of Schools, Enrolments and Teachers by School Category during 2022-23 | State/UTs-wise Details of Distribution of Schools, Enrolments and Teachers by School Category during 2023-24"
State/UT-wise Percentage of Schools Across Various Enrolment Brackets,2,unexplained,,2,ut uts,0,,State/UT-wise Percentage of Schools Across Various Enrolment Brackets during 2022-23 | State/UTs-wise Percentage of Schools Across Various Enrolment Brackets during 2023-24
State/UT-wise Details of Proportion of Enrolments by Social Category and Minorities,2,unexplained,,2,ut uts,0,,State/UT-wise Details of Proportion of Enrolments by Social Category and Minorities during 2022-23 | State/UTs-wise Details of Proportion of Enrolments by Social Category and Minorities during 2023-24
"State/UT-wise Number of Additional Enrolments as Reported at Block Level in Private Pre-Primary Schools, Unrecognized Schools and Skill Centres",2,unexplained,,2,ut uts,0,year,"State/UT-wise Number of Additional Enrolments as Reported at Block Level in Private Pre-Primary Schools, Unrecognized Schools and Skill Centres during 2022-23 | State/UTs-wise Number of Additional Enrolments as Reported at Block level in Private Pre-Primary Schools, Unrecognized Schools and Skill Centres during 2023-24"
State/UT-wise Number of Teachers - Government Aided by Management and Classes Taught (schema 2),2,unexplained,,2,ut uts,0,,State/UT-wise Number of Teachers by Management and Classes Taught - Government Aided during 2022-23 | State/UTs-wise Number of Teachers - Government Aided by Management and Classes Taught during 2023-24
State/UT-wise Number of Teachers - Private Unaided Recognized by Management and Classes Taught (schema 1),2,unexplained,,2,ut uts,0,,State/UT-wise Number of Teachers by Management and Classes Taught - Private Unaided Recognized during 2022-23 | State/UTs-wise Number of Teachers - Private Unaided Recognized by Management and Classes Taught during 2023-24
State/UT-wise Transition Rate by Level of Education and Gender,2,unexplained,,2,ut uts,0,,State/UT-wise Details of Transition Rate by Level of Education and Gender during 2022-23 | State/UTs-wise Details of Transition Rate by Level of Education and Gender during 2023-24
Water quality of river Baitarni and its tributaries,2,unexplained,,2,baitarni brahmani,0,year,Water quality of river Baitarni and its tributaries - 2008 | Water quality of river Brahmani and its tributaries - 2008
Water quality of river Mahi and its tributaries,2,unexplained,,2,mahi narmada,0,year,Water quality of river Mahi and its tributaries - 2008 | Water quality of river Narmada and its tributaries - 2008
"Tributary streams Suswa, Gola, Bhalla, Dhela, Kosi, Ramganga, Kalinadi(e), Varuna, Sai, Gomti, Rapti, Saryu, Ghaghra, Rih , Sone, Gandak, Sikrana, Burhi Gandak, Harbora, Kamla, Manusmar, Koshi, Daha, Dhous, Farmar, Ram Rekha, Sirsa (schema 1)",2,unexplained,,2,quality water,0,year,"Water quality of tributary streams Suswa, Gola, Bhalla, Dhela, Kosi, Ramganga, Kalinadi (e), Varuna, Sai, Gomti, Rapti, Saryu, Ghaghra, Rih, Sone, Gandak, Sikrana, Burhi Gandak, Harbora, Kamla, Manusmar, Koshi, Daha, Dhous, Farmar, Ram Rekha, Sirsa - 2014 | Tributary streams Suswa, Gola, Bhalla, Dhela, Kosi, Ramganga, Kalinadi(e), Varuna, Sai, Gomti, Rapti, Saryu, Ghaghra, Rih , Sone, Gandak, Sikrana, Burhi Gandak, Harbora, Kamla, Manusmar, Koshi, Daha, Dhous, Farmar, Ram Rekha, Sirsa - 2013"
Fauna (Biodiversity Resource) Distribution in Indian Himalayan Region (IHR) as on date,2,unexplained,,2,fauna flora,0,,Fauna (Biodiversity Resource) Distribution in Indian Himalayan Region (IHR) as on date | Flora (Biodiversity Resource) Distribution in Indian Himalayan Region (IHR) as on date
Financial Performance of New India Assurance Co. Ltd (NIACL) upto Fourth Quarter (schema 1),3,unexplained,,2,co company,1,,Financial Performance of  New India Assurance Co. Ltd (NIACL) upto First Quarter-2014-15 | Financial Performance of The New India Assurance Company Ltd.(NIACL) upto First Quarter-2015-16
Financial Performance of New India Assurance Co. Ltd (NIACL) upto Fourth Quarter (schema 2),3,unexplained,,2,co company,1,,Financial Performance of  New India Assurance Co. Ltd (NIACL) upto Fourth Quarter-2013-14 | Financial Performance of New India Assurance Co. Ltd (NIACL) upto Fourth Quarter-2014-15
Financial Performance of New India Assurance Co. Ltd (NIACL) upto Fourth Quarter (schema 3),3,unexplained,,2,co company,1,,Financial Performance of  New India Assurance Co. Ltd (NIACL) upto Second Quarter-2014-15 | Financial Performance of The New India Assurance Company Ltd.(NIACL) upto Second Quarter-2015-16
Financial Performance of New India Assurance Co. Ltd (NIACL) upto Fourth Quarter (schema 4),3,unexplained,,2,co company,1,,Financial Performance of  New India Assurance Co. Ltd (NIACL) upto Third Quarter-2013-14 | Financial Performance of  New India Assurance Co. Ltd (NIACL) upto Third Quarter-2014-15
Financial Performance of National Insurance Company Ltd (NICL) upto Fourth Quarter (schema 1),4,unexplained,,2,first fourth,0,,Financial Performance of National Insurance Company Ltd (NICL) upto Fourth Quarter-2013-14 | Financial Performance of National Insurance Company Ltd (NICL) upto Fourth Quarter-2014-15
Financial Performance of The Oriental Insurance Company Ltd.(OICL) upto First Quarter (schema 1),5,unexplained,,2,first second,0,,Financial Performance of The Oriental Insurance Company Ltd.(OICL) upto First Quarter-2014-15 | Financial Performance of The Oriental Insurance Company Ltd.(OICL) upto First Quarter -2015-16
Financial Performance of UNITED INDIA INSURANCE COMPANY LTD.(UIICL) upto First Quarter (schema 5),2,unexplained,,2,third thirdquarter,1,,Financial Performance of UNITED INDIA INSURANCE COMPANY LTD.(UIICL) upto Third Quarter-2014-15 | Financial Performance of United India Insurance Company Ltd.(UIICL) upto ThirdQuarter-2015-16
Summary of Financial Performance of Public Sector General Insurance Companies upto Fourth Quarter (schema 1),4,unexplained,,2,second secondquarter,0,,Summary of Financial Performance of Public Sector General Insurance Companies upto Second Quarter-2013-14 | Summary of Financial Performance of Public Sector General Insurance Companies upto Second Quarter-2014-15
State/UT-wise Estimates of Milk Production (schema 1),3,unexplained,,2,meat milk,0,,State/UT-wise Estimates of Milk Production from 2007-08 to 2011-12 | State & UT-wise Estimates of Milk Production from 2009-10 to 2013-14
Details of estimates of meat production from pig,2,unexplained,,2,pig poultry,0,,Details of estimates of meat production from pig during 2008-09 to 2012-13 | Details of estimates of meat production from poultry during 2008-09 to 2012-13
State-wise Details of Scampi Production,4,unexplained,,2,scampi shrimp,0,,State-wise Details of Shrimp Production during 2008-09 & 2009-10 | State-wise Details of Scampi Production during 2008-09 & 2009-10
Fish Production by Major Fish Producing Countries,3,unexplained,,2,inland marine,0,,Fish Production by Major Fish Producing Countries from 2002 to 2011 | Inland Fish Production by Major Fish Producing Countries from 2002 to 2011
State & UT-wise Details of Estimates of Meat Production from Buffalo (schema 1),2,unexplained,,2,buffalo cattle,0,,State & UT-wise Details of Estimates of Meat Production from Cattle from 2009-10 to 2013-14 | State & UT-wise Details of Estimates of Meat Production from Buffalo from 2009-10 to 2013-14
State & UT-wise Total Number of Livestock and Poultry during 18th Livestock Census,2,unexplained,,2,18th 19th,0,year,State & UT-wise Total Number of Livestock and Poultry during 18th Livestock Census-2007 | State & UT-wise Total Number of Livestock and Poultry during 19th Livestock Census-2012
Gross Value Added by Economic Activity From Livestock Sector at Constant Basic Prices,2,unexplained,,2,constant current,0,,Gross Value Added by Economic Activity From Livestock Sector at Current Basic Prices from 2011-12 to 2013-14 | Gross Value Added by Economic Activity From Livestock Sector at Constant Basic Prices from 2011-12 to 2013-14
Export of Livestock and Livestock Products,2,unexplained,,2,export import,0,year,Import of Livestock and Livestock Products during 2013-14 | Export of Livestock and Livestock Products during 2013-14
Value of Export of Livestock and Livestock Products,2,unexplained,,2,export import,0,,Value of Import of Livestock and Livestock Products from 2011-12 to 2013-14 | Value of Export of Livestock and Livestock Products from 2011-12 to 2013-14
Pune Vehicle Registration Data,3,unexplained,,2,registration registrations,0,,Vehicle Registrations Data : Pune : 2014-18 | Pune Vehicle Registration Data 2014-15 to 2019-20
household : Indore,3,unexplained,,2,household households,0,year,household : indore | household : Indore : 2019
Surat Profession Tax EC Registration Data as on 31.12.2015 (schema 1),9,unexplained,,2,ec rc,0,year,Surat Profession Tax EC Registration Data as on 31.12.2015 | Surat Profession Tax EC Registration Data as on 31.12.2016
Community Facilities : Kalyan Dombivli,2,unexplained,,2,dombivali dombivli,0,year,Community Facilities : Kalyan Dombivli : As on Jan 2019 | Community Facilities in Kalyan Dombivali : 2021
ITC Neighbourhood1 Namchi,2,unexplained,,2,neighbourhood1 neighbourhood2,0,,ITC Neighbourhood1 Namchi 2011 | ITC Neighbourhood2 Namchi 2011
Crime : Sagar (schema 1),2,unexplained,,2,crime crimes,0,,Crime : Sagar : 2014 - 2018 | Crimes Sagar : 2014 - 2018
Vehicle Registration Data : Jammu As,2,unexplained,,2,registration registrations,0,,Vehicle Registrations Data : Jammu As of 2018 | Vehicle Registration Data : Jammu As of 2018
Crime : Pimpri Chinchwad,2,unexplained,,2,crime crimes,0,,Crime : Pimpri Chinchwad : 2014-18 | Crimes: Pimpri Chinchwad 2022
Public Transport Access: Thiruvananthapuram,2,unexplained,,2,access accessibility,0,,Public Transport Access: Thiruvananthapuram | Public Transport Accessibility: Thiruvananthapuram
Crime Data : Thiruvananthapuram,2,unexplained,,2,crime crimes,0,,Crimes Data: Thiruvananthapuram 2014 to 2018 | Crime Data : Thiruvananthapuram 2014-2021
Citizen Facilitation Center:Thiruvananthapuram,2,unexplained,,2,center centre,0,year,Citizen Facilitation Center:Thiruvananthapuram 2019 | Citizen Facilitation Centre: Thiruvananthapuram 2021
Pune Solid Waste Collection Revenue Data (schema 1),2,unexplained,,2,d2d data,0,,Pune Solid Waste Collection Revenue Data as on Dec 2020 | Solid Waste D2D Collection Revenue Pune
Skating Facilities : Pimpri Chinchwad,2,unexplained,,2,skating wrestling,0,,Skating Facilities : Pimpri Chinchwad - 2022 | Wrestling Facilities : Pimpri Chinchwad - 2022
Details of Hoarding in A Zone : Pimpri Chinchwad (schema 1),3,unexplained,,2,b c,0,,Details of Hoarding in A Zone : Pimpri Chinchwad 2022 | Details of Hoarding in B Zone : Pimpri Chinchwad 2022
IPT Fuel Usage,2,unexplained,,2,ipt pt,0,,PT Fuel Usage | IPT Fuel Usage
Vehicle registered 2017 RTO: Pimpri Chinchwad (schema 1),4,unexplained,,2,vehicle vehicles,0,,Vehicles registered RTO 2016: Pimpri Chinchwad | Vehicle registered  2017 RTO: Pimpri Chinchwad
Solid Waste Collection Vehicle in Kohima I,2,unexplained,,2,i ii,0,,Solid Waste Collection Vehicle in Kohima II : 2021 | Solid Waste Collection Vehicle in Kohima I : 2021
Professional Tax Registration EC 2019 Surat,6,unexplained,,2,ec rc,0,,Professional Tax Registration EC 2019 Surat | Professional Tax Registration EC 2020 Surat
HeadWise Expense Of Budget Type A: Pimpri Chinchwad,3,unexplained,,2,c p,0,,HeadWise Expense Of Budget Type C: Pimpri Chinchwad 2022 | HeadWise Expense Of Budget Type P: Pimpri Chinchwad 2022
District and Social Category wise Total MSME Registered Enterprises till last date,3,unexplained,,2,manufacturing service,0,,District and Social  Category wise Total MSME Registered  Enterprises till last date | District and Social Category wise Total MSME Registered Manufacturing  Enterprises till last date
Exports Of Metals And Alloys,14,unexplained,,2,exports imports,0,year,Exports Of Metals And Alloys From 2008-09 To 2010-11 | Imports Of Metals And Alloys From 2008-09 To 2010-11
Location of Baryte deposits in India and its salient features,2,unexplained,,2,baryte copper,1,,Location of Baryte deposits in India and its salient features | Location of Copper deposits in India and its salient features
Import/Export of Crude Oil and Petroleum Products (in Rs. Value Terms) (schema 1),2,unexplained,,2,rs us,0,,Import/Export of Crude Oil and Petroleum Products (in US$ Value Terms) from  2011-12 to 2017-18 | Import/Export of Crude Oil and Petroleum Products (in Rs. Value Terms) from 2011-12 to 2017-18
Area-wise Development of Deep Drilling Rigs / Wells / Metreage Drilled (schema 1),2,unexplained,,2,meterage metreage,0,,"Area-wise Development of Deep Drilling Rigs, Wells & Metreage Drilled from 2011-12 to 2017-18 | Area-wise Development of Deep Drilling Rigs, Wells and Meterage Drilled from 2012-13 to 2018-19"
Category-wise Details of Manpower Employed in Oil & Gas Central Public Sector Enterprises (CPSEs) as on 31-03 (schema 1),2,unexplained,,2,category gender,0,,Gender-wise Details of Manpower Employed in Oil & Gas Central Public Sector Enterprises (CPSEs) as on 31-03-2023 | Category-wise Details of Manpower Employed in Oil & Gas Central Public Sector Enterprises (CPSEs) as on 31-03-2023
Cargo Movement on National Waterways,2,unexplained,,2,movement movements,0,year,Cargo Movement on National Waterways from 1997-98 to 2020-21 | Cargo Movements on National Waterways from 2003-04 to 2019-20
Growth of Indian Fleet by Size of Vessels,2,unexplained,,2,size type,0,year,Growth of Indian Fleet by Type of Vessels from 1985 to 2024 | Growth of Indian Fleet by Size of Vessels from 1989 to 2024
Average Turn Round Time (TRT) of Major Ports,3,unexplained,,2,ports portsfrom,0,year,Average Turn Round Time (TRT) of Major Ports from 2004-05 to 2019-20 | Average Turn Round Time (TRT) of Major Portsfrom  2004-05 to 2020-21
Locomotive - Number in service as on 31st March for Metre Gauge,2,unexplained,,2,metre narrow,0,year,Locomotive - Number in service as on 31st March for Metre Gauge upto 2013-14 | Locomotive - Number in service as on 31st March for Narrow Gauge upto 2013-14
Average Number Of Locomotives In Use Daily (Diesel) Broad Gauge,2,unexplained,,2,diesel electric,0,year,Average Number Of Locomotives In Use Daily (Diesel) Broad Gauge upto 2013-14 | Average Number Of Locomotives In Use Daily (Electric) Broad Gauge upto 2013-14
"Speed Of Goods Trains - All goods trains including Through, Van and Shunting Trains - Broad Gauge",2,unexplained,,2,broad metre,0,year,"Speed Of Goods Trains - All goods trains including Through, Van and Shunting Trains - Broad Gauge upto 2013-14 | Speed Of Goods Trains - All goods trains including through Van and Shunting trains - Metre Gauge upto 2013-14"
"Number Of Staff As At The End Of The Year Group C upto 2013-14( All Government Railways, Railway Board and Misc. offices).",2,unexplained,,2,c d,0,,"Number Of Staff As At The End Of The Year Group C upto 2013-14( All Government Railways, Railway Board and Misc. offices). | Number Of Staff As At The End Of The Year Group D upto 2013-14 ( All Government Railways, Railway Board and Misc. offices)"
Total Cost Of Staff - Group C,2,unexplained,,2,c d,0,year,Total Cost Of Staff - Group C upto 2013-14 | Total Cost Of Staff - Group D upto 2013-14
Per Capita Cost Of Staff Group-C,2,unexplained,,2,c d,0,year,Per Capita Cost Of Staff Group-C upto 2013-14 | Per Capita Cost Of Staff Group-D upto 2013-14
Revenue Realised from Road Transport States (schema 1),4,unexplained,,2,realised realized,0,,Revenue Realized from Road Transport (States) during 1950-51 to 2012-13 | Revenue Realised from Road Transport States from 1950-51 to 2014-15
State/UT wise Number of Persons injured in Accidents caused due to Exceeding Lawful Speed by drivers,8,unexplained,,2,injured killed,0,,State/UT wise Number of Persons injured in Accidents caused due to Exceeding Lawful Speed by drivers during 2008-12 | State/UT wise Number of Persons killed in Accidents caused due to Exceeding Lawful Speed by drivers during 2008-12
State/UT wise Number of Persons injured in Accidents caused due to Intake of Alcohol/Drugs by drivers,8,unexplained,,2,injured killed,0,,State/UT wise Number of Persons injured in Accidents caused due to Intake of Alcohol/Drugs by drivers during 2006-12 | State/UT wise Number of Persons killed in Accidents caused due to Intake of Alcohol/Drugs by drivers during 2006-12
State/UT wise Number of Persons injured in Accidents caused due to Load Protruding,8,unexplained,,2,injured killed,0,,State/UT wise Number of Persons injured in Accidents caused due to Load Protruding during 2006-12 | State/UT wise Number of Persons killed in Accidents caused due to Load Protruding during 2006-12
State/UT wise Number of Persons injured in Accidents caused due to Overloading/Overcrowding,8,unexplained,,2,injured killed,0,,State/UT wise Number of Persons injured in Accidents caused due to Overloading/Overcrowding during 2006-12 | State/UT wise Number of Persons killed in Accidents caused due to Overloading/Overcrowding during 2006-12
State/UT wise total number of road accidents by drivers with educational qualification of above standard 10,12,unexplained,,2,8th above,0,,State/UT wise total number of road accidents by drivers with educational qualification of above standard 10 during 2009-2012 | State/UT wise total number of road accidents by drivers with educational qualification of standard 9 to 10 during 2009-2012
State/UT wise length of Minor Port roads by type of surface (schema 2),2,unexplained,,2,major minor,1,year,State/UT wise length of major port roads by type of surface in India as on 31st March 2012 | State/UT wise length of minor port roads by type of surface in India as on 31st March 2012
State/UT wise length of roads under Forest Department by type of surface (schema 4),2,unexplained,,2,forest irrigation,1,year,State/UT wise length of roads under forest department by type of surface in India as on 31st March 2012 | State/UT wise length of roads under irrigation department by type of surface in India as on 31st March 2012
State/ UT-wise Total Number of Persons Injured in Road Accidents on National Highways (schema 1),9,unexplained,,2,injured killed,0,,State/UT wise Number of Persons Injured in Road Accidents on National Highways during 2003-2012 | State/UT wise Number of Persons Killed in Road Accidents on National Highways during 2003-2012
State/ UT-wise Total Number of Persons Injured in Road Accidents on State Highways (schema 1),9,unexplained,,2,injured killed,0,,State/UT wise Number of Persons Injured in Road Accidents on State Highways during 2003-2012 | State/UT wise Number of Persons Killed in Road Accidents on State Highways during 2003-2012
"State/UT wise number of persons killed, injured in Accidents caused due to Fault of Driver (schema 1)",6,unexplained,,2,cyclist driver,0,,"State/UT wise number of persons killed, injured in Accidents caused due to Fault of Cyclist during 2006-2012 | State/UT wise number of persons killed, injured in Accidents caused due to Fault of Driver during 2006-2012"
State/UT wise total and surfaced length of Urban roads (schema 4),3,unexplained,,2,project urban,1,,State/UT wise total and surfaced length of Project roads in India during 2009-2011 | State/UT wise total and surfaced length of roads in India during 2009-2011
State/UT wise total and surfaced length of Urban roads (schema 5),2,unexplained,,2,project urban,1,year,State/UT wise total and surfaced length of project roads in India as on 31st March 2012 | State/UT wise total and surfaced length of urban roads in India as on 31st March 2012
State/UT wise Number of Persons Injured in Road Accidents in Rural areas (schema 1),7,unexplained,,2,injured killed,0,,State/UT wise Number of Persons Injured in Road Accidents in Rural areas during 2006-2012 | State/UT wise Number of Persons Killed in Road Accidents in Rural areas during 2006-2012
State/UT wise Number of Persons Injured in Road Accidents in Urban areas (schema 1),7,unexplained,,2,injured killed,0,,State/UT wise Number of Persons Injured in Road Accidents in Urban areas during 2006-2012 | State/UT wise Number of Persons Killed in Road Accidents in Urban areas during 2006-2012
"State/UT wise Total Number of Road Accidents, Persons Killed/Injured, Fatal Accidents due to Other Motor Vehicles (schema 1)",6,unexplained,,2,motor objects,0,,"State/UT wise Total Number of Road Accidents, Persons Killed/Injured, Fatal Accidents due to Other Motor Vehicles during 2008-2012 | State/UT wise Total Number of Road Accidents, Persons Killed/Injured, Fatal Accidents due to Other Vehicles/Objects during 2008-2012"
Total Number of Persons Killed in Road Accidents (schema 1),5,unexplained,,2,injured killed,1,,Total Number of Persons Injured in Road Accidents in India during 2003-2011 | Total Number of Persons Injured in Road Accidents in India during 2003-2014
Total Registered Motor Vehicles in Metropolitan Cities (schema 2),2,unexplained,,2,31st provisional,1,,Total Registered Motor Vehicles in Metropolitan Cities during 2001-2009 | Total Registered Motor Vehicles in Metropolitan Cities of India as on 31st March 2004(Provisional)
Total Motor Vehicle Production in Selected Countries (schema 1),6,unexplained,,2,vehicle vehicles,0,,Total Motor Vehicles Production in Selected countries 1990-92 | Total Motor Vehicles Production in Selected countries 1991-93
Road Length in India (Surfaced & Unsurfaced) State wise as on 31st March 1992 (Provisional),2,unexplained,,2,p provisional,1,year,Road Length in India (Surfaced & Unsurfaced) State wise as on 31st March 1992 (Provisional) | Road Length in India (Surfaced & Unsurfaced) State-wise as on 31st March 1992(P)
Road Length Category-wise & State-wise in India as on 31st March 1992 (Provisional),2,unexplained,,2,p provisional,1,year,Road Length Category-wise & State-wise in India as on 31st March 1992 (Provisional) | Road Length Category-wise & State-wise in India as on 31st March 1992(P)
Sales of Motor Vehicles (schema 2),2,unexplained,,2,vehicle vehicles,1,,Sale of Motor Vehicle in India for 1976-96 | Sale of Motor Vehicles in India from 1975-76 to 1996-97
Number of Registered Motor Vehicles (Transport & Non-Transport) (schema 3),2,unexplained,,2,madhya pradesh,1,state,Number of Registered Motor Vehicles (Transport & Non-Transport) Chandigarh from 1996-97 to 1997-1998 | Number of Registered Motor Vehicles (Transport & Non-Transport) Madhya Pradesh from 2000-01 to 2001-02
Total Number of Valid Drivers' Licenses Issued As on 31-3,3,unexplained,,2,licences license,0,year,Total Number of Valid Drivers Licences Issued as on 31.3.1998 | Total Number of Valid Drivers License Issued as on 31.3.2001
Total Number of Registered Motor Vehicles (schema 2),2,unexplained,,2,vechicles vehicles,1,,Total Number of Registered Motor Vechicles in India: 1951-2000 | Total Number of Registered Motor Vehicles in India: 1951-2002
Number of Registered Motor Vehicles (Transport & Non-Transport) (schema 2),3,unexplained,,2,meghlaya tamilnadu,1,state,Number of Registered Motor Vehicles (Transport) & (Non-Transport) - Maharashtra from 1998-99 to 1999-2000 | Number of Registered Motor Vehicles (Transport) &( Non-Transport) - Meghlaya from 1998-99 to 1999-2000
State/UT wise length of Minor Port roads by type of surface (schema 1),2,unexplained,,2,major minor,1,year,State/Ut-wise Length of Major Port Roads by type of Surface in India as on 31st March 2013 | State/Ut-wise Length of Minor Port Roads by type of Surface in India as on 31st March 2013
State/UT wise length of roads under Forest Department by type of surface (schema 1),2,unexplained,,2,forest irrigation,1,year,State/Ut-wise Length of Roads Under Forest Department by Type of Surface in India as on 31st March 2013 | State/Ut-wise Length of Roads Under Irrigation Department by Type of Surface in India as on 31st March 2013
Number of Persons Killed and Injured by Motor Vehicle Accidents (schema 2),2,unexplained,,2,vehicle vehicles,1,,State-wise Number of Persons Killed and Injured by Motor Vehicle Accidents in India for from 1988 to 1991 | State-wise Number of Persons Killed and Injured by Motor Vehicles Accidents in India from 1986 to 1988
Production & Sales of Motor Vehicles (schema 1),3,unexplained,,2,production prodution,1,,Prodution & Sales of Motor Vehicles in India from 1977 to 1981 | Production & Sales of Motor Vehicles in India from 1978 to 1982
State-wise Motor Vehicle Accidents by Peimary Causes of accidents (schema 1),2,unexplained,,2,peimary preimary,0,year,State-wise Motor Vehicle Accidents by Peimary Causes of accidents during 1978 | State-wise Motor Vehicle Accidents by Preimary Causes of accidents during 1979
State/ UT-wise Total Number of Persons Injured in Road Accidents (schema 3),2,unexplained,,2,injured killed,1,,State/ UT-wise Total Number of Persons Injured in Road Accidents in India from 2003 to 2016 | State/ UT-wise Total Number of Persons Killed in Road Accidents in India from 2003 to 2016
State/ UT-wise Percentage share in Total Registered Motor Vehicles (schema 2),3,unexplained,,2,31st details,1,,State/ UT-wise Percentage share in Total Registered Motor Vehicles in India from 2001 to 2015 | State/UT-wise Details of Percentage Share in Total Registered Motor Vehicles in India from 2017 to 2020
State/ UT-wise Type of Road accidents (schema 1),5,unexplained,,2,ut uts,0,year,State/UT-wise Type of Road Accidents in 2017 | State/UT-wise Type of Road Accidents during 2018
Length of Roads under Sugarcane Departments of States/UTs - By Type of Surface (schema 2),2,unexplained,,2,ut uts,1,year,"State/UT-wise Length of Roads under Sugarcane Departments by Type of Surface in India as on 31 March, 2017 | States/UTs-wise Length of Roads under Sugarcane Departments by Type of Surface in India as on 31 March, 2016"
State/ UT-wise Severity of Road Accidents (schema 1),4,unexplained,,2,ut uts,1,,State/UT-wise Severity of Road Accidents in India from 2015 to 2018 | State/UT-wise Severity of Road Accidents in India from 2016 to 2019
"State/UT-wise Total Number of Fatal Road Accidents, Total Road Accidents, Persons Killed and Injured on Other Roads (schema 2)",3,unexplained,,2,ut uts,0,,"State/UT-wise Total number of Fatal Road Accidents, Total Road Accidents, Persons Killed and Injured on Other Roads from 2016 to 2018 | State/UT-wise Total number of Fatal Road Accidents, Total Road Accidents, Persons Killed and Injured on Other Roads from 2016 to 2019"
State/ UT-wise Accidents Classified according to Type of Junctions (schema 1),4,unexplained,,2,ut uts,0,,State/UT-wise Accidents Classified According to Type of Junctions during 2018 | State/UT-wise Accidents Classified according to Type of Junctions during 2019
"State/UT-wise Total Number of Accidents, Number of Persons Killed and Number of Persons Injured in Road Accidents in Urban & Rural Areas (schema 1)",4,unexplained,,2,ut uts,0,year,"State/UT-wise Total Number of Accidents, Number of Persons Killed and Number of Persons Injured in Road Accidents in Urban & Rural Areas during 2018 | State/UT-wise Total Number of Accidents, Number of Persons Killed and Number of Persons Injured in Road Accidents in Urban and Rural Areas during 2019"
"Month-Wise Total Number of Accidents, Persons Killed and Injured (schema 1)",3,unexplained,,2,ut uts,0,,"State/UT-wise Month-Wise total number of accidents, persons killed and injured during 2019 | States/UTs-wise Month-Wise total number of accidents, persons killed and injured during 2020"
State/UT-wise Road Accidents as per the Time of Occurance (schema 1),3,unexplained,,2,ut uts,0,year,State/UT-wise Road Accidents as per the Time of occurance during 2019 | States/UTs-wise Road Accidents as per the Time of occurance during 2020
State/UT-wise Performance in Reducing Number of Road Accidents (schema 1),3,unexplained,,2,ut uts,0,,State/UT-wise Performance in Reducing Number of Road Accidents during 2019 | States/UTs-wise Performance in Reducing Number of Road Accidents during 2020
State/UT-wise Performance in Reducing Number of Persons Killed in Road Accidents (schema 1),3,unexplained,,2,ut uts,0,,State/UT-wise Performance in Reducing Number of Persons Killed in Road Accidents during 2019 | States/UTs-wise Performance in Reducing Number of Persons Killed in Road Accidents during 2020
State/UT-wise number of Blackspots (schema 1),2,unexplained,,2,ut uts,0,,State/UT-wise number of Blackspots from 2016 to 2018 | States/UTs-wise number of Blackspots from 2016 to 2018
State/ UT-wise Total Number of Persons Injured in Road Accidents (schema 2),3,unexplained,,2,ut uts,1,,State/UT-wise Total Number of Persons Killed in Road Accidents in India from 2016 to 2019 | States/UTs-wise Total Number of Persons Killed in Road Accidents in India from 2017 to 2020
State/ UT-wise Total Number of Persons Injured in Road Accidents (schema 1),3,unexplained,,2,ut uts,1,,State/UT-wise Total Number of Persons Injured in Road Accidents in India from 2016 to 2019 | States/UTs-wise Total Number of Persons Injured in Road Accidents in India from 2017 to 2020
State/ UT-wise Total Number of Fatal Road Accidents (schema 3),3,unexplained,,2,ut uts,0,,State/UT-wise Total Number of Fatal Road Accidents from 2016 to 2019 | States/UTs-wise Total Number of Fatal Road Accidents from 2017 to 2020
State/ UT-wise Total Number of Persons Injured in Road Accidents on National Highways (schema 4),3,unexplained,,2,ut uts,0,,State/UT-wise Total Number of Persons Killed in Road Accidents on National Highways from 2016 to 2019 | States/UTs-wise Total Number of Persons Killed in Road Accidents on National Highways from 2017 to 2020
State/ UT-wise Total Number of Persons Injured in Road Accidents on National Highways (schema 3),3,unexplained,,2,ut uts,0,,State/UT-wise Total Number of Persons Injured in Road Accidents on National Highways from 2016 to 2019 | States/UTs-wise Total Number of Persons Injured in Road Accidents on National Highways from 2017 to 2020
State/UT-wise Total Number of Road Accidents on National Highways (schema 3),3,unexplained,,2,ut uts,0,,State/UT-wise Total Number of Fatal Road Accidents on National Highways from 2016 to 2019 | States/UTs-wise Total Number of Fatal Road Accidents on National Highways from 2017 to 2020
States/UTs-wise data of total accidents and fatalities occurred on National Highways under different categories (schema 1),3,unexplained,,2,ut uts,0,year,State/UT-wise data of total accidents and fatalities occurred on National Highways under different categories during 2019 | States/UTs-wise data of total accidents and fatalities occurred on National Highways under different categories during 2020
States/UTs-wise Accidents and Persons Killed in Road Accidents in terms of Road User categories on National Highways under different categories (schema 1),3,unexplained,,2,ut uts,0,year,State/UT-wise Accidents and Persons Killed in Road Accidents in terms of Road User categories on National Highways under different categories during 2019 | States/UTs-wise Accidents and Persons Killed in Road Accidents in terms of Road User categories on National Highways under different categories during 2020
States/UTs-wise data of accidents and fatalities classified according to type of traffic violation on National Highways under different categories (schema 1),3,unexplained,,2,ut uts,0,year,State/UT-wise data of accidents and fatalities classified according to type of traffic violation on National Highways under different categories during 2019 | States/UTs-wise data of accidents and fatalities classified according to type of traffic violation on National Highways under different categories during 2020
State/ UT-wise Total Number of Road Accidents on State Highways (schema 4),3,unexplained,,2,ut uts,0,,State/UT-wise Total Number of Road Accidents on State Highways from 2016 to 2019 | States/UTs-wise Total Number of Road Accidents on State Highways from 2017 to 2020
State/ UT-wise Total Number of Persons Injured in Road Accidents on State Highways (schema 4),3,unexplained,,2,ut uts,0,,State/UT-wise Total Number of Persons Killed in Road Accidents on State Highways from 2016 to 2019 | States/UTs-wise Total Number of Persons Killed in Road Accidents on State Highways from 2017 to 2020
State/ UT-wise Total Number of Persons Injured in Road Accidents on State Highways (schema 3),3,unexplained,,2,ut uts,0,,State/UT-wise Total Number of Persons Injured in Road Accidents on State Highways from 2016 to 2019 | States/UTs-wise Total Number of Persons Injured in Road Accidents on State Highways from 2017 to 2020
State/ UT-wise Total Number of Road Accidents on State Highways (schema 3),3,unexplained,,2,ut uts,0,,State/UT-wise Total Number of Fatal Road Accidents on State Highways from 2016 to 2019 | States/UTs-wise Total Number of Fatal Road Accidents on State Highways from 2017 to 2020
State/ UT-wise Accidents Classified according to Type of Traffic Control (schema 1),3,unexplained,,2,ut uts,0,year,State/UT-wise Accidents Classified according to Type of Traffic Control during 2019 | States/UTs-wise Accidents Classified according to Type of Traffic Control during 2020
State/ UT-wise Accidents Classified according to Type of Weather Condition (schema 1),3,unexplained,,2,ut uts,0,year,State/UT-wise Accidents Classified according to Type of Weather Condition during 2019 | States/UTs-wise Accidents Classified according to Type of Weather Condition during 2020
State/UT-wise Accidents classified according to type of impacting vehicles/objects (schema 1),3,unexplained,,2,ut uts,0,year,State/UT-wise Accidents classified according to type of impacting vehicles/objects during 2019 | States/UTs-wise Accidents classified according to type of impacting vehicles/objects during 2020
State/UT-wise Accidents Classified According to Age of Impacting Vehicles (schema 1),3,unexplained,,2,ut uts,0,year,State/UT-wise Accidents Classified according to Age of impacting Vehicles during 2019 | States/UTs-wise Accidents Classified according to Age of impacting Vehicles during 2020
State/ UT-wise Male and Female Persons Killed in Road Accidents in terms of Road User categories (schema 2),3,unexplained,,2,ut uts,0,year,State/UT-wise Male and Female Persons Killed in Road Accidents in terms of Road User categories during 2019 | States/UTs-wise Male and Female Persons Killed in Road Accidents in terms of Road User categories during 2020
State/UT-wise Pedestrians Killed According to Classification of Age and Sex (schema 2),4,unexplained,,2,ut uts,0,year,State/UT-wise Total number of Persons Killed according to classification of age and sex during 2019 | States/UTs-wise Total number of Persons Killed according to classification of age and sex during 2020
State/UT-wise Accidents Classified According to Type of Traffic Violations (schema 1),3,unexplained,,2,ut uts,0,year,State/UT-wise Accidents Classified according to Type of Traffic Violations during 2019 | States/UTs-wise Accidents Classified according to Type of Traffic Violations during 2020
"State/UT-wise Total Number of Fatal Road Accidents, Total Road Accidents, Persons Killed and Injured on Other Roads (schema 1)",4,unexplained,,2,ut uts,0,,"States/UTs-wise Total number of Fatal Road Accidents, Total Road Accidents, Persons Killed and Injured on Other Roads from 2018 to 2021 | State/UT-wise Total Number of Fatal Road Accidents, Total Road Accidents, Persons Killed and Injured on Other Roads from 2020 to 2023"
State/UT-wise Total Number of Grevious and Minor Injured Persons in Road Accidents on All Roads (schema 2),3,unexplained,,2,grevious grievous,0,year,State/UT-wise Total Number of Grievous and Minor Injured Persons in Road Accidents on all Roads during 2023 | State/UT-wise Total Number of Grevious and Minor Injured Persons in Road Accidents on All Roads during 2022
State/ UT-wise Total Number of Persons Injured in Road Accidents on National Highways (schema 2),6,unexplained,,2,injured killed,0,,State/UT-wise Total Number of Persons Killed in Road Accidents on National Highways from 2020 to 2023 | State/UT-wise Total Number of Persons Injured in Road Accidents on National Highways from 2020 to 2023
States/UTs-wise data of total accidents and fatalities occurred on National Highways under different categories (schema 2),2,unexplained,,2,number road,0,year,State/UT-wise Number of Accidents and Fatalities Occurred on National Highways under Different Categories during 2022 | State/UT-wise Road Accidents and Fatalities occurred on National Highways under different categories during 2024
State/ UT-wise Accidents Classified according to Type of Traffic Control (schema 2),2,unexplained,,2,junctions number,0,year,State/UT-wise Number of Accidents Classified According to Type of Traffic Control during 2022 | State/UT-wise Accidents classified according to Type of Traffic Control at Junctions during 2024
State/UT-wise Length of Roads in Major Ports By Type of Surface as on 31-03,2,unexplained,,2,major minor,0,year,State/UT-wise Length of Roads in Major Ports By Type of Surface as on 31-03-2022 | State/UT-wise Length of Roads in Minor Ports By Type of Surface as on 31-03-2020
Village-wise Survey Data of HIMACHAL PRADESH for Mission Antyodaya,2,unexplained,,2,himachal madhya,0,"year,state",Village-wise Survey Data of HIMACHAL PRADESH for Mission Antyodaya 2020 | Village-wise Survey Data of MADHYA PRADESH for Mission Antyodaya 2020
State-wise Number of Societal Development Proposals Not Found Suitable,2,unexplained,,2,06th number,0,year,State-wise Number of Societal Development Proposals Not Found Suitable During 2011-12 And 2012-13 | State-wise Societal Development Proposals Not Found Suitable As On 06th June 2013
Universities / Colleges And Their Enrolment,2,unexplained,,2,other their,0,year,Universities / Colleges And Their Enrolment From 1976-77 To 2006-07 | Universities / Colleges and other Enrolment from 1976-77 to 2011-12
Web Map Service from Survey of India 362 OSM Topo Sheets Each of 8 Layers Data,2,unexplained,,2,andhra pradesh,2,state,Web Map Service from Survey of India 362 OSM Topo Sheets Each of 8 Layers Data for Andhra Pradesh | Web Map Service from Survey of India 9 OSM Topo Sheets Each of 8 Layers Data for Delhi
Web Map Service from Survey of India consisting of 362 OSM Topo Sheets for utilities,2,unexplained,,2,andhra pradesh,2,state,Web Map Service from Survey of India consisting of 362 OSM Topo Sheets for utilities in Andhra Pradesh | Web Map Service from Survey of India consisting of 9 OSM Topo Sheets for utilities in Delhi
Web Map Service from Survey of India consisting of 362 OSM Topo Sheets for boundaries,2,unexplained,,2,andhra pradesh,2,state,Web Map Service from Survey of India consisting of 362 OSM Topo Sheets for boundaries in Andhra Pradesh | Web Map Service from Survey of India consisting of 9 OSM Topo Sheets for boundaries in Delhi
Web Map Service from Survey of India consisting of 362 OSM Topo Sheets for hydrography,2,unexplained,,2,andhra pradesh,2,state,Web Map Service from Survey of India consisting of 362 OSM Topo Sheets for hydrography in Andhra Pradesh | Web Map Service from Survey of India consisting of 9 OSM Topo Sheets for hydrography in Delhi
Web Map Service from Survey of India consisting of 362 OSM Topo Sheets for habitation,2,unexplained,,2,andhra pradesh,2,state,Web Map Service from Survey of India consisting of 362 OSM Topo Sheets for habitation in Andhra Pradesh | Web Map Service from Survey of India consisting of 9 OSM Topo Sheets for habitation in Delhi
Capital Formation by Type of Assets and by Type of Institutions at current Prices (schema 2),2,unexplained,,2,constant current,0,,Capital Formation by type of Assets and by type of Institutions at Constant Prices (2004-05) from 2004-05 to 2010-11 | Capital Formation by type of Assets and by type of Institutions at Current Prices from 2004-05 to 2010-11
Coasting Trade - Total Value Of Export Merchandise From Various Maritime Blocks,2,unexplained,,2,export import,1,state,Coasting Trade - Total Value Of Export Merchandise From Various Maritime Blocks Of India From 2000-01 To 2009-10 | Coasting Trade - Total Value Of Import Merchandise To Various Maritime Blocks Of India From 2000-01 To 2009-10
Employment and Unemployment Survey: NSS 50th Round : July 1993 - June,2,unexplained,,2,50th 55th,0,year,Employment and Unemployment Survey: NSS 50th Round : July 1993 - June 1994 | Employment and Unemployment Survey: NSS 55th Round : July 1999 -June 2000
Gross Domestic Product At Factor Cost By Industry At Constant Price (schema 2),2,unexplained,,2,constant current,0,,Gross Domestic Product At Factor Cost By Industry At Constant Prices From 2004-05 To 2010-11 | Gross Domestic Product At Factor Cost By Industry At Current Prices From 2004-05 To 2010-11
Andhra Pradesh Gross State Domestic Product at factor cost at Constant Prices,2,unexplained,,2,constant current,0,,Andhra Pradesh Gross State Domestic Product at factor cost at Constant Prices for the year 2004-05 | Andhra Pradesh Gross State Domestic Product at factor cost at Current Prices for the year 1993-94
Index Numbers Of Exports Of The Unit Values And Of Quantum Of Exports,2,unexplained,,2,exports imports,0,,Index Numbers Of Exports Of The Unit Values And Of Quantum Of Exports From 2000-01 To 2011-12 | Index Numbers Of Imports Of The Unit Values And Of Quantum Of Imports From 2000-01 To 2011-12
Net Domestic Product By Economic Activity At Constant Price (schema 2),2,unexplained,,2,constant current,0,,Net Domestic Product By Economic Activity At Constant Prices From 2004-05 To 2010-11 | Net Domestic Product By Economic Activity At Current Prices From 2004-05 To 2010-11
Performance Of Public Sector At Current Price,2,unexplained,,2,price prices,0,,Performance Of Public Sector At Current Prices From 2004-05 To 2010-11 | Performance Of Public Sector At Current Price upto 2011-12
Total Export/Import of Ozone Depleting Substances (ODS),3,unexplained,,2,substances sustances,0,,Total Export/Import of Ozone Depleting Substances (ODS) | Total Export/Import of Ozone Depleting Substances (ODS) upto 2011
Unorganised Manufacturing Enterprises Survey [AREA Frame] : NSS 62nd Round : July 2005 - June,2,unexplained,,2,area list,0,year,Unorganised Manufacturing Enterprises Survey [AREA Frame] : NSS 62nd Round : July 2005 - June 2006 | Unorganised Manufacturing Enterprises Survey [List Frame] : NSS 62nd Round : July 2005 - June 2006
Gross Domestic Product At Factor Cost By Industry At Constant Price (schema 1),4,unexplained,,2,constant current,0,,Gross Domestic Product At Factor Cost By Industry At Current Price upto 2011-12 | Gross Domestic Product At Factor Cost By Industry At Constant Price upto 2011-12
Net Domestic Product By Economic Activity At Constant Price (schema 1),4,unexplained,,2,constant current,0,,Net Domestic Product By Economic Activity At Current Price upto 2011-12 | Net Domestic Product By Economic Activity At Constant Price upto 2011-12
All India Physical Outcomes Under MGNREGA (schema 1),3,unexplained,,2,mgnrega nrega,1,,Physical Outcomes Under NREGA.(All India) upto 2012-13 | Physical Outcomes Under MGNREGA.(All India) upto 2012-13
Physical Outcomes Under MGNREGA (State Wise) (schema 1),2,unexplained,,2,mgnrega nrega,0,,Physical Outcomes Under NREGA.(State Wise) upto 2012-13 | Physical Outcomes Under MGNREGA (State Wise) upto 2012-13
Number Of Registered Newspapers And Periodicals By States And Periodicity (schema 3),2,unexplained,,2,level wise,0,,Number Of Registered Newspapers And Periodicals By States And Periodicity - State-wise upto 2011-12 | Number of registered newspapers and periodicals by states and periodicity - State level upto 2013-14
All India level General Funds of Registered Trade Unions (Employers' Unions) (schema 1),2,unexplained,,2,level union,1,,General funds of registered trade unions - India (Employers Union) upto 2010 | All India level General Funds of Registered Trade Unions (Employers' Unions) from 2000 to 2013
Liabilities And Assets of Banking Department of The Reserve Bank of India As On 30th June (schema 2),2,unexplained,,2,banking issue,1,,Liabilities And Assets of Banking Department of The Reserve Bank of India As On 30th June From 2001 To 2013 | Liabilities And Assets of Issue Department of The Reserve Bank of India As On 30th June From 2001 To 2013
Principal Characteristics by rural/ urban/ Total Break-up in ASI,3,unexplained,,2,break up,0,year,Principal Characteristics by Rural/ Urban/ Total in ASI during 2012-2013 | Principal characteristics by Rural/ Urban/ Total break-up in ASI during 2011-2012
Liabilities And Assets of Banking Department of The Reserve Bank of India As On 30th June (schema 1),2,unexplained,,2,banking issue,1,,Liabilities and Assets of Banking Department of the Reserve Bank of India as on 30th June from 2001 to 2014 | Liabilities and Assets of Issue Department of the Reserve Bank of India as on 30th June from 2001 to 2014
State-wise Gross Value Added (GVA) at Constant Price on yearly basis,2,unexplained,,2,constant current,0,,State-wise Gross Value Added (GVA) at Current Price on yearly basis | State-wise Gross Value Added (GVA) at Constant Price on yearly basis
Broad activity wise number and percentage distribution of persons employed in proprietary establishments by social group of the owner on yearly basis,2,unexplained,,2,employed persons,0,,Broad activity wise number and percentage distribution of proprietary establishments by social group of the owner on yearly basis | Broad activity wise number and percentage distribution of persons employed in proprietary establishments by social group of the owner on yearly basis
Broad activity wise number of persons employed in proprietary establishments by religion of the owner on yearly basis,2,unexplained,,2,religion sex,0,,Broad activity wise number of persons employed in proprietary establishments by sex of the owner on yearly basis | Broad activity wise number of persons employed in proprietary establishments by religion of the owner on yearly basis
Gross Value Added by Economic Activity at Constant Prices (schema 2),2,unexplained,,2,constant current,0,,Gross Value Added by Economic Activity at Current Prices from 2011-12 to 2015-16 | Gross Value Added by Economic Activity at Constant Prices from 2011-12 to 2015-16
All India level Changes in Financial Assets - Capital Account of Government Administration and Departmental Commercial Undertakings,2,unexplained,,2,assets liabilities,1,year,All India level Changes in Financial Assets - Capital Account of Government Administration and Departmental Commercial Undertakings from 2000-01 to 2015-16 | All India level Changes in Financial Liabilities - Capital Account of Government Administration and Departmental Commercial Undertakings from 2000-01 to 2015-16
Gross Value Added by Economic Activity at Constant Prices (schema 3),2,unexplained,,2,constant current,0,,Gross Value Added by Economic Activity at Current Prices from 2011-12 to 2016-17 | Gross Value Added by Economic Activity at Constant Prices from 2011-12 to 2016-17
Lean and Peak Months of FTAs in India from Top 15 Countries (schema 1),2,unexplained,,2,month months,1,,Lean and Peak Month of FTAs in India from top 15 countries during 2017 | Lean and Peak Months of FTAs in india from Top 15 Countries during 2018
Number of Outbound Departures of Some Selected Countries of the World and Percentage Share (schema 1),4,unexplained,,2,departure departures,1,,Number of Outbound Departures of Some Selected Countries of the World and Percentage Share of India during 2016 and 2017 | Number of Outbound Departures of some Selected Countries of the World and Percentage share of india during 2017 and 2018
No. of Students On Roll in Each Course and Passed Out,2,unexplained,,2,no number,0,,No. of Students On Roll in Each Course and Passed Out during 2018-19 | Number of Students on Roll in Each Course and Passed out during 2019-20
Year-wise Details of Top 15 Source Countries for Foreign Tourist Arrivals (FTAs) (schema 1),2,unexplained,,2,tourist tourists,1,,Year-wise Details of Top 15 Source Countries for Foreign Tourists Arrivals (FTAs) in india during 2020 and 2021 | Year-wise Details of Top 15 Source Countries for Foreign Tourist Arrivals (FTAs) in India during 2021 and 2022
"State, UT & City-wise Distribution of Accidental Deaths by Natural Causes and Sex (schema 4)",4,unexplained,,2,un ut,0,,State/UT-wise distribution of accidental deaths by natural causes during 2001-2012 | State/UT-wise distribution of accidental deaths by un-natural causes during 2001-2012
State/UT-wise Juveniles Apprehended under IPC Crimes by Age Group & Sex (schema 13),2,unexplained,,2,ipc sll,0,,State/UT-wise Juveniles Apprehended Under IPC Crimes By Sex and Age-group during 2001-2012 | State/UT-wise Juveniles Apprehended Under SLL Crimes By Sex and age-group during 2001-2012
"Disabled Population by Type Of Disability, Age and Sex, 2001 -Andaman & Nicobar Islands",3,unexplained,,2,island islands,0,year,"Disabled Population by type of Disability, Age and Sex, 2011 - ANDAMAN & NICOBAR ISLAND | Disabled population by type of disability, age and sex, 2001 - ANDAMAN & NICOBAR ISLAND"
"Disabled Population by Type Of Disability, Age and Sex for Scheduled Tribes, 2001 -Andaman & Nicobar Islands",2,unexplained,,2,island islands,0,year,"Disabled Population by type of Disability, Age and Sex for Scheduled Tribes, 2011 - ANDAMAN & NICOBAR ISLAND | Disabled Population by Type Of Disability, Age and Sex for Scheduled Tribes, 2001 -Andaman & Nicobar Islands"
"Population In Five Year Age-group by Residence and Sex, 2001 -Andaman & Nicobar Islands",3,unexplained,,2,island islands,0,year,"Population in five year age-group by Residence and Sex, 2011 - ANDAMAN & NICOBAR ISLAND | Population in five year age-group by Residence and Sex, 2001 - ANDAMAN & NICOBAR ISLAND"
"Population In Five Year Age-group by Residence and Sex for Scheduled Tribes, 2001 -Andaman & Nicobar Islands",3,unexplained,,2,island islands,0,year,"Population in five year age-group by Residence and Sex for Scheduled Tribes, 2011 - ANDAMAN & NICOBAR ISLAND | Population in five year age-group by Residence and Sex for Scheduled Tribes, 2001 - ANDAMAN & NICOBAR ISLAND"
Scheduled Caste households by the condition of census houses occupied by them,2,unexplained,,2,caste tribe,0,year,"Scheduled Tribe households by the condition of census houses occupied by them, 2011 | Scheduled Caste households by the condition of census houses occupied by them, 2011"
Scheduled Caste households by predominant material of floor of census houses occupied by them (schema 3),2,unexplained,,2,caste tribe,0,year,"Scheduled Tribe households by predominant material of wall of census houses occupied by them, 2011 | Scheduled Caste households by predominant material of wall of census houses occupied by them, 2011"
Scheduled Caste households by predominant material of floor of census houses occupied by them (schema 1),2,unexplained,,2,caste tribe,0,year,"Scheduled Tribe households by predominant material of floor of census houses occupied by them, 2011 | Scheduled Caste households by predominant material of floor of census houses occupied by them, 2011"
Scheduled Caste households by predominant material of floor of census houses occupied by them (schema 2),2,unexplained,,2,caste tribe,0,year,"Scheduled Caste Households by predominant materials of roof and wall of Census houses occupied by them, 2011 | Scheduled Tribe Households by predominant materials of roof and wall of Census houses occupied by them, 2011"
Scheduled Caste Households by type of structure of the Census houses occupied,2,unexplained,,2,caste tribe,0,year,"Scheduled Caste Households by type of structure of the Census houses occupied, 2011 | Scheduled Tribe Households by type of structure of the Census houses occupied, 2011"
"Marital Status by Age and Sex, 2001 -Andaman & Nicobar Islands",3,unexplained,,2,island islands,0,,"Marital status by age and sex, 2001 - ANDAMAN & NICOBAR ISLAND | Marital status by age and sex, 2011 - ANDAMAN & NICOBAR ISLAND"
"Marital Status by Age and Sex for Scheduled Tribes, 2001 -Andaman & Nicobar Islands",3,unexplained,,2,island islands,0,,"Marital status by age and sex for Scheduled Tribes, 2001 - ANDAMAN & NICOBAR ISLAND | Marital status by age and sex for Scheduled Tribes, 2011 - ANDAMAN & NICOBAR ISLAND"
"Population Ages 5-19 Attending Educational Institutions by Economic Activity Status and Sex, 2001 -Andaman & Nicobar Islands",2,unexplained,,2,island islands,0,,"Population ages 5-19 attending educational institutions by economic activity status and sex, 2001 - ANDAMAN & NICOBAR ISLAND | Population Ages 5-19 Attending Educational Institutions by Economic Activity Status and Sex, 2001 -Andaman & Nicobar Islands"
"Normal Households By Household Size, 2001 -Andaman & Nicobar Islands",2,unexplained,,2,island islands,0,year,"Normal households by household size, 2011 - ANDAMAN & NICOBAR ISLAND | Normal Households By Household Size, 2001 -Andaman & Nicobar Islands"
Juveniles Apprehended Under IPC and SLL Crimes by Age Groups (schema 8),2,unexplained,,2,ipc sll,0,,Juveniles Apprehended Under SLL Crimes By Sex and age-group during 2013 | Juveniles Apprehended Under IPC Crimes By Sex and age-group during 2013
"State, UT & City-wise Number of Traffic Accidents by Month Of Occurrence (schema 5)",2,unexplained,,2,occurance occurrence,0,,State-wise number of traffic accidents by time of occurance during 2014 | State-wise number of traffic accidents by time of occurrence during 2014
No. of Victims Murdered by Use of Fire Arms,2,unexplained,,2,no number,0,year,No. of Victims Murdered by Use of Fire Arms during 1999 | Number of Victims Murdered by use of Fire Arms during 2000
Juvenile Delinquency (SLL) Under different crime Heads & Percentage Varification in 1999 Over,2,unexplained,,2,variation varification,0,,"Juvenile Delinquency (SLL) Under different crime Heads & Percentage Varification in 1999 Over ,1998 | Juvenile Delinquency (SLL) under different Crime Heads & Percentage Variation in 2000 over 1999"
State/UT-wise Disposal of Persons Arrested under IPC Crimes by Courts (schema 13),2,unexplained,,2,ipc sll,0,,State and UT Wise Disposal of Persons Arrested Under IPC Crimes by Courts  during 1999 | State and UT Wise Disposal of Persons Arrested under SLL Crimes by Courts during 1999
Incidence & Rate of Total Cognizable Crimes under Indian Penal Code (IPC) and Special and Local Laws (SLL) (schema 3),2,unexplained,,2,ipc sll,0,,Incidence & Rate of Total Cognizable Crimes Under Indian Penal Code (IPC) and Special & Local Laws (SLL) from 1988 to 1998 | Incidence & Rate of Total Cognizable Crimes under Indian Penal Code and Special and Local Laws from 1999 to 2009
"Incidence & Rate of Total Cognizable Crimes (IPC) In States, UTs & Cities (schema 1)",4,unexplained,,2,ipc sll,0,,"Incidence & Rate of Total Cognizable Crimes (IPC) In States, UTs & Cities during 1998 | Incidence & Rate of Total Cognizable Crimes (SLL) In States, UTs & Cities during 1998"
Crime Head-wise Persons Arrested under IPC Crimes during 2000 & 2001 and Percentage Variation in 2001 over (schema 2),3,unexplained,,2,variaion variation,0,,Crime- Head wise Persons Arrested under different SLL Crimes during 1998 & Percentage Variation in 1998 over 1997 | Crime Head-Wise Persons Arrested under different SLL Crimes during 1996 and 1997 and percentage variaion in 1997 over 1996
Disposal of Persons Arrested Under SLL Crimes by Police (schema 1),8,unexplained,,2,ipc sll,0,,Disposal of Persons Arrested under SLL Crimes by Police during 1998 | Disposal of Persons Arrested under IPC Crimes by Police during 2008
State/UT-wise Persons Arrested under Custodial Rape and their Disposal by Police and Courts (schema 3),2,unexplained,,2,death rape,0,,Persons Arrested under Custodial Death & their Disposal by Police & Courts During 1998 | Persons Arrested under Custodial Rape and their Disposal by Police and Courts during 1998
Sanctioned & Actual Strength of Civil Police including District Armed Police as on 31.12.1998 (Women only) (schema 2),2,unexplained,,2,men only,0,,Sanctioned and Actual Strength of Civil Police including District Armed Police as on 31.12.1998 (Men+Women) | Sanctioned & Actual Strength of Civil Police including District Armed Police as on 31.12.1998 (Women only)
"Sanctioned and Actual Strength of Civil Police Including District Armed Police as on 31.12.2000 (Men+Women) (State, UT & City -wise ) (schema 7)",2,unexplained,,2,men only,0,,"Sanctioned and Actual Strength of Civil Police Including District Armed Police as on 31.12.2000 (Men+Women) (State, UT & City -wise ) | Sanctioned and Actual Strength of Civil Police Including District Armed Police as on 31.12.2000 (Women only) (State, UT & City wise )"
"Sanctioned and Actual Strength of Armed Police as on 31.12.2000 (Men+Women) (State, UT & City -Wise ) (schema 7)",2,unexplained,,2,men only,0,,"Sanctioned and Actual Strength of Armed Police as on 31.12.2000 (Men+Women) (State, UT & City -Wise ) | Sanctioned and Actual Strength of Armed Police as on 31.12.2000 (Women only) (State, UT & City wise)"
Town Amenities for Badgam District of Jammu Kashmir,2,unexplained,,2,badgam baramula,0,,"Town Amenities for Badgam District of Jammu Kashmir, 2011 | Town Amenities for Baramula District of Jammu Kashmir, 2011"
Percentage Distribution of Cognizable Crimes (IPC) Under Different Crime Heads (schema 4),3,unexplained,,2,ipc sll,0,,Percentage Distribution of Cognizable Crimes (IPC) Under Different Crime Heads from 1993 to 1997 | Percentage distribution of cognizable crimes (IPC) under different crime heads from 1992 to 1996
State/UT-wise Disposal of IPC Cases by Courts (schema 13),2,unexplained,,2,ipc sll,0,year,State & UT-Wise Disposal of IPC Crime Cases by Courts during 1997 | State & UT-Wise Disposal of SLL Crime Cases by Courts during 1997
Disposal of Persons Arrested Under SLL Crimes by Police (schema 4),2,unexplained,,2,ipc sll,0,,Disposal of persons Arrested under SLL Crimes by police during 1997 | Disposal of Persons Arrested Under IPC Crimes by Police during 1996
State/UT-wise Disposal of Persons Arrested under IPC Crimes by Courts (schema 7),4,unexplained,,2,ipc sll,0,,State & UT-Wise Disposal of Persons Arrested Under IPC Crimes by Courts during 1996 | State & UT-Wise Disposal of Persons Arrested Under SLL Crimes by Courts during 1996
Sanctioned & Actual Strength of Armed Police as on 31.12.1998 (Men + Women) (schema 2),2,unexplained,,2,men only,0,year,Sanctioned and Actual Strength (Men+Women) of Armed Police as on 31.12.1996 | Sanctioned and Actual Strength (Women Only) of Armed Police as on 31.12.1996
Persons arrested and their disposal by police and court under crimes committed against Schedule Caste,2,unexplained,,2,caste tribe,0,,Persons arrested and their disposal by police and court under crimes committed against Schedule Caste during 2014 | Persons arrested and their disposal by police and court under crimes committed against Schedule Tribe during 2014
All-India level Disposal of IPC Crime Cases by Police (schema 2),2,unexplained,,2,ipc lsl,1,year,All-India level Disposal of IPC Crime Cases by Police during 1990 | All-India level Disposal of LSL Crime Cases by Police during 1990
All India level Percentage of Cases Disposed of by the Police under IPC (schema 2),6,unexplained,,2,ipc lsl,1,year,All-India level Percentage of IPC Crime Cases Disposed of by Police during 1992 | All-India level Percentage of LSL Crime Cases Disposed of by Police during 1992
State/UT-wise Disposal of IPC Cases by Police (schema 8),2,unexplained,,2,ipc sll,0,year,State & UT-wise Disposal of IPC Crime Cases by Police during 1994 | State & UT-wise Disposal of SLL Crime Cases by Police during 1994
All India level Percentage of Cases Disposed of by the Police under IPC (schema 4),2,unexplained,,2,ipc sll,1,year,All-India level Percentage of IPC Crime Cases Disposed of by Police during 1994 | All-India level Percentage of SLL Crime Cases Disposed of by Police during 1994
All-India level Disposal of IPC Crime Cases by Police (schema 4),2,unexplained,,2,ipc lsl,1,year,All-India level Disposal of LSL Crime Cases by Police during 1992 | All-India level Disposal of IPC Crime Cases by Police during 1988
All India level Percentage of Disposal of Cases under IPC by the Courts (schema 3),3,unexplained,,2,ipc sll,1,year,All-India level Percentage of IPC Crime Cases Disposed by Courts during 1994 | All India level Percentage of IPC Crime Cases Disposed by Courts during 1995
All-India level Incidence and Volume of Juvenile Delinquency under IPC,4,unexplained,,2,ipc ipcc,1,,All-India level Incidence and Volume of Juvenile Delinquency under IPC from 1980 to 1990 | All-India level Incidence and Volume of Juvenile Delinquency under IPC from 1978 to 1988
All-India level Disposal of Persons Arrested under IPC Crimes by Police (schema 3),2,unexplained,,2,ipc sll,1,,All-India level Disposal of Persons Arrested under IPC Crimes by Police during 1993 | All-India level Disposal of Persons Arrested under SLL Crimes by Police during 2010
All-India level Disposal of Persons Arrested under IPC Crimes by Police (schema 2),2,unexplained,,2,ipc sll,1,,All-India level Disposal of Persons Arrested under IPC Crimes by Police during 1944 | All-India level Disposal of Persons Arrested under SLL Crimes by Police during 1994
State/UT-wise Disposal of Persons Arrested under IPC Crimes by Courts (schema 15),2,unexplained,,2,ipc sll,0,,State & UT-wise Disposal of Persons Arrested under IPC Crimes by Police during 1994 | State & UT-wise Disposal of Persons Arrested under SLL Crimes by Police during 1994
State/UT-wise Juveniles Apprehended under different IPC Crimes (schema 1),3,unexplained,,2,juvenile juveniles,0,year,"State, UT & City-wise Juveniles Apprehended under different IPC Crime heads during 1990 | State, UT & City-wise Juvenile Apprehended under different IPC Crime Heads during 1988"
State/UT-wise Juveniles Apprehended under IPC Crimes by Age Group & Sex (schema 9),2,unexplained,,2,ipc lsl,0,year,"State, UT & City-wise Juveniles Apprehended under different IPC Crimes by Age Groups & Sex during 1992 | State, UT & City-wise Juveniles Apprehended under different LSL Crimes by Age Groups & Sex during 1992"
State/UT-wise Juveniles Apprehended under IPC Crimes by Age Group & Sex (schema 12),2,unexplained,,2,ipc sll,0,year,"State, UT & City-wise Juveniles Apprehended under IPC Crimes by Age Group & Sex during 1994 | State, UT & City-wise Juveniles Apprehended under SLL Crimes by Age Group & Sex during 1994"
"Sanctioned and Actual Strength of Civil Police Including District Armed Police as on 31.12.2000 (Men+Women) (State, UT & City -wise ) (schema 3)",6,unexplained,,2,men only,0,year,"State, UT & City-wise Sanctioned and Actual Strength of Civil Police Including District Armed Police as on 31.12.1990 (Men + Women) | State, UT & City-wise Sanctioned and Actual Strength of Civil Police Including District Armed Police as on 31.12.1990 (Women Only)"
"Sanctioned and Actual Strength of Armed Police as on 31.12.2000 (Men+Women) (State, UT & City -Wise ) (schema 3)",6,unexplained,,2,men only,0,year,"State, UT & City-wise Sanctioned and Actual Strength of Armed Police as on 31.12.1990 (Men + Women) | State, UT & City-wise Sanctioned and Actual Strength of Armed Police as on 31.12.1990 (Women Only)"
All-India level Nature of Property-wise Value of Property Stolen & Recovered and Percentage Recovery (schema 1),3,unexplained,,2,under wise,1,year,All-India level Nature of Property-wise Value of Property Stolen & Recovered and Percentage Recovery during 1993 | All-India level Nature of Property-wise Value of Property Stolen & Recovered and Percentage Recovery during 1994
"Sanctioned and Actual Strength of Civil Police Including District Armed Police as on 31.12.2000 (Men+Women) (State, UT & City -wise ) (schema 4)",4,unexplained,,2,men only,0,year,"State, UT & City-wise Sanctioned and Actual Strength of Civil Police Including District Armed Police as on 31.12.1992 (Men + Women) | State, UT & City-wise Sanctioned and Actual Strength of Civil Police Including District armed Police as on 31.12.1992 (Women Only)"
"Sanctioned and Actual Strength of Armed Police as on 31.12.2000 (Men+Women) (State, UT & City -Wise ) (schema 4)",4,unexplained,,2,men only,0,year,"State, UT & City-wise Sanctioned and Actual Strength of Armed Police as on 31.12.1992 (Men + Women) | State, UT & City-wise Sanctioned and Actual Strength of Armed Police as on 31.12.1992 (Women Only)"
"Sanctioned and Actual Strength of Civil Police Including District Armed Police as on 31.12.2000 (Men+Women) (State, UT & City -wise ) (schema 5)",2,unexplained,,2,men only,0,,"State, UT & City-wise Sanctioned and Actual Strength of Civil Police Including District Armed Police as on 31.12.1993 (Men+Women) | State, UT & City-wise Sanctioned and Actual Strength of Civil Police Including District Armed Police as on 31.12.1993 (Women Only)"
"Sanctioned and Actual Strength of Armed Police as on 31.12.2000 (Men+Women) (State, UT & City -Wise ) (schema 5)",2,unexplained,,2,men only,0,,"State, UT & City-wise Sanctioned and Actual Strength of Armed Police as on 31.12.1993 (Men+Women) | State, UT & City-wise Sanctioned and Actual Strength of Armed Police as on 31.12.1993 (Women Only)"
All-India level City-wise Incidence of Cognizable Crimes (IPC) (Cities Having Population of 5 Lakhs or More) (schema 2),2,unexplained,,2,lakh lakhs,0,year,City-wise Incidence of Cognizable Crimes (IPC) during 1992 (Cities Having Population of 5 Lakhs or More) | City-wise Incidence of Cognizable Crimes (IPC) during 1993 (Cities Having Population of 5 Lakh or More)
State/UT-wise Juveniles Apprehended under IPC Crimes by Age Group & Sex (schema 11),2,unexplained,,2,ipc lsl,0,year,"State, UT & City-wise Juvenile Apprehended under IPC Crimes by Age Group & Sex during 1988 | State, UT & City-wise Juvenile Apprehended under LSL Crimes by Age Group & Sex during 1988"
All-India level Sanctioned and Actual Strength of Armed Police (Men+Women) as on 31.12.1989,4,unexplained,,2,men only,1,year,All-India level Sanctioned and Actual Strength of Armed Police as on 31.12.1988 (Men + Women) | All-India level Sanctioned and Actual Strength of Armed Police as on 31.12.1988 (Women Only)
All India level Juveniles Apprehended by Sex (schema 1),18,unexplained,,2,juvenile juveniles,1,year,All India level Juveniles Apprehended by Sex from 1977 to 1987 | All India level Juveniles Apprehended by Sex from 1976 to 1986
All India level Police Personnel Killed or Injured by Various Ranks (schema 1),15,unexplained,,2,personal personnel,1,year,All India level Police Personnel Killed or Injured by Various Ranks in India during 1987 | All India level Police Personal Killed or Injured by Various Ranks during 1986
"State, UT & City-wise Juvenile Apprehended by Age Group for Committing Crimes under IPC",4,unexplained,,2,juvenile juveniles,0,year,"State, UT & City-wise Juveniles Apprehended by Age Group for Committing crimes under IPC during 1986 | State, UT & City-wise Juveniles Apprehended by Age Group for Committing Crimes under IPC during 1985"
District-Wise Incidence of Cognizable Crime Reported (schema 1),15,unexplained,,2,crime crimes,0,year,District-wise Incidence of Cognizable Crimes Reported during 1986 | District-wise Incidence of Cognizable Crime reported during 1985
All India level Juveniles Apprehended by Age Group (schema 2),8,unexplained,,2,juvenile juveniles,1,year,All India level Juveniles Apprehended in India by Age Group and Sex during 1985 | All India level Juveniles Apprehended in India by Age Group and Sex during 1984
All India level Juveniles Apprehended by Age Group (schema 1),13,unexplained,,2,juvenile juveniles,1,,All India level Juveniles Apprehended by Age Group from 1975 to 1985 | All India level Juveniles Apprehended by Age Group from 1973 to 1983
"State, UT & City-Wise Juveniles Apprehended under Important IPC Heads (schema 2)",4,unexplained,,2,juvenile juveniles,0,year,"State, UT & City-wise Juveniles Apprehended under Important IPC Heads during 1985 | State, UT & City-wise Juveniles Apprehended under Important IPC Heads during 1984"
All India level Percentage of Cases Disposed of by the Police under IPC (schema 1),9,unexplained,,2,ipc under,1,,All India level Percentage of Cases Disposed of by the Police during 1984 under IPC | All India level Percentage of Cases Disposed of by the Police during 1983 under IPC
All India level Persons Arrested under Local and Special Laws (schema 1),12,unexplained,,2,acts laws,1,year,All India level Persons Arrested under Local & Special Laws during 1983 | All India level Persons Arrested under Local & Special Laws during 1982
All India level Disposal of Persons Arrested under Local and Special Laws under Trial in Court (schema 1),8,unexplained,,2,trial trials,1,,All India level Disposal of Persons Arrested under Local & Special Laws during 1982 under Trial in Court | All India level Disposal of Persons Arrested under Local & Special Laws during 1981 under Trial in Court
"Marital Status by Age and Sex, 2001 -Himachal Pradesh",2,unexplained,,2,himachal madhya,0,state,"Marital Status by Age and Sex, 2001 -Himachal Pradesh | Marital Status by Age and Sex, 2001 -Madhya Pradesh"
"Marital Status by Age and Sex, 2001 -Andhra Pradesh",2,unexplained,,2,andhra arunachal,0,state,"Marital Status by Age and Sex, 2001 -Arunachal Pradesh | Marital Status by Age and Sex, 2001 -Andhra Pradesh"
"Marital Status by Age and Sex, 2001 -Daman & Diu",2,unexplained,,2,daman diu,1,state,"Marital Status by Age and Sex, 2001 -Manipur | Marital Status by Age and Sex, 2001 -Daman & Diu"
"Marital Status by Age and Sex for Scheduled Castes, 2001 -Himachal Pradesh",2,unexplained,,2,himachal madhya,0,state,"Marital Status by Age and Sex for Scheduled Castes, 2001 -Himachal Pradesh | Marital Status by Age and Sex for Scheduled Castes, 2001 -Madhya Pradesh"
"Marital Status by Age and Sex for Scheduled Castes, 2001 -Andhra Pradesh",2,unexplained,,2,andhra arunachal,0,state,"Marital Status by Age and Sex for Scheduled Castes, 2001 -Arunachal Pradesh | Marital Status by Age and Sex for Scheduled Castes, 2001 -Andhra Pradesh"
"Marital Status by Age and Sex for Scheduled Tribes, 2001 -Himachal Pradesh",2,unexplained,,2,himachal madhya,0,state,"Marital Status by Age and Sex for Scheduled Tribes, 2001 -Himachal Pradesh | Marital Status by Age and Sex for Scheduled Tribes, 2001 -Madhya Pradesh"
"Marital Status by Age and Sex for Scheduled Tribes, 2001 -Andhra Pradesh",2,unexplained,,2,andhra arunachal,0,state,"Marital Status by Age and Sex for Scheduled Tribes, 2001 -Arunachal Pradesh | Marital Status by Age and Sex for Scheduled Tribes, 2001 -Andhra Pradesh"
"Population In Five Year Age-group by Residence and Sex, 2001 -Himachal Pradesh",2,unexplained,,2,himachal madhya,0,state,"Population In Five Year Age-group by Residence and Sex, 2001 -Himachal Pradesh | Population In Five Year Age-group by Residence and Sex, 2001 -Madhya Pradesh"
"Population In Five Year Age-group by Residence and Sex, 2001 -Andhra Pradesh",2,unexplained,,2,andhra arunachal,0,state,"Population In Five Year Age-group by Residence and Sex, 2001 -Arunachal Pradesh | Population In Five Year Age-group by Residence and Sex, 2001 -Andhra Pradesh"
"Disabled Population by Type Of Disability, Age and Sex, 2001 -Himachal Pradesh",2,unexplained,,2,himachal madhya,0,state,"Disabled Population by Type Of Disability, Age and Sex, 2001 -Himachal Pradesh | Disabled Population by Type Of Disability, Age and Sex, 2001 -Madhya Pradesh"
"Disabled Population by Type Of Disability, Age and Sex, 2001 -Andhra Pradesh",2,unexplained,,2,andhra arunachal,0,state,"Disabled Population by Type Of Disability, Age and Sex, 2001 -Arunachal Pradesh | Disabled Population by Type Of Disability, Age and Sex, 2001 -Andhra Pradesh"
"Normal Households By Household Size, 2001 -Andhra Pradesh",2,unexplained,,2,andhra arunachal,0,state,"Normal Households By Household Size, 2001 -Arunachal Pradesh | Normal Households By Household Size, 2001 -Andhra Pradesh"
"Normal Households By Household Size Belonging To Scheduled Castes, 2001 -Himachal Pradesh",2,unexplained,,2,castes tribes,0,,"Normal Households By Household Size Belonging To Scheduled Castes, 2001 -Himachal Pradesh | Normal Households By Household Size Belonging To Scheduled Tribes, 2001 -Himachal Pradesh"
"Normal Households By Household Size Belonging To Scheduled Castes, 2001 -Dadra & Nagar Haveli",2,unexplained,,2,castes tribes,0,,"Normal Households By Household Size Belonging To Scheduled Castes, 2001 -Dadra & Nagar Haveli | Normal Households By Household Size Belonging To Scheduled Tribes, 2001 -Dadra & Nagar Haveli"
All-India level Disposal of IPC Crime Cases by Police (schema 3),2,unexplained,,2,ipc lsl,1,year,All India level Disposal of IPC Crime Cases by Police during 1991 | All India level Disposal of LSL Crime Cases by Police during 1991
State/UT-wise Disposal of IPC Cases by Courts (schema 12),2,unexplained,,2,ipc sll,0,year,State & UT-wise Disposal of IPC Crime Cases by Courts during 1995 | State & UT-wise Disposal of SLL Crime Cases by Courts during 1995
State/UT-wise Disposal of Persons Arrested under IPC Crimes by Courts (schema 11),2,unexplained,,2,ipc sll,0,,State & UT-wise Disposal of Persons Arrested under IPC Crimes by Courts during 1995 | State & UT-wise Disposal of Persons Arrested under SLL Crimes by Courts during 1995
"State, UT & City-wise Statement Indicating Motive of Murder and Culpable Homicide Not Amounting to Murder (schema 1)",4,unexplained,,2,cities statement,0,year,"State, UT & City-wise Indicating Motive of Murder and Culpable Homicide Not Amounting to Murder Cities during 1981 | State, UT & City-wise Statement Indicating Motive of Murder and Culpable Homicide Not Amounting to Murder during 1980"
All India level Disposal of Persons Arrested under IPC Crimes under Trial in Court (schema 1),7,unexplained,,2,court courts,1,,All India level Disposal of Persons Arrested under IPC Crimes under Trial in Court during 1980 | All India level Disposal of Persons Arrested under IPC Crimes under Trial in Courts during 1979
State/UT-wise Disposal of IPC Cases by Courts (schema 6),2,unexplained,,2,ipc sll,0,,State & UT-wise Disposal of IPC Criminal Cases by Courts During 2015 | State & UT-wise Disposal of SLL Criminal Cases by Courts During 2015
Disposal by Police of Persons Arrested for Committing Crimes Relating to Child Trafficking,2,unexplained,,2,child human,0,,Disposal of Persons Arrested For Committing Crimes Relating To Human Trafficking by Police During 2015 | Disposal by Police of Persons Arrested for Committing Crimes Relating to Child Trafficking During 2015
Disposal of Persons Arrested under Crimes Relating to Child Trafficking by Courts,2,unexplained,,2,child human,0,,Disposal of Persons Arrested under Crimes Relating to Human Trafficking by Courts During 2015 | Disposal of Persons Arrested under Crimes Relating to Child Trafficking by Courts During 2015
Disposal of Persons by Courts Arrested for Committing Crimes Against Scheduled Castes (schema 16),2,unexplained,,2,castes tribes,0,,Disposal of Persons Arrested For Committing Crimes Against Scheduled Castes by Police During 2015 | Disposal of Persons Arrested For Committing Crimes Against Scheduled Tribes by Police During 2015
Disposal of Persons by Courts Arrested for Committing Crimes Against Scheduled Castes (schema 13),2,unexplained,,2,castes tribes,0,,Disposal of Persons Arrested by Courts For Committing Crimes Against Scheduled Castes During 2015 | Disposal of Persons Arrested for Committing Crimes Against Scheduled Tribes by Courts During 2015
"State, UT & City-Wise Incidence of Crime under IPC during 1976 and 1977 Showing Percentage Variation",3,unexplained,,2,ut uts,0,,"State, UT & City-wise Incidence of Crime under IPC during 1977 & 1978 Showing Percentage Variation | State, UT & City-Wise Incidence of Crime under IPC during 1976 and 1977 Showing Percentage Variation"
"State, UT & City-Wise Number of Burglary Cases Reported and Value of Property Stolen by Place of Occurrence (schema 6)",6,unexplained,,2,dacoity robbery,0,year,"State, UT & City-wise Cases Reported and Value of Property Stolen under Robbery by Place of Occurrence during 1976 | State, UT & City-wise Cases Reported and Value of Property Stolen under Robbery by Place of Occurrence during 1975"
State/UT-wise Details of Educational facilities for prisoners during the year (schema 1),2,unexplained,,2,ut uts,0,year,State/UT-wise Details of educational facilities to prisoners during the year 2015 | States/Uts wise Details of Educational facilities for prisoners during the year 2021
All India Level Category-wise Distribution of Female Inmates in Different Jails at the end (schema 2),2,unexplained,,2,female jail,1,year,All India level Category-wise Distribution of Female Inmates in Different Jails at the end of 2015 | All India level Category-wise Distribution of Jail Inmates in Different Jails at the end of 2015
State & UT-wise Details of Vehicles Available in Jails (schema 2),3,unexplained,,2,ut uts,0,year,"State/UT-wise Details of Vehicles Available in Jails as on 31st December, 2015 | State/UT-wise Details of Vehicles Available in Jails as on 31st December, 2020"
State & UT-wise Number of Complaints Received from NHRC & SHRC and their Disposal at the end (schema 3),2,unexplained,,2,disposal disposals,0,year,State/UT-wise Number of complaints received from NHRC & SHRC and their disposal during 2015 | State/UT-wise Number of complaints received by NHRC & SHRC and their disposals during 2020
All India level Persons Arrested under IPC Crime Heads By Sex (schema 7),2,unexplained,,2,ipc sex,1,year,All India level Persons Arrested under Important Crime Heads during 1970 and 1971 | All India level Persons Arrested under Important IPC Crime Heads by Sex during 1971
"State, UT & City-Wise Number of Burglary Cases Reported and Value of Property Stolen by Place of Occurrence (schema 21)",2,unexplained,,2,dacoity robbery,0,year,"State, UT & City-wise Cases Reported and Value of Property Stolen under Dacoity by Place of Occurrence during 1971 | State, UT & City-wise Cases Reported and Value of Property Stolen under Robbery by Place of Occurrence during 1971"
"State, UT & City-wise Statistics of Recidivism under Riots",2,unexplained,,2,riots robbery,0,year,"State, UT & City-wise Statistics of Recidivism under Robbery during 1971 | State, UT & City-wise Statistics of Recidivism under Riots during 1971"
"State, UT & City-wise Juveniles Dealt (schema 1)",4,unexplained,,2,dealt dealth,0,year,"State, UT & City-wise Juveniles Dealth with during 1970 | State, UT & City-wise Juveniles Dealt with during 1969"
"State, UT & City-wise Theft Cattle Cases (schema 1)",7,unexplained,,2,theft thefts,0,,"State, UT & City-wise Theft Cattle Cases during 1970 | State, UT & City-wise Theft Cattle Cases during 1969"
"State, UT & City-wise Riots Cases (schema 1)",7,unexplained,,2,riot riots,0,,"State, UT & City-wise Riots Cases during 1970 | State, UT & City-wise Riots Cases during 1969"
"State, UT & City-wise Property Stolen and Recovered - Motor Vehicles & Accessories",5,unexplained,,2,theft under,0,year,"State, UT & City-wise Property Stolen and Recovered under Motor Vehicles and Accessories Theft during 1970 | State, UT & City-wise Property Stolen and Recovered under Motor Vehicles and Accessories during 1969"
"State, UT & City-wise Property Stolen and Recovered - Theft of Fire Arms (schema 1)",5,unexplained,,2,theft under,0,year,"State, UT & City-wise Property Stolen and Recovered under Fire Arms during 1970 | State, UT & City-wise Property Stolen and Recovered under Fire Arms during 1969"
State/UT/City-wise Cases Reported and Persons Injured & Died due to Traffic Accidents (schema 1),6,unexplained,,2,ut uts,0,year,State/UT/City-wise Cases Reported and Persons Injured & Died due to Traffic Accidents during 2015 | State/UT and City-wise Cases Reported and Persons Injured & Died due to Traffic Accidents during 2016
All India Level Cause-wise Distribution of Suicides,4,unexplained,,2,cause causes,1,,All India level Causes-wise Distribution of Suicides during 2015 | All India Level Causes-wise Distribution of Suicides during 2016
"State, UT & City-wise Theft Ordinary Cases (schema 1)",5,unexplained,,2,theft thefts,0,,"State, UT & City-wise Theft Ordinary Cases during 1968 | State, UT & City-wise Theft Ordinary Cases during 1967"
"State, UT & City-wise Property Stolen and Recovered (schema 6)",4,unexplained,,2,dacoity thefts,0,year,"State, UT & City-wise Property Stolen and Recovered - Dacoity during 1968 | State, UT & City-wise Property Stolen and Recovered - Thefts during 1968"
"State, UT & City-wise Theft Cattle Cases (schema 2)",4,unexplained,,2,theft thefts,0,,"State, UT & City-wise Theft Cattle Cases during 1963 | State, UT & City-wise Thefts Cattle Cases during 1961"
"State, UT & City-wise Thefts Cattle Persons (schema 1)",6,unexplained,,2,theft thefts,0,,"State, UT & City-wise Theft Cattle Persons during 1963 | State, UT & City-wise Thefts Cattle Persons during 1961"
"State, UT & City-wise Theft Ordinary Cases (schema 2)",4,unexplained,,2,theft thefts,0,,"State, UT & City-wise Theft Ordinary Cases during 1963 | State, UT & City-wise Thefts Ordinary Cases during 1961"
"State, UT & City-wise Distribution of Accidental Deaths by Age Groups (schema 2)",5,unexplained,,2,group groups,0,year,"State, UT & City-wise Distribution of Accidental Deaths by Age Group during 1980 | State, UT & City-wise Distribution of Accidental Deaths by Age Groups during 1981"
"State, UT & City-wise Distribution of Suicides by Sex and Age-Groups (schema 1)",7,unexplained,,2,group groups,0,year,"State, UT & City-wise Distribution of Suicides by Age Group during 1980 | State, UT & City-wise Distribution of Suicides by Age Group during 1981"
State & UT-wise Number of Prison Inmates Trained Under Different Vocational Trainings (schema 3),2,unexplained,,2,vocational vocations,0,year,State & UT-wise Number of Prison Inmates Trained Under Different Vocational Trainings during 2013 | State & UT-wise Number of Prison Inmates Trained Under Different Vocations Trainings during 2011
State & UT-wise Number of Prison Inmates Trained Under Different Vocational Trainings (schema 1),5,unexplained,,2,vocational vocations,0,year,State & UT-wise Number of Prison Inmates Trained Under Different Vocational Trainings during 2012 | State & UT-wise Number of Prison Inmates Trained Under Different Vocational Trainings during 2010
All India Level Category-wise Distribution of Female Inmates in the Country and Percentage Share at the end,6,unexplained,,2,female jail,1,year,All India Level Category-wise Distribution of Jail Inmates in the Country and Percentage Share at the end of 2000 | All India Level Category-wise Distribution of Female Inmates in the Country and Percentage Share at the end of 2000
State & UT-wise Population of Inmates and Occupancy Rate at the end,3,unexplained,,2,inmate inmates,0,year,State & UT-wise Population of Inmate and Occupancy Rate at the end of 2000 | State & UT-wise Population of Inmates and Occupancy Rate at the end of 1999
State & UT-wise Distribution of Undertrials in Jails at the end,3,unexplained,,2,undertrial undertrials,0,year,State & UT-wise Distribution of Undertrial in Jails at the end of 2000 | State & UT-wise Distribution of Undertrials in Jails at the end of 1999
State & UT-wise Percentage Distribution of Foreigner Undertrials to Total Foreigners Undertrials by Age-groups at the end (schema 3),3,unexplained,,2,distribution foreigners,0,year,State & UT-wise Percentage of Foreigner Undertrials to Total Foreigner Undertrials by Age Groups at the end of 2000 | State & UT-wise Percentage of Foreigner Undertrials to Total Foreigners Undertrials by Age Groups at the end of 1999
State & UT-wise Number of Convicts by Type of Offences under Special and Local Laws at the end (schema 2),4,unexplained,,2,convicts undertrials,0,year,State & UT-wise Number of Convicts by Type of Special and Local Laws Offences at the end of 2000 | State & UT-wise Number of Undertrials by Type of Special and Local Laws Offences at the end of 2000
State & UT-wise Number of Undertrial Prisoners by Period of Detention at the end (schema 2),3,unexplained,,2,undertrial undertrials,0,,State & UT-wise Number of Undertrials by Period of Detention at the end of 2000 | State & UT-wise Number of Undertrial by Period of Detention at the end of 1999
State & UT-wise Percentage of Undertrial Prisoners by Period of Detention at the end (schema 2),3,unexplained,,2,undertrial undertrials,0,,State & UT-wise Percentage of Undertrials by Period of Detention at the end of 2000 | State & UT-wise Percentage of Undertrial by Period of Detention at the end of 1999
State & UT-wise Training of Jail Officers/ Staff (schema 1),3,unexplained,,2,officers officials,0,year,State & UT-wise Training of Jail Officials during 2000 | State & UT-wise Training of Jail Officials during 1999
State & UT-wise Number of Convicts by Type of Offences under Special and Local Laws at the end (schema 4),2,unexplained,,2,convicts undertrials,0,year,State & UT-wise Number of Convicts by Type of Special and Local Laws Offences at the end of 1999 | State & UT-wise Number of Undertrials by Type of Special and Local Laws Offences at the end of 1999
State & UT-wise Details of Inmates Discharged/ Escapee/ Deaths (schema 1),2,unexplained,,2,escapee escapees,0,year,State & UT-wise Details of Inmates Discharged/ Escapees/ Deaths during 1996 | State & UT-wise Details of Inmates Discharged/ Escapee/ Deaths during 1995
Crime Head-wise Disposal of Persons Arrested for Crime against Children in Metropolitan Cities (schema 4),6,unexplained,,2,children women,0,year,Crime Head-wise Disposal of Persons Arrested for Crime against Women in Metropolitan Cities during 2016 | Crime Head-wise Disposal of Persons Arrested for Crime against Children in Metropolitan Cities during 2016
Crime Head-wise Court Disposal of Crime/Atrocities against Scheduled Caste(s) in Metropolitan Cities (schema 16),2,unexplained,,2,scs sts,0,,City-wise Police Disposal of Crime/Atrocities against SCs Cases in Metropolitan Cities during 2016 | City-wise Police Disposal of Crime/Atrocities against STs Cases in Metropolitan Cities during 2016
Crime Head-wise Court Disposal of Crime/Atrocities against Scheduled Caste(s) in Metropolitan Cities (schema 15),2,unexplained,,2,scs sts,0,,Crime Head-wise Court Disposal of Crime/Atrocities against SCs Cases in Metropolitan Cities during 2016 | Crime Head-wise Court Disposal of Crime/Atrocities against STs Cases in Metropolitan Cities during 2016
Crime Head-wise Court Disposal of Crime/Atrocities against Scheduled Caste(s) in Metropolitan Cities (schema 14),2,unexplained,,2,scs sts,0,,City-wise Court Disposal of Crime/Atrocities against SCs Cases in Metropolitan Cities during 2016 | City-wise Court Disposal of Crime/Atrocities against STs Cases in Metropolitan Cities during 2016
State/UT-wise Disposal of Persons Arrested for Environment Related Offences (schema 1),4,unexplained,,2,under uner,0,year,State/UT-wise Disposal of Persons Arrested under Environment related Offences during 2016 | State/UT-wise Disposal of Persons Arrested uner Environment Related Offences during 2017
Crime Head-wise Court Disposal of SLL Crime Cases (schema 5),2,unexplained,,2,ipc sll,0,,Crime Head-wise Court Disposal of IPC Crime Cases during 2016 | Crime Head-wise Court Disposal of SLL Crime Cases during 2016
State/UT-wise Disposal of IPC Cases by Courts (schema 5),2,unexplained,,2,ipc sll,0,,State/UT-wise Court Disposal of IPC Crime Cases during 2016 | State/UT-wise Court Disposal of SLL Crime Cases during 2016
Crime Head-wise Police Disposal of Cyber Crime Cases in Metropolitan Cities (schema 13),2,unexplained,,2,ipc sll,0,,Crime Head-wise Court Disposal of IPC Crime Cases in Metropolitan Cities during 2016 | Crime Head-wise Court Disposal of SLL Crime Cases in Metropolitan Cities during 2016
Crime Head and Gender-wise Persons Arrested under IPC Crimes (schema 2),2,unexplained,,2,ipc sll,0,year,"Crime Head, Age Group and Gender-wise Persons Arrested under IPC Crimes during 2016 | Crime Head, Age Group and Gender-wise Persons Arrested under SLL Crimes during 2016"
"State/UT, Age Group and Gender-wise Persons Arrested under IPC Crimes (schema 3)",2,unexplained,,2,ipc sll,0,year,"State/UT, Age Group and Gender-wise Persons Arrested under IPC Crimes during 2016 | State/UT, Age Group and Gender-wise Persons Arrested under SLL Crimes during 2016"
Crime Head-wise Disposal of Persons Arrested under IPC Crimes (schema 1),6,unexplained,,2,ipc sll,0,year,Crime Head-wise Disposal of Persons Arrested under IPC Crimes during 2016 | Crime Head-wise Disposal of Persons Arrested under SLL Crimes during 2016
Age Group and Gender-wise Persons Arrested under IPC Crimes (in Metropolitan Cities) (schema 2),2,unexplained,,2,ipc sll,0,year,"City, Age Group and Gender-wise Persons Arrested under IPC Crimes in Metropolitan Cities during 2016 | City, Age Group and Gender-wise Persons Arrested under SLL Crimes in Metropolitan Cities during 2016"
Age Group and Gender-wise Persons Arrested under IPC Crimes (in Metropolitan Cities) (schema 3),2,unexplained,,2,ipc sll,0,year,"Crime Head, Age Group and Gender-wise Persons Arrested under IPC Crimes in Metropolitan Cities during 2016 | Crime Head, Age Group and Gender-wise Persons Arrested under SLL Crimes in Metropolitan Cities during 2016"
"All India Purpose-wise and Sex-wise Detail of Kidnapping & Abduction (Sec.363 to 369, 371 to 373 IPC) (schema 2)",2,unexplained,,2,age group,1,year,"All India Purpose and Sex-wise Detail of Kidnapping & Abduction (Sec.363 to 369, 371 to 373 IPC) during 2008 | All India Purpose-wise,Sex-wise & Age Group Wise detail of Kidnapping & Abduction (Sec.363 to 369, 371 to 373 IPC) during 2005"
Percentage of IPC Crime Cases Disposed of by Police (schema 1),2,unexplained,,2,ipc sll,0,,Percentage of IPC Crime Cases Disposed of by Police during 2008 | Percentage of SLL Crime Cases Disposed of by Police during 2007
State/UT-wise Disposal of Cases by Courts for Crimes Committed Against Scheduled Tribes (schema 3),2,unexplained,,2,castes tribes,0,,State/UT-wise Disposal of Cases by Courts for Crimes committed against Scheduled Castes during 2008 | State/UT-wise Disposal of Cases by Courts for Crimes committed against Scheduled Tribes during 2008
Disposal of Persons by Courts Arrested for Committing Crimes Against Scheduled Castes (schema 7),4,unexplained,,2,crime crimes,0,,"State/UT-wise Disposal, by Police, of Persons Arrested for Committing Crime against Scheduled Castes during 2008 | State/UT-wise Disposal of Persons by Police Arrested for Committing Crime against Scheduled Castes during 2006"
Disposal of Persons by Courts Arrested for Committing Crimes Against Scheduled Castes (schema 3),6,unexplained,,2,castes tribes,0,,"State/UT-wise Disposal, by Courts, of Persons Arrested for Committing Crime against Scheduled Castes during 2008 | State/UT-wise Disposal, by Courts, of Persons Arrested for Committing Crime against Scheduled Tribes during 2008"
Disposal of Persons by Courts Arrested for Committing Crimes Against Scheduled Castes (schema 4),5,unexplained,,2,crime crimes,0,,"State/UT-wise Disposal, by Police of Persons Arrested for Committing Crimes against Scheduled Tribes during 2008 | State/UT-wise Disposal of Persons by Police Arrested for Committing Crimes against Scheduled Tribes during 2006"
"State, UT & City-Wise Number of Burglary Cases Reported and Value of Property Stolen by Place of Occurrence (schema 2)",9,unexplained,,2,dacoity theft,0,year,State/UT & City-wise Dacoity (Sec. 395-398 IPC) Cases reported and Value of Property Stolen by Place of Occurrence during 2008 | State/UT & City-wise Theft (Sec.379-382 IPC) Cases reported and Value of Property Stolen by Place of Occurrence during 2008
State/UT-wise Juveniles Apprehended under IPC Crimes by Age Group & Sex (schema 1),12,unexplained,,2,ipc sll,0,year,State/UT-wise Juveniles Apprehended under IPC Crimes by Age Group & Sex during 2008 | State/UT-wise Juveniles Apprehended under SLL Crimes by Age Group & Sex during 2008
State/UT-wise Disposal of Persons Arrested under IPC Crimes by Courts (schema 1),19,unexplained,,2,ipc sll,0,,State/UT-wise Disposal of Persons Arrested under IPC Crimes by Police during 2008 | State/UT-wise Disposal of Persons Arrested under SLL Crimes by Police during 2008
State/UT-wise Disposal of Persons Arrested under IPC Crimes by Courts (schema 3),10,unexplained,,2,ipc sll,0,,State/UT-wise Disposal of Persons Arrested under IPC Crimes by Courts during 2008 | State/UT-wise Disposal of Persons Arrested under SLL Crimes by Courts during 2008
"Sanctioned and Actual Strength of Civil Police Including District Armed Police as on 31.12.2000 (Men+Women) (State, UT & City -wise ) (schema 1)",10,unexplained,,2,men only,0,year,State/UT-wise Sanctioned and Actual Strength of Civil Police including District Armed Police As on 31.12.2008 (Men + Women) | State/UT-wise Sanctioned and Actual Strength of Civil Police including District Armed Police As on 31.12.2008 (Women only)
"Sanctioned and Actual Strength of Armed Police as on 31.12.2000 (Men+Women) (State, UT & City -Wise ) (schema 1)",11,unexplained,,2,men only,0,year,State/UT-wise Sanctioned and Actual Strength of Armed Police As on 31.12.2008 (Men + Women) | State/UT-wise Sanctioned and Actual Strength of Armed Police As on 31.12.2008 (Women only)
State/UT & City-wise Person Arrested under IPC Section of Cyber Crime by Age Group (schema 1),6,unexplained,,2,person persons,0,year,State/UT & City-wise Person Arrested under IPC Section of Cyber Crime by Age Group during 2008 | State/UT & City-wise Person Arrested under IPC Section of Cyber Crime by Age Group during 2009
State/UT & City-wise Cases Registered under Cyber Crimes Categorized by Motives and Suspects (schema 1),7,unexplained,,2,according categorized,0,year,State/UT & City-wise Cases registered under Cyber Crimes Categorized by Motives and Suspects during 2008 | State/UT & City-wise Cases registered under Cyber Crimes Categorized by Motives and Suspects during 2009
State/UT & City-wise Incidence & Rate of Total Cognizable Crimes (IPC) (schema 5),2,unexplained,,2,ipc sll,0,year,State/UT & City-wise Incidence & Rate of Total Cognizable Crimes (IPC) during 2009 | State/UT & City-wise Incidence & Rate of Total Cognizable Crimes (SLL) during 2009
Incidence & Rate of Cognizable Crimes under Special and Local Laws (SLL) under different Crime Heads and Percentage Changes (schema 3),2,unexplained,,2,different underdifferent,0,,Incidence & Rate of Cognizable Crimes under Special and Local Laws (SLL) under different Crime Heads from 1999 to 2009 and Percentage Changes | Incidence & Rate of Cognizable Crimes under Special and Local Laws (SLL) underdifferent Crime Heads and percentage Changes during 2003
State/UT-wise Disposal of IPC Cases by Police (schema 2),3,unexplained,,2,ipc sll,0,,State/UT-wise Disposal of IPC Cases by Police during 2009 | State/UT-wise Disposal of SLL Cases by Police during 2009
Percentage of IPC Crime Cases Disposed of by Police (schema 5),2,unexplained,,2,ipc sll,0,,Percentage of IPC Crime Cases Disposed of by Police during 2009 | Percentage of SLL Crime Cases Disposed of by Police during 2009
Disposal of Cases by Police For Crimes Committed Against Scheduled Castes (schema 14),2,unexplained,,2,castes tribes,0,,Disposal of Cases by Courts for Crimes committed against Scheduled Castes during 2009 | Disposal of Cases by Courts for Crimes committed against Scheduled Tribes during 2009
Disposal of Persons by Courts Arrested for Committing Crimes Against Scheduled Castes (schema 5),5,unexplained,,2,castes tribes,0,,Disposal of Persons Arrested by Police for Committing Crimes against Scheduled Castes during 2009 | Disposal of Persons by Police Arrested for Committing Crimes against Scheduled Castes during 2004
Disposal of Persons by Courts Arrested for Committing Crimes Against Scheduled Castes (schema 10),2,unexplained,,2,castes tribes,0,,"State/UT-wise Disposal by Courts, of Persons Arrested for Committing Crime against Scheduled Castes during 2009 | State/UT-wise Disposal by Courts, of Persons Arrested for Committing Crime against Scheduled Tribes during 2009"
State/UT & City-wise Incidence & Rate of Total Cognizable Crimes (IPC) (schema 2),6,unexplained,,2,ipc sll,0,year,State/UT & City-wise Incidence & Rate of Total Cognizable Crimes (IPC) during 2010 | State/UT & City-wise Incidence & Rate of Total Cognizable Crimes (SLL) during 2010
State/UT-wise Disposal of IPC Cases by Police (schema 6),2,unexplained,,2,ipc sll,0,,State/UT-wise Disposal of IPC Cases by Police during 2010 | State/UT-wise Disposal of SLL Cases by Police during 2010
Percentage of IPC Crime Cases Disposed of by Police (schema 4),2,unexplained,,2,ipc sll,0,,Percentage of IPC Crime Cases Disposed of by Police during 2010 | Percentage of SLL Crime Cases Disposed of by Police during 2010
Disposal of Cases by Police For Crimes Committed Against Scheduled Castes (schema 7),2,unexplained,,2,castes tribes,0,,Percentage Disposal of Cases by Police for Crimes committed against Scheduled Castes during 2010 | Percentage Disposal of Cases by Police for Crimes committed against Scheduled Tribes during 2010
State/UT-wise Disposal of Cases by Courts for Crimes Committed Against Scheduled Tribes (schema 5),2,unexplained,,2,castes tribes,0,,State/UT-wise Disposal of Cases by Courts for Crimes committed against Scheduled Castes during 2010 | State/UT-wise Disposal of Cases by Courts for Crimes committed against Scheduled Tribes during 2010
Disposal of Persons by Courts Arrested for Committing Crimes Against Scheduled Castes (schema 9),2,unexplained,,2,castes tribes,0,,"State/UT-wise Disposal, by Courts, of Persons Arrested for Committing Crime against Scheduled Castes during 2010 | State/UT-wise Disposal, by Courts, of Persons Arrested for Committing Crime against Scheduled Tribes during 2010"
State/UT-wise Disposal of Persons Arrested under IPC Crimes by Courts (schema 4),9,unexplained,,2,ipc sll,0,,State/UT-wise Disposal of Persons Arrested under IPC Crimes by Courts during 2010 | State/UT-wise Disposal of Persons Arrested under IPC Crimes by Courts during 2006
Incidence & Rate of Total Cognizable Crimes under Indian Penal Code (IPC) and Special and Local Laws (SLL) (schema 1),2,unexplained,,2,ipc sll,0,,Incidence & Rate of Total Cognizable Crimes under Indian Penal Code (IPC) and Special and Local Laws (SLL) from 2001 to 2011 | Incidence & Rate of Total Cognizable Crimes under Indian Penal Code and Special and Local Laws from 1995 to 2005
Percentage of IPC Crime Cases Disposed of by Police (schema 7),2,unexplained,,2,ipc sll,0,,Percentage of IPC Crime Cases Disposed of by Police during 2011 | Percentage of SLL Crime Cases Disposed of by Police during 2011
Disposal of Cases by Police For Crimes Committed Against Scheduled Castes (schema 8),2,unexplained,,2,castes tribes,0,,Percentage Disposal of Cases by Police for Crimes Committed against Scheduled Castes during 2011 | Percentage Disposal of Cases by Police for Crimes Committed against Scheduled Tribes during 2011
Disposal of Persons by Courts Arrested for Committing Crimes Against Scheduled Castes (schema 6),4,unexplained,,2,castes tribes,0,,"State/UT-wise Disposal, by Courts, of Persons Arrested for Committing Crime against Scheduled Castes during 2011 | State/UT-wise Disposal, by Courts, of Persons Arrested for Committing Crime against Scheduled Tribes during 2011"
State/UT-wise Juveniles Apprehended under IPC Crimes by Age Group & Sex (schema 6),2,unexplained,,2,ipc sll,0,year,State/UT-wise Juveniles Apprehended under IPC Crimes by Age Group & Sex during 2011 | State/UT-wise Juveniles Apprehended under SLL Crimes by Age Group & Sex during 2011
State/UT-wise Disposal of Persons Arrested under IPC Crimes by Courts (schema 9),3,unexplained,,2,ipc sll,0,,State/UT-wise Disposal of Persons Arrested under IPC Crimes by Police during 2011 | State/UT-wise Disposal of Persons Arrested under SLL Crimes by Police during 2011
"Sanctioned and Actual Strength of Civil Police Including District Armed Police as on 31.12.2000 (Men+Women) (State, UT & City -wise ) (schema 6)",2,unexplained,,2,men only,0,,State/UT-wise Sanctioned and Actual Strength of Civil Police including District Armed Police As on 31.12.2011 (Men + Women) | State/UT-wise Sanctioned and Actual Strength of Civil Police including District Armed Police As on 31.12.2011 (Women only)
"Sanctioned and Actual Strength of Armed Police as on 31.12.2000 (Men+Women) (State, UT & City -Wise ) (schema 6)",2,unexplained,,2,men only,0,,State/UT-wise Sanctioned and Actual Strength of Armed Police As on 31.12.2011 (Men + Women) | State/UT-wise Sanctioned and Actual Strength of Armed Police As on 31.12.2011 (Women only)
State/UT & City-wise Incidence & Rate of Total Cognizable Crimes (IPC) (schema 1),6,unexplained,,2,ipc sll,0,year,State/UT & City-wise Incidence & Rate of Total Cognizable Crimes (IPC) during 2006 | State/UT & City-wise Incidence & Rate of total Cognizable Crimes (SLL) during 2006
Percentage of IPC Crime Cases Disposed of by Police (schema 3),2,unexplained,,2,ipc sll,0,,Percentage of IPC Crime Cases Disposed of by Police during 2006 | Percentage of SLL Crime Cases Disposed of by Police during 2006
Disposal of Cases by Police For Crimes Committed Against Scheduled Castes (schema 15),2,unexplained,,2,castes tribes,0,,Disposal of Cases by Police for Crimes Committed against Scheduled Castes during 2006 | Disposal of Cases by Police for Crimes Committed against Scheduled Tribes during 2006
Disposal of Cases by Police For Crimes Committed Against Scheduled Castes (schema 9),2,unexplained,,2,castes tribes,0,,Percentage Disposal of Cases by Police for Crimes Committed against Scheduled Castes during 2006 | Percentage Disposal of by Police Cases for Crimes Committed against Scheduled Tribes during 2006
State/UT-wise Disposal of Cases by Courts for Crimes Committed Against Scheduled Tribes (schema 6),2,unexplained,,2,castes tribes,0,,State/UT-wise Disposal of Cases by Courts for Crimes Committed against Scheduled Castes during 2006 | State/UT-wise Disposal of Cases by Courts for Crimes Committed against Scheduled Tribes during 2006
"State, UT & City-wise Juvenile Delinquency (IPC) under different Crime Heads (schema 12)",2,unexplained,,2,ipc ipcduring,0,year,State/UT-wise Juvenile Delinquency under different Crime Heads IPC during 2006 | State/UT-wise Juvenile Delinquency under different Crime Heads IPCduring 2007
Disposal of Persons Arrested Under SLL Crimes by Police (schema 3),5,unexplained,,2,ipc sll,0,,Disposal of Persons Arrested under IPC Crimes by Police during 2006 | Disposal of Persons Arrested under SLL Crimes by Police during 2004
Disposal of Cases by Police For Crimes Committed Against Scheduled Castes (schema 13),2,unexplained,,2,castes tribes,0,,Disposal of Cases by Police for Crimes committed against Scheduled Castes during 2007 | Disposal of Cases by Police for Crimes committed against Scheduled Tribes during 2007
State/UT-wise Disposal of Cases by Courts for Crimes Committed Against Scheduled Tribes (schema 4),2,unexplained,,2,castes tribes,0,,State/UT-wise Disposal of Cases for Crimes committed against Scheduled Castes by Police during 2007 | State/UT-wise Disposal of Cases by Police for Crimes committed against Scheduled Tribes during 2007
Disposal of Cases by Police For Crimes Committed Against Scheduled Castes (schema 4),2,unexplained,,2,castes tribes,0,,Percentage Disposal of Cases by Police for Crimes committed against Scheduled Castes during 2007 | Percentage Disposal of cases by Police for Crimes committed against Scheduled Tribes during 2007
Disposal of Cases by Police For Crimes Committed Against Scheduled Castes (schema 12),2,unexplained,,2,castes tribes,0,,Disposal of Cases by Courts for Crimes committed against Scheduled Castes during 2007 | Disposal of Cases by Courts for Crimes committed against Scheduled Tribes during 2007
State/UT-wise Disposal of Cases by Courts for Crimes Committed Against Scheduled Tribes (schema 7),2,unexplained,,2,castes tribes,0,,State/UT-wise Disposal of Cases by Courts for Crimes committed against Scheduled Castes during 2007 | State/UT-wise Disposal of Cases by Courts for Crimes committed against Scheduled Tribes during 2007
Disposal of Cases by Police For Crimes Committed Against Scheduled Castes (schema 6),2,unexplained,,2,castes tribes,0,,Percentage Disposal of Cases by Courts for Crimes committed against Scheduled Castes during 2007 | Percentage Disposal of Cases by Courts for Crimes committed against Scheduled Tribes during 2007
Disposal of Persons by Courts Arrested for Committing Crimes Against Scheduled Castes (schema 15),2,unexplained,,2,castes tribes,0,,"Disposal, by Courts, of Persons Arrested for Committing Crimes against Scheduled Castes during 2007 | Disposal, by Courts, of Persons Arrested for Committing Crimes against Scheduled Tribes during 2007"
State/UT & District-wise Incidence of Cognizable Crime (IPC) (schema 1),3,unexplained,,2,crime crimes,0,year,State/UT & District-wise Incidence of Cognizable Crime (IPC) during 2004 | State/UT and District-wise Incidence of Cognizable Crime (IPC) during 2002
City-Wise Incidence of Cognizable Crimes (IPC) (schema 1),3,unexplained,,2,crime crimes,0,year,State/UT & City-wise Incidence of Cognizable Crime (IPC) during 2004 | State/UT & City-wise Incidence of Cognizable Crime (IPC) during 2002
"State, UT & City-wise Motive of Murder and Culpable Homicide Not Amounting to Murder (schema 1)",5,unexplained,,2,c h,0,year,State/UT-wise Motives of Murder and Culpable Homicide not Amounting to Murder (C.H.) during 2004 | State/UT-wise Motives of Murder and Culpable Homicide not Amounting to Murder (C.H.) during 2005
State/UT-wise Disposal of IPC Cases by Police (schema 3),3,unexplained,,2,ipc sll,0,year,State/UT-wise Disposal of IPC Cases by Police during 2004 | State/UT-wise Disposal of IPC Cases by Police during 2002
State/UT-wise Disposal of IPC Cases by Courts (schema 9),2,unexplained,,2,ipc sll,0,year,State/UT-wise Disposal of IPC Cases by Courts during 2004 | State/UT-wise Disposal of SLL Cases by Courts during 2004
Disposal of Cases by Police For Crimes Committed Against Scheduled Castes (schema 1),5,unexplained,,2,castes tribes,0,year,Disposal of Cases by Police for Crimes Committed against Scheduled Castes during 2004 | Disposal of Cases by Police for Crimes Committed against Scheduled Tribes during 2004
State/UT-wise Disposal of Cases by Courts for Crimes Committed Against Scheduled Tribes (schema 1),4,unexplained,,2,castes tribes,0,year,State/UT-wise Disposal of Cases for Crimes Committed against Scheduled Castes by Police during 2004 | State/UT-wise Disposal of Cases by Police for Crimes Committed against Scheduled Tribes during 2004
Disposal of Cases by Police For Crimes Committed Against Scheduled Castes (schema 3),3,unexplained,,2,castes tribes,0,year,Percentage Disposal of Cases by Police for Crimes Committed against Scheduled Castes during 2004 | Percentage Disposal of by Police Cases for Crimes Committed against Scheduled Tribes during 2004
Disposal of Cases by Police For Crimes Committed Against Scheduled Castes (schema 2),4,unexplained,,2,castes tribes,0,year,Disposal of Cases by Courts for Crimes Committed against Scheduled Castes during 2004 | Disposal of Cases by Courts for Crimes Committed against Scheduled Tribes during 2004
State/UT-wise Juveniles Apprehended under IPC Crimes by Age Group & Sex (schema 5),2,unexplained,,2,ipc sll,0,year,State/UT-wise Juveniles Apprehended under IPC Crimes by Age Group & Sex during 2004 | State/UT-wise Juveniles Apprehended under SLL Crimes by Age Group & Sex during 2004
"Sanctioned and Actual Strength of Armed Police as on 31.12.2000 (Men+Women) (State, UT & City -Wise ) (schema 2)",8,unexplained,,2,men only,0,year,State/UT-wise Sanctioned and Actual Strength of Armed Police as on 31.12.2004 (Men + Women) | State/UT-wise Sanctioned and Actual Strength of Armed Police (Women Only) as on 31.12.2005
"Sanctioned and Actual Strength of Civil Police Including District Armed Police as on 31.12.2000 (Men+Women) (State, UT & City -wise ) (schema 2)",9,unexplained,,2,men only,0,year,State/UT-wise Sanctioned and Actual Strength of Civil Police Including District Armed Police as on 31.12.2004 (Women only) | State/UT-wise Sanctioned and Actual Strength of Civil Police Including District Armed Police (Men + Women) as on 31.12.2005
State/UT-wise Disposal of IPC Cases by Courts (schema 11),2,unexplained,,2,ipc sll,0,,State/UT-wise Disposal of IPC Cases by Courts during 2005 | State/UT-wise Disposal of SLL Cases by Courts during 2005
Disposal of Cases by Police For Crimes Committed Against Scheduled Castes (schema 5),2,unexplained,,2,castes tribes,0,,Percentage Disposal of Cases by Police for Crimes Committed Against Scheduled Castes during 2005 | Percentage Disposal of by Police Cases for Crimes Committed Against Scheduled Tribes during 2005
Disposal of Persons by Courts Arrested for Committing Crimes Against Scheduled Castes (schema 14),2,unexplained,,2,castes tribes,0,,Disposal of Persons by Police Arrested for Committing Crimes Against Scheduled Castes during 2005 | Disposal of Persons by Police Arrested for Committing Crimes Against Scheduled Tribes during 2005
State/UT-wise Disposal of IPC Cases by Courts (schema 10),2,unexplained,,2,ipc sll,0,year,State/UT-wise Disposal of IPC Cases by Courts during 2002 | State/UT-wise Disposal of SLL Cases by Courts during 2002
State/UT-wise Juveniles Apprehended under IPC Crimes by Age Group & Sex (schema 3),6,unexplained,,2,ipc sll,0,year,State/UT-wise Juveniles Apprehended under IPC Crimes by Age Group & Sex during 2002 | State/UT-wise Juveniles Apprehended under SLL Crimes by Age Group & Sex during 2002
Percentage Distribution of Cognizable Crimes (IPC) underdifferent Crime Heads,2,unexplained,,2,ipc sll,0,,Percentage Distribution of Cognizable Crimes (IPC) underdifferent Crime Heads from 1999 to 2003 | Percentage Distribution of Cognizable Crimes (SLL) underdifferent Crime Heads from 1999 to 2003
Percentage of IPC Crime Cases Disposed of by Police (schema 6),2,unexplained,,2,ipc sll,0,year,Percentage of IPC Crime Cases Disposed of by Police during 2003 | Percentage of SLL Crime Cases Disposed of by Police during 2003
State/UT-wise Disposal of IPC Cases by Courts (schema 8),2,unexplained,,2,ipc sll,0,year,State/UT-wise Disposal of IPC Cases by Courts during 2003 | State/UT-wise Disposal of SLL Cases by Courts during 2003
State/UT-wise Disposal of IPC Cases by Police (schema 7),2,unexplained,,2,ipc sll,0,year,State/UT-wise Disposal of IPC Cases by Police during 2001 | State/UT-wise Disposal of SLL Cases by Police during 2001
Percentage of IPC Crime Cases Disposed of by Police (schema 2),2,unexplained,,2,ipc sll,0,year,Percentage of IPC Crime Cases Disposed of by Police during 2001 | Percentage of SLL Crime Cases Disposed of by Police during 2001
"Disposal by Courts, of Persons Arrested for Committing Crimes Against Children",2,unexplained,,2,ut wise,0,year,"Disposal by Courts, of Persons Arrested for Committing Crimes against Children during 2001 | State/UT-wise Disposal by Courts, of Persons Arrested for Committing Crimes against Children during 2001"
State/UT-wise Disposal of Cases by Courts for Crimes Committed Against Scheduled Tribes (schema 2),2,unexplained,,2,castes tribes,0,year,State/UT-wise Disposal of Cases for Crimes committed against Scheduled Castes by Police during 2001 | State/UT-wise Disposal of Cases by Police for Crimes committed against Scheduled Tribes during 2001
State/UT and Sex-wise Types of Prison Inmates in Open Jails (schema 1),4,unexplained,,2,open sub,0,year,"State/UT and Sex-wise Types of Prison Inmates in Sub-Jails as on 31st December, 2017 | State/UT and Sex-wise Types of Prison Inmates in Open Jails as on 31st December, 2017"
"State/UT/City-wise Percentage Variation of Accidental Deaths due to Forces of Nature, Other Causes and Total Accidental Deaths (schema 1)",5,unexplained,,2,ut uts,0,,"State/UT and City-wise Percentage Variation of Accidental Deaths due to Forces of Nature, Other Causes and Total Accidental Deaths during 2015 and 2016 | State/UT/City-wise Percentage Variation of Accidental Deaths due to Forces of Nature, other Causes and Total Accidental Deaths during 2016 and 2017"
State/UT/City-wise Cases Reported and Percentage Change in Traffic Accidents (schema 1),4,unexplained,,2,ut uts,0,,State/UT and City-wise Cases Reported and Percentage Change in Traffic Accidents during 2015 and 2016 | State/UT/City-wise Cases Reported and Percentage Change in Traffic Accidents during 2016 and 2017
"State, UT & City-wise Number of Traffic Accidents by Month Of Occurrence (schema 3)",4,unexplained,,2,ut uts,0,year,State/UT/City and Time of Occurrence-wise Number of Traffic Accidents during 2016 | State/UT/City and Time of Occurrence-wise Number of Traffic Accidents during 2017
"State, UT & City-wise Distribution of Suicides by Means Adopted (schema 4)",4,unexplained,,2,ut uts,0,year,State/UT-wise Distribution of Suicides by Means Adopted during 2016 | State/UT-wise Distribution of Suicides by Means Adopted during 2017
"State, UT & City-wise Distribution of Suicides by Causes (schema 5)",4,unexplained,,2,ut uts,0,,State/UT and City-wise Distribution of Mass/Family Suicides during 2016 | State/UT/City-wise Distribution of Mass/Family Suicides during 2017
State/UT and Social Status-wise Distribution of Suicides (schema 1),3,unexplained,,2,ut uts,0,,State/UT and Social Status-wise Distribution of Suicides during 2017 | State/UT and Social Status-wise Distribution of Suicides during 2018
State/UT and Economic Status-wise Distribution of Suicides (schema 1),3,unexplained,,2,ut uts,0,year,State/UT and Economic Status-wise Distribution of Suicides during 2017 | State/UT and Economic Status-wise Distribution of Suicides during 2018
State/UT and Educational Status-wise Distribution of Suicides (schema 1),3,unexplained,,2,ut uts,0,,State/UT and Educational Status-wise Distribution of Suicides during 2017 | State/UT and Educational Status-wise Distribution of Suicides during 2018
State/UT and Sex-wise Types of Prison Inmates in Open Jails (schema 2),2,unexplained,,2,open sub,0,,"State/UT and Sex-wise Types of Prison Inmates in Sub-Jails as on 31st December, 2018 | State/UT and Sex-wise Types of Prison Inmates in Open Jails as on 31st December, 2018"
City-wise Motives of Murder in Metropolitan Cities (schema 1),3,unexplained,,2,city ut,0,year,City-wise Motives of Murder in Metropolitan Cities during 2017 | City-wise Motives of Murder in Metropolitan Cities during 2018
Crime Head-wise Court Disposal of Crime against Children in Metropolitan Cities (schema 5),4,unexplained,,2,children women,0,,Crime Head-wise Court Disposal of Crime against Women in Metropolitan Cities during 2017 | Crime Head-wise Court Disposal of Crime against Children in Metropolitan Cities during 2017
City-wise Crime Committed by Juveniles (IPC+SLL) in Metropolitan Cities (schema 1),3,unexplained,,2,crime crimes,0,,City-wise Crime Committed by Juveniles (IPC+SLL) in Metropolitan Cities from 2015 from 2017 | City-wise Crime Committed by Juveniles (IPC+SLL) in Metropolitan Cities from 2016 to 2018
City-wise Education & Family Background of Juveniles Arrested in Metropolitan Cities (schema 1),3,unexplained,,2,apprehended arrested,0,,City-wise Education & Family Background of Juveniles Arrested in Metropolitan Cities during 2017 | City-wise Education & Family Background of Juveniles Arrested in Metropolitan Cities during 2018
Crime Head-wise Court Disposal of Crime/Atrocities against Scheduled Caste(s) in Metropolitan Cities (schema 3),6,unexplained,,2,caste tribe,0,,Crime Head-wise Police Disposal of Crime/Atrocities against Scheduled Caste(s) in Metropolitan Cities during 2017 | Crime Head-wise Police Disposal of Crime/Atrocities against Scheduled Tribe(s) in Metropolitan Cities during 2017
Crime Head-wise Court Disposal of Crime/Atrocities against Scheduled Caste(s) in Metropolitan Cities (schema 2),6,unexplained,,2,caste tribe,0,,City-wise Police Disposal of Crime/Atrocities against Scheduled Caste(s) in Metropolitan Cities during 2017 | City-wise Police Disposal of Crime/Atrocities against Scheduled Tribe(s) in Metropolitan Cities during 2017
Crime Head-wise Court Disposal of Crime/Atrocities against Scheduled Caste(s) in Metropolitan Cities (schema 1),6,unexplained,,2,caste tribe,0,,City-wise Court Disposal of Crime/Atrocities against Scheduled Caste(s) in Metropolitan Cities during 2017 | City-wise Court Disposal of Crime/Atrocities against Scheduled Tribe(s) in Metropolitan Cities during 2017
Crime Head-wise Court Disposal of Crime/Atrocities against Scheduled Caste(s) in Metropolitan Cities (schema 4),5,unexplained,,2,caste tribe,0,,Crime Head-wise Court Disposal of Crime/Atrocities against Scheduled Tribe(s) in Metropolitan Cities during 2017 | Crime Head-wise Court Disposal of Crime/Atrocities against Scheduled Caste(s) in Metropolitan Cities during 2018
Crimes under Indian Penal Code (IPC) and Special & Local Laws (SLL),7,unexplained,,2,details wise,0,,Crimes under Indian Penal Code (IPC) and Special & Local Laws (SLL) from 2015 to 2017 | Crimes under Indian Penal Code (IPC) and Special & Local Laws (SLL) during 2016 to 2018
Crime Head-wise Court Disposal of Crime/Atrocities against Scheduled Tribe(s) (schema 2),6,unexplained,,2,caste tribe,0,,Crime Head-wise Police Disposal of Crime/Atrocities against Scheduled Caste(s) during 2017 | Crime Head-wise Police Disposal of Crime/Atrocities against Scheduled Tribe(s) during 2017
State/UT-wise Court Disposal of Crime/Atrocities against Scheduled Caste(s) (schema 1),4,unexplained,,2,caste tribe,0,,State/UT-wise Court Disposal of Crime/Atrocities against Scheduled Caste(s) during 2017 | State/UT-wise Court Disposal of Crime/Atrocities against Scheduled Tribe(s) during 2017
Crime Head-wise Disposal of Persons Arrested for Crime/Atrocities against Scheduled Caste(s) (schema 1),6,unexplained,,2,caste tribe,0,year,Crime Head-wise Disposal of Persons Arrested for Crime/Atrocities against Scheduled Caste(s) during 2017 | Crime Head-wise Disposal of Persons Arrested for Crime/Atrocities against Scheduled Tribe(s) during 2017
State/UT-wise Disposal of Persons Arrested for Crime/Atrocities against Scheduled Caste(s) (schema 1),6,unexplained,,2,caste tribe,0,year,State/UT-wise Disposal of Persons Arrested for Crime/Atrocities against Scheduled Caste(s) during 2017 | State/UT-wise Disposal of Persons Arrested for Crime/Atrocities against Scheduled Tribe(s) during 2017
Cases Registered against State Police Personnel for Human Rights Violation (schema 1),4,unexplained,,2,right rights,0,year,Cases Registered against State Police Personnel for Human Rights Violation during 2017 | Cases Registered against State Police Personnel for Human Rights Violation during 2018
State/UT-wise Police Personnel Injured on Duty (schema 1),5,unexplained,,2,injured killed,0,year,State/UT-wise Police Personnel Killed on Duty during 2017 | State/UT-wise Police Personnel Injured on Duty during 2017
Crime Head-wise Period of SLL Cases Pending Investigation (schema 1),3,unexplained,,2,ipc sll,0,,Crime Head-wise Period of IPC Cases Pending Investigation during 2017 | Crime Head-wise Period of SLL Cases Pending Investigation during 2017
Crime Head-wise Time taken for Submitting Chargesheet in SLL Crimes (schema 1),3,unexplained,,2,ipc sll,0,year,Crime Head-wise Time taken for Submitting Chargesheet in IPC Crimes during 2017 | Crime Head-wise Time taken for Submitting Chargesheet in SLL Crimes during 2017
Crime Head-wise Time taken for Submitting Final Report in SLL Crimes (schema 1),3,unexplained,,2,ipc sll,0,year,Crime Head-wise Time taken for Submitting Final Report in IPC Crimes during 2017 | Crime Head-wise Time taken for Submitting Final Report in SLL Crimes during 2017
Crime Head-wise Court Disposal of SLL Crime Cases (schema 1),4,unexplained,,2,ipc sll,0,,Crime Head-wise Court Disposal of IPC Cases during 2017 | Crime Head-wise Court Disposal of SLL Crime Cases during 2017
State/UT-wise Persons Arrested under IPC by Age and Sex,4,unexplained,,2,ipc sll,0,,State/UT-wise Persons Arrested under IPC by Age and Sex during 2017 | State/UT-wise Persons Arrested under SLL by Age and Sex during 2017
Drug Head-wise Seizures under NDPS Act (schema 1),2,unexplained,,2,drug druge,0,year,Druge Head-wise Seizures under NDPS Act during 2017 | Drug head-wise Seizures under NDPS Act during 2019
"Seizures of Ammunitions reported by Central Industrial Security Force, New Delhi",2,unexplained,,2,arms fire,1,year,"Seizures of Fire Arms and Ammunitions reported by Central Industrial Security Force, New Delhi during 2017 | Seizures of Ammunitions reported by Central Industrial Security Force, New Delhi during 2018"
Crime Head-wise Court Disposal of Crime against Children in Metropolitan Cities (schema 11),2,unexplained,,2,children women,0,,Crime Head-wise Court Disposal of Crime against Women in Metropolitan Cities during 2018 | Crime Head-wise Court Disposal of Crime against Children in Metropolitan Cities during 2018
Crime Head & Country-wise Crimes Committed by Foreginers (schema 1),2,unexplained,,2,foreginers foreigners,0,,Crime Head & Country-wise Crimes Committed by Foreginers during 2018 | Crime Head and Country-wise Crimes Committed by Foreigners during 2019
Crime Head-wise Period of SLL Cases Pending Investigation (schema 2),2,unexplained,,2,ipc sll,0,,Crime Head-wise Period of IPC-Cases Pending Investigation during 2019 | Crime Head-wise Period of SLL-Cases Pending Investigation during 2019
Crime Head-wise Time taken for Submitting Chargesheet in SLL Crimes (schema 2),2,unexplained,,2,ipc sll,0,year,Crime Head-wise Time taken for Submitting Chargesheet in IPC Crimes during 2019 | Crime Head-wise Time taken for Submitting Chargesheet in SLL Crimes during 2019
Crime Head-wise Time taken for Submitting Final Report in SLL Crimes (schema 2),2,unexplained,,2,ipc sll,0,year,Crime Head-wise Time taken for Submitting Final Report in IPC Crimes during 2019 | Crime Head-wise Time taken for Submitting Final Report in SLL Crimes during 2019
Crime Head-wise Court Disposal of SLL Crime Cases (schema 2),2,unexplained,,2,ipc sll,0,,Crime Head-wise Court Disposal of IPC Crime Cases during 2019 | Crime Head-wise Court Disposal of SLL Crime Cases during 2019
State/UT-wise Disposal of IPC Cases by Courts (schema 2),2,unexplained,,2,ipc sll,0,,State/UT-wise Court Disposal of IPC Crime Cases during 2019 | State/UT-wise Court Disposal of SLL Crime Cases during 2019
Crime Head-wise Period of Cases Pending Trial under IPC (schema 2),2,unexplained,,2,ipc sll,0,year,Crime Head-wise Period of Cases Pending Trial under IPC Crimes during 2019 | Crime Head-wise Period of Cases Pending Trial under SLL Crimes during 2019
"State/UT, Age Group and Gender-wise Persons Arrested under IPC Crimes (schema 1)",2,unexplained,,2,ipc sll,0,,"State/UT, Age Group and Gender-wise Persons Arrested under IPC Crimes during 2019 | State/UT, Age Group and Gender-wise Persons Arrested under SLL Crimes during 2019"
State/UT-wise Recidivism Amongst Persons Arrested under IPC Crimes (schema 3),2,unexplained,,2,ipc sll,0,year,State/UT-wise Recidivism amongst Persons Arrested under IPC during 2019 | State/UT-wise Recidivism amongst Persons Arrested under SLL during 2019
Crime Head-wise Court Disposal of Crime against Children in Metropolitan Cities (schema 12),2,unexplained,,2,children women,0,,Crime Head-wise Police Disposal of Crime against Women in Metropolitan Cities during 2019 | Crime Head-wise Police Disposal of Crime against Children in Metropolitan Cities during 2019
State/UT & Crime Head-wise Crime/Atrocities against Scheduled Tribe(s) (schema 1),2,unexplained,,2,caste tribe,0,,States/UT & Crime Head-wise Crime/Atrocities against Scheduled Caste(s) during 2019 | State/UT & Crime Head-wise Crime/Atrocities against Scheduled Tribe(s) during 2019
State/UT-wise Court Disposal of Crime/Atrocities against Scheduled Caste(s) (schema 7),2,unexplained,,2,caste tribe,0,,State/UT-wise Court Disposal of Crime/Atrocities against Scheduled Caste(s) during 2019 | State/UT-wise Court Disposal of Crime/Atrocities against Scheduled Tribe(s) during 2019
City-wise Incidence and Rate of Accidental Deaths due to Forces of Nature and Other Causes (schema 1),2,unexplained,,2,ut uts,0,year,State/UT & City-wise Incidence and Rate of Accidental Deaths due to Forces of Nature and Other Causes during 2019 | State/UTs/City-wise Incidence and Rate of Accidental Deaths due to Forces of Nature and Other Causes during 2021
"State/UT/City, Age and Gender-wise Distribution of Total Accidental Deaths (schema 1)",2,unexplained,,2,ut uts,0,year,State/UT & City-wise Age and Gender-wise Distribution of Total Accidental Deaths during 2019 | State/UTs/City-wise Age and Gender-wise Distribution of Total Accidental Deaths during 2021
Crime Head-wise Court Disposal of Crime against Children in Metropolitan Cities (schema 15),2,unexplained,,2,children women,0,,Crime Head-wise Police Disposal of Crime against Women in Metropolitan Cities during 2020 | Crime Head-wise Police Disposal of Crime against Children in Metropolitan Cities during 2020
Crime Head-wise Court Disposal of Crime against Children in Metropolitan Cities (schema 14),2,unexplained,,2,children women,0,,Police Disposal of Crime against Women in Metropolitan Cities during 2020 | Police Disposal of Crime against Children in Metropolitan Cities during 2020
Crime Head-wise Court Disposal of Crime against Children in Metropolitan Cities (schema 9),2,unexplained,,2,children women,0,,Crime Head-wise Court Disposal of Crime against Women in Metropolitan Cities during 2020 | Crime Head-wise Court Disposal of Crime against Children in Metropolitan Cities during 2020
Crime Head-wise Court Disposal of Crime against Children in Metropolitan Cities (schema 8),2,unexplained,,2,children women,0,,Court Disposal of Crime against Women in Metropolitan Cities during 2020 | Court Disposal of Crime against Children in Metropolitan Cities during 2020
"Crime Head, Age Group & Gender-wise Juveniles Apprehended IPC Crimes",2,unexplained,,2,ipc sll,0,year,"Crime Head, Age Group & Gender-wise Juveniles Apprehended IPC Crimes during 2020 | Crime Head, Age Group & Gender-wise Juveniles Apprehended SLL Crimes during 2020"
"Crime Head, Age Group & Gender-wise Juveniles Apprehended - IPC Crimes and SLL Crimes in Metropolitan Cities (schema 1)",2,unexplained,,2,ipc sll,0,year,"Crime Head, Age Group & Gender-wise Juveniles Apprehended - IPC Crimes in Metropolitan Cities during 2020 | Crime Head, Age Group & Gender-wise Juveniles Apprehended - SLL Crimes in Metropolitan Cities during 2020"
Crime Head-wise Court Disposal of Crime/Atrocities against Scheduled Tribe(s) (schema 6),2,unexplained,,2,caste tribe,0,,Crime Head-wise Court Disposal of Crime/Atrocities against Scheduled Caste(s) during 2020 | Crime Head-wise Court Disposal of Crime/Atrocities against Scheduled Tribe(s) during 2020
Crime Head-wise Disposal of Persons Arrested for Crime/Atrocities against Scheduled Caste(s) (schema 3),2,unexplained,,2,caste tribe,0,year,Crime Head-wise Disposal of Persons Arrested for Crime/Atrocities against Scheduled Caste(s) during 2020 | Crime Head-wise Disposal of Persons Arrested for Crime/Atrocities against Scheduled Tribe(s) during 2020
State/UT-wise Disposal of Persons Arrested for Crime/Atrocities against Scheduled Caste(s) (schema 3),2,unexplained,,2,caste tribe,0,year,State/UT-wise Disposal of Persons Arrested for Crime/Atrocities against Scheduled Caste(s) during 2020 | State/UT-wise Disposal of Persons Arrested for Crime/Atrocities against Scheduled Tribe(s) during 2020
City-wise Crime/Atrocities against Scheduled Castes in Metropolitan Cities (schema 3),2,unexplained,,2,caste tribe,0,,Crime/Atrocities against Scheduled Caste(s) in Metropolitan Cities during from 2018 to 2020 | Crime/Atrocities against Scheduled Tribe(s) in Metropolitan Cities - during from 2018 to 2020
Crime Head-wise Court Disposal of Crime/Atrocities against Scheduled Caste(s) in Metropolitan Cities (schema 22),2,unexplained,,2,caste tribe,0,,Crime Head-wise Police Disposal of Crime/Atrocities against Scheduled Caste(s) in Metropolitan Cities during 2020 | Crime Head-wise Police Disposal of Crime/Atrocities against Scheduled Tribe(s) in Metropolitan Cities during 2020
Crime Head-wise Court Disposal of Crime/Atrocities against Scheduled Caste(s) in Metropolitan Cities (schema 12),2,unexplained,,2,caste tribe,0,,Crime Head-wise Court Disposal of Crime/Atrocities against Scheduled Caste(s) in Metropolitan Cities during 2020 | Crime Head-wise Court Disposal of Crime/Atrocities against Scheduled Tribe(s) in Metropolitan Cities during 2020
Crime Head-wise Court Disposal of Crime/Atrocities against Scheduled Caste(s) in Metropolitan Cities (schema 10),2,unexplained,,2,caste tribe,0,,Court Disposal of Crime/Atrocities against Scheduled Caste(s) in Metropolitan Cities during 2020 | Court Disposal of Crime/Atrocities against Scheduled Tribe(s) in Metropolitan Cities during 2020
State/UT-wise Disposal of IPC Cases by Police (schema 5),2,unexplained,,2,ipc sll,0,,State/UT-wise Police Disposal of IPC Crime Cases during 2020 | State/UT-wise Police Disposal of SLL Crime Cases during 2020
Crime Head-wise Time taken for Submitting Chargesheet in SLL Crimes (schema 3),2,unexplained,,2,ipc sll,0,year,Crime Head-wise Time taken for Submitting Chargesheet in IPC Crimes during 2020 | Crime Head-wise Time taken for Submitting Chargesheet in SLL Crimes during 2020
Crime Head-wise Time taken for Submitting Final Report in SLL Crimes (schema 3),2,unexplained,,2,ipc sll,0,year,Crime Head-wise Time taken for Submitting Final Report in IPC Crimes during 2020 | Crime Head-wise Time taken for Submitting Final Report in SLL Crimes during 2020
Police Disposal of IPC Crimes in Metropolitan Cities (schema 1),2,unexplained,,2,ipc sll,0,,Police Disposal of IPC Crimes in Metropolitan Cities during 2020 | Police Disposal of SLL Crimes in Metropolitan Cities during 2020
Crime Head-wise Court Disposal of SLL Crime Cases (schema 3),2,unexplained,,2,ipc sll,0,,Crime Head-wise Court Disposal of IPC Crime Cases during 2020 | Crime Head-wise Court Disposal of SLL Crime Cases during 2020
State/UT-wise Disposal of IPC Cases by Courts (schema 3),2,unexplained,,2,ipc sll,0,,State/UT-wise Court Disposal of IPC Crime Cases during 2020 | State/UT-wise Court Disposal of SLL Crime Cases during 2020
Court Disposal of IPC Crimes in Metropolitan Cities (schema 1),2,unexplained,,2,ipc sll,0,,Court Disposal of IPC Crimes in Metropolitan Cities during 2020 | Court Disposal of SLL Crimes in Metropolitan Cities during 2020
Crime Head and Gender-wise Persons Arrested under IPC Crimes (schema 4),2,unexplained,,2,ipc sll,0,year,Crime Head-wise Age Group and Gender-wise Persons Arrested under IPC Crimes during 2020 | Crime Head-wise Age Group and Gender-wise Persons Arrested under SLL Crimes during 2020
"State/UT, Age Group and Gender-wise Persons Arrested under IPC Crimes (schema 4)",2,unexplained,,2,ipc sll,0,year,State/UT-wise Age Group and Gender-wise Persons Arrested under IPC Crimes during 2020 | State/UT-wise Age Group and Gender-wise Persons Arrested under SLL Crimes during 2020
Crime Head-wise Disposal of Persons Arrested under IPC Crimes (schema 3),2,unexplained,,2,ipc sll,0,year,Crime Head-wise Disposal of Persons Arrested under IPC Crimes during 2020 | Crime Head-wise Disposal of Persons Arrested under SLL Crimes during 2020
Age Group and Gender-wise Persons Arrested under IPC Crimes (in Metropolitan Cities) (schema 5),2,unexplained,,2,ipc sll,0,year,Crime Head-wise Age Group and Gender-wise Persons Arrested under IPC Crimes in Metropolitan Cities during 2020 | Crime Head-wise Age Group and Gender-wise Persons Arrested under SLL Crimes in Metropolitan Cities during 2020
Age Group and Gender-wise Persons Arrested under IPC Crimes (in Metropolitan Cities) (schema 4),2,unexplained,,2,ipc sll,0,year,Age Group and Gender-wise Persons Arrested under IPC Crimes (in Metropolitan Cities) during 2020 | Age Group and Gender-wise Persons Arrested under SLL Crimes (in Metropolitan Cities) during 2020
Crime Head-wise Disposal of Persons Arrested under IPC Crimes in Metropolitan Cities (schema 7),2,unexplained,,2,ipc sll,0,year,Crime Head-wise Disposal of Persons Arrested under IPC Crimes in Metropolitan Cities during 2020 | Crime Head-wise Disposal of Persons Arrested under SLL Crimes in Metropolitan Cities during 2020
State/UT-wise Recidivism Amongst Persons Arrested under IPC Crimes (schema 2),2,unexplained,,2,ipc sll,0,year,State/UT-wise Recidivism Among Persons Arrested under IPC during 2020 | State/UT-wise Recidivism Among Persons Arrested under SLL during 2020
State & UT-wise Details of Quarters Available to Prison Officials (schema 3),2,unexplained,,2,ut uts,0,year,"State/UT-wise Details of Quarters Available to Prison Officials as on 31st December, 2020 | States/Uts wise Details of Quarters Available for Prison Officials as on 31st December, 2021"
State & UT-wise Details of Electronic Equipments Used in Prisons (schema 3),2,unexplained,,2,ut uts,0,year,"State/UT-wise Details of Electronic Equipments used in Prisons as on 31st December, 2020 | States/Uts wise Details of Electronic Equipments used in Prisons as on 31st December, 2021"
State/UT-wise Sanctioned and Actual Strength of Total Jail Staff (schema 2),2,unexplained,,2,ut uts,0,year,"State/UT-wise Sanctioned and Actual Strength of Total Jail Staff as on 31st December, 2020 | States/Uts wise Sanctioned and Actual Strength of Total Jail Staff as on 31st December, 2021"
State/UT-wise Percentage Share of Different Types of Prison Inmates (schema 2),3,unexplained,,2,31st details,0,year,"State/UT-wise Percentage Share of Different Types of Prison Inmates as on 31st December, 2020 | State/UT-wise Details of Percentage Share of Different Types of Prison Inmates as on 31st December 2022"
State/UT and Sex-wise Types of Prison Inmates in Open Jails (schema 3),2,unexplained,,2,open sub,0,,"State/UT-wise and Sex-wise Types of Prison Inmates in Sub-Jails as on 31st December, 2020 | State/UT-wise and Sex-wise Types of Prison Inmates in Open Jails as on 31st December, 2020"
"State/UT-wise, Sex-wise and Age-groups-wise Convicts (Indian Prisoners) in Jails",2,unexplained,,2,convicts detenues,0,,"State/UT-wise, Sex-wise and Age-groups-wise Convicts (Indian Prisoners) in Jails as on 31st December, 2020 | State/UT-wise, Sex-wise and Age-groups-wise Detenues (Indian Prisoners) in Jails as on 31st December, 2020"
Age Group and Gender-wise Persons Arrested under IPC Crimes (in Metropolitan Cities) (schema 1),2,unexplained,,2,ipc sll,0,,Age Group and Gender-wise Persons Arrested under IPC Crimes (in Metropolitan Cities) during 2021 | Age Group and Gender-wise Persons Arrested under SLL Crimes (in Metropolitan Cities) during 2021
Nature of Property-wise Value of Property Stolen & Recovered and Percentage Recovery (schema 4),2,unexplained,,2,crores nature,0,year,Nature of Property-wise Value of Property Stolen & Recovered (in Crores) and Percentage Recovery during 2021 | Property-wise Value of Property Stolen and Recovered and Percentage Recovery during 2022
State/UT-wise All Uniform Police Personnel Injured on Duty (schema 2),2,unexplained,,2,injured killed,0,,State/UT-wise All Uniform Police Personnel Killed on Duty during 2021 | State/UT-wise All Uniform Police Personnel Injured on Duty during 2021
Crime Head-wise Police Disposal of SLL Crime Cases (schema 1),2,unexplained,,2,ipc sll,0,,Crime Head-wise Police Disposal of IPC Crime Cases during 2021 | Crime Head-wise Police Disposal of SLL Crime Cases during 2021
State/UT-wise Disposal of IPC Cases by Police (schema 4),2,unexplained,,2,ipc sll,0,,State/UT-wise Police Disposal of IPC Crime Cases during 2021 | State/UT-wise Police Disposal of SLL Crime Cases during 2021
Time taken for Submitting Chargesheet in IPC Crimes,2,unexplained,,2,ipc sll,0,,Time taken for Submitting Chargesheet in IPC Crimes during 2021 | Time taken for Submitting Chargesheet in SLL Crimes during 2021
Time taken for Submitting Final Report in IPC Crimes,2,unexplained,,2,ipc sll,0,,Time taken for Submitting Final Report in IPC Crimes during 2021 | Time taken for Submitting Final Report in SLL Crimes during 2021
Crime Head-wise Court Disposal of SLL Crime Cases (schema 4),2,unexplained,,2,ipc sll,0,,Crime Head-wise Court Disposal of IPC Crime Cases during 2021 | Crime Head-wise Court Disposal of SLL Crime Cases during 2021
State/UT-wise Disposal of IPC Cases by Courts (schema 4),2,unexplained,,2,ipc sll,0,,State/UT-wise Court Disposal of IPC Crime Cases during 2021 | State/UT-wise Court Disposal of SLL Crime Cases during 2021
Court Disposal of IPC Crimes in Metropolitan Cities (schema 2),2,unexplained,,2,ipc sll,0,,Court Disposal of IPC Crimes in Metropolitan Cities during 2021 | Court Disposal of SLL Crimes in Metropolitan Cities during 2021
"State/UT, Age Group and Gender-wise Persons Arrested under IPC Crimes (schema 2)",2,unexplained,,2,ipc sll,0,,State/UT-wise Age Group and Gender-wise Persons Arrested under IPC Crimes during 2021 | State/UT-wise Age Group and Gender-wise Persons Arrested under SLL Crimes during 2021
Crime Head-wise Disposal of Persons Arrested under IPC Crimes (schema 2),2,unexplained,,2,ipc sll,0,,Crime Head-wise Disposal of Persons Arrested under IPC Crimes during 2021 | Crime Head-wise Disposal of Persons Arrested under SLL Crimes during 2021
Crime Head-wise Court Disposal of Crime against Children in Metropolitan Cities (schema 13),2,unexplained,,2,children women,0,,State/City-wise Police Disposal of Crime against Children in Metropolitan Cities during 2021 | State/City-wise Police Disposal of Crime against Women in Metropolitan Cities during 2021
Crime Head-wise Court Disposal of Crime against Children in Metropolitan Cities (schema 10),2,unexplained,,2,children women,0,,Crime Head-wise Court Disposal of Crime against Children in Metropolitan Cities during 2021 | Crime Head-wise Court Disposal of Crime against Women in Metropolitan Cities during 2021
State/UT-wise Crime Committed by Juveniles Children Indian Penal Code (IPC) Crimes and Special and Local Laws (SLL),2,unexplained,,2,ut uts,0,,State/UTs-wise Crime Committed by Juveniles Children Indian Penal Code and Crimes Special & Local Laws (IPC+SLL) from 2019 to 2021 | State/UT-wise Crime Committed by Juveniles Children Indian Penal Code (IPC) Crimes and Special and Local Laws (SLL) from 2021 to 2023
Crime Head-wise Court Disposal of Crime/Atrocities against Scheduled Tribe(s) (schema 3),4,unexplained,,2,caste tribe,0,,Crime Head-wise Police Disposal of Crime/Atrocities against Scheduled Caste(s) during 2021 | Crime Head-wise Police Disposal of Crime/Atrocities against Scheduled Tribe(s) during 2021
Crime Head-wise Court Disposal of Crime/Atrocities against Scheduled Tribe(s) (schema 7),2,unexplained,,2,caste tribe,0,,Crime Head-wise Court Disposal of Crime/Atrocities against Scheduled Caste(s) during 2021 | Crime Head-wise Court Disposal of Crime/Atrocities against Scheduled Tribe(s) during 2021
State/UT-wise Court Disposal of Crime/Atrocities against Scheduled Caste(s) (schema 6),2,unexplained,,2,caste tribe,0,,State/UTs-wise Court Disposal of Crime/Atrocities against Scheduled Caste(s) during 2021 | State/UTs-wise Court Disposal of Crime/Atrocities against Scheduled Tribe(s) during 2021
Crime Head-wise Disposal of Persons Arrested for Crime/Atrocities against Scheduled Caste(s) (schema 4),2,unexplained,,2,caste tribe,0,,Crime Head-wise Disposal of Persons Arrested for Crime/Atrocities against Scheduled Caste(s) during 2021 | Crime Head-wise Disposal of Persons Arrested for Crime/Atrocities against Scheduled Tribe(s) during 2021
State/UT-wise Disposal of Persons Arrested for Crime/Atrocities against Scheduled Caste(s) (schema 4),2,unexplained,,2,caste tribe,0,,State/UTs-wise Disposal of Persons Arrested for Crime/Atrocities against Scheduled Caste(s) during 2021 | State/UTs-wise Disposal of Persons Arrested for Crime/Atrocities against Scheduled Tribe(s) during 2021
Crime Head-wise Court Disposal of Crime/Atrocities against Scheduled Caste(s) in Metropolitan Cities (schema 5),3,unexplained,,2,caste tribe,0,,Crime Head-wise Police Disposal of Crime/Atrocities against Scheduled Caste(s) in Metropolitan Cities during 2021 | Crime Head-wise Police Disposal of Crime/Atrocities against Scheduled Tribe(s) in Metropolitan Cities during 2021
Crime Head-wise Court Disposal of Crime/Atrocities against Scheduled Caste(s) in Metropolitan Cities (schema 19),2,unexplained,,2,caste tribe,0,,State/City-wise Police Disposal of Crime/Atrocities against Scheduled Caste(s) in Metropolitan Cities during 2021 | State/City-wise Police Disposal of Crime/Atrocities against Scheduled Tribe(s) in Metropolitan Cities during 2021
Crime Head-wise Court Disposal of Crime/Atrocities against Scheduled Caste(s) in Metropolitan Cities (schema 13),2,unexplained,,2,caste tribe,0,,Crime Head-wise Court Disposal of Crime/Atrocities against Scheduled Caste(s) in Metropolitan Cities during 2021 | Crime Head-wise Court Disposal of Crime/Atrocities against Scheduled Tribe(s) in Metropolitan Cities during 2021
Crime Head-wise Court Disposal of Crime/Atrocities against Scheduled Caste(s) in Metropolitan Cities (schema 11),2,unexplained,,2,caste tribe,0,,State/City-wise Court Disposal of Crime/Atrocities against Scheduled Caste(s) in Metropolitan Cities during 2021 | State/City-wise Court Disposal of Crime/Atrocities against Scheduled Tribe(s) in Metropolitan Cities during 2021
State/UT-wise Economic Offences (schema 3),2,unexplained,,2,ut uts,0,,State/UTs-wise Economic Offences from 2019 to 2021 | State/UT-wise Economic Offences from 2021 to 2023
State/UT-wise Police Disposal of Economic Offences (schema 1),2,unexplained,,2,ut uts,0,,State/UTs-wise Police Disposal of Economic Offences during 2021 | State/UT-wise Police Disposal of Economic Offences during 2023
State/UT-wise Disposal of Persons Arrested under Economic Offences (schema 2),2,unexplained,,2,ut uts,0,year,State/UTs-wise Disposal of Persons Arrested for Economic Offences during 2021 | State/UT-wise Disposal of Persons Arrested for Economic Offences during 2023
State/UT-wise Cyber Crimes (schema 2),2,unexplained,,2,ut uts,0,,State/UTs-wise Cyber Crimes from 2019 to 2021 | State/UT-wise Cyber Crimes from 2021 to 2023
State/UT-wise Police Disposal of Cyber Crime Cases (schema 1),2,unexplained,,2,ut uts,0,,State/UTs-wise Police Disposal of Cyber Crime Cases during 2021 | State/UT-wise Police Disposal of Cyber Crime Cases during 2023
State/UT-wise Cyber Crimes Against Children (schema 2),2,unexplained,,2,ut uts,0,year,State/UTs-wise Cyber Crimes against Children during 2021 | State/UT-wise Cyber Crimes against Children during 2023
State/UT-wise Offences against State (schema 2),2,unexplained,,2,ut uts,0,,State/UTs-wise Offences against State from 2019 to 2021 | State/UT-wise Offences against State from 2021 to 2023
State/UT-wise Environment Related Offences (schema 2),2,unexplained,,2,ut uts,0,,State/UTs-wise Environment Related Offences from 2019 to 2021 | State/UT-wise Environment Related Offences from 2021 to 2023
State/UT-wise Police Disposal of Environment Related Offences (schema 1),2,unexplained,,2,ut uts,0,,State/UTs-wise Police Disposal of Environment Related Offences during 2021 | State/UT-wise Police Disposal of Environment Related Offences during 2023
State/UT-wise Disposal of Persons Arrested for Environment Related Offences (schema 2),2,unexplained,,2,ut uts,0,year,State/UTs-wise Disposal of Persons Arrested for Environment Related Offences during 2021 | State/UT-wise Disposal of Persons Arrested for Environment Related Offences during 2023
State/UT-wise Incidence and Rate of Violent Crimes (schema 5),2,unexplained,,2,ut uts,0,,State/UTs-wise Violent Crimes (Incidence & Crime Rate) during 2019 to 2021 | State/UT-wise Violent Crimes (Incidence and Crime Rate) from 2021 to 2023
State/UT-wise Murder Cases (schema 2),2,unexplained,,2,ut uts,0,,State/UTs-wise Murder Cases from 2019 to 2021 | State/UT-wise Murder Cases from 2021 to 2023
Crime Head-wise Period of Special and Local Law (SLL) for Cases Pending Investigation,2,unexplained,,2,law laws,0,,Crime Head-wise Period of Special and Local Law (SLL) for Cases Pending Investigation during 2022 | Crime Head-wise Period of Special and Local Laws (SLL) Cases Pending Investigation during 2023
Crime Head-wise Time taken for Submitting Final Report in Special and Local Law (SLL) Crimes,2,unexplained,,2,law laws,0,year,Crime Head-wise Time taken for Submitting Final Report in Special and Local Law (SLL) Crimes during 2022 | Crime Head-wise Time taken for Submitting Final Report in Special and Local Laws (SLL) Crimes during 2023
State/UT-wise Court Disposal of Crime/Atrocities against Scheduled Caste(s) (schema 9),2,unexplained,,2,caste tribe,0,,State/UT-wise Number of Police Disposal of Crime/Atrocities against Scheduled Tribe(s) during 2022 | State/UT-wise Number of Police Disposal of Crime/Atrocities against Scheduled Caste(s) during 2022
Crime Head-wise Court Disposal of Crime/Atrocities against Scheduled Tribe(s) (schema 4),2,unexplained,,2,caste tribe,0,,Crime Head-wise Number of Court Disposal of Crime/Atrocities against Scheduled Tribe(s) during 2022 | Crime Head-wise Number of Court Disposal of Crime/Atrocities against Scheduled Caste(s) during 2022
State/UT-wise Court Disposal of Crime/Atrocities against Scheduled Caste(s) (schema 5),2,unexplained,,2,caste tribe,0,,State/UT-wise Number of Court Disposal of Crime/Atrocities against Scheduled Tribe(s) during 2022 | State/UT-wise Number of Court Disposal of Crime/Atrocities against Scheduled Caste(s) during 2022
Crime Head-wise Court Disposal of Crime/Atrocities against Scheduled Caste(s) in Metropolitan Cities (schema 21),2,unexplained,,2,caste tribe,0,,Crime Head-wise Number of Police Disposal of Crime/Atrocities against Scheduled Tribe(s) in Metropolitan Cities during 2022 | Crime Head-wise Number of Police Disposal of Crime/Atrocities against Scheduled Caste(s) in Metropolitan Cities during 2022
Crime Head-wise Court Disposal of Crime/Atrocities against Scheduled Caste(s) in Metropolitan Cities (schema 18),2,unexplained,,2,caste tribe,0,,City-wise Number of Police Disposal of Crime/Atrocities against Scheduled Tribe(s) in Metropolitan Cities during 2022 | City-wise Number of Police Disposal of Crime/Atrocities against Scheduled Caste(s) in Metropolitan Cities during 2022
Crime Head-wise Court Disposal of Crime/Atrocities against Scheduled Caste(s) in Metropolitan Cities (schema 8),2,unexplained,,2,caste tribe,0,,Crime Head-wise Number of Court Disposal of Crime/Atrocities against Scheduled Tribe(s) in Metropolitan Cities during 2022 | Crime Head-wise Number of Court Disposal of Crime/Atrocities against Scheduled Caste(s) in Metropolitan Cities during 2022
Crime Head-wise Court Disposal of Crime/Atrocities against Scheduled Caste(s) in Metropolitan Cities (schema 6),2,unexplained,,2,caste tribe,0,,City-wise Number of Court Disposal of Crime/Atrocities against Scheduled Tribe(s) in Metropolitan Cities during 2022 | City-wise Number of Court Disposal of Crime/Atrocities against Scheduled Caste(s) in Metropolitan Cities during 2022
Crime Head-wise Number of Juveniles Apprehended IPC Crimes in Metropolitan Cities,2,unexplained,,2,ipc sll,0,,Crime Head-wise Number of Juveniles Apprehended IPC Crimes in Metropolitan Cities during 2022 | Crime Head-wise Number of Juveniles Apprehended SLL Crimes in Metropolitan Cities during 2022
Crime Head-wise Court Disposal of Crime/Atrocities against Scheduled Tribe(s) (schema 8),2,unexplained,,2,caste tribe,0,,Crime Head-wise Number of Police Disposal of Crime/Atrocities against Scheduled Caste(s) during 2022 | Crime Head-wise Number of Police Disposal of Crime/Atrocities against Scheduled Tribe(s) during 2022
Crime Head-wise Disposal of Persons Arrested for Crime/Atrocities against Scheduled Caste(s) (schema 2),4,unexplained,,2,during2022 number,0,year,Crime Head-wise Number of Disposal of Persons Arrested for Crime/Atrocities against Scheduled Caste(s) during2022 | Crime Head-wise Number of Disposal of Persons Arrested for Crime/Atrocities against Scheduled Caste(s) during 2022
State/UT-wise Number of Types of Prison Inmates in Open Jails (schema 1),2,unexplained,,2,open sub,0,,State/UT-wise Number of Types of Prison Inmates in Sub-Jails as on 31st December 2022 | State/UT-wise Number of Types of Prison Inmates in Open Jails as on 31st December 2022
State/UT-wise Number of Convicts (Indian Prisoners) in Jails by Gender and Age-groups as on 31-12 (schema 2),2,unexplained,,2,convicts other,0,,State/UT-wise Number of Convicts (Indian Prisoners) in Jails by Gender and Age-groups as on 31st December 2022 | State/UT-wise Number of Other Indian Prisoners in Jails by Gender and Age-groups as on 31st December 2022
State/UT-wise Classification of Railway Accidents (schema 2),2,unexplained,,2,ut uts,0,year,State/UTs-wise  Classification of Railway Accidents during 2022 | State/UT-wise Classification of Railway Accidents during 2023
Crime Head-wise Court Disposal of Crime/Atrocities against Scheduled Tribe(s) (schema 5),2,unexplained,,2,caste tribe,0,,Crime Head-wise Court Disposal of Crime/Atrocities against Scheduled Caste(s) during 2023 | Crime Head-wise Court Disposal of Crime/Atrocities against Scheduled Tribe(s) during 2023
State/UT-wise Court Disposal of Crime/Atrocities against Scheduled Caste(s) (schema 4),2,unexplained,,2,caste tribe,0,,State/UT-wise Court Disposal of Crime/Atrocities against Scheduled Caste(s) during 2023 | State/UT-wise Court Disposal of Crime/Atrocities against Scheduled Tribe(s) during 2023
Crime Head-wise Court Disposal of Crime/Atrocities against Scheduled Caste(s) in Metropolitan Cities (schema 20),2,unexplained,,2,caste tribe,0,,City-wise Police Disposal of Crime/Atrocities against Scheduled Caste(s) in Metropolitan Cities during 2023 | City-wise Police Disposal of Crime/Atrocities against Scheduled Tribe(s) in Metropolitan Cities during 2023
Crime Head-wise Court Disposal of Crime/Atrocities against Scheduled Caste(s) in Metropolitan Cities (schema 9),2,unexplained,,2,caste tribe,0,,Crime Head-wise Court Disposal of Crime/Atrocities against Scheduled Caste(s) in Metropolitan Cities during 2023 | Crime Head-wise Court Disposal of Crime/Atrocities against Scheduled Tribe(s) in Metropolitan Cities during 2023
Crime Head-wise Court Disposal of Crime/Atrocities against Scheduled Caste(s) in Metropolitan Cities (schema 7),2,unexplained,,2,caste tribe,0,,City-wise Court Disposal of Crime/Atrocities against Scheduled Caste(s) in Metropolitan Cities during 2023 | City-wise Court Disposal of Crime/Atrocities against Scheduled Tribe(s) in Metropolitan Cities during 2023
State/UT-wise All Uniform Police Personnel Injured on Duty (schema 1),2,unexplained,,2,injured killed,0,,State/UT-wise All Uniform Police Personnel Killed on Duty during 2023 | State/UT-wise All Uniform Police Personnel Injured on Duty during 2023
State/UT-wise Types of Prison Inmates in Open Jails as on 31-12 (schema 1),2,unexplained,,2,open sub,0,,State/UT-wise Types of Prison Inmates in Sub-Jails as on 31-12-2023 | State/UT-wise Types of Prison Inmates in Open Jails as on 31-12-2023
"Summary of B.E. 2009-10 vis-a-vis releases up to December, 2009 (NON PLAN)",2,unexplained,,1,non,0,,"Summary of B.E. 2009-10 vis-a-vis releases up to December, 2009 (NON PLAN) | Summary of B.E. 2009-10 vis-a-vis releases up to December, 2009 (PLAN)"
ICAR Publication Repository as on Date: Indian Agricultural Research Institute Collection,2,unexplained,,1,statistics,0,,ICAR Publication Repository as on Date: Indian Agricultural Statistics Research Institute Collection | ICAR Publication Repository as on Date: Indian Agricultural Research Institute Collection
ICAR Publication Repository as on Date: Central Institute for Cotton Research Collection,2,unexplained,,1,technology,0,,ICAR Publication Repository as on Date:  Central Institute for Research on Cotton Technology Collection | ICAR Publication Repository as on Date:  Central Institute for Cotton Research Collection
Staff Strength of Air (schema 1),3,unexplained,,1,go,1,,Staff Strength of Air India from 2007-08 to 2015-16 | Staff Strength of Go Air from 2007-08 to 2015-16
Fleet Size of Air (schema 1),3,unexplained,,1,go,1,,Fleet Size of Air India from 2007-08 to 2015-16 | Fleet Size of Go Air from 2007-08 to 2015-16
Percentage Growth in Scheduled Passenger Traffic of Air India Express,2,unexplained,,1,yearly,1,,Percentage Growth in Scheduled Passenger Traffic of Air India Express from 2007-08 to 2015-16 | Yearly Percentage Growth in scheduled Passenger Traffic of Air India Express from 2007-08 to 2016-17
Percentage Growth in Scheduled Passenger Traffic of Spicejet,2,unexplained,,1,yearly,0,,Percentage Growth in Scheduled Passenger Traffic of Spicejet from  2007-08 to 2015-16 | Yearly Percentage Growth in scheduled Passenger Traffic of Spicejet from 2007-08 to 2016-17
Percentage Growth in Scheduled Cargo Traffic of Air India Express,2,unexplained,,1,yearly,1,,Percentage Growth in Scheduled Cargo Traffic of Air India Express from 2007-08 to 2015-16 | Yearly Percentage Growth in scheduled Cargo Traffic of Air India Express from 2007-08 to 2016-17
Percentage Growth in Scheduled Cargo Traffic of Indigo,2,unexplained,,1,yearly,0,,Percentage Growth in Scheduled Cargo Traffic of Indigo from 2007-08 to 2015-16 | Yearly Percentage Growth in scheduled Cargo Traffic of Indigo from 2007-08 to 2016-17
Percentage Growth in Scheduled Cargo Traffic of Jetlite,2,unexplained,,1,yearly,0,,Percentage Growth in Scheduled Cargo Traffic of Jetlite from 2007-08 to 2015-16 | Yearly Percentage Growth in scheduled Cargo Traffic of Jetlite from 2007-08 to 2016-17
Percentage Growth in Scheduled Cargo Traffic of Spicejet,2,unexplained,,1,yearly,0,,Percentage Growth in Scheduled Cargo Traffic of Spicejet from 2007-08 to 2015-16 | Yearly Percentage Growth in scheduled Cargo Traffic of Spicejet from 2007-08 to 2016-17
Percentage Growth in Scheduled Cargo Traffic of Vistara,2,unexplained,,1,yearly,0,,Percentage Growth in Scheduled Cargo Traffic of Vistara from 2007-08 to 2015-16 | Yearly Percentage Growth in scheduled Cargo Traffic of Vistara from 2007-08 to 2016-17
Percentage Growth in Passenger - Kilometres Performed of Air India Express,2,unexplained,,1,yearly,1,,Percentage Growth in Passenger - Kilometres Performed of Air India Express from 2007-08 to 2015-16 | Yearly Percentage Growth in Passenger - Kilometres Performed of Air India Express from 2007-08 to 2016-17
Percentage Growth in Passenger - Kilometres Performed of All Scheduled Indian Airlines,2,unexplained,,1,yearly,0,,Percentage Growth in Passenger - Kilometres Performed of All Scheduled Indian Airlines from 2007-08 to 2015-16 | Yearly Percentage Growth in Passenger - Kilometres Performed of All Scheduled Indian Airlines from 2007-08 to 2016-17
Monthly Traffic and Operating Statistics of Quikjet Cargo on Non-Scheduled Domestic Services (schema 1),2,unexplained,,1,non,0,,Monthly Traffic and Operating Statistics of Quikjet Cargo on Non-Scheduled Domestic Services during 2017 | Monthly Traffic and Operating Statistics of Quikjet Cargo on Scheduled Domestic Services during 2017
State wise IEMs Implemented by Industrial Undertakings during August 1991 to June,10,unexplained,,1,industry,0,year,Industry wise IEMs Implemented by Industrial Undertakings during August 1991 to June 2013 | Industry wise IEMs Implemented by Industrial Undertakings during August 1991 to October 2013
Year-wise Industrial Investment Proposals Received From Industrial Undertakings During August 1991 to June,17,unexplained,,1,industry,0,year,Industry-wise Investment Proposals Received from Industrial Undertakings during August 1991 to June 2013 | Industry-wise Investment Proposals Received from Industrial Undertakings during August 1991 to October 2013
State-wise IEMs implemented by industrial undertakings based on Part B of the IEM form from August 1991 to April,6,unexplained,,1,b,0,,State-wise IEMs implemented by industrial undertakings based on Part B of the IEM form from August 1991 to April 2017 | State-wise IEMs implemented by industrial undertakings based on part A of the IEM form from August 1991 to April 2017
Industry-wise investment intentions in terms of IEMs filed and LOIs/DILs issued from August 1991 to April,6,unexplained,,1,industry,0,,State wise investment intentions in terms of IEMs filed and LOIs/DILs issued from August 1991 to April 2017 | Industry-wise investment intentions in terms of IEMs filed and LOIs/DILs issued from August 1991 to April 2017
Industry-wise IEM part-A data on Investment and Employment from August 1991 to till last month,2,unexplained,,1,industry,0,,Industry-wise IEM part-A data on Investment and Employment from August 1991 to till last month | State-wise IEM part-A data on Investment and Employment from August 1991 to till last month
Pay News Channels carrying more than 12 minutes average duration per hour of Advertisements during peak hours for the period 28 September To 27 December,2,unexplained,,1,non,0,year,Pay Non-news Channels carrying more than 12 minutes average duration per  hour of Advertisements during peak hours for the period 28 September to 27 December 2015 | Pay News Channels carrying more than 12 minutes average duration per  hour of Advertisements during peak hours for the period 28 September To 27 December 2015
Year-wise PSU Telecom Subscribers,2,unexplained,,1,psu,1,year,Year-wise Telecom Subscribers from 2008 to 2022  | Year-wise PSU Telecom Subscribers in India from 2008 to 2022
Daily retail price of Atta (Wheat),2,unexplained,,1,atta,0,year,Daily retail price of Atta (Wheat) upto April - 2015 | Daily retail price of Wheat upto April - 2015
Weekly retail price of Atta (Wheat),2,unexplained,,1,atta,0,year,Weekly retail price of Atta (Wheat) upto 2012 | Weekly retail price of Wheat upto 2012
Daily wholesale price of Atta (Wheat),2,unexplained,,1,atta,0,year,Daily wholesale price of Atta (Wheat) upto April - 2015 | Daily wholesale price of Wheat upto April - 2015
Weekly wholesale price of Atta (Wheat),2,unexplained,,1,atta,0,year,Weekly wholesale price of Atta (Wheat) upto 2012 | Weekly wholesale price of Wheat upto 2012
State-wise Distribution of Number of Active Government Companies Limited by Shares,2,unexplained,,1,non,0,,"State-wise Distribution of  Number of Active Government Companies Limited by Shares as on 31st March, 2014 | State-wise Distribution of  Number of Active Non-Government Companies Limited by Shares as on 31st March, 2014"
Economic Activity wise Active Non-Government Companies,2,unexplained,,1,non,0,," Economic- Activity wise Active Government Companies as on 31st March, 2014 |  Economic Activity wise Active Non-Government Companies as on 31st March, 2014"
State-wise Distribution of Number of Active Non-Government Companies Limited By Shares as on 28.03.2021,2,unexplained,,1,non,0,year,State-wise Distribution of Number of Active Non-Government Companies Limited By Shares as on 28.03.2021 | State-wise Distribution of number of Active Government Companies Limited by Shares As on 28.03.2021
List of North East Special Infrastructure Development Scheme (NESIDS) for Assam since inception to as on date,7,unexplained,,1,schemes,7,state,List of North East Special Infrastructure Development Scheme (NESIDS) for Assam since inception to as on date | List of North East Special Infrastructure Development Scheme (NESIDS) for Manipur since inception to as on date
Seasonal Frequency of Cyclones during Winter,2,unexplained,,1,severe,0,,Seasonal Frequency of Cyclones during Winter from 1891 to 2019 | Seasonal Frequency of Severe Cyclones during Winter from 1891 to 2019
Seasonal Frequency of Cyclones during Winter during the period,2,unexplained,,1,severe,0,,Seasonal Frequency of Cyclones during Winter during the period 1891-2021 | Seasonal Frequency of Severe Cyclones during Winter during the period 1891-2021
State-wise habitations with population 300 or more served by primary school /section (SC Population is 50 % or More) as on Sept (schema 1),2,unexplained,,1,between,0,year,State-wise habitations with population 500 or more served by upper primary schools /sections (SC Population is 50 % or More) as on Sept 2009 | State-wise habitations with population 500 or more served by upper primary schools /sections (SC Population is Between 25-50 %) as on Sept 2009
State-wise number of AIE centres (Both Primary & Upper Primary )under EGS & AIE scheme with enrolment and education volunteers as on Sept (schema 1),2,unexplained,,1,both,0,year,State-wise number of AIE centres (Upper Primary) under EGS & AIE scheme with enrolment and education volunteers as on Sept 2009 | State-wise number of AIE centres (Both Primary & Upper Primary )under EGS & AIE scheme with enrolment and education volunteers as on Sept 2009
"State/UT-wise Number of Population Projection by Gender, Social Groups and Age-Group - Scheduled Castes (SC) (schema 1)",2,unexplained,,1,number,0,year,"State/UT-wise Number of Projected Population by Age Group - Scheduled Castes (SC) by Gender, Social Groups and Age-Group during 2021 | State/UT-wise Scheduled Castes (SC) Projected Population by Gender, Social Groups and Age-group during 2020"
"Budget Provisions, Net of Receipts and Recoveries (schema 1)",2,unexplained,,1,interim,0,year,"Budget Provisions, net of receipts and recoveries for  the year 2019-2020 (Interim) | Budget Provisions, Net of Receipts and Recoveries for 2021-2022"
Details Of Non Tax Revenue,2,unexplained,,1,non,0,year,Details of Tax Revenue 2020-21 to 2022-23 | Details Of Non Tax Revenue 2020-21 to 2022-23
Scheme-wise details of Non Tax Revenue under Union Budget,2,unexplained,,1,non,0,year,Scheme-wise details of Tax Revenue under Union Budget from 2021-22 to 2023-24 | Scheme-wise details of Non Tax Revenue under Union Budget from 2021-22 to 2023-24
State/ Union Territory-wise Fish Production from 2000-01 to 2013-14 (Provisional) (schema 1),2,unexplained,,1,marine,0,,State/ Union Territory-wise Fish Production from 2000-01 to 2013-14 (Provisional) | State/ Union Territory-wise Marine Fish Production from 2000-01 to 2013-14 (Provisional)
Surat : Bus Details (Public Transport) FY 2015-16 to FY,2,unexplained,,1,till,0,,Surat : Bus Details (Public Transport) FY 2015-16 to FY 2018-19 | Surat Bus Details (Public Transport) till FY 2015-16 to FY 2019-20
"Solid Waste Management Efficiency [Ministry of Housing and Urban Affairs, Smart Cities Mission, Rajasthan, Ajmer]",2,unexplained,,1,ajmer,0,,Solid Waste Management Efficiency : Ajmer : 2018 | Solid Waste Management Efficiency : 2021
Property Tax Demand and Actual Collection Data : Rajkot,3,unexplained,,1,vs,0,,Property Tax Demand and Actual Collection Data : Rajkot : 2014 | Property Tax Demand vs Actual Collection Data : Rajkot  : 2016-2017
Chandigarh - Household Profile (Urban) Census,2,unexplained,,1,urban,1,,Household Profile Chandigarh Census 2011 | Chandigarh - Household Profile (Urban) Census - 2011
D28-Infrastructure Distribution: Ahmedabad,2,unexplained,,1,d28,0,,D28-Infrastructure Distribution: Ahmedabad As on Feb 2019 | Infrastructure Distribution : Ahmedabad As on Feb 2019
Public Amenities Data : Thoothukudi,2,unexplained,,1,data,0,,Public Amenities Data : Thoothukudi 2019 | Public Amenities Thoothukudi 2019 
Pune City Electricity Consumption,2,unexplained,,1,city,0,,Pune City Electricity Consumption as on Dec 2020  | Pune Electricity Consumption
Industry-Wise Distribution Of Working Enterprises By Type Of Organisation (Fourth All India Census of MSME: Registered Sector),2,unexplained,,1,industry,1,,State Wise Distribution Of Working Enterprises By Type Of Organisation (Fourth All India Census of MSME: Registered Sector) | Industry-Wise Distribution Of Working Enterprises By Type Of Organisation (Fourth All India Census of MSME: Registered Sector)
Industry-Wise Distribution Of Enterprises By Type Of Enterprise (Fourth All India Census of MSME: Unregistered Sector),2,unexplained,,1,industry,1,,State-Wise Distribution Of  Enterprises By Type Of Enterprise  (Fourth All India Census of MSME: Unregistered Sector) | Industry-Wise Distribution Of  Enterprises By Type Of Enterprise  (Fourth All India Census of MSME: Unregistered Sector)
Industry-Wise Distribution Of Enterprises By Main Source Of Energy (Fourth All India Census of MSME 2006-07 : Unregistered Sector),2,unexplained,,1,industry,1,,State-Wise Distribution Of  Enterprises By Main Source Of Energy  (Fourth All India Census of MSME 2006-07 : Unregistered Sector) | Industry-Wise Distribution Of  Enterprises By Main Source Of Energy (Fourth All India Census of MSME 2006-07 : Unregistered Sector)
Industry-Wise Distribution Of Employment By Type Of Enterprise (Fourth All India Census of MSME 2006-07 : Unregistered Sector),2,unexplained,,1,industry,1,,State-Wise Distribution Of Employment  By Type Of Enterprise  (Fourth All India Census of MSME 2006-07 : Unregistered Sector) | Industry-Wise Distribution Of Employment  By Type Of Enterprise  (Fourth All India Census of MSME 2006-07 : Unregistered Sector)
Industry Wise Distribution Of Principal Characteristics (Fourth All India Census of MSME 2006-07: Unregistered Sector),2,unexplained,,1,industry,1,,State Wise Distribution Of Principal Characteristics (Fourth All India Census of MSME 2006-07 : Unregistered Sector) | Industry Wise Distribution Of Principal Characteristics (Fourth All India Census of MSME 2006-07: Unregistered Sector)
Industry Wise Distribution Of Employment By Type Of Enterprise (Fourth All India Census of MSME 2006-07: Registered Sector),2,unexplained,,1,industry,1,,State Wise Distribution Of Employment By Type Of Enterprise (Fourth All India Census of MSME 2006-07: Registered Sector) | Industry Wise Distribution Of Employment By Type Of Enterprise  (Fourth All India Census of MSME 2006-07: Registered Sector)
District Wise Total MSME Registered Enterprises till last date,2,unexplained,,1,service,0,,District Wise Total MSME Registered Enterprises till last date | District Wise Total MSME Registered Service Enterprises till last date
District Wise Total MSME Registered Manufacturing Enterprises till last date,2,unexplained,,1,service,0,,District Wise Total  MSME Registered Manufacturing Enterprises till last date | District Wise Total MSME Registered Manufacturing and Service  Enterprises till last date
District Wise Total MSME Registered Enterprises under UDYAM Registration till last date,2,unexplained,,1,services,0,,District Wise Total MSME Registered Enterprises under UDYAM Registration till last date | District wise Services MSME Registered Enterprises under UDYAM Registration till last date 
Mineral-wise Summary Of Mining Lease Distribution,4,unexplained,,1,31st,0,year,Mineral-wise Summary Of Mining Lease Distribution | Mineral-wise Summary of Mining Lease Distribution as on 31st March 2014
Production and Value of MCDR Minerals,3,unexplained,,1,mcdr,0,year,Production and Value of Minerals during 2007-08 to 2011-12 | Production and Value of MCDR Minerals from 2015-16 to 2017-18
Performance Of Indian Bureau Of Mines During Twelfth Five Year Plan (2012-13 to 2016-17) till March,5,unexplained,,1,till,0,year,"Performance Of Indian Bureau Of Mines During Twelfth Five Year Plan (2012-13 to 2016-17) till March, 2014 | Performance Of Indian Bureau of Mines During Twelfth Five Year Plan (2012-13 to 2016-17) till March, 2015"
State/UT-wise Per Capita Consumption of Petroleum Products,3,unexplained,,1,ut,0,,State/UT-wise Per Capita Consumption of Petroleum Products from 2011-12 to 2017-18 | State/UT-wise Per Capita Consumption of Petroleum Products from 2012-13 to 2018-19
International FOB Prices of Crude Oil and Major Petroleum Products (schema 1),2,unexplained,,1,fob,0,year,International Prices of Crude Oil & Major Petroleum Products from 2011-12 to 2017-18 | International FOB Prices of Crude Oil and Major Petroleum Products from 2012-13 to 2018-19
Traffic handled at New Mangalore port Trust,2,unexplained,,1,trust,0,year,Traffic handled at New Mangalore Port from 1974-75 to 2019-20 | Traffic handled at New Mangalore  port Trust from upto 2020-21
Traffic handled at Kamarajar Port,2,unexplained,,1,up,0,year,Traffic handled at Kamarajar Port from 2001-02 to 2019-20 | Traffic handled at Kamarajar port up to 2020-21
Principal Commodity-wise Traffic handled at New Mangalore Port,2,unexplained,,1,up,0,year,Principal Commodity-wise Traffic handled at New Mangalore Port from 1974-75 to 2019-20 | Traffic handled at  New Mangalore port Principal Commodity-wise up to 2020-21
Traffic handled at Vishakhapatnam port Principal Commodity-wise up,2,unexplained,,1,up,0,year,Traffic handled at Vishakhapatnam Port Principal Commodity-wise upto 2013-14 | Traffic handled at  Vishakhapatnam port Principal Commodity-wise up to 2020-21
Traffic handled at Non-Major Ports Commodity wise - Puducherry up,2,unexplained,,1,up,1,"year,state",Traffic handled at Non-Major Ports Commodity wise - Puducherry up to 2020-21 | Traffic handled at Non-Major Ports-Commodity wise - Puducherry -upto 2020-21
Peak Demand and Peak Met - September (schema 1),4,unexplained,,1,sept,0,,Peak Demand and Peak Met - Sept 2015 | Peak Demand and Peak Met - September 2016
State/ UT-wise Total Number of Road Accidents on State Highways (schema 1),5,unexplained,,1,fatal,0,,State/UT wise Total Number of Road Accidents on State Highways during 2003-2012 | State/UT wise Total Number of Road Accidents on State Highways during 2003-2014
"Number of Accidents, Persons Killed, Injured in Selected Countries (schema 1)",5,unexplained,,1,form,0,year,"Number of Accidents, Persons killed, Injured in Selected Countries 1990-1992 | Number of Accidents Persons killed Injured in Selected Countries"
Performance of State Road Transport Undertakings (schema 1),2,unexplained,,1,srtus,0,,Performance of State Road Transport Undertakings from 1996-97 to 1999-2000 | Performance of State road transport undertakings (SRTUs) from 1996-97 to 2001-02
Number of Registered Motor Vehicles (Transport & Non-Transport) (schema 4),2,unexplained,,1,ut,2,state,Number of Registered Motor Vehicles (Transport & Non-Transport) Goa from 1996-97 to 1997-1998 | Number of Registered Motor Vehicles (Transport & Non-Transport) UT: Chandigarh from 2000-01 to 2001-02
Number of Registered Motor Vehicles (Transport & Non-Transport) (schema 1),4,unexplained,,1,tamilnadu,3,state,Number of Registered Motor Vehicles (Transport & Non-Transport) Goa from 2000-01 to 2001-02 | Number of Registered Motor Vehicles (Transport & Non-Transport) Maharashtra from 2000-01 to 2001-02
Goods Transport Operational Ratios (schema 1),2,unexplained,,1,31st,0,year,Goods Transport Operational Ratios during 1979-80 | Goods Transport Operational Ratios as on 31st March 1981
State/UT-wise Lane wise Length of National Highways (schema 1),4,unexplained,,1,31st,1,year,"State/UT and Lane-wise Length of National Highways in India as on 31 March, 2017 | State/UT-wise Lane wise Length of National Highways in India as on 31 March, 2016"
State/UT wise total and surfaced length of State Highways (schema 1),2,unexplained,,1,31st,1,year,"State/UT-wise Total and Surfaced Length of State Highways in India as on 31st March, 2017 | State/UT-wise Total and Surfaced Length of State Highways in India as on 31 March, 2019"
State/UT-wise Total & Surfaced Length of District Roads,3,unexplained,,1,31st,0,year,"State/UT-wise Total & Surfaced Length of District Roads as on 31st March, 2017 | State/UT-wise Total & Surfaced Length of District Roads as on 31 March, 2018"
State/UT-wise Total Number of Road Accidents on National Highways (schema 5),2,unexplained,,1,fatal,0,,State/UT-wise Total Number of Road Accidents on National Highways from 2015 to 2018 | State/UT-wise Total Number of Fatal Road Accidents on National Highways from 2015 to 2018
States wise list of top ten black spots,3,unexplained,,1,uts,0,,States wise list of top ten black spots from 2016 to 2018 | States/UTs wise list of top ten black spots from 2016 to 2018
State/UT-wise Total Number of Road Accidents on National Highways (schema 1),6,unexplained,,1,fatal,0,,State/UT-wise Total Number of Road Accidents on National Highways from 2020 to 2023 | State/UT-wise Total Number of Fatal Road Accidents on National Highways from 2020 to 2023
State/UT-wise Total Number of Grevious and Minor Injured Persons in Road Accidents on National Highways (schema 3),2,unexplained,,1,national,0,,State/UT-wise Total Number of Grievous and Minor Injured Persons in Road Accidents on National Highways during 2023 | State/UT-wise Total Number of Grievous and Minor Injured Persons in Road Accidents on State Highways during 2023
State/ UT-wise Accidents classified according to Road Features (schema 1),3,unexplained,,1,number,0,year,State/UT-wise Accidents Classified According to Road Features during 2023 | State/UT-wise Number of Accidents Classified According to Road Features during 2022
State/ UT-wise Accidents Classified according to Type of Junctions (schema 2),3,unexplained,,1,number,0,,State/UT-wise Accidents Classified According to Type of Junctions during 2023 | State/UT-wise Number of Accidents Classified According to Type of Junctions during 2022
State/ UT-wise Accidents Classified according to Type of Weather Condition (schema 2),3,unexplained,,1,number,0,year,State/UT-wise Accidents Classified According to Type of Weather Condition during 2023 | State/UT-wise Number of Accidents Classified According to Type of Weather Condition during 2022
State/UT-wise Accidents Classified According to Licence of Drivers (schema 2),2,unexplained,,1,number,0,year,State/UT-wise Number of Accidents Classified According to Licence of Drivers during 2023 | State/UT-wise Accidents Classified According to Licence of Drivers during 2024
State/UT-wise Drivers Killed According to Classification of Age and Sex (schema 2),2,unexplained,,1,number,0,year,State/UT-wise Number of Drivers Killed According to Classification of Age and Sex during 2022 | State/UT-wise Drivers Killed According to Classification of Age and Sex during 2024
State/UT-wise Pedestrians Killed According to Classification of Age and Sex (schema 4),2,unexplained,,1,number,0,year,State/UT-wise Number of Passengers Killed According to Classification of Age and Sex during 2022 | State/UT-wise Passengers Killed According to Classification of Age and Sex during 2024
State/UT-wise Accidents Classified According to Type of Traffic Violations (schema 2),2,unexplained,,1,number,0,year,State/UT-wise Number of Accidents Classified According to Type of Traffic Violations during 2022 | State/UT-wise Accidents Classified According to Type of Traffic Violations during 2024
Village-wise Survey Data of TAMILNADU for Mission Antyodaya,2,unexplained,,1,tamilnadu,1,"year,state",Village-wise Survey Data of TAMILNADU  for Mission Antyodaya 2020 | Village-wise Survey Data of TELANGANA for Mission Antyodaya 2020
Female R and D Manpower By Qualifications For Public And Private Sectors,2,unexplained,,1,female,0,year,Female R and D Manpower By Qualifications For Public And Private Sectors As On 1st April 2005 | R and D Manpower By Qualifications For Public And Private Sectors As On 1st April 2005
Industrial Sector Expenditure on R & D by Sub-Sector of Economic Activity during FY,2,unexplained,,1,fy,0,year,Industrial Sector Expenditure on R&D by Sub-Sector of Economic Activity during 2005-06 to 2009-10 | Industrial Sector Expenditure on R & D by Sub-Sector of Economic Activity during FY 2018-19 to 2020-21
R&D Expenditure Per Capita and as Percentage of GDP for Selected Countries 2009 (in PPP US$),2,unexplained,,1,ppp,0,,R&D Expenditure Per Capita and as Percentage of GDP for Selected Countries 2009  (in PPP US$) | R&D Expenditure Per Capita and as Percentage of GDP for Selected Countries 2009 (in US$)
Area wise list of Not Recommended Societal Proposals as on 31.12.2015,2,unexplained,,1,area,0,year,State-wise list of Not Recommended Societal Proposals as on 31.12.2015 | Area wise list of Not Recommended Societal Proposals as on 31.12.2015
Estimated number of enterprises in different States/UTs,2,unexplained,,1,trading,0,,Estimated number of enterprises in different States/UTs | Estimated number of trading enterprises in different States/UTs
"State-wise Number, Membership and Financial Position of Primary Co-operative Agriculture & Rural Development Banks (schema 3)",2,unexplained,,1,31st,1,,"Number / Membership / Financial Position of Primary Co-operative Agriculture And Rural Development Banks As On 31st March | All India Number, Membership and Financial Position of Primary Co-operative Agriculture & Rural Development Banks from 2000-01 to 2014-15"
Number Of Registered Newspapers And Periodicals By Language (schema 1),4,unexplained,,1,level,1,,Number Of Registered Newspapers And Periodicals By Language - India upto 2011-12 | Number of registered newspapers and periodicals by language - India upto 2013-14
Claimed Circulation Of Registered Newspapers - Language-wise,4,unexplained,,1,wise,0,,Claimed Circulation Of Registered Newspapers - Language-wise upto 2011-12 | Claimed circulation of registered newspapers - Language-wise upto 2013-14
Estimate of some important characteristics by State (schema 1),2,unexplained,,1,wise,0,year,State wise Estimate of some Important Characteristics for the year 2011-2012 | Estimate of some important characteristics by State for the year 2010-2011
All India Rooms in Different Category of Hotel,2,unexplained,,1,level,1,,All India Rooms in Different Category of Hotel from 2002 to 2014 | All India level Rooms in different Category of Hotel from 2002 to 2016
All India Performance of Employment Exchanges,2,unexplained,,1,level,1,,All India Performance of Employment Exchanges from 2000 to 2013 | All India level Performance of Employment Exchanges from 2000 to 2014
State/ UT-wise Implementation Report under MGNREGA (schema 1),2,unexplained,,1,ut,0,,State-wise Implementation Report Under MGNREGA from 2010-11 to 2014-15 | State/UT-wise Implementation Report under MGNREGA from 2010-11 to 2017-18
All India level Financial Outcomes under MGNREGA (schema 1),2,unexplained,,1,level,1,,All India Financial Outcomes Under MGNREGA from 2008-09 to 2014-15 | All India level Financial Outcomes under MGNREGA from 2008-09 to 2015-16
All India Claimed Circulation of Registered Newspapers,2,unexplained,,1,level,1,,All India Claimed Circulation of Registered Newspapers from 2001-02 to 2013-14 | All India level Claimed Circulation of Registered Newspapers from 2001-02 to 2014-15
All India Consumer Price Index (Rural /Urban) up to May (schema 1),9,unexplained,,1,up,1,,All India Consumer Price Index (Rural /Urban) up to May 2016 | All India Consumer Price Index (Rural/Urban) Up to July 2016
Annual Indices of All-India Index of Industrial Production with base year 2011-12 at NIC (2008) 2 Digit and Sectoral Levels,4,unexplained,,1,base,1,,Annual indices of all-India Index of Industrial Production at NIC (2008) 2 digit and Sectoral levels from 2012-13 to 2016-17 | Annual Indices of all-India Index of Industrial Production with base 2011-12 at NIC (2008) 2 Digit and Sectoral Levels from 2012-13 to 2019-20
Monthly Indices of All India Index of Industrial Production (IIP) with base year 2011-12 at NIC (2008) 2 Digit & Sectoral levels from April-2012 to March (schema 1),6,unexplained,,1,iip,1,,Monthly indices of all India Index of Industrial Production with base 2011-12 at NIC (2008) 2 Digit and Sectoral Levels from April 2012 to July 2020 | Monthly Indices of all India Index of Industrial Production (IIP) with base year 2011-12 at NIC (2008) 2 Digit & Sectoral levels from April 2012 to May 2021
State Level Consumer Price Index (Rural/Urban) Up to July (schema 3),2,unexplained,,1,sept,0,,"State Level Consumer Price Index (Rural/Urban)  upto Sept., 2023 | State Level Consumer Price Index (Rural/Urban)  upto Oct., 2023"
Foreign Tourist Arrivals (FTAs) in India through Major Ports (schema 1),3,unexplained,,1,ftas,1,,Foreign Tourist Arrivals in India through major ports from 2001 to 2018 | Foreign Tourist Arrivals (FTAs) in India through major ports from 2001 to 2019
Number of Approved Travel Trade Service Provider in the Country,2,unexplained,,1,31st,0,year,"Number of Approved Travel Trade Service Provider in the country during 2018 | Number of Approved Travel Trade Service Provider in the Country during 2020, as on 31st December 2020"
Month wise Fee from tourism (US Doller Billion) (schema 1),2,unexplained,,1,dollor,1,,Month-wise fee from tourism (US$ Billion) in India from 2017 to 2019 | Month-wise fee from tourism (us dollor billion) in India during 2018 -2020 
International Tourism Receipts and India's Share and Rank (schema 1),3,unexplained,,1,s,1,,"International Tourism Receipts and Share of India and Rank from 2000 to 2019 | International Tourism Receipts and India s Share and Rank,2001-2020 "
Destination-wise Number of Indian Nationals Departures (schema 1),2,unexplained,,1,country,1,,"Destination Country-wise Number of Indian Nationals Departures from india from 2011 to 2018 | Destination-wise Number of Indian Nationals Departures from India, 2011-2019"
Visitors to Centrally Protected Ticketed Monuments (schema 1),2,unexplained,,1,asi,0,,Visitors to centrally Protected Ticketed monuments from 1996 to 2019-20 | Visitors To Centrally Protected Ticketed ASI Monuments from 1996 To 2021-22
State/UT wise Number of Recognized Travel Trade Service Provider in the Country (schema 1),2,unexplained,,1,31st,0,year,"State/UT-wise Number of Recognized Travel Trade Service provider in the Country during 2019 | State/UT wise Number of Recognized Travel Trade Service Provider in the Country during 2020, AS ON 31st December 2020"
Percentage Distribution of Destination Country wise Departures of Indian Nationals according to Gender (schema 1),2,unexplained,,1,indian,1,year,"Percentage Distribution of Destination Country wise Departures of India Nationals According to Age Group, 2020 | Percentage distribution of destination country wise departures of Indian Nationals according to age group 2021"
"State, UT & City-wise Distribution of Suicides by Means Adopted (schema 6)",2,unexplained,,1,ut,0,,State/UT-wise distribution of suicides by means adopted during 2001-2012 | State-wise distribution of suicides by means adopted during 2013
"State, UT & City-wise Educational Status of Suicide Victims (schema 3)",2,unexplained,,1,ut,0,,State/UT-wise educational status of suicide victim during 2001-2012 | State-wise educational status of suicide victim during 2013
State-wise profile of accidents by un-natural causes (schema 1),2,unexplained,,1,ut,0,,State/UT-wise profile of accidents by un-natural causes during 2001-2012 | State-wise profile of accidents by un-natural causes during 2013
"Main Workers, Marginal Workers, Non-Workers and Those Marginal Workers, Non-Workers Seeking/ Available for Work Classified by Educational Level and Sex",2,unexplained,,1,town,1,,"Main workers, Marginal workers, Non-workers and those marginal workers, non-workers seeking/available for work classified by age and sex, 2011 - CHANDIGARH | Main workers, Marginal workers, Non-workers and those marginal workers, non-workers seeking/available for work classified by age and sex, 2011 - Town"
Marital Status by Religious Community and Sex,4,unexplained,,1,nct,4,state,"Marital status by religious community and sex, 2001 - UTTARAKHAND | Marital status by religious community and sex, 2001 - NCT OF DELHI"
"Ever Married and Currently Married Population by Age at Marriage, Duration of Marriage and Religious Community",4,unexplained,,1,nct,4,state,"Ever married and currently married population by age at marriage, duration of marriage and religious community, 2001 - UTTARAKHAND | Ever married and currently married population by age at marriage, duration of marriage and religious community, 2001 - NCT OF DELHI"
"Ever Married and Currently Married Population by Age at Marriage, Duration of Marriage and Educational Level",4,unexplained,,1,nct,4,state,"Ever married and currently married population by age at marriage, duration of marriage and educational level, 2001 - UTTARAKHAND | Ever married and currently married population by age at marriage, duration of marriage and educational level, 2001 - NCT OF DELHI"
"Population Attending Educational Institutions by Age, Sex and Type of Educational Institution",5,"unexplained,geo_unnamed",,1,nct,5,,"Population attending educational institution by age, sex and type of educational institution, 2001 - INDIA | Population attending educational institution by age, sex and type of educational institution, 2001 - UTTARAKHAND"
"Households by size and number of female members seeking/available for work, 2011 - ANDAMAN & NICOBAR ISLAND",2,unexplained,,1,female,0,,"Households by size and number of members seeking/available for work, 2011 - ANDAMAN & NICOBAR ISLAND | Households by size and number of female members seeking/available for work, 2011 - ANDAMAN & NICOBAR ISLAND"
"State, UT & City-wise Distribution of Accidental Deaths by Natural Causes and Sex (schema 9)",2,unexplained,,1,un,0,,State-wise distribution of accidental deaths by natural causes during 2014 | State-wise distribution of accidental deaths by un-natural causes during 2014
Cases Reported and Value of Property Stolen by Place of Occurrence (schema 1),7,unexplained,,1,number,0,year,Number of Cases Reported and value of Property Stolen by Place of Occurrence during 1999 | Number of Cases reported and value of property stolen by place of occurrence during 1997
State/UT-wise Juveniles Apprehended under different IPC Crimes (schema 8),2,unexplained,,1,ipc,0,year,"State, UT & City wise Juveniles Apprehended under Different Crimes during 1999 | Juveniles Apprehended under different IPC Crimes during 2000 (State ,UT & city -wise )"
Persons Arrested Per Case Under IPC And SLL Crimes (schema 3),2,unexplained,,1,sll,0,,Persons Arrested Per Case Under IPC and crimes during 1995-1999 | Persons Arrested Per Case under IPC & SLL Crimes from 1994 to 1998
State/UT-wise Deaths of Persons Not Remanded To Police Custody by Court in Police Custody/Lockup (schema 3),2,unexplained,,1,not,0,year,Deaths in police Custody /lockup during 1999 (of Persons Remanded to Police Custody by Court) | Deaths in police Custody /lockup during 1999 (of Persons not  Remanded to Police Custody by Court)
Event-wise Persons Killed or Injured in Police Firing (schema 1),12,unexplained,,1,under,0,year,Event Wise Persons Killed or Injured Under police Firing during 1999 | Event-wise Persons Killed or Injured under Police Firing during 1998
State/UT-wise Deaths of Persons Not Remanded To Police Custody by Court in Police Custody/Lockup (schema 4),2,unexplained,,1,not,0,year,Deaths in police Custody / lockup (of Persons not Remanded to Police Custody by Court) during 2000 | Deaths in police Custody / lockup (of Persons Remanded to Police Custody by Court) during 2000
Village Amenities for Jammu District of Jammu Kashmir,2,unexplained,,1,kargil,0,,"Village Amenities for Jammu District of Jammu Kashmir, 2011 | Village Amenities for Kargil District of Jammu Kashmir, 2011"
"State, UT & City-Wise Police personnel killed or injured on duty (schema 3)",6,unexplained,,1,or,0,year,"State, UT & City-Wise Police Personnel Killed, Injured on Duty during 1996 | State, UT & City-wise Police Personnel Killed or Injured on Duty during 1990"
District-wise Crimes committed against Children (schema 1),2,unexplained,,1,area,0,,District-wise Crimes committed against Children during 2014 | District/ Area-wise Crimes committed against Children during 2015
District-wise Crimes committed against Women,2,unexplained,,1,area,0,,District-wise Crimes committed against Women during 2014 | District/ Area-wise Crimes committed against Women during 2015
"State, UT & City-wise Incidence (I) & Volume (V) of Cognizable Crimes (IPC) under different Crime Heads (schema 2)",3,unexplained,,1,crimes,0,year,"State, UT & City-wise Incidence (I) & Volume (V) of Cognizable Crimes (LSL) under different Crime Heads during 1990 | State, UT & City-wise Incidence (I) & Volume (V) of Cognizable Crime (LSL) under different Crime Heads during 1988"
"State, UT & City-wise Juvenile Delinquency (IPC) under different Crime Heads (schema 1)",4,unexplained,,1,cases,0,year,"State, UT & City-wise Juvenile Delinquency (IPC) under different Crime Heads during 1990 | State, UT & City-wise Juvenile Delinquency Cases (IPC) under different Crime Heads during 1988"
All-India level Value of Property Stolen & Recovered and Percentage Recovery (schema 1),8,unexplained,,1,ad,1,,All-India level Value of Property Stolen & Recovered and Percentage Recovery during from 1980 to 1990 | All-India level Value of Property Stolen & Recovered and Percentage Recovery during from 1982 to 1992
All-India level Nature of Property-wise Value of Property Stolen & Recovered and Percentage Recovery (schema 2),2,unexplained,,1,wise,1,year,All-India level Nature of Property-wise Value of Property Stolen & Recovered and Percentage Recovery during 1990 | All India level Value of Property Stolen & Recovered and Percentage Recovery by Nature of Property during 1991
All-India level Rank-wise Police Personnel Killed or Injured on Duty (schema 1),6,unexplained,,1,wise,1,year,All-India level Rank-wise Police Personnel Killed or Injured on Duty during 1990 | All-India level Rank-wise Police Personnel Killed or Injured on Duty during 1994
All-India level Event-wise Persons Killed or Injured under Police Firing (schema 1),4,unexplained,,1,wise,1,year,All-India level Event-wise Persons Killed or Injured under Police Firing during 1990 | All-India level Event-wise Persons Killed or Injured under Police Firing during 1992
All India level Percentage of Disposal of Cases under IPC by the Courts (schema 1),14,unexplained,,1,crime,1,,All India level Percentage of Disposal of Cases under IPC by the Courts during 1987 | All India level Percentage of Disposal of Cases under IPC by the Courts during 1986
All India level Property Stolen and Recovered by Category of Offences (schema 2),7,unexplained,,1,value,1,year,All India level Value of Property Stolen and Recovered by Category of Offences during 1987 | All India level Property Stolen and Recovered by Category of Offences during 1986
"State, UT & City-wise Number of Victims under Different Age Groups for the Crime Head 'Rape' (schema 1)",15,unexplained,,1,number,0,year,"State, UT & City-wise Number of Victims under different Age Groups for the Crime Head 'Rape' during 1987 | State, UT & City-wise Number of Victims under Different Age Groups for the Crime Head 'Rape' during 1986"
"All India level Incidence of Crime, Volume of Crime Per Lakh of Population and Percentage Variation during 1987 over 1977, over Quinquennial Average of 1982 to 1986 and over (schema 1)",6,unexplained,,1,one,1,,"All India level Incidence of Crime, Volume of Crime Per One Lakh of Population from 1976 to 1986 and Percentage Variation in 1986 Over 1976, Over Quinquennial Average of 1981 to 1985 and Over 1985 | All India level Incidence of Crime, Volume of Crime Per One Lakh of Population from 1975 to 1985 and Percentage Variation during 1985 over 1975, over Quinquennial Average of 1980 to 1984 and over 1984"
"All India level Total Cognizable Crime under IPC, Juvenile Crime under IPC, Proportion of Juvenile Crime to Total Crime and Volume of Juvenile Crime Per One Lakh of Population (schema 1)",7,unexplained,,1,one,1,,"All India level Total Cognizable Crime under IPC, Juvenile Crime under IPC, Proportion of Juvenile Crime to Total Crime and Volume of Juvenile crime Per One Lakh of Population from 1976 to 1986 | All India level Total Cognizable Crime under IPC, Juvenile Crime under IPC, Proportion of Juvenile Crime to Total Crime and Volume of Juvenile Crime Per One Lakh of Population from 1975 to 1985"
"State, UT & City-Wise Police personnel killed or injured on duty (schema 2)",8,unexplained,,1,number,0,year,"State, UT & City-wise Number of Police Personnel Killed or Injured on Duty during 1986 | State, UT & City-wise Number of Police Personnel Killed or Injured on Duty during 1985"
"State, UT & City-wise Juvenile Delinquency under Important Heads of Local and Special Laws (schema 2)",3,unexplained,,1,under,0,year,"State, UT & City-wise Juvenile Delinquency for Important Heads of Local & Special Laws during 1985 | State, UT & City-wise Juvenile Delinquency under Important Heads of Local and Special Laws during 1984"
All India level Property Stolen and Recovered by Category of Offences (schema 3),3,unexplained,,1,value,1,year,All India level Value of Property Stolen and Recovered by Category of Offences during 1984 | All India level Property Stolen and Recovered by Category of Offences during 1983
"State, UT & City-Wise Number of Burglary Cases Reported and Value of Property Stolen by Place of Occurrence (schema 11)",4,unexplained,,1,number,0,year,"State, UT & City-wise Number of Cases Reported and Value of Property Stolen under Robbery by Place of Occurrence during 1983 | State, UT & City-wise Number of Cases Reported and Value of Property Stolen under Robbery by Place of Occurrence during 1982"
"State, UT & City-Wise Persons Arrested under IPC Crime by Sex (schema 1)",10,unexplained,,1,crime,0,year,"State, UT & City-wise Persons Arrested under IPC by Sex during 1982 | State, UT & City-wise Persons Arrested under IPC Crime by Sex during 1981"
All India level Juvenile Crime under Local and Special Laws (schema 1),4,unexplained,,1,cases,1,,All India level Juvenile Crime Cases under Local and Special Laws during 1981 & 1982 | All India level Juvenile Crime under Local and Special Laws during 1981
"State, UT & City-wise Persons Arrested for Cognizable Crimes under IPC and their Percentage Variation (schema 1)",8,unexplained,,1,committing,0,,"State, UT & City-wise Persons Arrested for Committing Cognizable Crimes under IPC during 1979 & 1980 and their Percentage Variation | State, UT & City-wise Persons Arrested for Committing Cognizable Crimes under IPC and their Percentage Variation during 1978 & 1979"
"State, UT & City-wise Incidence of Crime Total Cognizable Crime from 1959 to 1964 Alongwith Percentage Variation (schema 5)",2,unexplained,,1,their,0,,"State, UT & City-wise Incidence of Total Cognizable Crime from 1974 to 1979 Along with their Percentage Variation | State, UT & City-wise Incidence of Total Cognizable Crime from 1973 to 1978 Along with Percentage Variation"
"State, UT & City-Wise Persons Killed or Injured under Police Firing (schema 3)",2,unexplained,,1,or,0,year,State & UT-wise Persons Killed or Injured in Police Firing During 2015 | State/UT-wise Persons Killed and Injured (Police Firing) during 2016
State & UT-wise Persons Killed or Injured in Police Lathi-Charge,2,unexplained,,1,or,0,year,State & UT-wise Persons Killed or Injured in Police Lathi-Charge During 2015 | State/UT-wise Persons Killed and Injured (Police Lathi Charge) during 2016
"State, UT & City-wise Juvenile Delinquency under Important Heads of Local and Special Laws (schema 3)",2,unexplained,,1,crime,0,year,"State, UT & City-wise Juvenile Delinquency under Important Heads of Local and Special Laws during 1973 | State, UT & City-wise Juvenile Delinquency under Important Heads of Crime under Local and Special Laws during 1972"
"All India Level Number of Jails, Capacity, Population and Occupancy Rate in the Country at the end (schema 2)",5,unexplained,,1,country,1,year,"All India level Number of Jails, Capacity, Population and Occupancy Rate at the end of 2015 | All India Level Number of Jails, Capacity, Population and Occupancy Rate in the Country at the end of 2014"
All India Level Incidence and Volume of Accidental Deaths (schema 2),5,unexplained,,1,indial,1,,All India level Incidence and Rate of Accidental Deaths from 1990 to 2000 | All India level Incidence and Rate of Accidental Deaths from 1989 to 1999
All India Level Incidence of Suicides by Means Adopted (schema 1),5,unexplained,,1,committing,1,year,All India level Incidence of Suicides by Means Adopted during 2000 | All India level Incidence of Suicides by Means Adopted during 1999
All India level Juveniles Apprehended by Age Group (schema 8),2,unexplained,,1,sex,1,year,All India level Juveniles Apprehended by Age Group and Sex during 1971 | All India level Juveniles Apprehended by Age Group from 1960 to 1971
"State, UT & City-wise Incidence of Crime Under Different Heads during 1966 and 1967 with Percentage Variation (schema 1)",3,unexplained,,1,different,0,,"State, UT & City-wise Incidence of Crime Under Heads during 1969 and 1970 with Percentage Variation | State, UT & City-wise Incidence of Crime Under Heads during 1968 and 1969 with Percentage Variation"
"State, UT & City-wise Property Stolen and Recovered by House-breaking and Thefts",2,unexplained,,1,under,0,year,"State, UT & City-wise Property Stolen and Recovered by House-breaking and Thefts during 1970 | State, UT & City-wise Property Stolen and Recovered under House-breaking and Thefts during 1969"
"State, UT & City-wise Property Stolen and Recovered - Criminal Breach of Trust (schema 1)",2,unexplained,,1,under,0,year,"State, UT & City-wise Property Stolen and Recovered by Criminal Breach of Trust during 1970 | State, UT & City-wise Property Stolen and Recovered under Criminal Breach of Trust during 1969"
"State, UT & City-wise Property Stolen and Recovered - Other Offences (schema 1)",2,unexplained,,1,under,0,year,"State, UT & City-wise Property Stolen and Recovered by Other Offences during 1970 | State, UT & City-wise Property Stolen and Recovered under Other Offences during 1969"
"State, UT & City-wise Property Stolen and Recovered - Total (Crime Head) (schema 1)",2,unexplained,,1,under,0,year,"State, UT & City-wise Property Stolen and Recovered - Total (Crime Head) during 1970 | State, UT & City-wise Property Stolen and Recovered under Total (Crime Head) during 1969"
State/UT & City-wise Cases Reported and Percentage Change in Traffic Accidents during 2020 Over (schema 1),2,unexplained,,1,over,0,,State/UT/City-wise Cases Reported and Percentage Change in Traffic Accidents during 2015 over 2014 | State/UT & City-wise Cases Reported in Traffic Accidents during 2018 & 2019 and percentage change
All India Level Incidence of Total Cognizable Crime,9,unexplained,,1,reported,1,,All India Level Incidence of Total Cognizable Crime reported from 1957 to 1961 | All India Level Incidence of Total Cognizable Reported Crime from 1956 to 1960
All India level Juveniles Apprehended by Age Group (schema 6),3,unexplained,,1,different,1,year,All India level Juveniles Apprehended under Age Groups during 1960 | All India level Juveniles Apprehended under different Age Groups during 1959
"State, UT & City-wise Percentage Distribution of Suicide by Causes",6,unexplained,,1,various,0,year,"State, UT & City-wise Percentage Distribution of Suicide by Causes during 1994 | State, UT & City-wise Percentage Distribution of Suicide by Causes during 1993"
"State, UT & City-wise Distribution of Accidental Deaths due to Other Causes (schema 2)",3,unexplained,,1,sex,0,year,"State, UT & City-wise Distribution of Accidental Deaths by Other Causes during 1991 | State, UT & City-wise Distribution of Accidental Deaths by Other Causes and Sex during 1990"
All India Level Incidence and Volume of Accidental Deaths (schema 1),9,unexplained,,1,volume,1,,All India Level Incidence and Volume of Accidental Deaths from 1978 to 1988 | All India Level Incidence and Volume of Accidental Deaths from 1977 to 1987
"State, UT & City-wise Distribution of Accidental Deaths by Sex (schema 3)",4,unexplained,,1,sex,0,year,"State, UT & City-wise Distribution of Accidental Deaths during 1988 | State, UT & City-wise Distribution of Accidental Deaths by Sex during 1987"
"State, UT & City-wise Distribution of Suicidal Deaths under different Causes with Percentage (schema 1)",2,unexplained,,1,under,0,year,"State, UT & City-wise Distribution of Suicidal Deaths under different Causes with Percentage to Total Deaths during 1986 | State, UT & City-wise Distribution of Suicidal Deaths by different Causes with Percentage to Total Deaths during 1985"
"State, UT & City-wise Number of Accidental Deaths due to Other Causes (schema 1)",3,unexplained,,1,due,0,year,"State, UT & City-wise Number of Accidental Deaths due to Other Causes during 1970 | State, UT & City-wise Number of Accidental Deaths due to Other Causes during 1969"
State & UT-wise Number of Complaints Received from NHRC & SHRC and their Disposal at the end (schema 1),8,unexplained,,1,end,0,year,State & UT-wise Number of complaints received from NHRC & SHRC and their disposal during 2014 | State & UT-wise Number of Complaints Received from NHRC & SHRC and their Disposal during 2013
All India Level Distribution of Different types of Female Inmates in the Country by Age group at the end (schema 1),12,unexplained,,1,female,1,year,All India Level Distribution of Different types of Inmates in the Country by Age-group at the end of 2013 | All India Level Distribution of Different types of Female Inmates in the Country by Age group at the end of 2013
All India Level Distribution of Different types of Female Inmates in the Country by Age group at the end (schema 2),2,unexplained,,1,female,1,year,All India Level Distribution of Different types of Inmates in the Country by Age-group at the end of 2012 | All India Level Distribution of Different types of Female Inmates in the Country by Age group at the end of 2012
State & UT-wise Demographic Particulars of Other Prisoners at the end,9,unexplained,,1,prisoners,0,year,State & UT-wise Demographic Particulars of Other Prisoners at the end of 2012 | State & UT-wise Demographic Particulars of Other Prisoners at the end of 2011
"All India Level Number of Jails, Capacity, Population and Occupancy Rate in the Country at the end (schema 1)",7,unexplained,,1,country,1,year,"All India Level Number of Jails, Capacity, Population and Occupancy Rate in the Country at the end of 2011 | All India Level Number of Jails, Capacity, Population and Occupancy Rate in the Country at the end of 2010"
All India Level Distribution of Female Inmates in the Country by Age group and Percentage Share at the end,6,unexplained,,1,female,1,year,All India Level Distribution of Inmates in the Country by Age Group and Percentage Share at the end of 2000 | All India Level Distribution of Female Inmates in the Country by Age group and Percentage Share at the end of 2000
State & UT-wise Percentage Distribution of Convicts to Total Convicts by Age-groups at the end (schema 2),3,unexplained,,1,indian,0,year,State & UT-wise Percentage of Convicts to Total Convicts by Age Groups at the end of 2000 | State & UT-wise Percentage of Indian Convicts to Total Convicts by Age Groups at the end of 1999
State & UT-wise Sanctioned and Actual Strength (Men+Women) of Jail Officials (schema 2),2,unexplained,,1,men,0,year,State & UT-wise Sanctioned and Actual Strength (Men+Women) of Jail Officials as on 31st December 2000 | State & UT-wise Sanctioned and Actual Strength Women Jail Officials as on 31st December 2000
State & UT-wise Incidence of Deaths of Female Inmates in Prisons (schema 2),2,unexplained,,1,female,0,year,State & UT-wise Incidence of Deaths of Inmates in Prisons during 1999 | State & UT-wise Incidence of Deaths of Female Inmates in Prisons during 1999
State & UT-wise Sanctioned and Actual Strength (Men+Women) of Jail Officials (schema 1),4,unexplained,,1,men,0,year,State & UT-wise Sanctioned and Actual Strength (Men+Women) of Jail Officials as on 31st December 1999 | State & UT-wise Sanctioned and Actual Strength Women Jail Officials as on 31st December 1999
State & UT-wise and Category-wise Capacity & Population in Jails by Type of Inmates (schema 1),2,unexplained,,1,wiseand,0,year,State & UT-wiseand Category-wise Capacity & Population in Jails by Type of Inmates during 1996 | State & UT-wise and Category-wise Capacity and Population in Jails by Type of Inmates during 1995
Crime Head-wise Disposal of Persons Arrested under Cyber Crime Cases (schema 1),3,unexplained,,1,cases,0,year,Crime Head-wise Disposal of Persons Arrested under Cyber Crime during 2016 | Crime Head-wise Disposal of Persons Arrested under Cyber Crime Cases during 2017
State/UT-wise Disposal of Persons Arrested under Human Trafficking (schema 1),4,unexplained,,1,number,0,year,State/UT-wise Disposal of Persons Arrested under Human Trafficking during 2016 | State/UT-wise Disposal of Persons Arrested under Human Trafficking during 2021
Nature of Property-wise Value of Property Stolen & Recovered and Percentage Recovery (schema 1),5,unexplained,,1,wise,0,year,"Value of Property Stolen, Recovered and Percentage Recovery by Nature of Property during 2008 | Nature of Property-wise Value of Property Stolen & Recovered and Percentage Recovery during 2010"
State/UT-wise Deaths of Persons Not Remanded To Police Custody by Court in Police Custody/Lockup (schema 1),18,unexplained,,1,not,0,year,State/UT-wise Deaths in Police Custody/Lockup during 2008 (Of Persons Remanded to Police Custody by Court) | State/UT-wise Deaths in Police Custody/Lockup during 2008 (Of Persons Not Remanded to Police Custody by Court)
"State, UT & City-Wise Persons Killed or Injured under Police Firing (schema 1)",8,unexplained,,1,under,0,year,State/UT-wise Persons Killed or Injured in Police Firing during 2008 | State/UT-wise Persons Killed or Injured in Police Firing during 2010
All-India level Incidence of Cases Registered and Persons Arrested under Cyber Crimes (IT Act + IPC Section),8,unexplained,,1,level,1,year,All India level Incidence of Cases registered and Persons Arrested under Cyber Crimes (IT Act + IPC Section) during 2008 | All India Incidence of Cases registered and Persons Arrested under Cyber Crimes (IT Act + IPC Section) during 2009
All-India level Person Arrested under Cyber Crime (IT Act + IPC Section) by Age Group,8,unexplained,,1,level,1,year,All India level Person Arrested under Cyber Crime (IT Act + IPC Section) by Age Group during 2008 | All India Person Arrested under Cyber Crime (IT Act + IPC Section) by Age Group during 2009
"All India Purpose-wise and Sex-wise Detail of Kidnapping & Abduction (Sec.363 to 369, 371 to 373 IPC) (schema 3)",2,unexplained,,1,level,1,year,"All India Purpose-wise and Sex-wise Detail of Kidnapping & Abduction (Sec.363 to 369, 371 to 373 IPC) during 2009 | All-India level Purpose-wise and Sex-wise Detail of Kidnapping & Abduction (Sec.363 to 369, 371 to 373 IPC) during 2010"
"State, UT & City-Wise Persons Killed or Injured under Police Firing (schema 4)",2,unexplained,,1,under,0,year,State/UT-wise Persons Killed or Injured in Police Firing during 2009 | State/UT-wise persons Killed or injured under Police Firing during 2003
State/UT-wise Statement of Cognizable Crimes Registered & their Disposal by Anti-Corruption and Vigilance Departments under Prevention of Corruption Act and Related Sections of IPC (schema 2),2,unexplained,,1,statement,0,,State/UT-wise Statement of Cognizable Crimes registered & their Disposal by Anti-Corruption and Vigilance Departments under Prevention of Corruption Act and related Sections of IPC during 2010 | State/UT-wise Cognizable Crimes Registered and their Disposal by Anti-Corruption and Vigilance Departments under Prevention of Corruption Act and Related Sections of IPC during 2007
Event-wise Persons Killed or Injured in Police Firing (schema 2),2,unexplained,,1,under,0,year,Event-wise Persons Killed or Injured in Police Firing during 2010 | Event-wise Persons Killed or Injured under Police Firing during 2001
State/UT-wise Deaths of Persons Not Remanded To Police Custody by Court in Police Custody/Lockup (schema 2),3,unexplained,,1,not,0,year,State/UT-wise Deaths in Police Custody/Lockup during 2011 (Of Persons Remanded to Police Custody by Court) | State/UT-wise Deaths in Police Custody/Lockup during 2011 (Of Persons Not Remanded to Police Custody by Court)
Juvenile Delinquency (IPC) under different Crime Heads from 1994 to 2004 & Various Percentage Changes in 2004 over (schema 1),3,unexplained,,1,over,0,,Juvenile Delinquency IPC under different Crime Heads from 1996 to 2006 & Various Percentage Changes in 2006 Over 1996 | Juvenile Delinquency (IPC) under different Crime Heads from 1998 to 2008 & Various Percentage Changes
State/UT & City-wise Person Arrested under IPC Section of Cyber Crime by Age Group (schema 2),3,unexplained,,1,city,0,year,State/UT & City-wise Person Arrested under IPC Section of Cyber Crime by Age Group during 2006 | State/UT & City-wise Person Arrested under IPC Section of Cyber Crime by Age Group during 2004
Percentage Disposal of Cases by Courts for Crimes Committed against Children (schema 1),2,unexplained,,1,during2004,0,year,Percentage Disposal of Cases by Courts for Crimes Committed against Children during2004 | Percentage Disposal of Cases by Courts for Crimes Committed against Children during 2002
State/UT-wise Statement of Cognizable Crimes Registered & their Disposal by Anti-Corruption and Vigilance Departments under Prevention of Corruption Act and Related Sections of IPC (schema 1),3,unexplained,,1,statement,0,,State/UT-wise Statement of Cognizable Crimes Registered & their Disposal by Anti-Corruption and Vigilance Departments under Prevention of Corruption Act and Related Sections of IPC during 2004 | State/UT-wise Statement of Cognizable Crimes Registered & their Disposal by Anti-Corruption and Vigilance Departments under Prevention of Corruption Act and Related Sections of IPC during 2005
State/UT-wise Statement of Persons Arrested in Cognizable Crime Cases under the Prevention of Corruption Act & Related Section of IPC (schema 1),4,unexplained,,1,statement,0,,State/UT-wise Statement of Persons Arrested in Cognizable Crime Cases under the Prevention of Corruption Act & Related Section of IPC during 2004 | State/UT-wise Statement of Persons Arrested in Cognizable Crime Cases under the Prevention of Corruption Act & Related Section of IPC during 2005
State/UT-wise No. of Police Stations by Strength of Personnel,4,unexplained,,1,no,0,year,State/UT-wise Police Stations by Strength of Personnel during 2004 | State/UT-wise Police Stations by Strength of personnel during 2002
State/UT-wise Cases and Value of Cultural Property (Including Antiques) Stolen and Recovered (schema 2),3,unexplained,,1,cases,0,year,State/UT-wise Cases and Value of Cultural Property (Including Antiques) Stolen and Recovered during 2005 | State/UT-wise Cases and Value of Cultural Property (Including Antiques) Stolen and Recovered during 2003
All India Purpose-wise and Sex-wise detail of Kidnapping & Abduction (schema 1),2,unexplained,,1,level,1,year,All India Level Purpose and Sex-Wise Detail of Kidnapping & Abduction during 2002 | All India Purpose-wise and Sex-wise detail of Kidnapping & Abduction during 2001
State/UT-wise Types of Prison Inmates (schema 1),4,unexplained,,1,fro,0,,State/UT-wise Types of Prison Inmates from 2015 to 2017 | State/UT-wise Types of Prison Inmates from 2014 to 2016
State/UT and Sex-wise Types of Prison Inmates in Central Jails (schema 1),4,unexplained,,1,central,0,year,"State/UT and Sex-wise Types of Prison Inmates in Central Jails as on 31st December, 2017 | State/UT and Sex-wise Types of Prison Inmates in District Jails as on 31st December, 2017"
Category-wise Indian & Foreign Female Inmates by Age group,4,unexplained,,1,female,0,year,"Category-wise Indian & Foreign Inmates by Age-group as on 31st December, 2017 | Category-wise Indian & Foreign Female Inmates by Age group as on 31st December, 2017"
State & UT-wise Number of Convicts by Type of Offences under Special and Local Laws at the end (schema 5),2,unexplained,,1,sll,0,year,"State/UT-wise Convicts by Type of Offences under Special and Local Laws (SLL) as on 31st December, 2017 | State/UT-wise Convicts by Type of Offences under Special and Local Laws as on 31st December, 2016"
State & UT-wise Number of Undertrial Prisoners by Type of Offences under Special and Local Laws at the end (schema 2),3,unexplained,,1,sll,0,year,"State/UT-wise Undertrial Prisoners by Type of Offences under Special and Local Laws (SLL) as on 31st December, 2017 | State/UT-wise Undertrial Prisoners by Type of Offences under Special and Local Laws as on 31st December, 2016"
State/UT-wise Period of Detention of Convicts in Jails due to Non-Payment of Fine Amount after Completion of their Sentence (schema 2),2,unexplained,,1,decemberm,0,,"State/UT-wise Period of Detention of Convicts in Jails due to Non-payment of Fine Amount after Completion of their Sentence as on 31st Decemberm, 2017 | State/UT-wise Period of Detention of Convicts in Jails due to Non-payment of Fine Amount after Completion of their Sentence as on 31st December 2016"
"All India Level Cause-wise Number of Accidents, Persons Injured and Died due to other Causes",3,unexplained,,1,cause,1,,"All India Level Causes-wise Number of Accidents, Persons Injured and Died due to Other Causes during 2016 | All India Level Cause-wise Number of Accidents, Persons Injured and Died due to other Causes during 2017"
"State/UT/City, Age and Gender-wise Distribution of Total Accidental Deaths (schema 2)",2,unexplained,,1,ut,0,year,"State/UT/City, Age and Gender-wise Distribution of Total Accidental Deaths during 2017 | City-wise Age and Gender Distribution of Total Accidental Deaths during 2022"
State/UT and Sex-wise Types of Prison Inmates in Central Jails (schema 2),2,unexplained,,1,central,0,,"State/UT and Sex-wise Types of Prison Inmates in Central Jails as on 31st December, 2018 | State/UT and Sex-wise Types of Prison Inmates in District Jails as on 31st December, 2018"
Purpose of Kidnapping and Abduction (Alive Victims) in Metropolitan Cities (schema 1),3,unexplained,,1,wise,0,year,Purpose-wise Kidnapping & Abduction (Alive Victims) in Metropolitan Cities during 2017 | Purpose-wise Kidnapping & Abduction (Alive Victims) in Metropolitan Cities during 2018
Crime Head-wise Court Disposal of Crime against Senior Citizen in Metropolitan Cities (schema 4),3,unexplained,,1,ipc,0,,Crime Head-wise Police Disposal of Crime against Senior Citizen in Metropolitan Cities during 2017 | Crime Head-wise Police Disposal of Crime against Senior Citizen in Metropolitan Cities during 2018
City-wise Economic Offence Cases - Loss of Property in Metropolitan Cities (schema 1),2,unexplained,,1,under,0,year,City-wise Economic Offence Cases and Loss of Property in Metropolitan Cities during 2017 | City-wise Economic Offence Cases under Loss of Property in Metropolitan Cities during 2018
Crime Head-wise Police Disposal of Crime against Senior Citizen under IPC (schema 1),2,unexplained,,1,under,0,,Crime Head-wise Police Disposal of Crime against Senior Citizen under IPC during 2017 | Police Disposal of Crime against Senior Citizen (IPC Crime Head-wise) during 2019
Crime Head-wise Court Disposal of Crime against Senior Citizen (schema 1),2,unexplained,,1,ipc,0,,Crime Head-wise Court Disposal of Crime against Senior Citizen during 2017 | IPC Crime Head-wise Court Disposal of Crime against Senior Citizen during 2019
Crime Head-wise Disposal of Persons under Crimes by Foreigners (schema 1),4,unexplained,,1,against,0,year,Crime Head-wise Disposal of Persons under Crimes against Foreginers during 2017 | Crime Head-wise Disposal of Persons under Crimes by Foreginers during 2017
State/UT-wise Human Trafficking Cases (IPC) (schema 1),3,unexplained,,1,ipc,0,,State/UT-wise Human Trafficking Cases (IPC) during 2017 | State/UT-wise Human Trafficking Cases (IPC) during 2018
State/UT-wise Total Missing and Traced Persons (schema 1),3,unexplained,,1,satate,0,,State/UT-wise Total Missing and Traced Persons during 2017 | State/UT-wise Total Missing and Traced Persons during 2018
"Crime Head, Age Group & Gender-wise Juveniles Apprehended - IPC Crimes & Juveniles in Conflict with Law - SLL Crimes",2,unexplained,,1,under,0,year,"Crime Head, Age Group & Gender-wise Juveniles Apprehended under IPC Crimes and Juveniles in Conflict with Law under SLL Crimes during 2018 | Crime Head, Age Group & Gender-wise Juveniles Apprehended - IPC Crimes & Juveniles in Conflict with Law - SLL Crimes during 2019"
State/UT-wise Jails Equipped with Video Conferencing Facility (schema 1),2,unexplained,,1,number,0,year,"State/UT-wise Jails Equipped with Video Conferencing Facility as on 31st December, 2020 | State/UT-wise Number of Jails Equipped with Video Conferencing Facility as on 31st December 2022"
State/UT-wise Rehabilitation and Other Support to Prisoners (schema 1),2,unexplained,,1,details,0,year,State/UT-wise Rehabilitation and Other Support to prisoners during 2020 | State/UT-wise Details of Rehabilitation and Other Support to Prisoners during 2023
State/UT-wise Period of Detention of Convicts in Jails due to Non-Payment of Fine Amount after Completion of their Sentence (schema 3),2,unexplained,,1,number,0,,State/UT-wise Period of Detention of Convicts in Jails due to Non-payment of Fine Amount after Completion of their Sentence as on 31st December 2020 | State/UT-wise Number of Period of Detention of Convicts in Jails due to Non-payment of Fine Amount after Completion of their Sentence as on 31st December 2022
State/UT-wise Percentage of Undertrial Prisoners by Duration of Confinement (schema 2),3,unexplained,,1,31st,0,year,State/UT-wise Percentage of Undertrial Prisoners by Duration of Confinement as on 31st December 2020 | State/UT-wise Percentage of Undertrial Prisoners by Duration of Confinement as on 31st December 2022
State/UT-wise Types of Inmates Suffering from Mental Illness (schema 2),2,unexplained,,1,number,0,year,"State/UT-wise Types of Inmates Suffering from Mental Illness as on 31st December, 2020 | State/UT-wise Number of Types of Inmates Suffering from Mental Illness as on 31st December 2022"
State/UT-wise Break-up of Natural Deaths (Illness) in Prisons (schema 1),2,unexplained,,1,number,0,year,State/UT-wise Break-up of Natural Deaths (Illness) in Prisons during 2020 | State/UT-wise Number of Break-up of Natural Deaths (Illness) in Prisons during 2022
State/UT-wise Un-Natural Deaths of Prisoners in Prisons (schema 2),2,unexplained,,1,number,0,year,State/UT-wise Un-Natural Deaths of prisoners in Prisons during 2020 | State/UT-wise Number of Un-Natural Deaths of prisoners in Prisons during 2022
State/UT-wise Mode of Murder of Prisoners by Inmates in Jails (schema 2),2,unexplained,,1,number,0,year,State/UT-wise Mode of Murder of Prisoners by Inmates in Jails during 2020 | State/UT-wise Number of Mode of Murder of Prisoners by Inmates in Jails during 2022
"State & UT-wise Capacity of Jails, Inmate Population and Occupancy Rate at the end (schema 21)",2,unexplained,,1,number,0,,"State/UT-wise Capacity, Inmate Population & Occupancy Rate of Jails from 2018 to 2020 | State/UT-wise Number of Capacity, Inmate Population & Occupancy Rate of Jails from 2020 to 2022"
"State/UT-wise Capacity for Male, Male Inmates & Male Occupancy Rate",2,unexplained,,1,number,0,,"State/UT-wise Capacity for Male, Male Inmates & Male Occupancy Rate from 2018 to 2020 | State/UT-wise Number of Capacity for Male, Male Inmates & Male Occupancy Rate from 2020 to 2022"
"State/UT-wise Capacity for Female, Female Inmates & Female Occupancy Rate (schema 1)",2,unexplained,,1,number,0,,"State/UT-wise Capacity for Female, Female Inmates & Female Occupancy Rate from 2018 to 2020 | State/UT-wise Number of Capacity for Female, Female Inmates & Female Occupancy Rate from 2020 to 2022"
"State/UT-wise Capacity for Transgender, Transgender Inmates & Transgender Occupancy Rate",2,unexplained,,1,number,0,,"State/UT-wise Capacity for Transgender, Transgender Inmates & Transgender Occupancy Rate from 2018 to 2020 | State/UT-wise Number of Capacity for Transgender, Transgender Inmates & Transgender Occupancy Rate from 2020 to 2022"
State & UT-wise Distribution of Convicted Prisoners in Different Jails at the end (schema 3),3,unexplained,,1,number,0,year,"State/UT-wise Distribution of Convicted Prisoners in Different Jails as on 31st December, 2020 | State/UT-wise Distribution of Convicted Prisoners in Different Jails as on 31st December, 2021"
State/UT-wise Convicts Confined for Capital Punishment & Life Imprisonment (schema 2),3,unexplained,,1,number,0,,State/UT-wise Convicts Confined for Capital Punishment & Life Imprisonment from 2018 to 2020 | State/UT-wise Convicts Confined for Capital Punishment & Life Imprisonment from 2019-2021
State/UT-wise Crimes Committed by Prison Staff against Prisoners (schema 2),2,unexplained,,1,number,0,year,State/UT-wise Crimes Committed by Prison Staff against Prisoners during 2020 | State/UT-wise Number of Crimes Committed by Prison Staff against Prisoners during 2022
"State & UT-wise Capacity of Jails, Inmate Population and Occupancy Rate at the end (schema 7)",2,unexplained,,1,number,0,year,"State/UT-wise Capacity, Inmate Population and Occupancy Rate of Jails as on 31st December, 2020 | State/UT-wise Number of Capacity, Inmate Population and Occupancy Rate of Jails as on 31st December 2022"
"State & UT-wise Capacity of Jails, Inmate Population and Occupancy Rate at the end (schema 8)",2,unexplained,,1,number,0,year,"State/UT-wise Jails-wise Capacity, Inmate Population and Occupancy Rate as on 31st December, 2020 | State/UT-wise Number of Jails Capacity, Inmate Population and Occupancy Rate as on 31st December 2022"
"State & UT-wise Capacity of Jails, Inmate Population and Occupancy Rate at the end (schema 15)",2,unexplained,,1,number,0,year,"State/UT-wise Capacity, Inmates Population and Occupancy Rate of Central Jails as on 31st December, 2020 | State/UT-wise Number of Capacity, Inmates Population and Occupancy Rate of Central Jails as on 31st December 2022"
"State & UT-wise Capacity of Jails, Inmate Population and Occupancy Rate at the end (schema 16)",2,unexplained,,1,number,0,year,"State/UT-wise Capacity, Inmates Population and Occupancy Rate of District Jails as on 31st December, 2020 | State/UT-wise Number of Capacity, Inmates Population and Occupancy Rate of District Jails as on 31st December 2022"
"State & UT-wise Capacity of Jails, Inmate Population and Occupancy Rate at the end (schema 20)",2,unexplained,,1,number,0,year,"State/UT-wise Capacity, Inmates Population and Occupancy Rate of Sub-Jails as on 31st December, 2020 | State/UT-wise Number of Capacity, Inmates Population and Occupancy Rate of Sub-Jails as on 31st December 2022"
"State/UT-wise Capacity, Inmates Population and Occupancy Rate of Borstal Schools (schema 2)",2,unexplained,,1,number,0,year,"State/UT-wise Capacity, Inmates Population and Occupancy Rate of Borstal Schools as on 31st December, 2020 | State/UT-wise Number of Capacity, Inmates Population and Occupancy Rate of Borstal Schools as on 31st December 2022"
"State & UT-wise Capacity of Jails, Inmate Population and Occupancy Rate at the end (schema 17)",2,unexplained,,1,number,0,year,"State/UT-wise Capacity, Inmates Population and Occupancy Rate of Open Jails as on 31st December, 2020 | State/UT-wise Number of Capacity, Inmates Population and Occupancy Rate of Open Jails as on 31st December 2022"
"State & UT-wise Capacity of Jails, Inmate Population and Occupancy Rate at the end (schema 19)",2,unexplained,,1,number,0,year,"State/UT-wise Capacity, Inmates Population and Occupancy Rate of Special Jails as on 31st December, 2020 | State/UT-wise Number of Capacity, Inmates Population and Occupancy Rate of Special Jails as on 31st December 2022"
"State & UT-wise Capacity of Jails, Inmate Population and Occupancy Rate at the end (schema 18)",2,unexplained,,1,number,0,year,"State/UT-wise Capacity, Inmates Population and Occupancy Rate of Other Jails as on 31st December, 2020 | State/UT-wise Number of Capacity, Inmates Population and Occupancy Rate of Other Jails as on 31st December 2022"
State/UT and Sex-wise Types of Prison Inmates in Central Jails (schema 3),2,unexplained,,1,central,0,,"State/UT-wise and Sex-wise Types of Prison Inmates in Central Jails as on 31st December, 2020 | State/UT-wise and Sex-wise Types of Prison Inmates in District Jails as on 31st December, 2020"
State/UT-wise Education Profile of Undertrial Prisoners (schema 2),2,unexplained,,1,number,0,year,"State/UT-wise Education Profile of Undertrial Prisoners as on 31st December, 2020 | State/UT-wise Number of Education Profile of Undertrial Prisoners as on 31st December 2022"
Indian-wise and Foreign-wise Female Inmates by Age group,2,unexplained,,1,female,0,,"Indian-wise and Foreign-wise Inmates by Age-group as on 31st December, 2020 | Indian-wise and Foreign-wise Female Inmates by Age group as on 31st December, 2020"
Crime Head-wise Disposal of Persons Arrested under Indian Penal Code (IPC) Crimes in Metropolitan Cities (schema 2),2,unexplained,,1,number,0,year,Crime Head-wise Disposal of Persons Arrested under Indian Penal Code (IPC) Crimes in Metropolitan Cities during 2021  | Crime Head-wise Number of Disposal of Persons Arrested under Indian Penal Code (IPC) Crimes in Metropolitan Cities during 2022
Crime Head-wise Disposal of Persons Arrested under Indian Penal Code (IPC) Crimes in Metropolitan Cities (schema 1),2,unexplained,,1,number,0,year,State/City-wise Disposal of Persons Arrested under Indian Penal Code (IPC) Crimes (in Metropolitan Cities) during 2021 | City-wise Number of Disposal of Persons Arrested under Indian Penal Code (IPC) Crimes in Metropolitan Cities during 2022
City-wise Number of Disposal of Persons Arrested under Indian Penal Code (IPC) and Special and Local Laws (SLL) Crimes in Metropolitan Cities,2,unexplained,,1,number,0,year,State/City-wise Disposal of Persons Arrested under Indian Penal Code and Special & Local Laws (IPC & SLL) Crimes (in Metropolitan Cities) during 2021 | City-wise Number of Disposal of Persons Arrested under Indian Penal Code (IPC) and Special and Local Laws (SLL) Crimes in Metropolitan Cities during 2022
Drug - Head-wise Seizures under Narcotic Drugs and Psychotropic Substances NDPS Act,2,unexplained,,1,details,0,year,Drug - Head-wise Seizures under Narcotic Drugs and Psychotropic Substances NDPS Act during 2021 | Drug Head-wise Details of Seizures under Narcotic Drugs and Psychotropic Substances (NDPS) Act during 2022
State/UT-wise Civilians Injured during Police Operations (schema 3),3,unexplained,,1,number,0,year,State/UT-wise Civilians Injured during Police Operations during 2021 | State/UT-wise Number of Civilians Injured during Police Operations during 2022
City-wise Education & Family Background of Juveniles Arrested in Metropolitan Cities (schema 2),2,unexplained,,1,number,0,,State/City-wise Education & Family Background of Juveniles Apprehended in Metropolitan Cities during 2021 | City-wise Number of Education and Family Background of Juveniles Apprehended in Metropolitan Cities during 2022
City-wise Crime against Senior Citizen (60 Years and Above) in Metropolitan Cities (schema 1),3,unexplained,,1,number,0,,State/City-wise Crime against Senior Citizen (60 Years & Above) in Metropolitan Cities from 2019 to 2021 | City-wise Number of Crime against Senior Citizen (60 Years & Above) in Metropolitan Cities from 2020 to 2022
Crime Head-wise Court Disposal of Crime against Senior Citizen in Metropolitan Cities (schema 5),2,unexplained,,1,ipc,0,,Crime Head-wise Police Disposal of Crime against Senior Citizen in Metropolitan Cities during 2021 | IPC Crime Head-wise Police Disposal of Crime against Senior Citizen in Metropolitan Cities during 2023
Crime Head-wise Disposal of Persons Arrested for Offences against State (schema 1),3,unexplained,,1,number,0,year,Crime Head-wise Disposal of Persons Arrested for Offences against State during 2021 | Crime Head-wise Number of Disposal of Persons Arrested for Offences against State during 2022
Arm Type-wise Arms Taken Away from Police/CAPFs by Extremists/Insurgents/Terrorists,2,unexplained,,1,wise,0,year,Arm Type-wise Arms Taken Away from Police/CAPFs by Extremists/Insurgents/Terrorists during 2021 | Arm-type Arms Taken Away from Police/CAPFs by Extremists/Insurgents/Terrorists during 2023
Category-wise Number of Arms Taken Away from Police/CAPFs by Extremists/Insurgents/Terrorists (schema 1),2,unexplained,,1,number,0,year,Category-wise Items Taken Away from Police/CAPFs by Extremists/Insurgents/Terrorists during 2021 | Category-wise Number of Items Taken Away from Police/CAPFs by Extremists/Insurgents/Terrorists during 2022
Category-wise Items Recovered from Extremists/Insurgents/Terrorists,2,unexplained,,1,number,0,year,Category-wise Items Recovered from Extremists/Insurgents/Terrorists during 2021 | Category-wise Number of Items Recovered from Extremists/Insurgents/Terrorists during 2022
Crime Head-wise Disposal of Persons Arrested under Environment Related Offences (schema 1),3,unexplained,,1,number,0,year,Crime Head-wise Disposal of Persons Arrested for Environment Related Offences during 2021 | Crime Head-wise Number of Disposal of Persons Arrested for Environment Related Offences during 2022
State/UT-wise Disposal of Cases and Persons Arrested for Crimes by Railway Protection Force (schema 2),2,unexplained,,1,details,0,year,State/UT-wise Disposal of Cases and Persons Arrested for Crimes by Railway Protection Force during 2021 | State/UT-wise Details of Disposal of Cases and Persons Arrested for Crimes by Railway Protection Force during 2022
Crime Head-wise Disposal of Persons Arrested for Crime against Foreigners (schema 1),3,unexplained,,1,details,0,year,Crime Head-wise Disposal of Persons Arrested for Crime against Foreigners during 2021 | Crime Head-wise Details of Disposal of Persons Arrested for Crime against Foreigners during 2022
State/UT-wise Police and Court Disposal of Cases of Human Trafficking (schema 2),3,unexplained,,1,number,0,year,State/UT-wise Police and Court Disposal of Cases of Human Trafficking during 2021 | State/Ut-wise Number of Police and Court Disposal of Cases of Human Trafficking during 2022
Crime Head-wise Disposal of Persons Arrested for Crime against Women (schema 2),3,unexplained,,1,number,0,year,Crime Head-wise Disposal of Persons Arrested for Crime against Women during 2021 | Crime Head-wise Number of Disposal of Persons Arrested for Crime against Women during 2022
"State/UT and Place of Occurrence-wise Number of Fire Accidents, Persons Injured and Died (schema 2)",2,unexplained,,1,cause,1,state,"Place of Occurrence-wise Number of Fire Accidents, Persons Injured and Died in India during 2021 | Cause-wise Place of Occurrence-wise Number of Fire Accidents, Persons Injured and Died in All India during 2022"
State/UT/City and Cause-wise Distribution of Road Accidents and Unmanned Railway Crossing Accidents (schema 2),2,unexplained,,1,number,1,"year,state",Cause-wise Distribution of Road Accidents and Unmanned Railway Crossing Accidents in India during 2021 | Cause-wise Number of Distribution of Road Accidents and Unmanned Railway Crossing Accidents in All India during 2022
"Clashes/Group Clashes (with use of Firearm) - incidences, injuries and deaths during the year",2,unexplained,,1,without,0,,"Clashes/Group Clashes (with use of Firearm) - incidences, injuries and deaths during the year 2021 | Clashes/Group Clashes (without use of Firearm) - incidences, injuries and deaths during the year 2021"
State & UT-wise Distribution of Undertrial Prisoners in Different Jails at the end (schema 3),2,unexplained,,1,number,0,year,"State/UT-wise Distribution of Undertrial Prisoners in Different Jails as on 31st December, 2021 | State/UT-wise Number of Distribution of Undertrial Prisoners in Different Jails as on 31st December 2022"
State/UT-wise Jail Breaks and Clashes/Group Clashes (with/without use of Firearm) reported,2,unexplained,,1,number,0,,State/UT-wise Jail Breaks and Clashes/Group Clashes (with/without use of Firearm) reported during 2019-2021 | State/UT-wise Number of Jail Breaks and Clashes/Group Clashes (with/without use of Firearm) Reported from 2020 to 2022
State/UT-wise Complaints Received from National Human Rights Commission (NHRC) and their disposal (schema 1),2,unexplained,,1,number,0,,State/UT-wise Complaints Received by National Human Rights Commission (NHRC) and their disposal during 2019-2021 | State/UT-wise Number of Complaints Received by National Human Rights Commission (NHRC) and their Disposal during 2020-2022
Crime Head-wise Disposal of Persons Arrested under Economic Offences (schema 2),2,unexplained,,1,number,0,year,Crime Head-wise Number of Disposal of Persons Arrested for Economic Offences during 2022 | Crime Head-wise Disposal of Persons Arrested for Economic Offences during 2023
State/UT-wise Offenders Relation to Victims of Rape (Section 376 IPC) (schema 1),2,unexplained,,1,number,0,,State/UT-wise Number of Offenders Relation to Victims of Rape (Section 376 IPC) during 2022 | State/UT-wise Offenders Relation to Victims of Rape (Section 376 IPC) during 2023
Crime Head-wise Police Disposal of Crime against Women (schema 2),2,unexplained,,1,number,0,,Crime Head-wise Number of Police Disposal of Crime against Women during 2022 | Crime Head-wise Police Disposal of Crime against Women during 2023
Crime Head-wise Police Disposal of Crime against Children (schema 2),2,unexplained,,1,number,0,,Crime Head-wise Number of Police Disposal of Crime against Children during 2022 | Crime Head-wise Police Disposal of Crime against Children during 2023
State/UT-wise Police Disposal of Crime against Children (schema 1),2,unexplained,,1,number,0,,State/UT-wise Number of Police Disposal of Crime against Children during 2022 | State/UT-wise Police Disposal of Crime against Children during 2023
Crime Head-wise Court Disposal of Crime against Children (schema 1),2,unexplained,,1,number,0,,Crime Head-wise Number of Court Disposal of Crime against Children during 2022 | Crime Head-wise Court Disposal of Crime against Children during 2023
State/UT-wise Court Disposal of Crime against Children (schema 1),2,unexplained,,1,number,0,,State/UT-wise Number of Court Disposal of Crime against Children during 2022 | State/UT-wise Court Disposal of Crime against Children during 2023
Crime Head-wise Disposal of Persons Arrested for Crime against Children (schema 3),2,unexplained,,1,number,0,year,Crime Head-wise Number of Disposal of Persons Arrested for Crime against Children during 2022 | Crime Head-wise Disposal of Persons Arrested for Crime against Children during 2023
State/UT-wise Offenders Relation to Child Victims of POCSO Act (Section 4 & 6) (schema 1),2,unexplained,,1,number,0,,State/UT-wise Number of Offenders Relation to Child Victims of POCSO Act (Section 4 and 6) during 2022 | State/UT-wise Offenders Relation to Child Victims of POCSO Act (Section 4 & 6) during 2023
"State/UT-wise Number of Clashes/Group Clashes (with use of Firearm) - Incidences, Injuries and Deaths (schema 2)",2,unexplained,,1,without,0,,"State/UT-wise Number of Clashes/Group Clashes (with use of Firearm) - Incidences, Injuries and Deaths during 2022 | State/UT-wise Number of Clashes/Group Clashes (without use of Firearm) - Incidences, Injuries and Deaths during 2022"
State/UT wise Details of Indian and Foreign Inmates by Age-group as on 31-12,2,unexplained,,1,female,0,,State/UT wise Details of Indian and Foreign Inmates by Age-group as on 31-12-2023 | State/UT-wise Details of Indian and Foreign Female Inmates by Age-group as on 31-12-2023
"State/UT-wise Number of Clashes/Group Clashes (with use of Firearm) - Incidences, Injuries and Deaths (schema 1)",2,unexplained,,1,without,0,,"State/UT-wise Number of Clashes/Group Clashes (with use of Firearm) Incidences, Injuries and Deaths during the year 2023 | State/UT-wise Number of Clashes/Group Clashes (without use of Firearm) Incidences, Injuries and Deaths during the year 2023"
State/UT-wise Types of Prison Inmates in Central Jails as on 31-12,2,unexplained,,1,central,0,,State/UT-wise Types of Prison Inmates in Central Jails as on 31-12-2023 | State/UT-wise Types of Prison Inmates in District Jails as on 31-12-2023
"Water quality of Lake, Pond & Tank (schema 1)",2,geo_unnamed,,0,,4,year,"Water quality of lake, pond & tank in Assam, Manipur, Meghalaya & Tripura - 2014 | Water quality of lake, pond & tank in Assam, Manipur, Meghalaya & Tripura - 2013"
"Village/Town-wise Primary Census Abstract, 2011 - Aurangabad District (schema 1)",578,geo_unnamed,,0,,25,district,"Village/Town-wise Primary Census Abstract, 2011 - Kupwara District of JAMMU & KASHMIR | Village/Town-wise Primary Census Abstract, 2011 - Badgam District of JAMMU & KASHMIR"
