exact_merge_group_id,exact_merge_group_name,ministry,catalog,n_rows,header_signature,sample_titles
243,"Number of Schools by Availability of Infrastructure and Facilities, School Management and School Category (UDISE plus)","Ministry of Education, Department of School Education and Literacy","Schools by Availability of Infrastructure and Facilities, School Management and School Category (UDISE plus)",4421,"Academic_Year,State_Code,State_Name,District_Code,District_Name,Block_Code,Udise_Block_Name,School_Category_Id,School_Category_Name,School_Management_Id,School_Management_Name,Location,School_Type_Id,School_Type,Total_Number_of_Schools,Building,Complete_Medical_Checkup,Computer_Available,Functional_Drinking_Water,Drinking_Water,Functional_Electricity,Functional_Boy_Toilet,Functional_Girl_Toilet,Functional_Toilet_Facility,Functional_Toilet_and_Urinal,Functional_Urinal,Functional_Urinal_Boy,Functi","Number of Schools by Availability of Infrastructure and Facilities, School Management and School Category in Andamans District of Andaman and Nicobar Islands (UDISE plus) during 2018-19 | Number of Schools by Availability of Infrastructure and Facilities, School Management and School Category in Nicobars District of Andaman and Nicobar Islands (UDISE plus) during 2018-19 | Number of Schools by Availability of Infrastructure and Facilities, School Management and School Category in Middle And North Andamans District of Andaman and Nicobar Islands (UDISE plus) during 2018-19"
245,"Number of Teachers by Gender, Academic Qualification, Professional Qualification, Classes Taught, School Category and School Management (UDISE plus)","Ministry of Education, Department of School Education and Literacy","Teachers by Gender, Academic Qualification, Professional Qualification, Classes Taught, School Category and School Management (UDISE plus)",2827,"Academic_Year,State_Code,State_Name,District_Code,District_Name,School_Management_Id,School_Management_Name,School_Category_Id,School_Category_Name,Academic_Qualification_Id,Academic_Qualification_Name,Professional_Qualification_Id,Professional_Qualification_Name,Only_Pre_Primary_Male,Only_Pre_Primary_Female,Pre_Primary_and_Primary_Male,Pre_Primary_and_Primary_Female,Only_Primary_Male,Only_Primary_Female,Primary_and_Upperprimary_Male,Primary_and_Upperprimary_Female,Only_Upperprimary_Male,Only_Up","Number of Teachers by Gender, Academic Qualification, Professional Qualification, Classes Taught, School Category and School Management in Andamans District of Andaman and Nicobar Islands (UDISE plus) during 2018-19 | Number of Teachers by Gender, Academic Qualification, Professional Qualification, Classes Taught, School Category and School Management in Nicobars District of Andaman and Nicobar Islands (UDISE plus) during 2018-19 | Number of Teachers by Gender, Academic Qualification, Professional Qualification, Classes Taught, School Category and School Management in Middle And North Andamans District of Andaman and Nicobar Islands (UDISE plus) during 2018-19"
238,"Enrolment by Location, School Management, School Category and Social Category (UDISE plus)","Ministry of Education, Department of School Education and Literacy","Enrolment by Location, School Management, School Category and Social Category (UDISE plus)",2781,"ac_year,state_code,state_name,district_code,district_name,block_code,block_name,sch_category_id,category_name,sch_mgmt_id,sch_mgmt_name,loc_name,caste_id,pre_primary_boys,pre_primary_girls,class_1_boys,class_2_boys,class_3_boys,class_4_boys,class_5_boys,class_6_boys,class_7_boys,class_8_boys,class_9_boys,class_10_boys,class_11_boys,class_12_boys,class_1_girls,class_2_girls,class_3_girls,class_4_girls,class_5_girls,class_6_girls,class_7_girls,class_8_girls,class_9_girls,class_10_girls,class_11_gi","Enrolment by Location, School Management, School Category and Social Category in Andamans District of Andaman and Nicobar Islands (UDISE plus) during 2017-18 | Enrolment by Location, School Management, School Category and Social Category in Nicobars District of Andaman and Nicobar Islands (UDISE plus) during 2017-18 | Enrolment by Location, School Management, School Category and Social Category in Middle And North Andamans District of Andaman and Nicobar Islands (UDISE plus) during 2017-18"
239,"Enrolment by Location, School Management, School Category and Social Category (UDISE plus)","Ministry of Education, Department of School Education and Literacy","Enrolment by Location, School Management, School Category and Social Category (UDISE plus)",1948,"ac_year,state_code,state_name,district_code,district_name,block_code,block_name,caste_id,caste_name,pre_primary_boys,pre_primary_girls,class_1_boys,class_2_boys,class_3_boys,class_4_boys,class_5_boys,class_6_boys,class_7_boys,class_8_boys,class_9_boys,class_10_boys,class_11_boys,class_12_boys,class_1_girls,class_2_girls,class_3_girls,class_4_girls,class_5_girls,class_6_girls,class_7_girls,class_8_girls,class_9_girls,class_10_girls,class_11_girls,class_12_girls","Enrolment by Location, School Management, School Category and Social Category in Andamans District of Andaman and Nicobar Islands (UDISE plus) during 2012-13 | Enrolment by Location, School Management, School Category and Social Category in Nicobars District of Andaman and Nicobar Islands (UDISE plus) during 2012-13 | Enrolment by Location, School Management, School Category and Social Category in Middle And North Andamans District of Andaman and Nicobar Islands (UDISE plus) during 2012-13"
237,"Enrolment by Location, School Management, School Category and Social Category (UDISE plus)","Ministry of Education, Department of School Education and Literacy","Enrolment by Location, School Management, School Category and Social Category (UDISE plus)",733,"ac_year,st_code,state_name,dt_code,district_name,block_cd,udise_block_name,loc_name,sch_category_id,tr_cat_name,school_category,sch_mgmt_id,sch_mgmt_name,caste_id,caste_name,pre_primary_boy,pre_primary_girl,class1_boy,class2_boy,class3_boy,class4_boy,class5_boy,class6_boy,class7_boy,class8_boy,class9_boy,class10_boy,class11_boy,class12_boy,class1_girl,class2_girl,class3_girl,class4_girl,class5_girl,class6_girl,class7_girl,class8_girl,class9_girl,class10_girl,class11_girl,class12_girl","Enrolment by Location, School Management, School Category and Social Category in Pune District of Maharashtra (UDISE plus) during 2019-20 | Enrolment by Location, School Management, School Category and Social Category in Andamans District of Andaman and Nicobar Islands (UDISE plus) during 2019-20 | Enrolment by Location, School Management, School Category and Social Category in Nicobars District of Andaman and Nicobar Islands (UDISE plus) during 2019-20"
242,"Number of Schools by Availability of Infrastructure and Facilities, School Management and School Category (UDISE plus)","Ministry of Education, Department of School Education and Literacy","Schools by Availability of Infrastructure and Facilities, School Management and School Category (UDISE plus)",733,"Academic_Year,State_Code,State_Name,District_Code,District_Name,Block_Code,Udise_Block_Name,Location,School_Category_Id,School_Category_Name,School_Management_Id,School_Management_Name,Total_Number_of_Schools,Building,Boundary_Wall,Single_Class_Room,Separate_Room_for_Headmaster,Land_Available,Electricity,Functional_Electricity,Solar_Panel,Furniture,Playground,Library_or_Reading_Corner_or_Book_Bank,Librarian,Newspaper,Kitchen_Garden,Boy_Toilet,Functional_Boy_Toilet,Girl_Toilet,Functional_Girl_Toi","Number of Schools by Availability of Infrastructure and Facilities, School Management and School Category in Andamans District of Andaman and Nicobar Islands (UDISE plus) during 2019-20 | Number of Schools by Availability of Infrastructure and Facilities, School Management and School Category in Nicobars District of Andaman and Nicobar Islands (UDISE plus) during 2019-20 | Number of Schools by Availability of Infrastructure and Facilities, School Management and School Category in Middle And North Andamans District of Andaman and Nicobar Islands (UDISE plus) during 2019-20"
244,"Number of Teachers by Gender, Academic Qualification, Professional Qualification, Classes Taught, School Category and School Management (UDISE plus)","Ministry of Education, Department of School Education and Literacy","Teachers by Gender, Academic Qualification, Professional Qualification, Classes Taught, School Category and School Management (UDISE plus)",733,"Academic_Year,State_Code,State_Name,District_Code,District_Name,Block_Code,Block_Name,School_Management_Id,School_Management_Name,School_Category_Id,School_Category_Name,Academic_Qualification_Id,Academic_Qualification_Name,Professional_Qualification_Id,Professional_Qualification_Name,Only_Pre_Primary_Male,Only_Pre_Primary_Female,Pre_Primary_and_Primary_Male,Pre_Primary_and_Primary_Female,Only_Primary_Male,Only_Primary_Female,Primary_and_Upperprimary_Male,Primary_and_Upperprimary_Female,Only_Upp","Number of Teachers by Gender, Academic Qualification, Professional Qualification, Classes Taught, School Category and School Management in Andamans District of Andaman and Nicobar Islands (UDISE plus) during 2019-20 | Number of Teachers by Gender, Academic Qualification, Professional Qualification, Classes Taught, School Category and School Management in Nicobars District of Andaman and Nicobar Islands (UDISE plus) during 2019-20 | Number of Teachers by Gender, Academic Qualification, Professional Qualification, Classes Taught, School Category and School Management in Middle And North Andamans District of Andaman and Nicobar Islands (UDISE plus) during 2019-20"
670,Town Amenities,"Ministry of Home Affairs, Department of Home, Registrar General and Census Commissioner, India","Town Amenities, Census 2011",608,"State Code,State Name,District Code,District Name,Sub District Code,Sub District Name,Town Code,Town Name,Total   Households ,Total Population of Town,Total Male Population of Town,Total Female Population of Town,Total Scheduled Castes Population of Town,Total Scheduled Castes  Male Population of Town,Total Scheduled Castes  Female Population of Town,Total Scheduled Tribes Population of Town,Total Scheduled Tribes  Male Population of Town,Total Scheduled Tribes  Female Population of Town,Referen","Town Amenities for Adilabad District of Andhra Pradesh, 2011 | Town Amenities for Anantapur District of Andhra Pradesh, 2011 | Town Amenities for Chittoor District of Andhra Pradesh, 2011"
671,Village Amenities,"Ministry of Home Affairs, Department of Home, Registrar General and Census Commissioner, India","Village Amenities, Census 2011",596,"State Code,State Name,District Code,District Name,Sub District Code,Sub District Name,Village Code,Village Name,CD Block Code,CD Block Name,Gram Panchayat Code,Gram Panchayat Name,Reference Year,Sub District Head Quarter Name,Sub District Head Quarter Distance in km,District Head Quarter Name,District Head Quarter Distance in km,Nearest Statutory Town Name,Nearest Statutory Town Distance in km,Within the State/UT Name,Within the State/UT Distance in km,Outside the State/UT if nearest one is not ","Village Amenities for Adilabad District of Andhra Pradesh, 2011 | Village Amenities for Anantapur District of Andhra Pradesh, 2011 | Village Amenities for Chittoor District of Andhra Pradesh, 2011"
423,Final Population Totals,"Ministry of Home Affairs, Department of Home, Registrar General and Census Commissioner, India","Final Population Totals, Census 2001 - India and States",593,"State Code,District Code,Tahsil/ SubDistrict Code,Town/ Village Code,Ward Code,Enumeration Block Code,Level,Name,Total/ Rural/ Urban,Total  Persons,Total  Males,Total  Females,Scheduled Caste  Persons,Scheduled Caste  Males,Scheduled Caste  Females,Scheduled Tribe  Persons,Scheduled Tribe  Males,Scheduled Tribe  Females","Final Population Totals for Kupwara District of Jammu & Kashmir, 2001 | Final Population Totals for Baramula District of Jammu & Kashmir, 2001 | Final Population Totals for Srinagar District of Jammu & Kashmir, 2001"
661,Primary Census Abstract,"Ministry of Home Affairs, Department of Home, Registrar General and Census Commissioner, India","Primary Census Abstract, Census 2001 - India and States",593,"State Code,District Code,SubDistt,Town/ Village Code,Ward Code,Enumeration Block Code,Level,Name,Total/ Rural/ Urban,No of Households,Total Population  Persons,Total Population  Males,Total Population  Females,Population in the Age Group 06  Persons,Population in the Age Group 06  Males,Population in the Age Group 06 Females,Scheduled Castes Population  Persons,Scheduled Castes Population  Males,Scheduled Castes Population  Females,Scheduled Tribes Population  Persons,Scheduled Tribes Population","Primary Census Abstract for Kupwara District of Jammu & Kashmir, 2001 | Primary Census Abstract for Baramula District of Jammu & Kashmir, 2001 | Primary Census Abstract for Srinagar District of Jammu & Kashmir, 2001"
634,"Population Attending Educational Institutions by Age, Sex and Type of Educational Institution","Ministry of Home Affairs, Department of Home, Registrar General and Census Commissioner, India","Population Attending Educational Institutions by Age, Sex and Type of Educational Institution (For Each Caste/Tribe Separately), Census 2001 - India and States",580,"Table Name,State Code,District Code,Scheduled Caste Code,Area Name,Scheduled Caste Name,Total/ Rural/ Urban,Age Group,Total  Persons,Total  Males,Total  Females,Population Attending Educational Institutions  Persons,Population Attending Educational Institutions  Males,Population Attending Educational Institutions  Females,Type of Educational Institution  School  Persons,Type of Educational Institution  School  Males,Type of Educational Institution  School  Females,Type of Educational Institution","Population Attending Educational Institutions by Age, Sex and Type of Educational Institution for Scheduled Caste (Each Caste Separately) for Kupwara District of Jammu & Kashmir, 2001 | Population Attending Educational Institutions by Age, Sex and Type of Educational Institution for Scheduled Caste (Each Caste Separately) for Baramula District of Jammu & Kashmir, 2001 | Population Attending Educational Institutions by Age, Sex and Type of Educational Institution for Scheduled Caste (Each Caste Separately) for Srinagar District of Jammu & Kashmir, 2001"
364,Educational Level by Age and Sex,"Ministry of Home Affairs, Department of Home, Registrar General and Census Commissioner, India","Educational Level by Age and Sex for Population Age 7 and Above (For Each Caste/Tribe Separately), Census 2001 - India and States",578,"Table Name,State Code,District Code,SC Code,Area Name,Name of the Scheduled Caste,Total/ Rural/ Urban,Total  Persons,Total  Males,Total  Females,Illiterate  Persons,Illiterate  Males,Illiterate  Females,Literate  Persons,Literate  Males,Literate  Females,Educational level  Literate without educational level  Persons,Educational level  Literate without educational level  Males,Educational level  Literate without educational level  Females,Educational level  Below primary  Persons,Educational leve","Educational Level by Age and Sex for Population Age 7 and Above for Scheduled Caste (Each Caste Separately) for Kupwara District of Jammu & Kashmir, 2001 | Educational Level by Age and Sex for Population Age 7 and Above for Scheduled Caste (Each Caste Separately) for Baramula District of Jammu & Kashmir, 2001 | Educational Level by Age and Sex for Population Age 7 and Above for Scheduled Caste (Each Caste Separately) for Srinagar District of Jammu & Kashmir, 2001"
366,Educational Level by Age and Sex,"Ministry of Home Affairs, Department of Home, Registrar General and Census Commissioner, India","Educational Level by Age and Sex for Population Age 7 and Above (For Each Caste/Tribe Separately), Census 2001 - India and States",543,"Table Name,State Code,District Code,ST Code,Area Name,ST Name,Total/ Rural/ Urban,Total  Persons,Total  Males,Total  Females,Illiterate  Persons,Illiterate  Males,Illiterate  Females,Literate  Persons,Literate  Males,Literate  Females,Educational level Literate without educational level  Persons,Educational level  Literate without educational level  Males,Educational level  Literate without educational level  Females,Educational level  Below primary  Persons,Educational level  Below primary  Mal","Educational Level by Age and Sex for Population Age 7 and Above for Scheduled Tribe (Each Tribe Separately) for Kupwara District of Jammu & Kashmir, 2001 | Educational Level by Age and Sex for Population Age 7 and Above for Scheduled Tribe (Each Tribe Separately) for Baramula District of Jammu & Kashmir, 2001 | Educational Level by Age and Sex for Population Age 7 and Above for Scheduled Tribe (Each Tribe Separately) for Srinagar District of Jammu & Kashmir, 2001"
635,"Population Attending Educational Institutions by Age, Sex and Type of Educational Institution","Ministry of Home Affairs, Department of Home, Registrar General and Census Commissioner, India","Population Attending Educational Institutions by Age, Sex and Type of Educational Institution (For Each Caste/Tribe Separately), Census 2001 - India and States",543,"Table Name,State Code,District Code,ST Code,Area Name,ST Name,Total/ Rural/ Urban,Age group,Total  Persons,Total  Males,Total  Females,Population attending educational institutions  Persons,Population attending educational institutions  Males,Population attending educational institutions  Females,Type of educational institution  School  Persons,Type of educational institution  School  Males,Type of educational institution  School  Females,Type of educational institution  College  Persons,Type of","Population Attending Educational Institutions by Age, Sex and Type of Educational Institution for Scheduled Tribe (Each Tribe Separately) for Kupwara District of Jammu & Kashmir, 2001 | Population Attending Educational Institutions by Age, Sex and Type of Educational Institution for Scheduled Tribe (Each Tribe Separately) for Baramula District of Jammu & Kashmir, 2001 | Population Attending Educational Institutions by Age, Sex and Type of Educational Institution for Scheduled Tribe (Each Tribe Separately) for Srinagar District of Jammu & Kashmir, 2001"
645,Population by Religious Community,"Ministry of Home Affairs, Department of Home, Registrar General and Census Commissioner, India","Population by Religious Community (For Each Caste/Tribe Separately), Census 2001 - India and States",543,"Table Name,State Code,District Code,ST Code,Area Name,ST Name,Religion,Total  Persons,Total  Males,Total  Females,Rural  Persons,Rural  Males,Rural  Females,Urban  Persons,Urban  Males,Urban  Females","Population by Religious Community for Scheduled Tribe (Each Tribe Separately) for Kupwara District of Jammu & Kashmir, 2001 | Population by Religious Community for Scheduled Tribe (Each Tribe Separately) for Baramula District of Jammu & Kashmir, 2001 | Population by Religious Community for Scheduled Tribe (Each Tribe Separately) for Srinagar District of Jammu & Kashmir, 2001"
470,"Main Workers Classified by Industrial Category, Age and Sex","Ministry of Home Affairs, Department of Home, Registrar General and Census Commissioner, India","Main Workers Classified by Industrial Category, Age and Sex, Census 1991 - India and States",483,"India/State/UT/CITY/U.A. Name,Total/Rural/Urban/CITY/U.A.,Age group,Total Population  Persons,Total Population  Males,Total Population  Females,Total Main Workers IIX  Males,Total Main Workers IIX  Females,Industrial Category of Main Workers  I  Males,Industrial Category of Main Workers  I  Females,Industrial Category of Main Workers  II  Males,Industrial Category of Main Workers  II  Females,Industrial Category of Main Workers  Va  Males,Industrial Category of Main Workers  Va  Females,Industri","Main Workers Classified by Industrial Category, Age and Sex, 1991 - Andhra Pradesh | Main Workers Classified by Industrial Category, Age and Sex for Srikakulam District of Andhra Pradesh, 1991 | Main Workers Classified by Industrial Category, Age and Sex for Vizianagaram District of Andhra Pradesh, 1991"
306,"Age, Sex and Educational level Population - All Areas","Ministry of Home Affairs, Department of Home, Registrar General and Census Commissioner, India","Age, Sex and Educational level Population, Census 1991 - India and States",483,"India/State/UT/CITY/U.A. Name,Age group,Total population  Persons,Total population  Males,Total population  Females,Illiterate  Males,Illiterate  Females,Literate without Educational Level  Non formal  Males,Literate without Educational Level  Non formal  Females,Literate without Educational Level  formal  Males,Literate without Educational Level  formal  Females,Educational Level  Primary  Males,Educational Level  Primary  Females,Educational Level  Middle  Males,Educational Level  Middle  Fema","Age, Sex and Educational level Population - All Areas, 1991 - Andhra Pradesh | Age, Sex and Educational level Population - All Areas for Srikakulam District of Andhra Pradesh, 1991 | Age, Sex and Educational level Population - All Areas for Vizianagaram District of Andhra Pradesh, 1991"
563,"Non Workers by Main Activity, Age and Sex","Ministry of Home Affairs, Department of Home, Registrar General and Census Commissioner, India","Non Workers by Main Activity, Age and Sex, Census 1991 - India and States",483,"India/State/UT/CITY/U.A. Name,Total/Rural/Urban/CITY/U.A.,Age group,Total  Persons,Total  Males,Total  Females,Main Activity  Household Duties  Males,Main Activity  Household Duties  Females,Main Activity  Students  Males,Main Activity  Students  Females,Main Activity  Dependents  Males,Main Activity  Dependents  Females,Main Activity  Retired Persons or Rentiers  Males,Main Activity  Retired Persons or rentiers  Females,Main Activity  Beggars Vagrants Etc.  Males,Main Activity  Beggars Vagrants","Non Workers by Main Activity, Age and Sex, 1991 - Andhra Pradesh | Non Workers by Main Activity, Age and Sex for Srikakulam District of Andhra Pradesh, 1991 | Non Workers by Main Activity, Age and Sex for Vizianagaram District of Andhra Pradesh, 1991"
545,"Marginal workers by Industrial Category, Age and Sex","Ministry of Home Affairs, Department of Home, Registrar General and Census Commissioner, India","Marginal workers by Industrial Category, Age and Sex, Census 1991 - India and States",483,"India/State/UT/CITY/U.A. Name,Total/Rural/Urban/CITY/U.A.,Age Group,Total  Persons,Total  Males,Total  Females,Industrial Category of Marginal Workers  I  Males,Industrial Category of Marginal Workers  I  Females,Industrial Category of Marginal Workers  II  Males,Industrial Category of Marginal Workers  II  Females,Industrial Category of Marginal Workers  III  Males,Industrial Category of Marginal Workers  III  Females,Industrial Category of Marginal Workers  IV  Males,Industrial Category of Mar","Marginal workers by Industrial Category, Age and Sex, 1991 - Andhra Pradesh | Marginal workers by Industrial Category, Age and Sex for Srikakulam District of Andhra Pradesh, 1991 | Marginal workers by Industrial Category, Age and Sex for Vizianagaram District of Andhra Pradesh, 1991"
489,"Main Workers other than Cultivators and Agricultural Labourers Classified by Industrial Category, Educational Level and Sex","Ministry of Home Affairs, Department of Home, Registrar General and Census Commissioner, India","Main Workers other than Cultivators and Agricultural Labourers Classified by Industrial Category, Educational Level and Sex, Census 1991 - India and States",483,"India/State/UT/CITY/U.A. Name,Total/Rural/Urban/CITY/U.A.,Educational Level,Total  Males,Total  Females,Industrial Category of Main Workers  III  Males,Industrial Category of Main Workers  III  Females,Industrial Category of Main Workers  IV  Males,Industrial Category of Main Workers  IV  Females,Industrial Category of Main Workers  VA  Males,Industrial Category of Main Workers  VA  Females,Industrial Category of Main Workers  VB  Males,Industrial Category of Main Workers  VB  Females,Industrial","Main Workers other than Cultivators and Agricultural Labourers Classified by Industrial Category, Educational Level and Sex, 1991 - Andhra Pradesh | Main Workers other than Cultivators and Agricultural Labourers Classified by Industrial Category, Educational Level and Sex for Srikakulam District of Andhra Pradesh, 1991 | Main Workers other than Cultivators and Agricultural Labourers Classified by Industrial Category, Educational Level and Sex for Vizianagaram District of Andhra Pradesh, 1991"
488,"Main Workers other than Cultivators and Agricultural Labourers Classified by Industrial Category, Age and Sex","Ministry of Home Affairs, Department of Home, Registrar General and Census Commissioner, India","Main Workers other than Cultivators and Agricultural Labourers Classified by Industrial Category, Age and Sex, Census 1991 - India and States",483,"India/State/UT/CITY/U.A. Name,Total/Rural/Urban/CITY/U.A.,Age group,Total  Males,Total  Females,Industrial Category of Main Workers  III  Males,Industrial Category of Main Workers  III  Females,Industrial Category of Main Workers  IV  Males,Industrial Category of Main Workers  IV  Females,Industrial Category of Main Workers  VA  Males,Industrial Category of Main Workers  VA  Females,Industrial Category of Main Workers  VB  Males,Industrial Category of Main Workers  VB  Females,Industrial Categor","Main Workers other than Cultivators and Agricultural Labourers Classified by Industrial Category, Age and Sex, 1991 - Andhra Pradesh | Main Workers other than Cultivators and Agricultural Labourers Classified by Industrial Category, Age and Sex for Srikakulam District of Andhra Pradesh, 1991 | Main Workers other than Cultivators and Agricultural Labourers Classified by Industrial Category, Age and Sex for Vizianagaram District of Andhra Pradesh, 1991"
478,"Main Workers Classified by Industrial Category, Educational Level and Sex","Ministry of Home Affairs, Department of Home, Registrar General and Census Commissioner, India","Main Workers Classified by Industrial Category, Educational Level and Sex, Census 1991 - India and States",483,"India/State/UT/CITY/U.A. Name,Total/Rural/Urban/CITY/U.A.,Educational Level,Total Population  Persons,Total Population  Males,Total Population  Females,Total Main Workers IIX  Males,Total Main Workers IIX  Females,Industrial Category of Main Workers  I  Males,Industrial Category of Main Workers  I  Females,Industrial Category of Main Workers  II  Males,Industrial Category of Main Workers  II  Females,Industrial Category of Main Workers  Va  Males,Industrial Category of Main Workers  Va  Females,","Main Workers Classified by Industrial Category, Educational Level and Sex, 1991 - Andhra Pradesh | Main Workers Classified by Industrial Category, Educational Level and Sex for Srikakulam District of Andhra Pradesh, 1991 | Main Workers Classified by Industrial Category, Educational Level and Sex for Vizianagaram District of Andhra Pradesh, 1991"
648,Population by Single Year Age Returns,"Ministry of Home Affairs, Department of Home, Registrar General and Census Commissioner, India","Population by Single Year Age Returns, Census 1991 - India and States",482,"India/State/UT/CITY/U.A. Name,Age,Total  Males,Total  Females,Rural  Males,Rural  Females,Urban  Males,Urban  Females","Population by Single Year Age Returns, 1991 - India | Population by Single Year Age Returns, 1991 - Andhra Pradesh | Population by Single Year Age Returns for Srikakulam District of Andhra Pradesh, 1991"
637,Population Attending School or College by Completed level of Education - Rural,"Ministry of Home Affairs, Department of Home, Registrar General and Census Commissioner, India","Population Attending School or College by Completed level of Education, Census 1991 - India and States",477,"India/State/UT/CITY/U.A. Name,Age group,Total population  Persons,Total population  Males,Total population  Females,Total persons attending school/college  Persons,Total persons attending school/college  Males,Total persons attending school/college  Females,Illiterate  Males,Illiterate  Females,Literate Without Educational Level  Non formal  Males,Literate Without Educational Level  Non formal  Females,Literate Without Educational Level  formal  Males,Literate Without Educational Level  formal  ","Population Attending School or College by Completed level of Education - Rural, 1991 - Andhra Pradesh | Population Attending School or College by Completed level of Education - Rural for Srikakulam District of Andhra Pradesh, 1991 | Population Attending School or College by Completed level of Education - Rural for Vizianagaram District of Andhra Pradesh, 1991"
483,"Main Workers by Age, Sex and Educational Level - Rural","Ministry of Home Affairs, Department of Home, Registrar General and Census Commissioner, India","Main Workers by Age, Sex and Educational Level, Census 1991 - India and States",477,"India/State/UT/CITY/U.A. Name,Total/Rural/Urban/CITY/U.A.,Educational Level in  Codes,Total  Persons,Total  Males,Total  Females,Agegroups  514  Males,Agegroups  514  Females,Agegroups  1519  Males,Agegroups 1519  Females,Agegroups  2024  Males,Agegroups  2024  Females,Agegroups  2529  Males,Agegroups  2529  Females,Agegroups  3034  Males,Agegroups  3034  Females,Agegroups  3539  Males,Agegroups  3539  Females,Agegroups  4049  Males,Agegroups  4049  Females,Agegroups  5059  Males,Agegroups  5059","Main Workers by Age, Sex and Educational Level - Rural, 1991 - Andhra Pradesh | Main Workers by Age, Sex and Educational Level - Rural for Srikakulam District of Andhra Pradesh, 1991 | Main Workers by Age, Sex and Educational Level - Rural for Vizianagaram District of Andhra Pradesh, 1991"
564,"Non Workers by Main Activity, Educational level and Sex","Ministry of Home Affairs, Department of Home, Registrar General and Census Commissioner, India","Non Workers by Main Activity, Educational level and Sex, Census 1991 - India and States",477,"India/State/UT/CITY/U.A. Name,Total/Rural/Urban/CITY/U.A., Educational Level,Total  Persons,Total  Males,Total  Females,Main Activity  Household Duties  Males,Main Activity  Household Duties  Females,Main Activity  Students  Males,Main Activity  Students  Females,Main Activity  Dependents  Males,Main Activity  Dependents  Females,Main Activity  Retired Persons or Rentiers  Males,Main Activity  Retired Persons or Rentiers  Females,Main Activity  Beggars Vagrants Etc.  Males,Main Activity  Beggars","Non Workers by Main Activity, Educational level and Sex, 1991 - Andhra Pradesh | Non Workers by Main Activity, Educational level and Sex for Srikakulam District of Andhra Pradesh, 1991 | Non Workers by Main Activity, Educational level and Sex for Vizianagaram District of Andhra Pradesh, 1991"
484,"Main Workers by Age, Sex and Educational Level - Urban","Ministry of Home Affairs, Department of Home, Registrar General and Census Commissioner, India","Main Workers by Age, Sex and Educational Level, Census 1991 - India and States",473,"India/State/UT/CITY/U.A. Name,Total/Rural/Urban/CITY/U.A.,Educational Level in Codes,Total  Persons,Total  Males,Total  Females,Agegroups  514  Males,Agegroups  514  Females,Agegroups  1519  Males,Agegroups  1519  Females,Agegroups  2024  Males,Agegroups  2024  Females,Agegroups  2529  Males,Agegroups  2529  Females,Agegroups  3034  Males,Agegroups  3034  Females,Agegroups  3539  Males,Agegroups  3539  Females,Agegroups  4049  Males,Agegroups  4049  Females,Agegroups  5059  Males,Agegroups  5059","Main Workers by Age, Sex and Educational Level - Urban, 1991 - Andhra Pradesh | Main Workers by Age, Sex and Educational Level - Urban for Srikakulam District of Andhra Pradesh, 1991 | Main Workers by Age, Sex and Educational Level - Urban for Vizianagaram District of Andhra Pradesh, 1991"
638,Population Attending School or College by Completed level of Education - Urban,"Ministry of Home Affairs, Department of Home, Registrar General and Census Commissioner, India","Population Attending School or College by Completed level of Education, Census 1991 - India and States",473,"India/State/UT/CITY/U.A. Name,Age group,Total population  Persons,Total population  Males,Total population  Females,Total persons attending school/college  Persons,Total persons attending school/college  Males,Total persons attending school/college  Females,Illiterate  Males,Illiterate  Females,Literate without educational level  Non formal  Males,Literate without educational level  Non formal  Females,Literate without educational level  Formal  Males,Literate without educational level  Formal  ","Population Attending School or College by Completed level of Education - Urban, 1991 - Andhra Pradesh | Population Attending School or College by Completed level of Education - Urban for Srikakulam District of Andhra Pradesh , 1991 | Population Attending School or College by Completed level of Education - Urban for Vizianagaram District of Andhra Pradesh , 1991"
307,"Age, Sex and Educational level Population - Urban","Ministry of Home Affairs, Department of Home, Registrar General and Census Commissioner, India","Age, Sex and Educational level Population, Census 1991 - India and States",473,"India/State/UT/CITY/U.A. Name,Age Group,Total Population  Persons,Total Population  Males,Total Population  Females,Illiterate  Males,Illiterate  Females,Literate Without Educational Level  Non Formal  Males,Literate Without Educational Level  Non Formal  Females,Literate Without Educational Level  Formal  Males,Literate Without Educational Level  Formal  Females,Educational Level  Primary  Males,Educational Level  Primary  Females,Educational Level  Middle  Males,Educational Level  Middle  Fema","Age, Sex and Educational level Population - Urban, 1991 - Andhra Pradesh | Age, Sex and Educational level Population - Urban for Srikakulam District of Andhra Pradesh, 1991 | Age, Sex and Educational level Population - Urban for Vizianagaram District of Andhra Pradesh, 1991"
445,Industrial Classification of Main and Marginal Workers,"Ministry of Home Affairs, Department of Home, Registrar General and Census Commissioner, India","Industrial Classification of Main and Marginal Workers in Manufacturing, Processing, Servicing and Repairs on Household Industry Basis by Sex and Class of Worker, Census 1991 - India and States",452,"India/State/UT/CITY/U.A. Name,Total/Rural/Urban/City/U.A.,Section and Division of N.I.C.,Total Workers  Main Workers  Males,Total Workers  Main Workers  Females,Total Workers  Marginal Workers  Males,Total Workers  Marginal Workers  Females,Employee  Main Workers  Males,Employee  Main Workers  Females,Employee  Marginal Workers  Males,Employee  Marginal Workers  Females,Single Worker  Main Workers  Males,Single Worker  Main Workers  Females,Single Worker  Marginal Workers  Males,Single Worker  M","Industrial Classification of Main and Marginal Workers in Manufacturing, Processing, Servicing and Repairs on Household Industry Basis by Sex and Class of Worker for Srikakulam District of Andhra Pradesh, 1991 | Industrial Classification of Main and Marginal Workers in Manufacturing, Processing, Servicing and Repairs on Household Industry Basis by Sex and Class of Worker for Vizianagaram District of Andhra Pradesh, 1991 | Industrial Classification of Main and Marginal Workers in Manufacturing, Processing, Servicing and Repairs on Household Industry Basis by Sex and Class of Worker for Visakhapatnam District of Andhra Pradesh, 1991"
503,"Main Workers, Marginal Workers, Non-workers and those Non-workers Seeking/ Available","Ministry of Home Affairs, Department of Home, Registrar General and Census Commissioner, India","Main Workers, Marginal Workers, Non-workers and those Non-workers Seeking/ Available for Work Classified by Age and Sex, Census 1991 - India and States",452,"India/State/UT/CITY/U.A. Name,Total/Rural/Urban/CITY/U.A.,Age group,Total Population  Persons,Total Population  Males,Total Population  Females,Main Workers  Persons,Main Workers  Males,Main Workers  Females,Marginal Workers  Persons,Marginal Workers  Males,Marginal Workers  Females,NonWorkers  Total  Persons,NonWorkers  Total  Males,NonWorkers  Total  Females,NonWorkers  Seeking/Available for work  Persons,NonWorkers  Seeking/Available for work  Males,NonWorkers  Seeking/Available for work  Fem","Main Workers, Marginal Workers, Non-workers and those Non-workers Seeking/ Available for Work Classified by Age and Sex for Srikakulam District of Andhra Pradesh, 1991 | Main Workers, Marginal Workers, Non-workers and those Non-workers Seeking/ Available for Work Classified by Age and Sex for Vizianagaram District of Andhra Pradesh, 1991 | Main Workers, Marginal Workers, Non-workers and those Non-workers Seeking/ Available for Work Classified by Age and Sex for Visakhapatnam District of Andhra Pradesh, 1991"
567,Non-Workers Seeking/Available,"Ministry of Home Affairs, Department of Home, Registrar General and Census Commissioner, India","Non-Workers Seeking/Available for work and those among them who Never worked before classified by Age, Sex and Educational level, Census 1991 - India and States",452,"India/State/UT/CITY/U.A. Name,Total/Rural/Urban/City/U.A.,Category of Work,Educational level,Total  Persons,Total  Males,Total  Females,Agegroup  514  Males,Agegroup  514  Females,Agegroup  1519  Males,Agegroup  1519  Females,Agegroup  2024  Males,Agegroup  2024  Females,Agegroup  2529  Males,Agegroup  2529  Females,Agegroup  3034  Males,Agegroup  3034  Females,Agegroup  35  Males,Agegroup  35  Females,Agegroup  Age not Stated  Males,Agegroup  Age not Stated  Females","Non-Workers Seeking/Available for work and those among them who Never worked before classified by Age, Sex and Educational level for Srikakulam District of Andhra Pradesh, 1991 | Non-Workers Seeking/Available for work and those among them who Never worked before classified by Age, Sex and Educational level for Vizianagaram District of Andhra Pradesh, 1991 | Non-Workers Seeking/Available for work and those among them who Never worked before classified by Age, Sex and Educational level for Visakhapatnam District of Andhra Pradesh, 1991"
385,"Ever Married and Currently Married Women belonging to Scheduled Castes by Present Age, Surviving Children and Total Surviving Children by Sex","Ministry of Home Affairs, Department of Home, Registrar General and Census Commissioner, India","Ever Married and Currently Married Women by Present Age, Surviving Children and Total Surviving Children by Sex, Census 1991 - India and States",442,"Country/ State/ UT Name,District Name,Caste Category,Total/ Rural/ Urban,Marital Status,Present Age,Total Ever/Currently Married Women,Ever/Currently Married Women with Number of Surviving Children  0,Ever/Currently Married Women with Number of Surviving Children  1,Ever/Currently Married Women with Number of Surviving Children  2,Ever/Currently Married Women with Number of Surviving Children  3,Ever/Currently Married Women with Number of Surviving Children  4,Ever/Currently Married Women with N","Ever Married and Currently Married Women belonging to Scheduled Castes by Present Age, Surviving Children and Total Surviving Children by Sex for Srikakulam District of Andhra Pradesh, 1991 | Ever Married and Currently Married Women belonging to Scheduled Castes by Present Age, Surviving Children and Total Surviving Children by Sex for Vizianagaram District of Andhra Pradesh, 1991 | Ever Married and Currently Married Women belonging to Scheduled Castes by Present Age, Surviving Children and Total Surviving Children by Sex for Visakhapatnam District of Andhra Pradesh, 1991"
371,"Ever Married Women by Age at Marriage, Currently Married Women by Age at Marriage and duration of Marriage Among Scheduled Castes","Ministry of Home Affairs, Department of Home, Registrar General and Census Commissioner, India","Ever Married Women by Age at Marriage, Currently Married Women by Age at Marriage and duration of Marriage, Census 1991 - India and States",442,"Country/State/UT Name,District Name,Caste Category,Total/Rural/Urban,Age at Marriage,No. of Ever Married Women,Duration of Marriage of Currently Married Women  04,Duration of Marriage of Currently Married Women  59,Duration of Marriage of Currently Married Women  1019,Duration of Marriage of Currently Married Women  2029,Duration of Marriage of Currently Married Women  3039,Duration of Marriage of Currently Married Women  4049,Duration of Marriage of Currently Married Women  50,All Durations","Ever Married Women by Age at Marriage, Currently Married Women by Age at Marriage and duration of Marriage Among Scheduled Castes for Srikakulam District of Andhra Pradesh, 1991 | Ever Married Women by Age at Marriage, Currently Married Women by Age at Marriage and duration of Marriage Among Scheduled Castes for Vizianagaram District of Andhra Pradesh, 1991 | Ever Married Women by Age at Marriage, Currently Married Women by Age at Marriage and duration of Marriage Among Scheduled Castes for Visakhapatnam District of Andhra Pradesh, 1991"
358,Distribution of Scheduled Tribe Population by Sex,"Ministry of Home Affairs, Department of Home, Registrar General and Census Commissioner, India","Distribution of Population by Sex, Census 1991 - India and States",442,"Country/State/UT Name,Tribe Category,Tribe SubCategory,Total/Rural/Urban,Population  Total,Population  Males,Population  Females","Distribution of Scheduled Tribe Population by Sex, 1991 - Andhra Pradesh | Distribution of Scheduled Tribe Population by Sex for Srikakulam District of Andhra Pradesh, 1991 | Distribution of Scheduled Tribe Population by Sex for Vizianagaram District of Andhra Pradesh, 1991"
621,"Scheduled Caste Population (Ages 5-19) by Single Year of Age, School Attendance and Economic Activity","Ministry of Home Affairs, Department of Home, Registrar General and Census Commissioner, India","Population (Ages 5-19) by Single Year of Age, School Attendance and Economic Activity, Census 1991 - India and States",442,"Country/State/UT Name,District Name,Caste Category,Total/Rural/Urban,Age,Population  Total,Population  Males,Population  Females,Attending School  Main Workers  Total,Attending School  Main Workers  Males,Attending School  Main Workers  Females,Attending School  Marginal Workers  Total,Attending School  Marginal Workers  Males,Attending School  Marginal Workers  Females,Attending School  Non Workers  Total,Attending School  Non Workers  Males,Attending School  Non Workers  Females,Not Attending ","Scheduled Caste Population (Ages 5-19) by Single Year of Age, School Attendance and Economic Activity for Srikakulam District of Andhra Pradesh, 1991 | Scheduled Caste Population (Ages 5-19) by Single Year of Age, School Attendance and Economic Activity for Vizianagaram District of Andhra Pradesh, 1991 | Scheduled Caste Population (Ages 5-19) by Single Year of Age, School Attendance and Economic Activity for Visakhapatnam District of Andhra Pradesh, 1991"
318,Currently Married Women belonging to Scheduled Castes by Present Age and Births during Last Year by Birth Order,"Ministry of Home Affairs, Department of Home, Registrar General and Census Commissioner, India","Currently Married Women by Present Age and Births during Last Year by Birth Order, Census 1991 - India and States",440,"Country/ State/ UT Name,District Name,Caste Category,Total/ Rural/ Urban,Present Age,Number of Currently Married Women,Number of Births Last Year,Last Years Births of order  1,Last Years Births of order  2,Last Years Births of order  3,Last Years Births of order  4,Last Years Births of order  5,Last Years Births of order  Not Stated","Currently Married Women belonging to Scheduled Castes by Present Age and Births during Last Year by Birth Order for Srikakulam District of Andhra Pradesh, 1991 | Currently Married Women belonging to Scheduled Castes by Present Age and Births during Last Year by Birth Order for Vizianagaram District of Andhra Pradesh, 1991 | Currently Married Women belonging to Scheduled Castes by Present Age and Births during Last Year by Birth Order for Visakhapatnam District of Andhra Pradesh, 1991"
356,Distribution of Scheduled Caste Population by Sex,"Ministry of Home Affairs, Department of Home, Registrar General and Census Commissioner, India","Distribution of Population by Sex, Census 1991 - India and States",438,"Country/State/UT,District,Caste Category,Caste SubCategory,Total/Rural/Urban,Population  Total,Population  Males,Population  Females","Distribution of Scheduled Caste Population by Sex for Srikakulam District of Andhra Pradesh, 1991 | Distribution of Scheduled Caste Population by Sex for Vizianagaram District of Andhra Pradesh, 1991 | Distribution of Scheduled Caste Population by Sex for Visakhapatnam District of Andhra Pradesh, 1991"
381,"Ever Married and Currently Married Women belonging to Scheduled Castes by Present Age, Parity and Total Children Ever Born by Sex","Ministry of Home Affairs, Department of Home, Registrar General and Census Commissioner, India","Ever Married and Currently Married Women by Present Age, Parity and Total Children Ever Born by Sex, Census 1991 - India and States",428,"Country/State/UT Name,District Name,Caste Category,Total/Rural/Urban,Marital Status,Present Age,Total Ever/Currently Married Women,Ever/Currently Married Women of Parity  0,Ever/Currently Married Women of Parity  1,Ever/Currently Married Women of Parity  2,Ever/Currently Married Women of Parity  3,Ever/Currently Married Women of Parity  4,Ever/Currently Married Women of Parity  5,Total Children Ever Born  Persons,Total Children Ever Born  Males,Total Children Ever Born  Females","Ever Married and Currently Married Women belonging to Scheduled Castes by Present Age, Parity and Total Children Ever Born by Sex for Srikakulam District of Andhra Pradesh, 1991 | Ever Married and Currently Married Women belonging to Scheduled Castes by Present Age, Parity and Total Children Ever Born by Sex for Vizianagaram District of Andhra Pradesh, 1991 | Ever Married and Currently Married Women belonging to Scheduled Castes by Present Age, Parity and Total Children Ever Born by Sex for Visakhapatnam District of Andhra Pradesh, 1991"
373,"Ever Married Women by Age at Marriage, Currently Married Women by Age at Marriage and duration of Marriage among Scheduled Tribes","Ministry of Home Affairs, Department of Home, Registrar General and Census Commissioner, India","Ever Married Women by Age at Marriage, Currently Married Women by Age at Marriage and duration of Marriage, Census 1991 - India and States",416,"Country/ State/ UT Name,District Name,Tribe Category,Total/ Rural/ Urban,Age at Marriage,Number of Ever Married Women,Duration of Marriage of Currently Married Women  04,Duration of Marriage of Currently Married Women  59,Duration of Marriage of Currently Married Women  1019,Duration of Marriage of Currently Married Women  2029,Duration of Marriage of Currently Married Women  3039,Duration of Marriage of Currently Married Women  4049,Duration of Marriage of Currently Married Women  50,Duration o","Ever Married Women by Age at Marriage, Currently Married Women by Age at Marriage and duration of Marriage among Scheduled Tribes for Srikakulam District of Andhra Pradesh, 1991 | Ever Married Women by Age at Marriage, Currently Married Women by Age at Marriage and duration of Marriage among Scheduled Tribes for Vizianagaram District of Andhra Pradesh, 1991 | Ever Married Women by Age at Marriage, Currently Married Women by Age at Marriage and duration of Marriage among Scheduled Tribes for Visakhapatnam District of Andhra Pradesh, 1991"
383,"Ever Married and Currently Married Women belonging to Scheduled Tribes by Present Age, Parity and Total Children Ever Born by Sex","Ministry of Home Affairs, Department of Home, Registrar General and Census Commissioner, India","Ever Married and Currently Married Women by Present Age, Parity and Total Children Ever Born by Sex, Census 1991 - India and States",415,"Country/ State/ UT Name,District Name,Tribe Category,Total/ Rural/ Urban,Marital Status,Present Age,Total Ever/ Currently Married Women,Ever/ Currently Married Women of Parity  0,Ever/ Currently Married Women of Parity  1,Ever/ Currently Married Women of Parity  2,Ever/ Currently Married Women of Parity  3,Ever/ Currently Married Women of Parity  4,Ever/ Currently Married Women of Parity  5,Total Children Ever Born  Persons,Total Children Ever Born  Males,Total Children Ever Born  Females","Ever Married and Currently Married Women belonging to Scheduled Tribes by Present Age, Parity and Total Children Ever Born by Sex for Srikakulam District of Andhra Pradesh, 1991 | Ever Married and Currently Married Women belonging to Scheduled Tribes by Present Age, Parity and Total Children Ever Born by Sex for Vizianagaram District of Andhra Pradesh, 1991 | Ever Married and Currently Married Women belonging to Scheduled Tribes by Present Age, Parity and Total Children Ever Born by Sex for Visakhapatnam District of Andhra Pradesh, 1991"
320,Currently Married Women belonging to Scheduled Tribes by Present Age and Births during Last Year by Birth order,"Ministry of Home Affairs, Department of Home, Registrar General and Census Commissioner, India","Currently Married Women by Present Age and Births during Last Year by Birth Order, Census 1991 - India and States",415,"Country/ State/ UT Name,District Name,Tribe Category,Total/ Rural/ Urban,Present Age,Number of Currently Married Women,Number of Births Last Year,Last Years Births of Order  1,Last Years Births of Order  2,Last Years Births of Order  3,Last Years Births of Order  4,Last Years Births of Order  5,Last Years Births of Order  Not Stated","Currently Married Women belonging to Scheduled Tribes by Present Age and Births during Last Year by Birth order for Srikakulam District of Andhra Pradesh, 1991 | Currently Married Women belonging to Scheduled Tribes by Present Age and Births during Last Year by Birth order for Vizianagaram District of Andhra Pradesh, 1991 | Currently Married Women belonging to Scheduled Tribes by Present Age and Births during Last Year by Birth order for Visakhapatnam District of Andhra Pradesh, 1991"
623,"Scheduled Tribes Population (Ages 5-19) by Single Year of Age, School Attendance and Economic Activity","Ministry of Home Affairs, Department of Home, Registrar General and Census Commissioner, India","Population (Ages 5-19) by Single Year of Age, School Attendance and Economic Activity, Census 1991 - India and States",415,"Country/ State/ UT Name,District Name,Tribe Category,Total/ Rural/ Urban,Age Group,Population  Total,Population  Males,Population  Females,Attending School  Main Workers  Total,Attending School  Main Workers  Males,Attending School  Main Workers  Females,Attending School  Marginal Workers  Total,Attending School  Marginal Workers  Males,Attending School  Marginal Workers  Females,Attending School  Non Workers  Total,Attending School  Non Workers  Males,Attending School  Non Workers  Females,Not ","Scheduled Tribes Population (Ages 5-19) by Single Year of Age, School Attendance and Economic Activity for Srikakulam District of Andhra Pradesh, 1991 | Scheduled Tribes Population (Ages 5-19) by Single Year of Age, School Attendance and Economic Activity for Vizianagaram District of Andhra Pradesh, 1991 | Scheduled Tribes Population (Ages 5-19) by Single Year of Age, School Attendance and Economic Activity for Visakhapatnam District of Andhra Pradesh, 1991"
663,Religion wise Population of Scheduled Tribes,"Ministry of Home Affairs, Department of Home, Registrar General and Census Commissioner, India","Religion wise Population, Census 1991 - India and States",374,"Country/ State/ UT Name,District Name,Tribe Category,Tribe SubCategory,Name of Religion,Rural  Total,Rural  Males,Rural  Females,Urban  Total,Urban  Males,Urban  Females","Religion wise Population of Scheduled Tribes for Srikakulam District of Andhra Pradesh, 1991 | Religion wise Population of Scheduled Tribes for Vizianagaram District of Andhra Pradesh, 1991 | Religion wise Population of Scheduled Tribes for Visakhapatnam District of Andhra Pradesh, 1991"
560,Mother Tongue wise Number of Speakers of Scheduled Tribes,"Ministry of Home Affairs, Department of Home, Registrar General and Census Commissioner, India","Mother Tongue wise Speakers, Census 1991 - India and States",373,"Country/ State/ UT Name,District Name,Tribe Category,Tribe SubCategory,Name of Mother Tongue,Number of Speakers  Rural  Total,Number of Speakers  Rural  Males,Number of Speakers  Rural  Females,Number of Speakers  Urban  Total,Number of Speakers  Urban  Males,Number of Speakers  Urban  Females","Mother Tongue wise Number of Speakers of Scheduled Tribes for Srikakulam District of Andhra Pradesh, 1991 | Mother Tongue wise Number of Speakers of Scheduled Tribes for Vizianagaram District of Andhra Pradesh, 1991 | Mother Tongue wise Number of Speakers of Scheduled Tribes for Visakhapatnam District of Andhra Pradesh, 1991"
617,Other Religions and Persuasions wise Population of Scheduled Tribes,"Ministry of Home Affairs, Department of Home, Registrar General and Census Commissioner, India","Other Religions and Persuasions wise Population, Census 1991 - India and States",356,"Country/ State/ UT Name,District Name,Tribe Category,Tribe SubCategory,Name of Other Religions and Persuasions,Rural  Total,Rural  Males,Rural  Females,Urban  Total,Urban  Males,Urban  Females","Other Religions and Persuasions wise Population of Scheduled Tribes for Srikakulam District of Andhra Pradesh, 1991 | Other Religions and Persuasions wise Population of Scheduled Tribes for Vizianagaram District of Andhra Pradesh, 1991 | Other Religions and Persuasions wise Population of Scheduled Tribes for Visakhapatnam District of Andhra Pradesh, 1991"
294,Location wise monthly Ambient Air Quality,"Ministry of Environment, Forest and Climate Change, Central Pollution Control Board",Historical Daily Ambient Air Quality Data,295,"Stn Code,Sampling Date,State,City/Town/Village/Area,Agency,Type of Location,SO2,NO2,RSPM/PM10,SPM",Location wise monthly Ambient Air Quality of Andhra Pradesh for the year 1990 | Location wise monthly Ambient Air Quality of Andhra Pradesh for the year 1991 | Location wise monthly Ambient Air Quality of Andhra Pradesh for the year 1992
540,"Marginal Workers by Industrial Category, Educational Level and Sex","Ministry of Home Affairs, Department of Home, Registrar General and Census Commissioner, India","Marginal Workers by Industrial Category, Educational Level and Sex, Census 1991 - India and States",257,"India/State/UT/CITY/U.A. Name,Total/Rural/Urban/CITY/U.A.,Education Level,Total  Persons,Total  Males,Total  Females,Industrial Category of Marginal Workers  I  Males,Industrial Category of Marginal Workers  I  Females,Industrial Category of Marginal Workers  II  Males,Industrial Category of Marginal Workers  II  Females,Industrial Category of Marginal Workers  III  Males,Industrial Category of Marginal Workers  III  Females,Industrial Category of Marginal Workers  IV  Males,Industrial Category ","Marginal Workers by Industrial Category, Educational Level and Sex for Hoshangabad District of Madhya Pradesh, 1991 | Marginal Workers by Industrial Category, Educational Level and Sex for Jabalpur District of Madhya Pradesh, 1991 | Marginal Workers by Industrial Category, Educational Level and Sex for Narsimhapur District of Madhya Pradesh, 1991"
387,"Ever Married and Currently Married Women belonging to Scheduled Tribes by Present Age, Number of Surviving Children and Total Number of Surviving Children by Sex","Ministry of Home Affairs, Department of Home, Registrar General and Census Commissioner, India","Ever Married and Currently Married Women by Present Age, Surviving Children and Total Surviving Children by Sex, Census 1991 - India and States",241,"Country/ State/ UT Name,District Name,Tribe Category,Total/Rural/Urban,Marital Status,Present Age,Total Ever/Currently Married Women,Ever/Currently Married Women with Number of Surviving Children  0,Ever/Currently Married Women with Number of Surviving Children  1,Ever/Currently Married Women with Number of Surviving Children  2,Ever/Currently Married Women with Number of Surviving Children  3,Ever/Currently Married Women with Number of Surviving Children  4,Ever/Currently Married Women with Num","Ever Married and Currently Married Women belonging to Scheduled Tribes by Present Age, Number of Surviving Children and Total Number of Surviving Children by Sex for Srikakulam District of Andhra Pradesh, 1991 | Ever Married and Currently Married Women belonging to Scheduled Tribes by Present Age, Number of Surviving Children and Total Number of Surviving Children by Sex for Vizianagaram District of Andhra Pradesh, 1991 | Ever Married and Currently Married Women belonging to Scheduled Tribes by Present Age, Number of Surviving Children and Total Number of Surviving Children by Sex for Visakhapatnam District of Andhra Pradesh, 1991"
539,"Marginal Workers by Industrial Category, Educational Level and Sex","Ministry of Home Affairs, Department of Home, Registrar General and Census Commissioner, India","Marginal Workers by Industrial Category, Educational Level and Sex, Census 1991 - India and States",226,"India/State/UT/CITY/U.A. Name,Total/Rural/Urban/CITY/U.A.,Educational Level,Total  Persons,Total  Males,Total  Females,Industrial Category of Marginal Workers  I  Males,Industrial Category of Marginal Workers  I  Females,Industrial Category of Marginal Workers  II  Males,Industrial Category of Marginal Workers  II  Females,Industrial Category of Marginal Workers  III  Males,Industrial Category of Marginal Workers  III  Females,Industrial Category of Marginal Workers  IV  Males,Industrial Categor","Marginal Workers by Industrial Category, Educational Level and Sex, 1991 - Andhra Pradesh | Marginal Workers by Industrial Category, Educational Level and Sex for Srikakulam District of Andhra Pradesh, 1991 | Marginal Workers by Industrial Category, Educational Level and Sex for Vizianagaram District of Andhra Pradesh, 1991"
388,"Ever Married and Currently Married Women belonging to Scheduled Tribes by Present Age, Number of Surviving Children and Total Number of Surviving Children by Sex","Ministry of Home Affairs, Department of Home, Registrar General and Census Commissioner, India","Ever Married and Currently Married Women by Present Age, Surviving Children and Total Surviving Children by Sex, Census 1991 - India and States",175,"Country/ State/ UT Name,District Name,Tribe Category,Total/ Rural/ Urban,Marital Status,Present Age,Total Ever/ Currently Married Women,Ever/Currently Married Women With Number of Surviving Children  0,Ever/Currently Married Women With Number of Surviving Children  1,Ever/Currently Married Women With Number of Surviving Children  2,Ever/Currently Married Women With Number of Surviving Children  3,Ever/Currently Married Women With Number of Surviving Children  4,Ever/Currently Married Women With ","Ever Married and Currently Married Women belonging to Scheduled Tribes by Present Age, Number of Surviving Children and Total Number of Surviving Children by Sex for Senapati District of Manipur, 1991 | Ever Married and Currently Married Women belonging to Scheduled Tribes by Present Age, Number of Surviving Children and Total Number of Surviving Children by Sex for Tamenglong District of Manipur, 1991 | Ever Married and Currently Married Women belonging to Scheduled Tribes by Present Age, Number of Surviving Children and Total Number of Surviving Children by Sex for Churachandpur District of Manipur, 1991"
295,Location wise daily Ambient Air Quality,"Ministry of Environment, Forest and Climate Change, Central Pollution Control Board",Historical Daily Ambient Air Quality Data,137,"Sampling Date,State,City/Town/Village/Area,Location of Monitoring Station,Type of Location,SO2,NO2,RSPM/PM10,SPM",Location wise daily Ambient Air Quality of Andhra Pradesh for the year 2005 | Location wise daily Ambient Air Quality of Andhra Pradesh for the year 2006 | Location wise daily Ambient Air Quality of Andhra Pradesh for the year 2007
292,Location wise daily Ambient Air Quality,"Ministry of Environment, Forest and Climate Change, Central Pollution Control Board",Historical Daily Ambient Air Quality Data,132,"Stn Code,Sampling Date,State,City/Town/Village/Area,Location of Monitoring Station,Agency,Type of Location,SO2,NO2,RSPM/PM10,SPM",Location wise daily Ambient Air Quality of Andhra Pradesh for the year 2004 | Location wise daily Ambient Air Quality of Andhra Pradesh for the year 2010 | Location wise daily Ambient Air Quality of Andhra Pradesh for the year 2011
814,Evapotranspiration,Ministry of Jal Shakti,Daily Data of Evapotranspiration,98,"Date,State Name,DistrictName,Evapotranspiration Level mm,Evapotranspiration Volume one thousand million cubic feet,Aggregate Evapotranspiration Level mm,Aggregate Evapotranspiration Volume one thousand million cubic feet",Evapotranspiration of Bihar - 2018 | Evapotranspiration Assam-2018 | Evapotranspiration Andhra Pradesh-2018
828,Monthly Coal Statement of Thermal Power Stations,"Ministry of Power, Central Electricity Authority",Coal Statement of Thermal Power Stations,68,"Date,Region,Station Name,Mode of Transport,Station Name,Utility,Sector,Capacity,Normative Stocks Required In Days,Daily Requirement,Actual Stock  Import,Actual Stock  Indigenous,Actual Stock  Total,Actual Stock  Days,Critical,Super Critical,Remarks",Monthly Coal Statement of Thermal Power Stations for April 2008 | Monthly Coal Statement of Thermal Power Stations for April 2009 | Monthly Coal Statement of Thermal Power Stations for April 2010
818,Soil Moisture,Ministry of Jal Shakti,Daily Data of Soil Moisture,64,"Date,State Name,DistrictName,Average Soilmoisture Level at 15cm,Average SoilMoisture Volume at 15cm,Aggregate Soilmoisture Percentage at 15cm,Volume Soilmoisture percentage at 15cm",Soil Moisture Andhra Pradesh-2018 | Soil Moisture Arunachal Pradesh-2018 | Soil Moisture Assam-2018
291,Location wise daily Ambient Air Quality,"Ministry of Environment, Forest and Climate Change, Central Pollution Control Board",Historical Daily Ambient Air Quality Data,56,"Stn Code,Sampling Date,State,City/Town/Village/Area,Location of Monitoring Station,Agency,Type of Location,SO2,NO2,RSPM/PM10,PM 2.5",Location wise daily Ambient Air Quality of Andhra Pradesh for the year 2014 | Location wise daily Ambient Air Quality of Andhra Pradesh for the year 2015 | Location wise daily Ambient Air Quality of Arunachal Pradesh for the year 2014
293,Location wise daily Ambient Air Quality,"Ministry of Environment, Forest and Climate Change, Central Pollution Control Board",Historical Daily Ambient Air Quality Data,40,"Stn Code,Sampling Date,State,City/Town/Village/Area,Agency,Type of Location,SO2,NO2,RSPM/PM10,SPM",Location wise daily Ambient Air Quality of Bihar for the year 1987 | Location wise daily Ambient Air Quality of Bihar for the year 1988 | Location wise daily Ambient Air Quality of Delhi for the year 1987
608,"Occupational Classification of Main Workers in Non-Households Industry, Trade, Business, Profession or Service by Class of Worker and Sex","Ministry of Home Affairs, Department of Home, Registrar General and Census Commissioner, India","Occupational Classification of Main Workers in Non-Households Industry, Trade, Business, Profession or Service by Class of Worker and Sex, Census 2011 - India and States",36,"Table Name,State Code,District Code,Area Name,Division,SubDivision,NCO Name,Total/Rural/Urban,Total Main Workers  Persons,Total Main Workers  Males,Total Main Workers  Females,Class of Workers  Employer  Persons,Class of Workers  Employer  Males,Class of Workers  Employer  Females,Class of Workers  Employee  Persons,Class of Workers  Employee  Males,Class of Workers  Employee  Females,Class of Workers  Single Worker  Persons,Class of Workers  Single Worker  Males,Class of Workers  Single Worker ","Occupational Classification of Main Workers in Non-Households Industry, Trade, Business, Profession or Service by Class of Worker and Sex, 2011 - India | Occupational Classification of Main Workers in Non-Households Industry, Trade, Business, Profession or Service by Class of Worker and Sex, 2011 - Jammu & Kashmir | Occupational Classification of Main Workers in Non-Households Industry, Trade, Business, Profession or Service by Class of Worker and Sex, 2011 - Himachal Pradesh"
473,"Main Workers Classified by Industrial Category, Educational Level and Sex","Ministry of Home Affairs, Department of Home, Registrar General and Census Commissioner, India","Main Workers Classified by Industrial Category, Educational Level and Sex (For Each Caste/Tribe Separately), Census 2011 - India and States",36,"Table Code,State Code,District Code,Area Name,Total/Rural/Urban,Educational Level,Main Workers  Persons,Main Workers  Males,Main Workers  Females,Industrial Category  A  Cultivators  Persons,Industrial Category  A  Cultivators  Males,Industrial Category  A  Cultivators  Females,Industrial Category  A  Agricultural Labourers  Persons,Industrial Category  A  Agricultural Labourers  Males,Industrial Category  A  Agricultural Labourers  Females,Industrial Category  A  Plantation Livestock Forestry F","Main Workers Classified by Industrial Category, Educational Level and Sex, 2011 - India | Main Workers Classified by Industrial Category, Educational Level and Sex, 2011 - Jammu & Kashmir | Main Workers Classified by Industrial Category, Educational Level and Sex, 2011 - Himachal Pradesh"
496,"Main Workers, Marginal Workers, Non-Workers and those Marginal Workers, Non-Workers Seeking/ Available for Work Classified by Age, Sex and Religion","Ministry of Home Affairs, Department of Home, Registrar General and Census Commissioner, India","Main Workers, Marginal Workers, Non-Workers and those Marginal Workers, Non-Workers Seeking/ Available for Work Classified by Age, Sex and Religion, Census 2001 - India and States",36,"Table Name,State Code,District Code,Area Name,Total/ Rural/ Urban,Religion,Age Group,Population  Persons,Population  Males,Population  Females,Main Workers  Persons,Main Workers  Males,Main Workers  Females,Marginal Workers  Total  Persons,Marginal Workers  Total  Males,Marginal Workers  Total  Females,Marginal Workers  Seeking/ Available For Work  Persons,Marginal Workers  Seeking/ Available For Work  Males,Marginal Workers  Seeking/ Available For Work  Females,Nonworkers  Total  Persons,Nonwor","Main Workers, Marginal Workers, Non-Workers and those Marginal Workers, Non-Workers Seeking/ Available for Work Classified by Age, Sex and Religion, 2001 - India | Main Workers, Marginal Workers, Non-Workers and those Marginal Workers, Non-Workers Seeking/ Available for Work Classified by Age, Sex and Religion, 2001 - Jammu & Kashmir | Main Workers, Marginal Workers, Non-Workers and those Marginal Workers, Non-Workers Seeking/ Available for Work Classified by Age, Sex and Religion, 2001 - Himachal Pradesh"
587,"Number of Women and Ever Married Women by Present Age, Educational Level, Number of Surviving Children and Total Surviving Children by Sex","Ministry of Home Affairs, Department of Home, Registrar General and Census Commissioner, India","Number of Women and Ever Married Women by Present Age, Educational Level, Number of Surviving Children and Total Surviving Children by Sex, Census 2001 - India and States",36,"Table Name,State Code,District Code,Area Name,Total/ Rural/ Urban,Educational Level,Present Age,Total Women,Total Ever Married Women,Number of Surviving Children  0,Number of Surviving Children  1,Number of Surviving Children  2,Number of Surviving Children  3,Number of Surviving Children  4,Number of Surviving Children  5,Total Surviving Children  Persons,Total Surviving Children  Males,Total Surviving Children  Females","Number of Women and Ever Married Women by Present Age, Educational Level, Number of Surviving Children and Total Surviving Children by Sex, 2001 - India | Number of Women and Ever Married Women by Present Age, Educational Level, Number of Surviving Children and Total Surviving Children by Sex, 2001 - Jammu & Kashmir | Number of Women and Ever Married Women by Present Age, Educational Level, Number of Surviving Children and Total Surviving Children by Sex, 2001 - Himachal Pradesh"
672,"Women and Currently Married Women by Present Age, Educational Level, Births Last Year by Sex and Birth Order","Ministry of Home Affairs, Department of Home, Registrar General and Census Commissioner, India","Women and Currently Married Women by Present Age, Educational Level, Births Last Year by Sex and Birth Order, Census 2011 - India and States",36,"Table name,State code,Distt code,Area Name,Total/ Rural/ Urban,Educational level,Present age,Total women,Total currently married women,Number of births last year  Male,Number of births last year  Female,Last years births of order  1,Last years births of order  2,Last years births of order  3,Last years births of order  4,Last years births of order  5,Last years births of order  6,Last years births of order  7","Women and Currently Married Women by Present Age, Educational Level, Births Last Year by Sex and Birth Order, 2011 - India | Women and Currently Married Women by Present Age, Educational Level, Births Last Year by Sex and Birth Order, 2011 - Jammu & Kashmir | Women and Currently Married Women by Present Age, Educational Level, Births Last Year by Sex and Birth Order, 2011 - Himachal Pradesh"
667,"Single Year Age Returns by Residence, Sex and Literacy Status","Ministry of Home Affairs, Department of Home, Registrar General and Census Commissioner, India","Single Year Age Returns by Residence, Sex and Literacy Status, Census 2001 - India and States",36,"Table Name,State Code,District Code,Tehsil Code,Area Name,Literate/ Illiterate,Age,Total  Persons,Total  Males,Total  Females,Rural  Persons,Rural  Males,Rural  Females,Urban  Persons,Urban  Males,Urban  Females","Single Year Age Returns by Residence, Sex and Literacy Status, 2001 - India | Single Year Age Returns by Residence, Sex and Literacy Status, 2001 - Jammu & Kashmir | Single Year Age Returns by Residence, Sex and Literacy Status, 2001 - Himachal Pradesh"
665,District-wise Religious Community by Age-Group and Sex,"Ministry of Home Affairs, Department of Home, Registrar General and Census Commissioner, India","Religious Community by Age-Group and Sex, Census 2001 - India and States",36,"Table Name,State Code,District Code,Tehsil Code,Area Name,Total/ Rural/ Urban,Agegroup,Total  Persons,Total  Males,Total  Females,Religious Communities  Hindu  Persons,Religious Communities  Hindu  Males,Religious Communities  Hindu  Females,Religious Communities  Muslim  Persons,Religious Communities  Muslim  Males,Religious Communities  Muslim  Females,Religious Communities  Christian  Persons,Religious Communities  Christian  Males,Religious Communities  Christian  Females,Religious Communiti","District-wise Religious Community by Age-Group and Sex, 2001 - India | District-wise Religious Community by Age-Group and Sex, 2001 - Jammu & Kashmir | District-wise Religious Community by Age-Group and Sex, 2001 - Himachal Pradesh"
313,"Classification of Main Workers in Non-Household Industry, Trade, Business, Profession or Service by Class of Worker, Age and Sex","Ministry of Home Affairs, Department of Home, Registrar General and Census Commissioner, India","Classification of Main Workers in Non-Household Industry, Trade, Business, Profession or Service by Class of Worker, Age and Sex, Census 2001 - India and States",36,"Table Name,State Code,Distt. Code,Tehsil Code,Area Name,Total/ Rural/ Urban,AgeGroup,Main Workers  Persons,Main Workers  Male,Main Workers  Female,Class of Worker  Employer  Persons,Class of Worker  Employer  Males,Class of Worker  Employer  Females,Class of Worker  Employee  Persons,Class of Worker  Employee  Males,Class of Worker  Employee  Females,Class of Worker  Single Worker  Persons,Class of Worker  Single Worker  Males,Class of Worker  Single Worker  Females,Class of Worker  Family Worke","Classification of Main Workers in Non-Household Industry, Trade, Business, Profession or Service by Class of Worker, Age and Sex, 2001 - India | Classification of Main Workers in Non-Household Industry, Trade, Business, Profession or Service by Class of Worker, Age and Sex, 2001 - Jammu & Kashmir | Classification of Main Workers in Non-Household Industry, Trade, Business, Profession or Service by Class of Worker, Age and Sex, 2001 - Himachal Pradesh"
314,"Classification of Main Workers in Non-household Industries and Other Main Workers by Class of Worker, Age and Sex","Ministry of Home Affairs, Department of Home, Registrar General and Census Commissioner, India","Classification of Main Workers in Non-Household Industry, Trade, Business, Profession or Service by Class of Worker, Age and Sex, Census 2011 - India and States",36,"Table Name,State Code,Distt. Code,Area Name,Total/Rural/Urban,AgeGroup,Main Workers  Persons,Main Workers  Males,Main Workers  Females,Class of Worker  Employer  Persons,Class of Worker  Employer  Males,Class of Worker  Employer  Females,Class of Worker  Employee  Persons,Class of Worker  Employee  Males,Class of Worker  Employee  Females,Class of Worker  Single Worker  Persons,Class of Worker  Single Worker  Males,Class of Worker  Single Worker  Females,Class of Worker  Family Worker  Persons,C","Classification of Main Workers in Non-household Industries and Other Main Workers by Class of Worker, Age and Sex, 2011 - India | Classification of Main Workers in Non-household Industries and Other Main Workers by Class of Worker, Age and Sex, 2011 - Jammu & Kashmir | Classification of Main Workers in Non-household Industries and Other Main Workers by Class of Worker, Age and Sex, 2011 - Himachal Pradesh"
317,"Currently Married Women by Number of Children Ever Born, Number of Male Children Ever Born and Number of Surviving Children by Sex","Ministry of Home Affairs, Department of Home, Registrar General and Census Commissioner, India","Currently Married Women by Number of Children Ever Born, Number of Male Children Ever Born and Number of Surviving Children by Sex, Census 2001 - India and States",36,"Table Name,State Code,District Code,Area Name,Total/ Rural/ Urban,Number of Children Ever Born,Total Male Children Ever Born,Total Male Surviving Children,Number of Female Surviving Children  0,Number of Female Surviving Children  1,Number of Female Surviving Children  2,Number of Female Surviving Children  3,Number of Female Surviving Children  4,Number of Female Surviving Children  5,Number of Female Surviving Children  6,Number of Female Surviving Children  7,Number of Female Surviving Childr","Currently Married Women by Number of Children Ever Born, Number of Male Children Ever Born and Number of Surviving Children by Sex, 2001 - India | Currently Married Women by Number of Children Ever Born, Number of Male Children Ever Born and Number of Surviving Children by Sex, 2001 - Jammu & Kashmir | Currently Married Women by Number of Children Ever Born, Number of Male Children Ever Born and Number of Surviving Children by Sex, 2001 - Himachal Pradesh"
322,Disabled Non-workers by Type of Disability and Sex,"Ministry of Home Affairs, Department of Home, Registrar General and Census Commissioner, India","Disabled Non-workers by Type of Disability and Sex, Census 2001 - India and States",36,"Table Name,State Code,District Code,Tehsil Code,Area Name,Total/ Rural/ Urban,Activity of Nonworker,Total Disabled Nonworker  Persons,Total Disabled Nonworker  Males,Total Disabled Nonworker  Females,Type of Disablity  In Seeing  Persons,Type of Disablity  In Seeing  Males,Type of Disablity  In Seeing  Females,Type of Disablity  In Speech  Persons,Type of Disablity  In Speech  Males,Type of Disablity  In Speech  Females,Type of Disablity  In Hearing  Persons,Type of Disablity  In Hearing  Males,","Disabled Non-workers by Type of Disability and Sex, 2001 - India | Disabled Non-workers by Type of Disability and Sex, 2001 - Jammu & Kashmir | Disabled Non-workers by Type of Disability and Sex, 2001 - Himachal Pradesh"
649,Population by Religious Community,"Ministry of Home Affairs, Department of Home, Registrar General and Census Commissioner, India",Population by religious community - India and States,36,"Table Name,State Code,Distt. Code,Tehsil Code,Town Code,Area Name,Total/ Rural/ Urban,Total  Persons,Total  Males,Total  Females,Religious communities  Hindu  Persons,Religious communities  Hindu  Males,Religious communities  Hindu  Females,Religious communities  Muslim  Persons,Religious communities  Muslim  Males,Religious communities  Muslim  Females,Religious communities  Christian  Persons,Religious communities  Christian  Males,Religious communities  Christian  Females,Religious communitie","Population by Religious Community, 2011 - India | Population by Religious Community, 2011 - JAMMU & KASHMIR | Population by Religious Community, 2011 - HIMACHAL PRADESH"
323,"Disabled Population among Main Workers, Marginal Workers, Non-Workers by Type of Disability, Age and Sex","Ministry of Home Affairs, Department of Home, Registrar General and Census Commissioner, India","Disabled Population among Main Workers, Marginal Workers, Non-Workers by Type of Disability, Age and Sex, Census 2001 - India and States",36,"Table Name,State Code,District Code,Tehsil Code,Area Name,Total/ Rural/ Urban,Disability,Age Group,Total Disabled Population  Persons,Total Disabled Population  Males,Total Disabled Population  Females,Main Worker  Persons,Main Worker  Males,Main Worker  Females,Marginal Worker  Persons,Marginal Worker  Males,Marginal Worker  Females,Nonworker  Persons,Nonworker  Males,Nonworker  Females","Disabled Population among Main Workers, Marginal Workers, Non-Workers by Type of Disability, Age and Sex, 2001 - India | Disabled Population among Main Workers, Marginal Workers, Non-Workers by Type of Disability, Age and Sex, 2001 - Jammu & Kashmir | Disabled Population among Main Workers, Marginal Workers, Non-Workers by Type of Disability, Age and Sex, 2001 - Himachal Pradesh"
324,"Disabled Population by Type of Disability, Educational Level and Sex","Ministry of Home Affairs, Department of Home, Registrar General and Census Commissioner, India","Disabled Population by Type of Disability, Educational Level and Sex, Census 2001 - India and States",36,"Table Name,State Code,District Code,Tehsil Code,Area Name,Total/ Rural/ Urban,Educational level,Total Disabled Population  Persons,Total Disabled Population  Males,Total Disabled Population  Females,Type of Disablity  In Seeing  Persons,Type of Disablity  In Seeing  Males,Type of Disablity  In Seeing  Females,Type of Disablity  In Speech  Persons,Type of Disablity  In Speech  Males,Type of Disablity  In Speech  Females,Type of Disablity  In Hearing  Persons,Type of Disablity  In Hearing  Males,T","Disabled Population by Type of Disability, Educational Level and Sex, 2001 - India | Disabled Population by Type of Disability, Educational Level and Sex, 2001 - Jammu & Kashmir | Disabled Population by Type of Disability, Educational Level and Sex, 2001 - Himachal Pradesh"
325,"Disabled Population by Type of Disability, Marital Status, Age and Sex","Ministry of Home Affairs, Department of Home, Registrar General and Census Commissioner, India","Disabled Population by Type of Disability, Marital Status, Age and Sex, Census 2001 - India and States",36,"Table Name,State Code,District Code,Tehsil Code,Area Name,Total/ Rural/ Urban,Disability,AgeGroup,Total Disabled Population  Persons,Total Disabled Population  Males,Total Disabled Population  Females,Marital Status  Never Married  Persons,Marital Status  Never Married  Males,Marital Status  Never Married  Females,Marital Status  Married  Persons,Marital Status  Married  Males,Marital Status  Married  Females,Marital Status  Widowed  Persons,Marital Status  Widowed  Males,Marital Status  Widowed","Disabled Population by Type of Disability, Marital Status, Age and Sex, 2001 - India | Disabled Population by Type of Disability, Marital Status, Age and Sex, 2001 - Jammu & Kashmir | Disabled Population by Type of Disability, Marital Status, Age and Sex, 2001 - Himachal Pradesh"
640,"Population by Bilingualism, Trilingualism, Age and Sex","Ministry of Home Affairs, Department of Home, Registrar General and Census Commissioner, India","Population by Bilingualism, Trilingualism, Age and Sex, Census 2001 - India and States",36,"Table Name,State Code,District Code,Tehsil Code,Area Name,Total/ Rural/ Urban,AgeGroup,Number Speaking Second Language  Persons,Number Speaking Second Language  Males,Number Speaking Second Language  Females,Number Speaking Third Language  Persons,Number Speaking Third Language  Males,Number Speaking Third Language  Females","Population by Bilingualism, Trilingualism, Age and Sex, 2001 - India | Population by Bilingualism, Trilingualism, Age and Sex, 2001 - Jammu & Kashmir | Population by Bilingualism, Trilingualism, Age and Sex, 2001 - Himachal Pradesh"
639,"Population Attending Educational Institution by Completed Education Level, Age and Sex","Ministry of Home Affairs, Department of Home, Registrar General and Census Commissioner, India","Population attending educational institution by completed education level, age and sex - India and States",36,"Table Name,State Code,Distt. Code,Area Name,Total/ Rural/ Urban,Agegroup,Total population  Persons,Total population  Males,Total population  Females,Population attending educational institution  Persons,Population attending educational institution  Males,Population attending educational institution  Females,Illiterates  Persons,Illiterates  Males,Illiterates  Females,Literates  Persons,Literates  Males,Literates  Females,Educational level  Literate without education level  Persons,Educational le","Population Attending Educational Institution by Completed Education Level, Age and Sex, 2011 - India | Population Attending Educational Institution by Completed Education Level, Age and Sex, 2011 - JAMMU & KASHMIR | Population Attending Educational Institution by Completed Education Level, Age and Sex, 2011 - HIMACHAL PRADESH"
631,"District-wise Population Attending Educational Institution by Completed Education Level, Age and Sex","Ministry of Home Affairs, Department of Home, Registrar General and Census Commissioner, India","Population Attending Educational Institution by Completed Education Level, Age and Sex, Census 2001 - India and States",36,"Table Name,State Code,District Code,Tehsil Code,Area Name,Total/ Rural/ Urban,AgeGroup,Total Population  Persons,Total Population  Males,Total Population  Females,Population Attending Educational Institutions  Persons,Population Attending Educational Institutions  Males,Population Attending Educational Institutions  Females,Illiterates  Persons,Illiterates  Males,Illiterates  Females,Literates  Persons,Literates  Males,Literates  Females,Educational Level  Literate Without Education Level  Perso","District-wise Population Attending Educational Institution by Completed Education Level, Age and Sex, 2001 - India | District-wise Population Attending Educational Institution by Completed Education Level, Age and Sex, 2001 - Jammu & Kashmir | District-wise Population Attending Educational Institution by Completed Education Level, Age and Sex, 2001 - Himachal Pradesh"
326,"Disabled Population by Type of Disability, Type of Households and Sex","Ministry of Home Affairs, Department of Home, Registrar General and Census Commissioner, India","Disabled Population by Type of Disability, Type of Households and Sex, Census 2001 - India and States",36,"Table Name,State Code,District Code,Tehsil Code,Area Name,Total/ Rural/ Urban,Type of Household,Number of Households Having Disabled Persons,Total Disabled Population  Persons,Total Disabled Population  Males,Total Disabled Population  Females,Type of Disablity  In Seeing  Persons,Type of Disablity  In Seeing  Males,Type of Disablity  In Seeing  Females,Type of Disablity  In Speech  Persons,Type of Disablity  In Speech  Males,Type of Disablity  In Speech  Females,Type of Disablity  In Hearing  P","Disabled Population by Type of Disability, Type of Households and Sex, 2001 - India | Disabled Population by Type of Disability, Type of Households and Sex, 2001 - Jammu & Kashmir | Disabled Population by Type of Disability, Type of Households and Sex, 2001 - Himachal Pradesh"
333,Disabled Population in Ages 5-19 by Attending Educational Institutions by Type of Disability and Sex,"Ministry of Home Affairs, Department of Home, Registrar General and Census Commissioner, India","Disabled Population in Ages 5-19 by Attending Educational Institutions by Type of Disability and Sex, Census 2001 - India and States",36,"Table Name,State Code,District Code,Tehsil Code,Area Name,Total/ Rural/ Urban,Disability,Age,Total Disabled Population  Persons,Total Disabled Population  Males,Total Disabled Population  Females,Attending Educational Institution  Persons,Attending Educational Institution  Males,Attending Educational Institution  Females,Not Attending Educational Institution  Persons,Not Attending Educational Institution  Males,Not Attending Educational Institution  Females","Disabled Population in Ages 5-19 by Attending Educational Institutions by Type of Disability and Sex, 2001 - India | Disabled Population in Ages 5-19 by Attending Educational Institutions by Type of Disability and Sex, 2001 - Jammu & Kashmir | Disabled Population in Ages 5-19 by Attending Educational Institutions by Type of Disability and Sex, 2001 - Himachal Pradesh"
375,"Ever Married Women by Number of Children Ever Born, Number of Male Children Ever Born and Number of Surviving Children by Sex","Ministry of Home Affairs, Department of Home, Registrar General and Census Commissioner, India","Ever Married Women by Number of Children Ever Born, Number of Male Children Ever Born and Number of Surviving Children by Sex, Census 2001 - India and States",36,"Table Name,State Code,District Code,Area Name,Total/ Rural/ Urban,Number of Children Ever Born,Total Male Children Ever Born,Total Male Surviving Children,Number of Female Surviving Children  0,Number of Female Surviving Children  1,Number of Female Surviving Children  2,Number of Female Surviving Children  3,Number of Female Surviving Children  4,Number of Female Surviving Children  5,Number of Female Surviving Children  6,Number of Female Surviving Children  7,Number of Female Surviving Childr","Ever Married Women by Number of Children Ever Born, Number of Male Children Ever Born and Number of Surviving Children by Sex, 2001 - India | Ever Married Women by Number of Children Ever Born, Number of Male Children Ever Born and Number of Surviving Children by Sex, 2001 - Jammu & Kashmir | Ever Married Women by Number of Children Ever Born, Number of Male Children Ever Born and Number of Surviving Children by Sex, 2001 - Himachal Pradesh"
619,Other Workers by Distance from Residence to Place of Work and Mode of Travel to Place of Work,"Ministry of Home Affairs, Department of Home, Registrar General and Census Commissioner, India","Other Workers by Distance from Residence to Place of Work and Mode of Travel to Place of Work, Census 2011 - India and States",36,"Table Name,State Code,Distt. Code,Total/ Rural/ Urban,Area Name,Mode of travel,Total  Persons,Total  Male,Total  Female,Distance to place of work in kilometres  No travel  Persons,Distance to place of work in kilometres  No travel  Male,Distance to place of work in kilometres  No travel  Female,Distance to place of work in kilometres  01  Persons,Distance to place of work in kilometres  01  Male,Distance to place of work in kilometres  01  Female,Distance to place of work in kilometres  25  Pers","Other Workers by Distance from Residence to Place of Work and Mode of Travel to Place of Work, 2011 - India | Other Workers by Distance from Residence to Place of Work and Mode of Travel to Place of Work, 2011 - JAMMU & KASHMIR | Other Workers by Distance from Residence to Place of Work and Mode of Travel to Place of Work, 2011 - HIMACHAL PRADESH"
614,Occupational Classification of Marginal Workers Other than Cultivators and Agricultural Labourers by Sex,"Ministry of Home Affairs, Department of Home, Registrar General and Census Commissioner, India","Occupational Classification of Marginal Workers other than Cultivators and Agricultural Labourers by Sex, Census 2011 - India and States",36,"Table Name,State Code,District Code,State/District,Division,SubDivision,Group,Family,NCO Name,Total  Persons,Total  Males,Total  Females,Rural  Persons,Rural  Males,Rural  Females,Urban  Persons,Urban  Males,Urban  Females","Occupational Classification of Marginal Workers Other than Cultivators and Agricultural Labourers by Sex, 2011 - India | Occupational Classification of Marginal Workers Other than Cultivators and Agricultural Labourers by Sex, 2011 - Jammu & Kashmir | Occupational Classification of Marginal Workers Other than Cultivators and Agricultural Labourers by Sex, 2011 - Himachal Pradesh"
613,Occupational Classification of Marginal Workers Other than Cultivators and Agricultural Labourers by Industrial Category and Sex,"Ministry of Home Affairs, Department of Home, Registrar General and Census Commissioner, India","Occupational Classification of Marginal Workers other than Cultivators and Agricultural Labourers by Industrial Category and Sex, Census 2011 - India and States",36,"Table Name,State Code,District Code,Area Name,Division,Sub Division,NCO Name,Total/Rural/Urban,Industrial Category  Total  Persons,Industrial Category  Total  Males,Industrial Category  Total  Females,Industrial Category  A Excluding Cultivators Agricultural Labourers  Persons,Industrial Category  A Excluding Cultivators Agricultural Labourers  Males,Industrial Category  A Excluding Cultivators Agricultural Labourers  Females,Industrial Category  B  Persons,Industrial Category  B  Males,Industri","Occupational Classification of Marginal Workers Other than Cultivators and Agricultural Labourers by Industrial Category and Sex, 2011 - India | Occupational Classification of Marginal Workers Other than Cultivators and Agricultural Labourers by Industrial Category and Sex, 2011 - Jammu & Kashmir | Occupational Classification of Marginal Workers Other than Cultivators and Agricultural Labourers by Industrial Category and Sex, 2011 - Himachal Pradesh"
609,Occupational Classification of Main Workers Other than Cultivators and Agricultural Labourers by Industrial Category and Sex,"Ministry of Home Affairs, Department of Home, Registrar General and Census Commissioner, India","Occupational Classification of Main Workers other than Cultivators and Agricultural Labourers by Industrial Category and Sex, Census 2011 - India and States",36,"Table Name,State Code,District Code,Area Name,Division,Sub Division,NCO Name,Total/Rural/Urban,Industrial Category  Total  Persons,Industrial Category  Total  Males,Industrial Category  Total  Females,Industrial Category  A Excluding Cultivators Agricultural Labourers  Persons,Industrial Category  A Excluding Cultivators Agricultural Labourers  Males,Industrial Category  A Excluding Cultivators Agricultural Labourers  Females,Industrial Category  B  Persons,Industrial Category  B  Males,Industri","Occupational Classification of Main Workers Other than Cultivators and Agricultural Labourers by Industrial Category and Sex, 2011 - India | Occupational Classification of Main Workers Other than Cultivators and Agricultural Labourers by Industrial Category and Sex, 2011 - Jammu & Kashmir | Occupational Classification of Main Workers Other than Cultivators and Agricultural Labourers by Industrial Category and Sex, 2011 - Himachal Pradesh"
607,"Occupational Classification of Main Workers in Non-Households Industry, Trade, Business, Profession or Service by Class of Worker and Sex","Ministry of Home Affairs, Department of Home, Registrar General and Census Commissioner, India","Occupational Classification of Main Workers in Non-Households Industry, Trade, Business, Profession or Service by Class of Worker and Sex, Census 2001 - India and States",36,"Table Name,State/ District,Division,SubDivision,Total/ Rural/ Urban,Total Main Workers  Persons,Total Main Workers  Males,Total Main Workers  Females,Class of Workers  Employer  Persons,Class of Workers  Employer  Males,Class of Workers  Employer  Females,Class of Workers  Employee  Persons,Class of Workers  Employee  Males,Class of Workers  Employee  Females,Class of Workers  Single Workers  Persons,Class of Workers  Single Worker  Males,Class of Workers  Single Worker  Females,Class of Workers","Occupational Classification of Main Workers in Non-Households Industry, Trade, Business, Profession or Service by Class of Worker and Sex, 2001 - India | Occupational Classification of Main Workers in Non-Households Industry, Trade, Business, Profession or Service by Class of Worker and Sex, 2001 - Jammu & Kashmir | Occupational Classification of Main Workers in Non-Households Industry, Trade, Business, Profession or Service by Class of Worker and Sex, 2001 - Himachal Pradesh"
605,Occupational Classification of Main Workers and Marginal Workers Other than Cultivators and Agricultural Labourers by Sex and Educational Level,"Ministry of Home Affairs, Department of Home, Registrar General and Census Commissioner, India","Occupational Classification of Main Workers and Marginal Workers other than Cultivators and Agricultural Labourers by Sex and Educational Level, Census 2011 - India and States",36,"Table Name,State Code,District Code,Area Name,Division,SubDivision,NCO Name,Main Workers/Marginal Workers,Total/Rural/Urban,Total Main Worker/Marginal Worker  Persons,Total Main Worker/Marginal Worker  Males,Total Main Worker/Marginal Worker  Females,Illiterate  Persons,Illiterate  Males,Illiterate  Females,Literate  Persons,Literate  Males,Literate  Females,Educational Level  Literate but below Matric/Secondary  Persons,Educational Level  Literate but below Matric/Secondary  Males,Educational L","Occupational Classification of Main Workers and Marginal Workers Other than Cultivators and Agricultural Labourers by Sex and Educational Level, 2011 - India | Occupational Classification of Main Workers and Marginal Workers Other than Cultivators and Agricultural Labourers by Sex and Educational Level, 2011 - Jammu & Kashmir | Occupational Classification of Main Workers and Marginal Workers Other than Cultivators and Agricultural Labourers by Sex and Educational Level, 2011 - Himachal Pradesh"
604,Occupational Classification of Main Workers and Marginal Workers other than Cultivators and Agricultural Labourers by Sex and Educational Level,"Ministry of Home Affairs, Department of Home, Registrar General and Census Commissioner, India","Occupational Classification of Main Workers and Marginal Workers other than Cultivators and Agricultural Labourers by Sex and Educational Level, Census 2001 - India and States",36,"Table Name,State/ District,Division,SubDivision,Main Workers/ Marginal Workers,Total/ Rural/ Urban,Total Main Worker/ Marginal Worker  Persons,Total Main Worker/ Marginal Worker  Males,Total Main Worker/ Marginal Worker  Females,Illiterate  Persons,Illiterate  Males,Illiterate  Females,Literate  Persons,Literate  Males,Literate  Females,Educational Level  Literate But Below Matric/ Secondary  Persons,Educational Level  Literate But Below Matric/ Secondary  Males,Educational Level  Literate But B","Occupational Classification of Main Workers and Marginal Workers other than Cultivators and Agricultural Labourers by Sex and Educational Level, 2001 - India | Occupational Classification of Main Workers and Marginal Workers other than Cultivators and Agricultural Labourers by Sex and Educational Level, 2001 - Jammu & Kashmir | Occupational Classification of Main Workers and Marginal Workers other than Cultivators and Agricultural Labourers by Sex and Educational Level, 2001 - Himachal Pradesh"
376,"Ever Married and Currently Married Population by Age at Marriage, Duration of Marriage and Educational Level","Ministry of Home Affairs, Department of Home, Registrar General and Census Commissioner, India","Ever Married and Currently Married Population by Age at Marriage, Duration of Marriage and Educational Level, Census 2001 - India and States",36,"Table Name,State Code,District Code,Tehsil Code,Area Name,Total/ Rural/ Urban,Educational Level,Age At Marriage,Number of Ever Married Persons  Males,Number of Ever Married Persons  Females,Duration of Marriage of Currently Married Persons  All Durations  Males,Duration of Marriage of Currently Married Persons  All Durations  Females,Duration of Marriage of Currently Married Persons  04  Males,Duration of Marriage of Currently Married Persons  04  Females,Duration of Marriage of Currently Marrie","Ever Married and Currently Married Population by Age at Marriage, Duration of Marriage and Educational Level, 2001 - India | Ever Married and Currently Married Population by Age at Marriage, Duration of Marriage and Educational Level, 2001 - Jammu & Kashmir | Ever Married and Currently Married Population by Age at Marriage, Duration of Marriage and Educational Level, 2001 - Himachal Pradesh"
603,Occupational Classification of Main Workers and Marginal Workers Other than Cultivators and Agricultural Labourers by Age and Sex,"Ministry of Home Affairs, Department of Home, Registrar General and Census Commissioner, India","Occupational Classification of Main Workers and Marginal Workers other than Cultivators and Agricultural Labourers by Age and Sex, Census 2011 - India and States",36,"Table Name,State Code,District Code,Area Name,Division,Sub Division,NCO Name,Total/Rural/Urban,AgeGroup,Main Workers  Persons,Main Workers  Males,Main Workers  Females,Marginal Workers  Persons,Marginal Workers  Males,Marginal Workers  Females","Occupational Classification of Main Workers and Marginal Workers Other than Cultivators and Agricultural Labourers by Age and Sex, 2011 - India | Occupational Classification of Main Workers and Marginal Workers Other than Cultivators and Agricultural Labourers by Age and Sex, 2011 - Jammu & Kashmir | Occupational Classification of Main Workers and Marginal Workers Other than Cultivators and Agricultural Labourers by Age and Sex, 2011 - Himachal Pradesh"
602,Occupational Classification of Main Workers and Marginal Workers other than Cultivators and Agricultural Labourers by Age and Sex,"Ministry of Home Affairs, Department of Home, Registrar General and Census Commissioner, India","Occupational Classification of Main Workers and Marginal Workers other than Cultivators and Agricultural Labourers by Age and Sex, Census 2001 - India and States",36,"Table Name,State/ District,Division,SubDivision,Total/ Rural/ Urban,AgeGroup,Main Workers  Persons,Main Workers  Males,Main Workers  Females,Marginal Workers  Persons,Marginal Workers  Males,Marginal Workers  Females","Occupational Classification of Main Workers and Marginal Workers other than Cultivators and Agricultural Labourers by Age and Sex, 2001 - India | Occupational Classification of Main Workers and Marginal Workers other than Cultivators and Agricultural Labourers by Age and Sex, 2001 - Jammu & Kashmir | Occupational Classification of Main Workers and Marginal Workers other than Cultivators and Agricultural Labourers by Age and Sex, 2001 - Himachal Pradesh"
377,"Ever Married and Currently Married Population by Age at Marriage, Duration of Marriage and Religious Community","Ministry of Home Affairs, Department of Home, Registrar General and Census Commissioner, India","Ever Married and Currently Married Population by Age at Marriage, Duration of Marriage and Religious Community, Census 2001 - India and States",36,"Table Name,State Code,District Code,Tehsil Code,Area Name,Total/ Rural/ Urban,Religion,Age at Marriage,Number of Ever Married Persons  Males,Number of Ever Married Persons  Females,Duration of Marriage of Currently Married Persons  All Durations  Males,Duration of Marriage of Currently Married Persons  All Durations  Females,Duration of Marriage of Currently Married Persons  04  Males,Duration of Marriage of Currently Married Persons  04  Females,Duration of Marriage of Currently Married Persons","Ever Married and Currently Married Population by Age at Marriage, Duration of Marriage and Religious Community, 2001 - India | Ever Married and Currently Married Population by Age at Marriage, Duration of Marriage and Religious Community, 2001 - Jammu & Kashmir | Ever Married and Currently Married Population by Age at Marriage, Duration of Marriage and Religious Community, 2001 - Himachal Pradesh"
378,"Ever Married and Currently Married Population by Age at Marriage, Duration of Marriage, Work Status and Occupation","Ministry of Home Affairs, Department of Home, Registrar General and Census Commissioner, India","Ever Married and Currently Married Population by Age at Marriage, Duration of Marriage, Work Status and Occupation, Census 2001 - India and States",36,"Table Name,State Code,District Code,Tehsil Code,Area Name,Total/ Rural/ Urban,Workers,Age At Marriage,Number of Ever Married Persons  Males,Number of Ever Married Persons  Females,Duration of Marriage of Currently Married Persons  All Durations  Males,Duration of Marriage of Currently Married Persons  All Durations  Females,Duration of Marriage of Currently Married Persons  04  Males,Duration of Marriage of Currently Married Persons  04  Females,Duration of Marriage of Currently Married Persons ","Ever Married and Currently Married Population by Age at Marriage, Duration of Marriage, Work Status and Occupation, 2001 - India | Ever Married and Currently Married Population by Age at Marriage, Duration of Marriage, Work Status and Occupation, 2001 - Jammu & Kashmir | Ever Married and Currently Married Population by Age at Marriage, Duration of Marriage, Work Status and Occupation, 2001 - Himachal Pradesh"
394,Female Workers Classified by Industrial Category and Marital Status,"Ministry of Home Affairs, Department of Home, Registrar General and Census Commissioner, India","Female Workers Classified by Industrial Category and Marital Status, Census 2001 - India and States",36,"Table Code,State Code,District Code,Tehsil Code,Area Name,Total/ Rural/ Urban,Female Main Workers/ Marginal Workers,Marital Status,Total Female Main/ Marginal Workers,Industrial Category  A  B  Cultivators ,Industrial Category  A  B  Agricultural Labourers ,Industrial Category  A  B  Plantation Livestock Forestry Fishing Hunting and Allied Activities ,Industrial Category  C ,Industrial Category  D  HHI,Industrial Category  D  Non HHI,Industrial Category  E ,Industrial Category  F ,Industrial Cat","Female Workers Classified by Industrial Category and Marital Status, 2001 - India | Female Workers Classified by Industrial Category and Marital Status, 2001 - Jammu & Kashmir | Female Workers Classified by Industrial Category and Marital Status, 2001 - Himachal Pradesh"
601,"Number of Women and Ever Married Women by Present Age, Religious Community, Number of Surviving Children and Total Surviving Children by Sex","Ministry of Home Affairs, Department of Home, Registrar General and Census Commissioner, India","Number of Women and Ever Married Women by Present Age, Religious Community, Number of Surviving Children and Total Surviving Children by Sex, Census 2001 - India and States",36,"Table Name,State Code,District Code,Area Name,Total/ Rural/ Urban,Religious Community,Present Age,Total Women,Total Ever Married Women,Number of Surviving Children  0,Number of Surviving Children  1,Number of Surviving Children  2,Number of Surviving Children  3,Number of Surviving Children  4,Number of Surviving Children  5,Total Surviving Children  Persons,Total Surviving Children  Males,Total Surviving Children  Females","Number of Women and Ever Married Women by Present Age, Religious Community, Number of Surviving Children and Total Surviving Children by Sex, 2001 - India | Number of Women and Ever Married Women by Present Age, Religious Community, Number of Surviving Children and Total Surviving Children by Sex, 2001 - Jammu & Kashmir | Number of Women and Ever Married Women by Present Age, Religious Community, Number of Surviving Children and Total Surviving Children by Sex, 2001 - Himachal Pradesh"
600,"Number of Women and Ever Married Women by Present Age, Parity, Religious Community and Total Children Ever Born by Sex","Ministry of Home Affairs, Department of Home, Registrar General and Census Commissioner, India","Number of Women and Ever Married Women by Present Age, Parity, Religious Community and Total Children Ever Born by Sex, Census 2001 - India and States",36,"Table Name,State Code,District Code,Area Name,Total/ Rural/ Urban,Religious Community,Present Age,Total Women,Total Ever Married Women,Parity  0,Parity  1,Parity  2,Parity  3,Parity  4,Parity  5,Parity  6,Parity  7,Total Children Ever Born  Persons,Total Children Ever Born  Males,Total Children Ever Born  Females","Number of Women and Ever Married Women by Present Age, Parity, Religious Community and Total Children Ever Born by Sex, 2001 - India | Number of Women and Ever Married Women by Present Age, Parity, Religious Community and Total Children Ever Born by Sex, 2001 - Jammu & Kashmir | Number of Women and Ever Married Women by Present Age, Parity, Religious Community and Total Children Ever Born by Sex, 2001 - Himachal Pradesh"
599,"Number of Women and Ever Married Women by Present Age, Parity, Educational Level and Total Children Ever Born by Sex","Ministry of Home Affairs, Department of Home, Registrar General and Census Commissioner, India","Number of Women and Ever Married Women by Present Age, Parity, Educational Level and Total Children Ever Born by Sex, Census 2001 - India and States",36,"Table Name,State Code,District Code,Area Name,Total/ Rural/ Urban,Educational Level,Present Age,Total Women,Total Ever Married Women,Parity  0,Parity  1,Parity  2,Parity  3,Parity  4,Parity  5,Parity  6,Parity  7,Total Children Ever Born  Persons,Total Children Ever Born  Males,Total Children Ever Born  Females","Number of Women and Ever Married Women by Present Age, Parity, Educational Level and Total Children Ever Born by Sex, 2001 - India | Number of Women and Ever Married Women by Present Age, Parity, Educational Level and Total Children Ever Born by Sex, 2001 - Jammu & Kashmir | Number of Women and Ever Married Women by Present Age, Parity, Educational Level and Total Children Ever Born by Sex, 2001 - Himachal Pradesh"
598,"Number of Women and Ever Married Women by Present Age, Parity, Economic Activity and Total Children Ever Born by Sex","Ministry of Home Affairs, Department of Home, Registrar General and Census Commissioner, India","Number of Women and Ever Married Women by Present Age, Parity, Economic Activity and Total Children Ever Born by Sex, Census 2001 - India and States",36,"Table Name,State Code,District Code,Area Name,Total/ Rural/ Urban,Economic Activity,Present Age,Total Women,Total Ever Married Women,Parity  0,Parity  1,Parity  2,Parity  3,Parity  4,Parity  5,Parity  6,Parity  7,Total Children Ever Born  Persons,Total Children Ever Born  Males,Total Children Ever Born  Females","Number of Women and Ever Married Women by Present Age, Parity, Economic Activity and Total Children Ever Born by Sex, 2001 - India | Number of Women and Ever Married Women by Present Age, Parity, Economic Activity and Total Children Ever Born by Sex, 2001 - Jammu & Kashmir | Number of Women and Ever Married Women by Present Age, Parity, Economic Activity and Total Children Ever Born by Sex, 2001 - Himachal Pradesh"
508,"Marginal Workers Classified by Age, Industrial Category and Sex","Ministry of Home Affairs, Department of Home, Registrar General and Census Commissioner, India","Marginal Workers Classified by Age, Industrial Category and Sex, Census 2011 - India and States",36,"Table Code,State Code,District Code,Area Name,Total/ Rural/ Urban,Age group,Worked for 3 months or more but less than 6 months   Persons,Worked for 3 months or more but less than 6 months  Males,Worked for 3 months or more but less than 6 months  Females,Worked for less than 3 months  Persons,Worked for less than 3 months  Males,Worked for less than 3 months  Females,Industrial Category  A  Cultivators  Persons,Industrial Category  A  Cultivators  Males,Industrial Category  A  Cultivators  Femal","Marginal Workers Classified by Age, Industrial Category and Sex, 2011 - India | Marginal Workers Classified by Age, Industrial Category and Sex, 2011 - Jammu and Kashmir | Marginal Workers Classified by Age, Industrial Category and Sex, 2011 - Himachal Pradesh"
595,"Number of Women and Ever Married Women by Present Age, Parity and Total Children Ever Born by Sex","Ministry of Home Affairs, Department of Home, Registrar General and Census Commissioner, India","Number of Women and Ever Married Women by Present Age, Parity and Total Children Ever Born by Sex, Census 2001 - India and States",36,"Table Name,State Code,District Code,Area Name,Total/ Rural/ Urban,Present Age,Total Women,Total Ever Married Women,Parity  0,Parity  1,Parity  2,Parity  3,Parity  4,Parity  5,Parity  6,Parity  7,Total Children Ever Born  Persons,Total Children Ever Born  Males,Total Children Ever Born  Females","Number of Women and Ever Married Women by Present Age, Parity and Total Children Ever Born by Sex, 2001 - India | Number of Women and Ever Married Women by Present Age, Parity and Total Children Ever Born by Sex, 2001 - Jammu & Kashmir | Number of Women and Ever Married Women by Present Age, Parity and Total Children Ever Born by Sex, 2001 - Himachal Pradesh"
512,"Marginal Workers Classified by Age, Industrial Category and Sex","Ministry of Home Affairs, Department of Home, Registrar General and Census Commissioner, India","Marginal Workers Classified by Age, Industrial category and Sex, Census 2001 - India and States",36,"Table Name,State Code,District Code,Tehsil Code,Area Name,Total/ Rural/ Urban,Age Group,Marginal workers  Persons,Marginal workers  Males,Marginal workers  Females,Industrial category  A  B  Cultivators  Persons,Industrial category  A  B  Cultivators  Males,Industrial category  A  B  Cultivators  Females,Industrial category  A  B  Agricultural labourers  Persons,Industrial category  A  B  Agricultural labourers  Males,Industrial category  A  B  Agricultural labourers  Females,Industrial category","Marginal Workers Classified by Age, Industrial Category and Sex, 2001 - India | Marginal Workers Classified by Age, Industrial Category and Sex, 2001 - Jammu & Kashmir | Marginal Workers Classified by Age, Industrial Category and Sex, 2001 - Himachal Pradesh"
674,"Women and Ever Married Women by Present Age, Parity, Educational Level and Total Children Ever Born by Sex","Ministry of Home Affairs, Department of Home, Registrar General and Census Commissioner, India","Women and Ever Married Women by Present Age, Parity, Educational Level and Total Children Ever Born by Sex, Census 2011 - India and States",36,"Table name,State code,Distt code,Area name,Total/ Rural/ Urban,Educational level,Present age,Total women,Total ever married women,Parity  0,Parity  1,Parity  2,Parity  3,Parity  4,Parity  5,Parity  6,Parity  7,Total children ever born  Person,Total children ever born  Male,Total children ever born  Female","Women and Ever Married Women by Present Age, Parity, Educational Level and Total Children Ever Born by Sex, 2011 - India | Women and Ever Married Women by Present Age, Parity, Educational Level and Total Children Ever Born by Sex, 2011 - Jammu & Kashmir | Women and Ever Married Women by Present Age, Parity, Educational Level and Total Children Ever Born by Sex, 2011 - Himachal Pradesh"
673,"Women and Ever Married Women by Present Age, Educational Level, Surviving Children and Total Surviving Children by Sex","Ministry of Home Affairs, Department of Home, Registrar General and Census Commissioner, India","Women and Ever Married Women by Present Age, Educational Level, Surviving Children and Total Surviving Children by Sex, Census 2011 - India and States",36,"Table name,State code,Distt code,Area name,Total/ Rural/ Urban,Educational level,Present age,Total women,Total ever married women,Number of surviving children  0,Number of surviving children  1,Number of surviving children  2,Number of surviving children  3,Number of surviving children  4,Number of surviving children  5,Total surviving children  Person,Total surviving children  Male,Total surviving children  Female","Women and Ever Married Women by Present Age, Educational Level, Surviving Children and Total Surviving Children by Sex, 2011 - India | Women and Ever Married Women by Present Age, Educational Level, Surviving Children and Total Surviving Children by Sex, 2011 - Jammu & Kashmir | Women and Ever Married Women by Present Age, Educational Level, Surviving Children and Total Surviving Children by Sex, 2011 - Himachal Pradesh"
586,"Number of Women and Ever Married Women by Present Age, Economic Activity, Number of Surviving Children and Total Surviving Children by Sex","Ministry of Home Affairs, Department of Home, Registrar General and Census Commissioner, India","Number of Women and Ever Married Women by Present Age, Economic Activity, Number of Surviving Children and Total Surviving Children by Sex, Census 2001 - India and States",36,"Table Name,State Code,District Code,Area Name,Total/ Rural/ Urban,Economic Activity,Present Age,Total Women,Total Ever Married Women,Number of Surviving Children  0,Number of Surviving Children  1,Number of Surviving Children  2,Number of Surviving Children  3,Number of Surviving Children  4,Number of Surviving Children  5,Total Surviving Children  Persons,Total Surviving Children  Males,Total Surviving Children  Females","Number of Women and Ever Married Women by Present Age, Economic Activity, Number of Surviving Children and Total Surviving Children by Sex, 2001 - India | Number of Women and Ever Married Women by Present Age, Economic Activity, Number of Surviving Children and Total Surviving Children by Sex, 2001 - Jammu & Kashmir | Number of Women and Ever Married Women by Present Age, Economic Activity, Number of Surviving Children and Total Surviving Children by Sex, 2001 - Himachal Pradesh"
585,"Number of Women and Currently Married Women by Present Age, Religious Community, Number of Births Last Year by Sex and Birth Order","Ministry of Home Affairs, Department of Home, Registrar General and Census Commissioner, India","Number of Women and Currently Married Women by Present Age, Religious Community, Number of Births Last Year by Sex and Birth Order, Census 2001 - India and States",36,"Table Name,State Code,District Code,Area Name,Total/ Rural/ Urban,Religious Community,Present Age,Total Women,Total Currently Married Women,Number of Births Last Year  Males,Number of Births Last Year  Females,Order of Last Years Birth  1,Order of Last Years Birth  2,Order of Last Years Birth  3,Order of Last Years Birth  4,Order of Last Years Birth  5,Order of Last Years Birth  6,Order of Last Years Birth  7","Number of Women and Currently Married Women by Present Age, Religious Community, Number of Births Last Year by Sex and Birth Order, 2001 - India | Number of Women and Currently Married Women by Present Age, Religious Community, Number of Births Last Year by Sex and Birth Order, 2001 - Jammu & Kashmir | Number of Women and Currently Married Women by Present Age, Religious Community, Number of Births Last Year by Sex and Birth Order, 2001 - Himachal Pradesh"
424,"Households by Marital Status, Sex and Age of the Head of the Household","Ministry of Home Affairs, Department of Home, Registrar General and Census Commissioner, India","Households by Marital Status, Sex and Age of the Head of the Household, Census 2001 - India and States",36,"Table Name,State Code,District Code,Thasil Code,Area Name,Total/ Rural/ Urban,Age of the Head of the Household in Years,Total Households  Male Head,Total Households  Female Haed,Marital Status of Head of the Household  Never Married  Male Head,Marital Status of Head of the Household  Never Married  Female Head,Marital Status of Head of the Household  Currently Married  Male Head,Marital Status of Head of the Household  Currently Married  Female Head,Marital Status of Head of the Household  Widow","Households by Marital Status, Sex and Age of the Head of the Household, 2001 - India | Households by Marital Status, Sex and Age of the Head of the Household, 2001 - Jammu & Kashmir | Households by Marital Status, Sex and Age of the Head of the Household, 2001 - Himachal Pradesh"
582,"Number of Women and Currently Married Women by Present Age, Number of Births Last Year by Sex and Birth Order","Ministry of Home Affairs, Department of Home, Registrar General and Census Commissioner, India","Number of Women and Currently Married Women by Present Age, Number of Births Last Year by Sex and Birth Order, Census 2001 - India and States",36,"Table Name,State Code,District Code,Area Name,Total/ Rural/ Urban,Present Age,Total Women,Total Currently Married Women,Number of Births Last Year  Males,Number of Births Last Year  Females,Order of Last Years Birth  1,Order of Last Years Birth  2,Order of Last Years Birth  3,Order of Last Years Birth  4,Order of Last Years Birth  5,Order of Last Years Birth  6,Order of Last Years Birth  7","Number of Women and Currently Married Women by Present Age, Number of Births Last Year by Sex and Birth Order, 2001 - India | Number of Women and Currently Married Women by Present Age, Number of Births Last Year by Sex and Birth Order, 2001 - Jammu & Kashmir | Number of Women and Currently Married Women by Present Age, Number of Births Last Year by Sex and Birth Order, 2001 - Himachal Pradesh"
579,"Number of Women and Currently Married Women by Present Age, Educational Level, Number of Births Last Year by Sex and Birth Order","Ministry of Home Affairs, Department of Home, Registrar General and Census Commissioner, India","Number of Women and Currently Married Women by Present Age, Educational Level, Number of Births Last Year by Sex and Birth Order, Census 2001 - India and States",36,"Table Name,State Code,District Code,Area Name,Total/ Rural/ Urban,Educational Level,Present Age,Total Women,Total Currently Married Women,Number of Births Last Year  Males,Number of Births Last Year  Females,Order of Last Years Birth  1,Order of Last Years Birth  2,Order of Last Years Birth  3,Order of Last Years Birth  4,Order of Last Years Birth  5,Order of Last Years Birth  6,Order of Last Years Birth  7","Number of Women and Currently Married Women by Present Age, Educational Level, Number of Births Last Year by Sex and Birth Order, 2001 - India | Number of Women and Currently Married Women by Present Age, Educational Level, Number of Births Last Year by Sex and Birth Order, 2001 - Jammu & Kashmir | Number of Women and Currently Married Women by Present Age, Educational Level, Number of Births Last Year by Sex and Birth Order, 2001 - Himachal Pradesh"
578,"Number of Women and Currently Married Women by Present Age, Economic Activity, Number of Births Last Year by Sex and Birth Order","Ministry of Home Affairs, Department of Home, Registrar General and Census Commissioner, India","Number of Women and Currently Married Women by Present Age, Economic Activity, Number of Births Last Year by Sex and Birth Order, Census 2001 - India and States",36,"Table Name,State Code,District Code,Area Name,Total/ Rural/ Urban,Economic Activity,Present Age,Total Women,Total Currently Married Women,Number of Births Last Year  Males,Number of Births Last Year  Females,Order of Last Years Birth  1,Order of Last Years Birth  2,Order of Last Years Birth  3,Order of Last Years Birth  4,Order of Last Years Birth  5,Order of Last Years Birth  6,Order of Last Years Birth  7","Number of Women and Currently Married Women by Present Age, Economic Activity, Number of Births Last Year by Sex and Birth Order, 2001 - India | Number of Women and Currently Married Women by Present Age, Economic Activity, Number of Births Last Year by Sex and Birth Order, 2001 - Jammu & Kashmir | Number of Women and Currently Married Women by Present Age, Economic Activity, Number of Births Last Year by Sex and Birth Order, 2001 - Himachal Pradesh"
425,"Households by Number of Literates, Religion of the Head of the Household and Household Size","Ministry of Home Affairs, Department of Home, Registrar General and Census Commissioner, India","Households by Number of Literates, Religion of the Head of the Household and Household Size, Census 2001 - India and States",36,"Table Name,State Code,District Code,Tahsil Code,Area Name,Religious Community,Number of Literates,Total/ Rural/ Urban,Total Households  Male Head,Total Households  Female Head,Household Size  1,Household Size  2,Household Size  3,Household Size  4,Household Size  5,Household Size  6,Household Size  7","Households by Number of Literates, Religion of the Head of the Household and Household Size, 2001 - India | Households by Number of Literates, Religion of the Head of the Household and Household Size, 2001 - Jammu & Kashmir | Households by Number of Literates, Religion of the Head of the Household and Household Size, 2001 - Himachal Pradesh"
574,"Non-Workers by Main Activity, Educational Level and Sex","Ministry of Home Affairs, Department of Home, Registrar General and Census Commissioner, India","Non-Workers by Main Activity, Educational Level and Sex, Census 2011 - India and States",36,"Table Name,State Code,District Code,Area Name,Total/Rural/Urban,Educational Level,NonWorkers  Persons,NonWorkers  Males,NonWorkers  Females,Main Activity Students  Persons,Main Activity Students  Males,Main Activity Students  Females,Main Activity Household Duties  Persons,Main Activity Household Duties  Males,Main Activity Household Duties  Females,Main Activity Dependents  Persons,Main Activity Dependents  Males,Main Activity Dependents  Females,Main Activity Pensioners  Persons,Main Activity ","Non-Workers by Main Activity, Educational Level and Sex, 2011 - India | Non-Workers by Main Activity, Educational Level and Sex, 2011 - Jammu & Kashmir | Non-Workers by Main Activity, Educational Level and Sex, 2011 - Himachal Pradesh"
573,"Non-Workers by Main Activity, Educational Level and Sex","Ministry of Home Affairs, Department of Home, Registrar General and Census Commissioner, India","Non-Workers by Main Activity, Educational Level and Sex, Census 2001 - India and States",36,"Table Name,State Code,District Code,Tehsil Code,Area Name,Total/ Rural/ Urban,Educational Level,NonWorkers  Persons,NonWorkers  Males,NonWorkers  Females,Main Activity  Students  Persons,Main Activity  Students  Males,Main Activity  Students  Females,Main Activity  Household Duties  Persons,Main Activity  Household Duties  Males,Main Activity  Household Duties  Females,Main Activity  Dependents  Persons,Main Activity  Dependents  Males,Main Activity  Dependents  Females,Main Activity  Pensioners","Non-Workers by Main Activity, Educational Level and Sex, 2001 - India | Non-Workers by Main Activity, Educational Level and Sex, 2001 - Jammu & Kashmir | Non-Workers by Main Activity, Educational Level and Sex, 2001 - Himachal Pradesh"
572,"Non-Workers by Main Activity, Age, Sex and Religion","Ministry of Home Affairs, Department of Home, Registrar General and Census Commissioner, India","Non-Workers by Main Activity, Age, Sex and Religion, Census 2001 - India and States",36,"Table Name,State Code,District Code,Area Name,Total/ Rural/ Urban,Religion,Age Group,Total  Persons,Total  Males,Total  Females,Main Activity  Students  Persons,Main Activity  Students  Males,Main Activity  Students  Females,Main Activity  Household Duties  Persons,Main Activity  Household Duties  Males,Main Activity  Household Duties  Females,Main Activity  Dependents  Person,Main Activity  Dependents  Males,Main Activity  Dependents  Females,Main Activity  Pensioners  Persons,Main Activity  Pe","Non-Workers by Main Activity, Age, Sex and Religion, 2001 - India | Non-Workers by Main Activity, Age, Sex and Religion, 2001 - Jammu & Kashmir | Non-Workers by Main Activity, Age, Sex and Religion, 2001 - Himachal Pradesh"
426,"Households by Religion, Sex of the Head of the Household and Household Size","Ministry of Home Affairs, Department of Home, Registrar General and Census Commissioner, India","Households by Religion, Sex of the Head of the Household and Household Size, Census 2001 - India and States",36,"Table Name,State Code,District Code,Thasil Code,Area Name,Total/ Rural/ Urban,Household Size,Total Households With  Male Head,Total Households With  Female Head,Hindu  Male Head,Hindu  Female Head,Muslim  Male Head,Muslim  Female Head,Christian  Male Head,Christian  Female Head,Sikh  Male Head,Sikh  Female Head,Buddhist  Male Head,Buddhist  Female Head,Jain  Male Head,Jain  Female Head,Others  Male Head,Others  Female Head","Households by Religion, Sex of the Head of the Household and Household Size, 2001 - India | Households by Religion, Sex of the Head of the Household and Household Size, 2001 - Jammu & Kashmir | Households by Religion, Sex of the Head of the Household and Household Size, 2001 - Himachal Pradesh"
569,"Non-Workers by Main Activity, Age and Sex","Ministry of Home Affairs, Department of Home, Registrar General and Census Commissioner, India","Non-Workers by Main Activity, Age and Sex, Census 2001 - India and States",36,"Table Name,State Code,Distt Code,Name,Total/ Rural/ Urban,Age Group,Total  Persons,Total  Males,Total  Females,Main activity  Students  Persons,Main activity  Students  Males,Main activity  Students  Females,Main activity  Household duties  Persons,Main activity  Household duties  Males,Main activity  Household duties  Females,Main activity  Dependents  Persons,Main activity  Dependents  Males,Main activity  Dependents  Females,Main activity  Pensioners  Persons,Main activity  Pensioners  Males,","Non-Workers by Main Activity, Age and Sex, 2001 - India | Non-Workers by Main Activity, Age and Sex, 2001 - Jammu & Kashmir | Non-Workers by Main Activity, Age and Sex, 2001 - Himachal Pradesh"
562,"Non-Workers by Main Activity, Age, Sex and Religious Community","Ministry of Home Affairs, Department of Home, Registrar General and Census Commissioner, India","Non Workers by Main Activity, Age and Sex and Religious Community, Census 2011 - India and States",36,"Table Name,State Code,Distt. Code,Area Name,Total/Rural/Urban,Religion,AgeGroup,NonWorkers  Persons,NonWorkers  Males,NonWorkers  Females,Main Activity  Students  Persons,Main Activity  Students  Males,Main Activity  Students  Females,Main Activity  Household Duties  Persons,Main Activity  Household Duties  Males,Main Activity  Household Duties  Females,Main Activity  Dependents  Persons,Main Activity  Dependents  Males,Main Activity  Dependents  Females,Main Activity  Pensioners  Persons,Main A","Non-Workers by Main Activity, Age, Sex and Religious Community, 2011 - India | Non-Workers by Main Activity, Age, Sex and Religious Community, 2011 - Jammu & Kashmir | Non-Workers by Main Activity, Age, Sex and Religious Community, 2011 - Himachal Pradesh"
429,Households with Members Aged 15 Years and Above and with or without Educational Level Matriculation and Above,"Ministry of Home Affairs, Department of Home, Registrar General and Census Commissioner, India","Households with Members Aged 15 Years and Above and with or without Educational Level Matriculation and Above, Census 2001 - India and States",36,"Table Name,State Code,District Code,Tahsil Code,Area Name,Total/ Rural/ Urban,Number of Matriculates and Above In the Household,Total Households,Number of Members of Age 15 Years and Above  1,Number of Members of Age 15 Years and Above  2,Number of Members of Age 15 Years and Above  36,Number of Members of Age 15 Years and Above  710,Number of Members of Age 15 Years and Above  11,Number of Members of Age 15 Years and Above  None","Households with Members Aged 15 Years and Above and with or without Educational Level Matriculation and Above, 2001 - India | Households with Members Aged 15 Years and Above and with or without Educational Level Matriculation and Above, 2001 - Jammu & Kashmir | Households with Members Aged 15 Years and Above and with or without Educational Level Matriculation and Above, 2001 - Himachal Pradesh"
430,Households with Number of Aged Persons 60 Years and Above by Sex and by Household Size,"Ministry of Home Affairs, Department of Home, Registrar General and Census Commissioner, India","Households with Number of Aged Persons 60 Years and Above by Sex and by Household Size, Census 2001 - India and States",36,"Table Name,State Code,District Code,Thasil Code,Area Name,Total/ Rural/ Urban,Number of Aged Persons 60 Years in the Household,Total  Number of Households,Total  Number of Aged Persons 60 Years and Above  Male,Total  Number of Aged Persons 60 Years and Above  Female,Household by Size Class and Number of Aged Persons 60 and Above  1  Number of Household,Household By Size Class and Number of Aged Persons 60 and Above  1  Number of Aged Persons 60 Years and Above  Male,Household by Size Class and N","Households with Number of Aged Persons 60 Years and Above by Sex and by Household Size, 2001 - India | Households with Number of Aged Persons 60 Years and Above by Sex and by Household Size, 2001 - Jammu & Kashmir | Households with Number of Aged Persons 60 Years and Above by Sex and by Household Size, 2001 - Himachal Pradesh"
553,Marital Status by Religious Community and Sex,"Ministry of Home Affairs, Department of Home, Registrar General and Census Commissioner, India","Marital Status by Religious Community and Sex, Census 2001 - India and States",36,"Table Name,State Code,District Code,Tehsil Code,Area Name,Total/ Rural/ Urban,Marital Status,Total Population  Persons,Total Population  Males,Total Population  Females,Religious Communities  Hindu  Persons,Religious Communities  Hindu  Males,Religious Communities  Hindu  Females,Religious Communities  Muslim  Persons,Religious Communities  Muslim  Males,Religious Communities  Muslim  Females,Religious Communities  Christian  Persons,Religious Communities  Christian  Males,Religious Communities ","Marital Status by Religious Community and Sex, 2001 - India | Marital Status by Religious Community and Sex, 2001 - Jammu & Kashmir | Marital Status by Religious Community and Sex, 2001 - Himachal Pradesh"
552,"Marital Status by Religious Communities, Age and Sex","Ministry of Home Affairs, Department of Home, Registrar General and Census Commissioner, India","Marital Status by Religious Communities, Age and Sex, Census 2001 - India and States",36,"Table Name,State Code,District Code,Tehsil Code,Area Name,Total/ Rural/ Urban,Religion,AgeGroup,Total  Persons,Total  Males,Total  Females,Marital Status  Never Married  Persons,Marital Status  Never Married  Males,Marital Status  Never Married  Females,Marital Status  Married  Persons,Marital Status  Married  Males,Marital Status  Married  Females,Marital Status  Widowed  Persons,Marital Status  Widowed  Males,Marital Status  Widowed  Females,Marital Status  Divorced/ Separated  Persons,Marital","Marital Status by Religious Communities, Age and Sex, 2001 - India | Marital Status by Religious Communities, Age and Sex, 2001 - Jammu & Kashmir | Marital Status by Religious Communities, Age and Sex, 2001 - Himachal Pradesh"
435,"Industrial Classification of Main Workers and Marginal Workers other than Cultivators and Agricultural Labourers by Sex and by Section, Division and Class","Ministry of Home Affairs, Department of Home, Registrar General and Census Commissioner, India","Industrial Classification of Main Workers and Marginal Workers other than Cultivators and Agricultural Labourers by Sex and by Section, Division and Class, Census 2011 - India and States",36,"Table Name,State Code,District Code,India/States,Division,Group,Class,NIC Name,Main Workers  Total   Persons,Main Workers  Total  Males,Main Workers  Total  Females,Main Workers  Rural   Persons,Main Workers  Rural  Males,Main Workers  Rural  Females,Main Workers  Urban   Persons,Main Workers  Urban  Males,Main Workers  Urban  Females,Marginal Workers  Total   Persons,Marginal Workers  Total  Males,Marginal Workers  Total  Females,Marginal Workers  Rural   Persons,Marginal Workers  Rural  Males,","Industrial Classification of Main Workers and Marginal Workers other than Cultivators and Agricultural Labourers by Sex and by Section, Division and Class, 2011 - India | Industrial Classification of Main Workers and Marginal Workers other than Cultivators and Agricultural Labourers by Sex and by Section, Division and Class, 2011 - Jammu and Kashmir | Industrial Classification of Main Workers and Marginal Workers other than Cultivators and Agricultural Labourers by Sex and by Section, Division and Class, 2011 - Himachal Pradesh"
438,"Industrial Classification of Main Workers in Manufacturing Processing, Servicing and Repairs by Household Industry and Non-household Industry","Ministry of Home Affairs, Department of Home, Registrar General and Census Commissioner, India","Industrial Classification of Main Workers in Manufacturing Processing, Servicing and Repairs by Household Industry and Non-household Industry, Census 2001 - India and States",36,"Table Name,State/ Distrct,Division,Group,Main Worker  Total  Persons,Main Worker  Total  Males,Main Worker  Total  Females,Main Worker  Rural  Persons,Main Worker  Rural  Males,Main Worker  Rural  Females,Main Worker  Urban  Persons,Main Worker  Urban  Males,Main Worker  Urban  Females,Main Workers in Household Industry  Total  Persons,Main Workers in Household Industry  Total  Males,Main Workers in Household Industry  Total  Females,Main Workers in Household Industry  Rural  Persons,Main Worker","Industrial Classification of Main Workers in Manufacturing Processing, Servicing and Repairs by Household Industry and Non-household Industry, 2001 - India | Industrial Classification of Main Workers in Manufacturing Processing, Servicing and Repairs by Household Industry and Non-household Industry, 2001 - Jammu & Kashmir | Industrial Classification of Main Workers in Manufacturing Processing, Servicing and Repairs by Household Industry and Non-household Industry, 2001 - Himachal Pradesh"
542,"Marginal Workers by Main Activity, Age and Sex","Ministry of Home Affairs, Department of Home, Registrar General and Census Commissioner, India","Marginal Workers by Main Activity, Age and Sex, Census 2001 - India and States",36,"Table Name,State Code,Distt Code,Name,Total/ Rural/ Urban,Age Group,Total Marginal workers  Persons,Total Marginal workers  Males,Total Marginal workers  Females,Main activity  Students  Persons,Main activity  Students  Males,Main activity  Students  Females,Main activity  Household duties  Persons,Main activity  Household duties  Males,Main activity  Household duties  Females,Main activity  Dependents  Person,Main activity  Dependents  Males,Main activity  Dependents  Females,Main activity  Pen","Marginal Workers by Main Activity, Age and Sex, 2001 - India | Marginal Workers by Main Activity, Age and Sex, 2001 - Jammu & Kashmir | Marginal Workers by Main Activity, Age and Sex, 2001 - Himachal Pradesh"
541,"Marginal Workers by Main Activity, Age and Sex and Religious Community","Ministry of Home Affairs, Department of Home, Registrar General and Census Commissioner, India","Marginal Workers by Main Activity, Age and Sex and Religious Community, Census 2001 - India and States",36,"Table Name,State Code,District Code,Area Name,Total/ Rural/ Urban,Religion,Age Group,Total Marginal Workers  Persons,Total Marginal Workers  Males,Total Marginal Workers  Females,Main Activity  Students  Persons,Main Activity  Students  Males,Main Activity  Students  Females,Main Activity  Household Duties  Persons,Main Activity  Household Duties  Males,Main Activity  Household Duties  Females,Main Activity  Dependents  Person,Main Activity  Dependents  Males,Main Activity  Dependents  Females,M","Marginal Workers by Main Activity, Age and Sex and Religious Community, 2001 - India | Marginal Workers by Main Activity, Age and Sex and Religious Community, 2001 - Jammu & Kashmir | Marginal Workers by Main Activity, Age and Sex and Religious Community, 2001 - Himachal Pradesh"
439,"Industrial Classification of Main and Marginal Workers in Manufacturing, Processing, Servicing and Repairs in Household industry by Sex and Class of Worker","Ministry of Home Affairs, Department of Home, Registrar General and Census Commissioner, India","Industrial Classification of Main and Marginal Workers in Manufacturing, Processing, Servicing and Repairs in Household industry by Sex and Class of Worker, Census 2001 - India and States",36,"Table Name,State/ District,Division,Group,Total/ Rural/ Urban,Total Workers  Main Workers  Persons,Total Workers  Main Workers  Males,Total Workers  Main Workers  Females,Total Workers  Marginal Workers  Persons,Total Workers  Marginal Workers  Males,Total Workers  Marginal Workers  Females,Class of Worker  Employee  Main Workers  Persons,Class of Worker  Employee  Main Workers  Males,Class of Worker  Employee  Main Workers  Females,Class of Worker  Employee  Marginal Workers  Persons,Class of W","Industrial Classification of Main and Marginal Workers in Manufacturing, Processing, Servicing and Repairs in Household industry by Sex and Class of Worker, 2001 - India | Industrial Classification of Main and Marginal Workers in Manufacturing, Processing, Servicing and Repairs in Household industry by Sex and Class of Worker, 2001 - Jammu & Kashmir | Industrial Classification of Main and Marginal Workers in Manufacturing, Processing, Servicing and Repairs in Household industry by Sex and Class of Worker, 2001 - Himachal Pradesh"
534,"Marginal Workers and Non Workers seeking/available for work Classified by Educational Level, Age and Sex","Ministry of Home Affairs, Department of Home, Registrar General and Census Commissioner, India","Marginal Workers and Non Workers Seeking/ Available for Work Classified by Educational Level, Age and Sex, Census 2011 - India and States",36,"Table Name,State Code,District Code,Area Name,Total/Rural/Urban,Marginal and NonWorkers,Educational Level,Total  Persons,Total  Males,Total  Females,AgeGroup  514  Persons,AgeGroup  514  Males,AgeGroup  514  Females,AgeGroup  1519  Persons,AgeGroup  1519  Males,AgeGroup  1519  Females,AgeGroup  2024  Persons,AgeGroup  2024  Males,AgeGroup  2024  Females,AgeGroup  2529  Persons,AgeGroup  2529  Males,AgeGroup  2529  Females,AgeGroup  3034  Persons,AgeGroup  3034  Males,AgeGroup  3034  Females,AgeG","Marginal Workers and Non Workers seeking/available for work Classified by Educational Level, Age and Sex, 2011 - India | Marginal Workers and Non Workers seeking/available for work Classified by Educational Level, Age and Sex, 2011 - Jammu & Kashmir | Marginal Workers and Non Workers seeking/available for work Classified by Educational Level, Age and Sex, 2011 - Himachal Pradesh"
533,"Marginal Workers and Non Workers Seeking/ Available for Work Classified by Educational Level, Age and Sex","Ministry of Home Affairs, Department of Home, Registrar General and Census Commissioner, India","Marginal Workers and Non Workers Seeking/ Available for Work Classified by Educational Level, Age and Sex, Census 2001 - India and States",36,"Table Name,State Code,District Code,Tehsil Code,Area Name,Total/ Rural/ Urban,Marginal And NonWorkers,Educational Level,Total  Persons,Total  Males,Total  Females,AgeGroup  514  Persons,AgeGroup  514  Males,AgeGroup  514  Females,AgeGroup  1519  Persons,AgeGroup  1519  Males,AgeGroup  1519  Females,AgeGroup  2024  Persons,AgeGroup  2024  Males,AgeGroup  2024  Females,AgeGroup  2529  Persons,AgeGroup  2529  Males,AgeGroup  2529  Females,AgeGroup  3034  Persons,AgeGroup  3034  Males,AgeGroup  3034","Marginal Workers and Non Workers Seeking/ Available for Work Classified by Educational Level, Age and Sex, 2001 - India | Marginal Workers and Non Workers Seeking/ Available for Work Classified by Educational Level, Age and Sex, 2001 - Jammu & Kashmir | Marginal Workers and Non Workers Seeking/ Available for Work Classified by Educational Level, Age and Sex, 2001 - Himachal Pradesh"
447,"Industrial Classification of Main and Marginal Workers in Non-Household Industry, Trade, Business, Profession or Service by Class of Worker and Sex","Ministry of Home Affairs, Department of Home, Registrar General and Census Commissioner, India","Industrial Classification of Main and Marginal Workers in Non-Household Industry, Trade, Business, Profession or Service by Class of Worker and Sex, Census 2001 - India and States",36,"Table Name,State/ District,Division,Group,Total/ Rural/ Urban,Total Workers  Main Workers  Persons,Total Workers  Main Workers  Males,Total Workers  Main Workers  Females,Total Workers  Marginal Workers  Persons,Total Workers  Marginal Workers  Males,Total Workers  Marginal Workers  Females,Class of Worker  Employer  Main Workers  Persons,Class of Worker  Employer  Main Workers  Males,Class of Worker  Employer  Main Workers  Females,Class of Worker  Employer  Marginal Workers  Persons,Class of W","Industrial Classification of Main and Marginal Workers in Non-Household Industry, Trade, Business, Profession or Service by Class of Worker and Sex, 2001 - India | Industrial Classification of Main and Marginal Workers in Non-Household Industry, Trade, Business, Profession or Service by Class of Worker and Sex, 2001 - Jammu & Kashmir | Industrial Classification of Main and Marginal Workers in Non-Household Industry, Trade, Business, Profession or Service by Class of Worker and Sex, 2001 - Himachal Pradesh"
521,"Marginal Workers Classified by Industrial Category, Age and Sex","Ministry of Home Affairs, Department of Home, Registrar General and Census Commissioner, India","Marginal Workers Classified by Industrial Category, Age and Sex (For Each Caste/Tribe Separately), Census 2011 - India and States",36,"Table Code,State Code,District Code,Area Name,Total/Rural/Urban,AgeGroup,Worked for 3 Months or More but Less than 6 Months  Persons,Worked for 3 Months or More but Less than 6 Months  Males,Worked for 3 Months or More but Less than 6 Months  Females,Worked for Less than 3 Months  Persons,Worked for Less than 3 Months  Males,Worked for Less than 3 Months  Females,Industrial Category  A  Cultivators  Persons,Industrial Category  A  Cultivators  Males,Industrial Category  A  Cultivators  Females,I","Marginal Workers Classified by Industrial Category, Age and Sex, 2011 - India | Marginal Workers Classified by Industrial Category, Age and Sex, 2011 - Jammu & Kashmir | Marginal Workers Classified by Industrial Category, Age and Sex, 2011 - Himachal Pradesh"
516,Marginal Workers Classified by Industrial Category of Work and their Main Non Economic Activity,"Ministry of Home Affairs, Department of Home, Registrar General and Census Commissioner, India","Marginal Workers Classified by Industrial Category of Work and their Main Non Economic Activity, Census 2011 - India and States",36,"Table Name,State Code,Distt. Code,Area Name,Total/Rural/Urban,Industrial Category of Worker,Marginal Workers  Persons,Marginal Workers  Males,Marginal Workers  Females,Main Activity  Students  Persons,Main Activity  Students  Males,Main Activity  Students  Females,Main Activity  Household Duties  Persons,Main Activity  Household Duties  Males,Main Activity  Household Duties  Females,Main Activity  Dependants  Persons,Main Activity  Dependants  Males,Main Activity  Dependants  Females,Main Activi","Marginal Workers Classified by Industrial Category of Work and their Main Non Economic Activity, 2011 - India | Marginal Workers Classified by Industrial Category of Work and their Main Non Economic Activity, 2011 - Jammu & Kashmir | Marginal Workers Classified by Industrial Category of Work and their Main Non Economic Activity, 2011 - Himachal Pradesh"
515,Marginal Workers Classified by Industrial Category of Work and their Main Activity,"Ministry of Home Affairs, Department of Home, Registrar General and Census Commissioner, India","Marginal Workers Classified by Industrial Category of Work and their Main Activity, Census 2001 - India and States",36,"Table Name,State Code,District Code,Tehsil Code,Area Name,Total/ Rural/ Urban,Industrial Category of worker,Marginal workers  Persons,Marginal workers  Males,Marginal workers  Females,Main activity  Students  Persons,Main activity  Students  Males,Main activity  Students  Females,Main activity  Household duties  Persons,Main activity  Household duties  Males,Main activity  Household duties  Females,Main activity  Pensioners  Persons,Main activity  Pensioners  Males,Main activity  Pensioners  Fem","Marginal Workers Classified by Industrial Category of Work and their Main Activity, 2001 - India | Marginal Workers Classified by Industrial Category of Work and their Main Activity, 2001 - Jammu & Kashmir | Marginal Workers Classified by Industrial Category of Work and their Main Activity, 2001 - Himachal Pradesh"
453,Institutional Households by Household Size,"Ministry of Home Affairs, Department of Home, Registrar General and Census Commissioner, India","Institutional Households by Household Size, Census 2001 - India and States",36,"Table Name,State Code,District Code,Thasil Code,Area Name,Total/ Rural/ Urban,Institutional Households  Number,Institutional Households  Population,Household Size  Upto9,Household Size  1019,Household Size  2039,Household Size  4059,Household Size  6079,Household Size  8099,Household Size  100","Institutional Households by Household Size, 2001 - India | Institutional Households by Household Size, 2001 - Jammu & Kashmir | Institutional Households by Household Size, 2001 - Himachal Pradesh"
454,"Main Workers Classified by Age, Industrial Category and Sex and Religious Community","Ministry of Home Affairs, Department of Home, Registrar General and Census Commissioner, India","Main Workers Classified by Age, Industrial Category and Sex and Religious Community, Census 2001 - India and States",36,"Table Code,State Code,District Code,Tehsil Code,Area Name,Total/ Rural/ Urban,Religion,Age Group,Main Workers  Persons,Main Workers  Males,Main Workers  Females,Industrial Category  A  B  Cultivators  Persons,Industrial Category  A  B  Cultivators  Males,Industrial Category  A  B  Cultivators  Females,Industrial Category  A  B  Agricultural Labourers  Persons,Industrial Category  A  B  Agricultural Labourers  Males,Industrial Category  A  B  Agricultural Labourers  Females,Industrial Category  A","Main Workers Classified by Age, Industrial Category and Sex and Religious Community, 2001 - India | Main Workers Classified by Age, Industrial Category and Sex and Religious Community, 2001 - Jammu & Kashmir | Main Workers Classified by Age, Industrial Category and Sex and Religious Community, 2001 - Himachal Pradesh"
455,"Main Workers Classified by Age, Industrial Category, Sex and Religious Community","Ministry of Home Affairs, Department of Home, Registrar General and Census Commissioner, India","Main Workers Classified by Age, Industrial Category and Sex and Religious Community, Census 2011 - India and States",36,"Table Code,State Code,District Code,Area Name,Total/Rural/Urban,Religon,Age Group,Main Workers  Persons,Main Workers  Males,Main Workers  Females,Industrial Category  A  Cultivators  Persons,Industrial Category  A  Cultivators  Males,Industrial Category  A  Cultivators  Females,Industrial Category  A  Agricultural Labourers  Persons,Industrial Category  A  Agricultural Labourers  Males,Industrial Category  A  Agricultural Labourers  Females,Industrial Category  A  PlantationLivestockForestry Fis","Main Workers Classified by Age, Industrial Category, Sex and Religious Community, 2011 - India | Main Workers Classified by Age, Industrial Category, Sex and Religious Community, 2011 - Jammu & Kashmir | Main Workers Classified by Age, Industrial Category, Sex and Religious Community, 2011 - Himachal Pradesh"
610,Occupational Classification of Main Workers Other than Cultivators and Agricultural Labourers by Sex,"Ministry of Home Affairs, Department of Home, Registrar General and Census Commissioner, India","Occupational Classification of Main Workers other than Cultivators and Agricultural Labourers by Sex, Census 2011 - India and States",36,"Table Name,State Code,District Code,State/District,Division,SubDivision,Group,Family,NCO Name,Total  Persons,Total  Males,Total  Females,Rural  Persons,Rural  Males,Rural  Females,Urban  Persons,Urban  Males,Urban  Females","Occupational Classification of Main Workers Other than Cultivators and Agricultural Labourers by Sex, 2011 - India | Occupational Classification of Main Workers Other than Cultivators and Agricultural Labourers by Sex, 2011 - Jammu & Kashmir | Occupational Classification of Main Workers Other than Cultivators and Agricultural Labourers by Sex, 2011 - Himachal Pradesh"
457,"Main Workers Classified by Age, Industrial Category and Sex","Ministry of Home Affairs, Department of Home, Registrar General and Census Commissioner, India","Main Workers Classified by Age, Industrial Category and Sex, Census 2001 - India and States",36,"Table Name,State Code,District Code,Tehsil Code,Area Name,Total/ Rural/ Urban,Age Group,Main workers  Persons,Main workers  Males,Main workers  Females,Industrial category  A  B  Cultivators  Persons,Industrial category  A  B  Cultivators  Males,Industrial category  A  B  Cultivators  Females,Industrial category  A  B  Agricultural labourers  Persons,Industrial category  A  B  Agricultural labourers  Males,Industrial category  A  B  Agricultural labourers  Females,Industrial category  A  B  Plan","Main Workers Classified by Age, Industrial Category and Sex, 2001 - India | Main Workers Classified by Age, Industrial Category and Sex, 2001 - Jammu & Kashmir | Main Workers Classified by Age, Industrial Category and Sex, 2001 - Himachal Pradesh"
499,"Main Workers, Marginal Workers, Non-Workers and those Marginal Workers, Non-Workers Seeking/ Available for Work Classified by Educational Level and Sex","Ministry of Home Affairs, Department of Home, Registrar General and Census Commissioner, India","Main Workers, Marginal Workers, Non-Workers and those Marginal Workers, Non-workers Seeking/ Available for Work Classified by Educational Level and Sex, Census 2001 - India and States",36,"Table Name,State Code,District Code,Tehsil Code,Area Name,Total/ Rural/ Urban,Educational level,Population  Persons,Population  Males,Population  Females,Main workers  Persons,Main workers  Males,Main workers  Females,Marginal workers  Total  Persons,Marginal workers  Total  Males,Marginal workers  Total  Females,Marginal workers  Seeking/available for work  Persons,Marginal workers  Seeking/available for work  Males,Marginal workers  Seeking/available for work  Females,Nonworkers  Total  Person","Main Workers, Marginal Workers, Non-Workers and those Marginal Workers, Non-Workers Seeking/ Available for Work Classified by Educational Level and Sex, 2001 - India | Main Workers, Marginal Workers, Non-Workers and those Marginal Workers, Non-Workers Seeking/ Available for Work Classified by Educational Level and Sex, 2001 - Jammu & Kashmir | Main Workers, Marginal Workers, Non-Workers and those Marginal Workers, Non-Workers Seeking/ Available for Work Classified by Educational Level and Sex, 2001 - Himachal Pradesh"
497,"Main Workers, Marginal Workers, Non Workers and those Marginal Workers, Non Workers seeking/available for Work Classified by Age, Sex and Religious Community","Ministry of Home Affairs, Department of Home, Registrar General and Census Commissioner, India","Main Workers, Marginal Workers, Non-Workers and those Marginal Workers, Non-Workers Seeking/ Available for Work Classified by Age, Sex and Religious Community, Census 2011 - India and States",36,"Table Name,State Code,Distict Code,Total/Rural/Urban,Area Name,Religious Community,Age  Group,Population  Persons,Population  Males,Population  Females,Main Workers  Persons,Main Workers  Males,Main Workers  Females,Marginal Workers  Total  Persons,Marginal Workers  Total  Males,Marginal Workers  Total  Females,Marginal Workers  Seeking/Available for Work  Persons,Marginal Workers  Seeking/Available for Work  Males,Marginal Workers  Seeking/Available for Work  Females,Non Workers  Total  Persons","Main Workers, Marginal Workers, Non Workers and those Marginal Workers, Non Workers seeking/available for Work Classified by Age, Sex and Religious Community, 2011 - India | Main Workers, Marginal Workers, Non Workers and those Marginal Workers, Non Workers seeking/available for Work Classified by Age, Sex and Religious Community, 2011 - Jammu & Kashmir | Main Workers, Marginal Workers, Non Workers and those Marginal Workers, Non Workers seeking/available for Work Classified by Age, Sex and Religious Community, 2011 - Himachal Pradesh"
395,Female Workers Classified by Industrial Category and Marital Status,"Ministry of Home Affairs, Department of Home, Registrar General and Census Commissioner, India","Female Workers Classified by Industrial Category and Marital Status, Census 2011 - India and States",36,"Table Code,State Code,Area Name,Total/Rural/Urban,Female Main Workers/Marginal Workers,Marital Status,Female  Population,Total Female  Main/Marginal Workers,A  Cultivators,A  Agricultural Labourers,A  Plantation Livestock Forestry Fishing Hunting and Allied Activities,B,C  HHI,C  Non HHI,D  E,F,G  HHI,G  Non HHI,H,I,J  HHI,J  Non HHI,K to M,N to O,P to Q,R to U  HHI,R to U  Non HHI","Female Workers Classified by Industrial Category and Marital Status, 2011 - India | Female Workers Classified by Industrial Category and Marital Status, 2011 - Jammu & Kashmir | Female Workers Classified by Industrial Category and Marital Status, 2011 - Himachal Pradesh"
592,"Number of Women and Ever Married Women by Present Age, Number of Surviving Children and Total Surviving Children by Sex","Ministry of Home Affairs, Department of Home, Registrar General and Census Commissioner, India","Number of Women and Ever Married Women by Present Age, Number of Surviving Children and Total Surviving Children by Sex, Census 2001 - India and States",36,"Table Name,State Code,District Code,Area Name,Total/ Rural/ Urban,Present Age,Total women,Total ever married women,Parity  0,Parity  1,Parity  2,Parity  3,Parity  4,Parity  5,Total surviving children  Persons,Total surviving children  Males,Total surviving children  Females","Number of Women and Ever Married Women by Present Age, Number of Surviving Children and Total Surviving Children by Sex, 2001 - India | Number of Women and Ever Married Women by Present Age, Number of Surviving Children and Total Surviving Children by Sex, 2001 - Jammu & Kashmir | Number of Women and Ever Married Women by Present Age, Number of Surviving Children and Total Surviving Children by Sex, 2001 - Himachal Pradesh"
460,"Main Workers Classified by Age, Industrial Category and Sex","Ministry of Home Affairs, Department of Home, Registrar General and Census Commissioner, India","Main Workers Classified by Age, Industrial Category and Sex, Census 2011 - India and States",36,"Table Code,State Code,District Code,Area Name,Total/ Rural/ Urban,Age group,Main Workers  Persons,Main Workers  Males,Main Workers  Females,Industrial Category  A  Cultivators  Persons,Industrial Category  A  Cultivators  Males,Industrial Category  A  Cultivators  Females,Industrial Category  A  Agricultural labourers  Persons,Industrial Category  A  Agricultural labourers  Males,Industrial Category  A  Agricultural labourers  Females,Industrial Category  A  Plantation Livestock Forestry Fishing","Main Workers Classified by Age, Industrial Category and Sex, 2011 - India | Main Workers Classified by Age, Industrial Category and Sex, 2011 - Jammu and Kashmir | Main Workers Classified by Age, Industrial Category and Sex, 2011 - Himachal Pradesh"
490,"Main Workers, Marginal Workers, Non-Workers and Those Marginal Workers, Non-Workers Seeking/ Available for Work Classified by Educational Level and Sex","Ministry of Home Affairs, Department of Home, Registrar General and Census Commissioner, India","Main Workers, Marginal Workers, Non-Workers and Those Marginal Workers, Non-Workers Seeking/ Available for Work Classified by Educational Level and Sex, Census 2011 - India and States",36,"Table Name,State Code,Distt. Code,Area Name,Total/ Rural/ Urban,Educational level,Population  Persons,Population  Males,Population  Females,Main workers  Persons,Main workers  Males,Main workers  Females,Marginal workers  Total  Persons,Marginal workers  Total  Males,Marginal workers  Total  Females,Marginal workers  Seeking/available for work  Persons,Marginal workers  Seeking/available for work  Males,Marginal workers  Seeking/available for work  Females,Nonworkers  Total  Persons,Nonworkers  ","Main Workers, Marginal Workers, Non-Workers and Those Marginal Workers, Non-Workers Seeking/ Available for Work Classified by Educational Level and Sex, 2011 - India | Main Workers, Marginal Workers, Non-Workers and Those Marginal Workers, Non-Workers Seeking/ Available for Work Classified by Educational Level and Sex, 2011 - JAMMU & KASHMIR | Main Workers, Marginal Workers, Non-Workers and Those Marginal Workers, Non-Workers Seeking/ Available for Work Classified by Educational Level and Sex, 2011 - HIMACHAL PRADESH"
487,"Main Workers by Educational Level, Age and Sex","Ministry of Home Affairs, Department of Home, Registrar General and Census Commissioner, India","Main Workers by Educational Level, Age and Sex, Census 2011 - India and States",36,"Table Name,State Code,Distt. Code,Area Name,Total/ Rural/ Urban,Educational level,Main workers  Persons,Main workers  Males,Main workers  Females,Main workers  Agegroup  514  Persons,Main workers  Agegroup  514  Males,Main workers  Agegroup  514  Females,Main workers  Agegroup  1519  Persons,Main workers  Agegroup  1519  Males,Main workers  Agegroup  1519  Females,Main workers  Agegroup  2024  Persons,Main workers  Agegroup  2024  Males,Main workers  Agegroup  2024  Females,Main workers  Agegrou","Main Workers by Educational Level, Age and Sex, 2011 - India | Main Workers by Educational Level, Age and Sex, 2011 - JAMMU & KASHMIR | Main Workers by Educational Level, Age and Sex, 2011 - HIMACHAL PRADESH"
485,"District-wise Main Workers by Educational Level, Age and Sex","Ministry of Home Affairs, Department of Home, Registrar General and Census Commissioner, India","Main Workers by Educational Level, Age and Sex, Census 2001 - India and States",36,"Table Name,State Code,District Code,Tehsil Code,Area Name,Total/ Rural/ Urban,Educational Level,Main Workers  Persons,Main Workers  Males,Main Workers  Females,AgeGroup  514  Persons,AgeGroup  514  Males,AgeGroup  514  Females,AgeGroup  1519  Persons,AgeGroup  1519  Males,AgeGroup  1519  Females,AgeGroup  2024  Persons,AgeGroup  2024  Males,AgeGroup  2024  Females,AgeGroup  2529  Persons,AgeGroup  2529  Males,AgeGroup  2529  Females,AgeGroup  3034  Persons,AgeGroup  3034  Males,AgeGroup  3034  F","District-wise Main Workers by Educational Level, Age and Sex, 2001 - India | District-wise Main Workers by Educational Level, Age and Sex, 2001 - Jammu & Kashmir | District-wise Main Workers by Educational Level, Age and Sex, 2001 - Himachal Pradesh"
465,"Main Workers Classified by Industrial Category, Age and Sex","Ministry of Home Affairs, Department of Home, Registrar General and Census Commissioner, India","Main Workers Classified by Industrial Category, Age and Sex (For Each Caste/Tribe Separately), Census 2011 - India and States",36,"Table Code,State Code,District Code,Area Name,Total/Rural/Urban,Age Group,Main Workers  Persons,Main Workers  Males,Main Workers  Females,Industrial Category  A  Cultivators  Persons,Industrial Category  A  Cultivators  Males,Industrial Category  A  Cultivators  Females,Industrial Category  A  Agricultural Labourers  Persons,Industrial Category  A  Agricultural Labourers  Males,Industrial Category  A  Agricultural Labourers  Females,Industrial Category  A  PlantationLivestockForestry Fishing Hun","Main Workers Classified by Industrial Category, Age and Sex, 2011 - India | Main Workers Classified by Industrial Category, Age and Sex, 2011 - Jammu & Kashmir | Main Workers Classified by Industrial Category, Age and Sex, 2011 - Himachal Pradesh"
480,"Main Workers Classified by Industrial Category, Educational Level and Sex","Ministry of Home Affairs, Department of Home, Registrar General and Census Commissioner, India","Main Workers Classified by Industrial Category, Educational Level and Sex, Census 2001 - India and States",36,"Table Name,State Code,District Code,Tehsil Code,Area Name,Total/ Rural/ Urban,Educational Level,Main workers  Persons,Main workers  Males,Main workers  Females,Industrial category  A  B  Cultivators  Persons,Industrial category  A  B  Cultivators  Males,Industrial category  A  B  Cultivators  Females,Industrial category  A  B  Agricultural labourers  Persons,Industrial category  A  B  Agricultural labourers  Males,Industrial category  A  B  Agricultural labourers  Females,Industrial category  A ","Main Workers Classified by Industrial Category, Educational Level and Sex, 2001 - India | Main Workers Classified by Industrial Category, Educational Level and Sex, 2001 - Jammu & Kashmir | Main Workers Classified by Industrial Category, Educational Level and Sex, 2001 - Himachal Pradesh"
493,"Main Workers, Marginal Workers, Non-Workers and those Marginal Workers, Non-Workers Seeking/ Available for Work Classified by Age and Sex","Ministry of Home Affairs, Department of Home, Registrar General and Census Commissioner, India","Main Workers, Marginal Workers, Non-Workers and those Marginal Workers, Non-Workers Seeking/ Available for Work Classified by Age and Sex, Census 2001 - India and States",36,"Table Name,State Code,Distt Code,Name,Total/ Rural/ Urban,Age Group,Population  Persons,Population  Males,Population  Females,Main workers  Persons,Main workers  Males,Main workers  Females,Marginal workers  Total  Persons,Marginal workers  Total  Males,Marginal workers  Total  Females,Marginal workers  Seeking/available for work  Persons,Marginal workers  Seeking/available for work  Males,Marginal workers  Seeking/available for work  Females,NonWorkers  Total  Persons,NonWorkers  Total  Males,N","Main Workers, Marginal Workers, Non-Workers and those Marginal Workers, Non-Workers Seeking/ Available for Work Classified by Age and Sex, 2001 - India | Main Workers, Marginal Workers, Non-Workers and those Marginal Workers, Non-Workers Seeking/ Available for Work Classified by Age and Sex, 2001 - Jammu & Kashmir | Main Workers, Marginal Workers, Non-Workers and those Marginal Workers, Non-Workers Seeking/ Available for Work Classified by Age and Sex, 2001 - Himachal Pradesh"
334,"Disabled non-workers by type of disability and sex, age and sex","Ministry of Home Affairs, Department of Home, Registrar General and Census Commissioner, India",Disabled non-workers by type of disability and sex - India and States,35,"Table Name,State Code,District Code,Area Name,Total/ Rural/Urban,Activity of Nonworker,Total disabled nonworker  Persons,Total disabled nonworker  Male,Total disabled nonworker  Female,Type of disability  In seeing  Persons,Type of disability  In seeing  Male,Type of disability  In seeing  Female,Type of disability  In hearing  Persons,Type of disability  In hearing  Male,Type of disability  In hearing  Female,Type of disability  In speech  Persons,Type of disability  In speech  Male,Type of dis","Disabled non-workers by type of disability and sex, age and sex, 2011 - INDIA | Disabled non-workers by type of disability and sex, age and sex, 2011 - JAMMU & KASHMIR | Disabled non-workers by type of disability and sex, age and sex, 2011 - HIMACHAL PRADESH"
340,Distribution of Census Houses used as Residence and Residence-cum-other use by their Type of Structure,"Ministry of Home Affairs, Department of Home, Registrar General and Census Commissioner, India","Distribution of Census Houses used as Residence and Residence-cum-other use by their Type of Structure, Census 2001 - India and States",35,"Table Name,State Code,Distt. Code,Tehsil/ Town Code,Area Name,Total/ Rural/ Urban,Total Number of Census Houses,Type of Census Houses  Permanent,Type of Census Houses  SemiPermanent,Type of Census Houses  Temporary  Total,Type of Census Houses  Temporary  Serviceable,Type of Census Houses  Temporary  NonServiceable,Type of Census Houses  Unclassifiable","Distribution of Census Houses used as Residence and Residence-cum-other use by their Type of Structure, 2001 - Jammu & Kashmir | Distribution of Census Houses used as Residence and Residence-cum-other use by their Type of Structure, 2001 - Himachal Pradesh | Distribution of Census Houses used as Residence and Residence-cum-other use by their Type of Structure, 2001 - Punjab"
399,Female headed households by availability of bathing facility and type of drainage connectivity for waste water outlet,"Ministry of Home Affairs, Department of Home, Registrar General and Census Commissioner, India",Female headed households by availability of bathing facility and type of drainage connectivity for waste water outlet,35,"Table Name,State Code,District Code,Area Name,Total/ Rural/ Urban,Total Number of female headed households,Number of households having bathing facility within the premises  Yes  Bathroom,Number of households having bathing facility within the premises  Yes  Enclosure without roof,Number of households having bathing facility within the premises  No,Waste water outlet connected to  Closed drainage,Waste water outlet connected to  Open drainage,Waste water outlet connected to  No drainage","Female headed households by availability of bathing facility and type of drainage connectivity for waste water outlet, 2011 - INDIA | Female headed households by availability of bathing facility and type of drainage connectivity for waste water outlet, 2011 - JAMMU & KASHMIR | Female headed households by availability of bathing facility and type of drainage connectivity for waste water outlet, 2011 - HIMACHAL PRADESH"
312,Census Houses and the Uses to which they are Put,"Ministry of Home Affairs, Department of Home, Registrar General and Census Commissioner, India","Census Houses and the Uses to which they are Put, Census 2001 - India and States",35,"Table Name,State Code,Distt. Code,Tehsil/ City Code,Area Name,Total/ Rural/ Urban,Total Number of census Houses,Total Number of Vacant Census Houses,Total Number of Occupied Census Houses,Occupied Census Houses Used As  Residence,Occupied Census Houses Used As  ResidenceCumOther Use,Occupied Census Houses Used As  Shop Office,Occupied Census Houses Used As  School College Etc.,Occupied Census Houses Used As  Hotel Lodge Guest House Etc.,Occupied Census Houses Used As  Hospital Dispensary Etc.,Oc","Census Houses and the Uses to which they are Put, 2001 - Jammu & Kashmir | Census Houses and the Uses to which they are Put, 2001 - Himachal Pradesh | Census Houses and the Uses to which they are Put, 2001 - Punjab"
681,"Number of women and ever married women by present age, parity and total children ever born by sex","Ministry of Home Affairs, Department of Home, Registrar General and Census Commissioner, India","Women and ever married women by present age, parity and total children ever born by sex - India And States",35,"Table Name,State Code,District Code,Area Name,Total/ Rural/Urban,Present Age,Total Women,Total Ever Married Women,Total Ever Married Women  Parity  0,Total Ever Married Women  Parity  1,Total Ever Married Women  Parity  2,Total Ever Married Women  Parity  3,Total Ever Married Women  Parity  4,Total Ever Married Women  Parity  5,Total Ever Married Women  Parity  6,Total Ever Married Women  Parity  7,Total Children Ever Born  Persons,Total Children Ever Born  Male,Total Children Ever Born  Female","Number of women and ever married women by present age, parity and total children ever born by sex, 2011 - INDIA | Number of women and ever married women by present age, parity and total children ever born by sex, 2011 - JAMMU & KASHMIR | Number of women and ever married women by present age, parity and total children ever born by sex, 2011 - HIMACHAL PRADESH"
678,"Number of women and ever married women by present age, number of surviving children and total surviving children by sex","Ministry of Home Affairs, Department of Home, Registrar General and Census Commissioner, India","Women and ever married women by present age, number of surviving children and total surviving children by sex - India And States",35,"Table Name,State Code,District Code,Area Name,Total/ Rural/Urban,Present Age,Total Women,Total Ever Married Women,Number of Surviving Children  0,Number of Surviving Children  1,Number of Surviving Children  2,Number of Surviving Children  3,Number of Surviving Children  4,Number of Surviving Children  5,Total  Surviving Children  Persons,Total  Surviving Children  Male,Total  Surviving Children  Female","Number of women and ever married women by present age, number of surviving children and total surviving children by sex, 2011 - INDIA | Number of women and ever married women by present age, number of surviving children and total surviving children by sex, 2011 - JAMMU & KASHMIR | Number of women and ever married women by present age, number of surviving children and total surviving children by sex, 2011 - HIMACHAL PRADESH"
359,Education Level Graduate and Above by Sex for Population Age 15 and Above,"Ministry of Home Affairs, Department of Home, Registrar General and Census Commissioner, India",Education Level Graduate and Above by Sex for Population Age 15 and Above - India and States,35,"Table Name,State Code,Distt. Code,Area Name,Total/ Rural/ Urban,Agegroup,Total Population  Persons,Total Population  Males,Total Population  Females,Educational level  Graduate and above  Persons,Educational level  Graduate and above  Males,Educational level  Graduate and above  Females,Educational level  Graduate degree other than technical degree  Persons,Educational level  Graduate degree other than technical degree  Males,Educational level  Graduate degree other than technical degree  Female","Education Level Graduate and Above by Sex for Population Age 15 and Above, 2011 - INDIA | Education Level Graduate and Above by Sex for Population Age 15 and Above, 2011 - JAMMU & KASHMIR | Education Level Graduate and Above by Sex for Population Age 15 and Above, 2011 - HIMACHAL PRADESH"
662,Primary Census Abstract,"Ministry of Home Affairs, Department of Home, Registrar General and Census Commissioner, India","Primary Census Abstract, Census 2001 - India and States",35,"State Code,District Code,Tahsil Code,Town/ Village Code,Ward Code,Enumeration Block Code,Level,Name,Total/ Rural/ Urban,No of Households,Total Population  Persons,Total Population  Males,Total Population  Females,Population in the Age Group 06  Persons,Population in the Age Group 06  Males,Population in the Age Group 06 Females,Scheduled Castes Population  Persons,Scheduled Castes Population  Males,Scheduled Castes Population  Females,Scheduled Tribes Population  Persons,Scheduled Tribes Populat","Primary Census Abstract, 2001 - Jammu & Kashmir | Primary Census Abstract, 2001 - Himachal Pradesh | Primary Census Abstract, 2001 - Punjab"
528,"Marginal Workers Classified by Industrial Category, Educational Level and Sex","Ministry of Home Affairs, Department of Home, Registrar General and Census Commissioner, India","Marginal Workers Classified by Industrial Category, Educational Level and Sex (For Each Caste/Tribe Separately), Census 2011 - India and States",35,"Table Code,State Code,District Code,Area Name,Total/Rural/Urban,Educational Level,Marginal Workers  Persons,Marginal Workers  Males,Marginal Workers  Females,Industrial Category  A  Cultivators  Persons,Industrial Category  A  Cultivators  Males,Industrial Category  A  Cultivators  Females,Industrial Category  A  Agricultural Labourers  Persons,Industrial Category  A  Agricultural Labourers  Males,Industrial Category  A  Agricultural Labourers  Females,Industrial Category  A  PlantationLivestock","Marginal Workers Classified by Industrial Category, Educational Level and Sex, 2011 - Jammu & Kashmir | Marginal Workers Classified by Industrial Category, Educational Level and Sex, 2011 - Himachal Pradesh | Marginal Workers Classified by Industrial Category, Educational Level and Sex, 2011 - Punjab"
315,"Complete Town Directory by India/State/District/Sub-District Level, Census","Ministry of Home Affairs, Department of Home, Registrar General and Census Commissioner, India",Complete Towns Directory by India/State/District/Sub-District Level - Census 2011,35,"ST Code,STATE NAME,DT Code,DISTRICT NAME,SDT Code,SUBDISTRICT NAME,Town Code,Area Name","Complete Town Directory by India/State/District/Sub-District Level, Census 2011 - JAMMU & KASHMIR | Complete Town Directory by India/State/District/Sub-District Level, Census 2011 - HIMACHAL PRADESH | Complete Town Directory by India/State/District/Sub-District Level, Census 2011 - PUNJAB"
336,Distribution of Census Houses by Predominant Material of Floor,"Ministry of Home Affairs, Department of Home, Registrar General and Census Commissioner, India","Distribution of Census Houses by Predominant Material of Floor, Census 2001 - India and States",35,"Table Name,State Code,Distt. Code,Tehsil/ Town Code,Area Name,Total/ Rural/ Urban,Total Number of Census Houses,Material of Floor  Mud,Material of Floor  Wood Bamboo,Material of Floor  Brick,Material of Floor  Stone,Material of Floor  Cement,Material of Floor  Mosaic Floor Tiles,Material of Floor  Any Other Material","Distribution of Census Houses by Predominant Material of Floor, 2001 - Jammu & Kashmir | Distribution of Census Houses by Predominant Material of Floor, 2001 - Himachal Pradesh | Distribution of Census Houses by Predominant Material of Floor, 2001 - Punjab"
655,Population in single year age by Residence and Sex,"Ministry of Home Affairs, Department of Home, Registrar General and Census Commissioner, India",Population in single year age by Residence and Sex - India and States,35,"Table,State,Distt.,Area Name,Age,Total Persons,Total Males,Total Females,Rural Persons  ,Rural Males,Rural Females,Urban Persons  ,Urban Males,Urban Females","Population in single year age by Residence and Sex, 2011 - INDIA | Population in single year age by Residence and Sex, 2011 - JAMMU & KASHMIR | Population in single year age by Residence and Sex, 2011 - HIMACHAL PRADESH"
546,Marginal workers by main non economic activity by age and sex,"Ministry of Home Affairs, Department of Home, Registrar General and Census Commissioner, India",Marginal workers by main non economic activity by age and sex - India and States,35,"Table Name 1,State Code 2,District Code3,Area Name4,Total/Rural/Urban5,AgeGroup6,Marginal workers  Total Persons7 ,Marginal workers  Males8,Marginal workers  Females9,Main activity  Students  Total Persons10 ,Main activity  Students  Males11 ,Main activity  Students  Females12 ,Main activity  Household duties  Total Persons13,Main activity  Household duties  Males14,Main activity  Household duties  Females15,Main activity  Dependents  Total Persons 16,Main activity  Dependents  Males17,Main acti","Marginal workers by main non economic activity by age and sex, 2011 - INDIA | Marginal workers by main non economic activity by age and sex, 2011 - JAMMU & KASHMIR | Marginal workers by main non economic activity by age and sex, 2011 - HIMACHAL PRADESH"
396,Female headed households availing banking services and number of households having each of the specified assets,"Ministry of Home Affairs, Department of Home, Registrar General and Census Commissioner, India",Female headed households availing banking services and number of households having each of the specified assets,35,"Table Name 1,State Code 2,District Code 3,Area Name 4,Total/ Rural/ Urban 5,Total number of female headed households 6,Total number of female headed households availing banking services 7,Availability of assets  Radio/Transistor 8,Availability of assets  Television 9,Availability of assets  Computer/Laptop  With Internet 10,Availability of assets  Computer/Laptop  Without Internet 11,Availability of assets  Telephone/Mobile Phone  Landline only 12,Availability of assets  Telephone/Mobile Phone  ","Female headed households availing banking services and number of households having each of the specified assets, 2011 - INDIA | Female headed households availing banking services and number of households having each of the specified assets, 2011 - JAMMU & KASHMIR | Female headed households availing banking services and number of households having each of the specified assets, 2011 - HIMACHAL PRADESH"
432,"Industrial Classification of Main Workers and Marginal Workers other than Cultivators and Agricultural Labourers by Sex and by Division, Group and Class","Ministry of Home Affairs, Department of Home, Registrar General and Census Commissioner, India","Industrial Classification of Main Workers and Marginal Workers other than Cultivators and Agricultural Labourers by Sex and by Division, Group and Class, Census 2001 - India and States",35,"Table Name,State/ Distrct,Division Code,Group Code,Class Code,Class Description,Main Worker  Total  Persons,Main Worker  Total  Males,Main Worker  Total  Females,Main Worker  Rural  Persons,Main Worker  Rural  Males,Main Worker  Rural  Females,Main Worker  Urban  Persons,Main Worker  Urban  Males,Main Worker  Urban  Females,Marginal Worker  Total  Persons,Marginal Worker  Total  Males,Marginal Worker  Total  Females,Marginal Worker  Rural  Persons,Marginal Worker  Rural  Males,Marginal Worker  R","Industrial Classification of Main Workers and Marginal Workers other than Cultivators and Agricultural Labourers by Sex and by Division, Group and Class, 2001 - Jammu & Kashmir | Industrial Classification of Main Workers and Marginal Workers other than Cultivators and Agricultural Labourers by Sex and by Division, Group and Class, 2001 - Himachal Pradesh | Industrial Classification of Main Workers and Marginal Workers other than Cultivators and Agricultural Labourers by Sex and by Division, Group and Class, 2001 - Punjab"
431,Houseless Households by Household Size,"Ministry of Home Affairs, Department of Home, Registrar General and Census Commissioner, India","Houseless Households by Household Size, Census 2001 - India and States",35,"Table Name,State Code,District Code,Thasil Code,Area Name,Total/ Rural/ Urban,Houseless Households  Number,Houseless Households  Population,Household Size  1,Household Size  2,Household Size  3,Household Size  4,Household Size  5,Household Size  6,Household Size  7,Household Size  Mean Household Size","Houseless Households by Household Size, 2001 - India | Houseless Households by Household Size, 2001 - Jammu & Kashmir | Houseless Households by Household Size, 2001 - Himachal Pradesh"
554,Marital Status by Single Year Age and Sex,"Ministry of Home Affairs, Department of Home, Registrar General and Census Commissioner, India",Marital Status by Single Year Age and Sex - India and States,35,"Table Name,State Code,Distt. Code,Area Name,Total/ Rural/ Urban,Agegroup,Total Persons,Total Males,Total Females,Marital Status  Never Married Persons,Marital Status  Never Married Males,Marital Status  Never Married Females,Marital Status  Currently Married Persons,Marital Status  Currently Married Males,Marital Status  Currently Married Females,Marital Status  Widowed Persons,Marital Status  Widowed Males,Marital Status  Widowed Females,Marital Status  Separated Persons,Marital Status  Separat","Marital Status by Single Year Age and Sex, 2011 - INDIA | Marital Status by Single Year Age and Sex, 2011 - JAMMU & KASHMIR | Marital Status by Single Year Age and Sex, 2011 - HIMACHAL PRADESH"
557,Marital status by age and sex,"Ministry of Home Affairs, Department of Home, Registrar General and Census Commissioner, India",Marital status by age and sex - India and States,35,"Table Name,State Code,District Code,Area Name,Total/Rural/Urban,Agegroup,Total Persons,Total Males,Total Females,Marital status  Never married Persons,Marital status  Never married Males,Marital status  Never married Females,Marital status  Currently Married Persons,Marital status  Currently Married Males,Marital status  Currently Married Females,Marital status  Widowed Persons,Marital status  Widowed Males,Marital status  Widowed Females,Marital status  Separated Persons,Marital status  Separat","Marital status by age and sex, 2011 - INDIA | Marital status by age and sex, 2011 - JAMMU & KASHMIR | Marital status by age and sex, 2011 - HIMACHAL PRADESH"
427,"Households by marital status, sex and age of the head of household","Ministry of Home Affairs, Department of Home, Registrar General and Census Commissioner, India","Households by marital status, sex and age of the head of household - India and States",35,"Table Name,State Code,District Code,Area Name,Total/ Rural/Urban,Age of the head of household in years,Total households  Male head,Total households  Female haed,Marital status of head of household  Never married  Male head,Marital status of head of household  Never married  Female head,Marital status of head of household  Currently married  Male head,Marital status of head of household  Currently married  Female head,Marital status of head of household  Widowed  Male head,Marital status of head ","Households by marital status, sex and age of the head of household, 2011 - INDIA | Households by marital status, sex and age of the head of household, 2011 - JAMMU & KASHMIR | Households by marital status, sex and age of the head of household, 2011 - HIMACHAL PRADESH"
643,Population by Mother Tongue,"Ministry of Home Affairs, Department of Home, Registrar General and Census Commissioner, India","Population by Mother Tongue, Census 2011 - India and States",35,"Table Name,State Code,District Code,Town Code,Area Name,Mother Tongue Code,Mother Tongue Name,Total  Persons,Total  Males,Total  Females,Rural  Persons,Rural  Males,Rural  Females,Urban  Persons,Urban  Males,Urban  Females","Population by Mother Tongue, 2011 - Jammu & Kashmir | Population by Mother Tongue, 2011 - Himachal Pradesh | Population by Mother Tongue, 2011 - Punjab"
575,Non-workers by main activity by age and sex,"Ministry of Home Affairs, Department of Home, Registrar General and Census Commissioner, India","Non-workers by main activity by age and sex, Census 2011 - India and States",35,"Table Name 1,State Code 2,District Code3,Area Name4,Total/Rural/Urban5,AgeGroup6,Non Workers  Total Persons7 ,Non Workers  Males8,Non Workers  Females9,Main activity  Students  Total Persons10 ,Main activity  Students  Males11 ,Main activity  Students  Females12 ,Main activity  Household duties  Total Persons13,Main activity  Household duties  Males14,Main activity  Household duties  Females15,Main activity  Dependents  Total Persons 16,Main activity  Dependents  Males17,Main activity  Dependent","Non-workers by main activity by age and sex, 2011 - INDIA | Non-workers by main activity by age and sex, 2011 - JAMMU & KASHMIR | Non-workers by main activity by age and sex, 2011 - HIMACHAL PRADESH"
642,City-wise Population by Mother Tongue,"Ministry of Home Affairs, Department of Home, Registrar General and Census Commissioner, India","Population by Mother Tongue, Census 2001 - India and States",35,"Table Name,State Code,District Code,Town Code,Area Name,Mother Tongue Code,Mother Tongue,Total  Persons,Total  Males,Total  Females,Rural  Persons,Rural  Males,Rural  Females,Urban  Persons,Urban  Males,Urban  Females","City-wise Population by Mother Tongue, 2001 - Jammu & Kashmir | City-wise Population by Mother Tongue, 2001 - Himachal Pradesh | City-wise Population by Mother Tongue, 2001 - Punjab"
420,Female headed households classified by source and location of drinking water and availability of electricity and latrine,"Ministry of Home Affairs, Department of Home, Registrar General and Census Commissioner, India",Female headed households classified by source and location of drinking water and availability of electricity and latrine,35,"Table Name,State Code,District Code,Area Name,Total/ Rural/ Urban,Main source of drinking water,Availability of drinking water,Total number of female headed households,Electricity  Available  Latrine available,Electricity  Available  Latrine not available,Electricity  Not available  Latrine available,Electricity  Not available  Latrine not available","Female headed households classified by source and location of drinking water and availability of electricity and latrine, 2011 - INDIA | Female headed households classified by source and location of drinking water and availability of electricity and latrine, 2011 - JAMMU & KASHMIR | Female headed households classified by source and location of drinking water and availability of electricity and latrine, 2011 - HIMACHAL PRADESH"
417,Female headed households by type of structure of the census houses occupied,"Ministry of Home Affairs, Department of Home, Registrar General and Census Commissioner, India",Female headed households by type of structure of the census houses occupied,35,"Table Name,State Code,District Code,Area Name,Total/ Rural/ Urban,Total number of households,Type of Census Houses  Permanent,Type of Census Houses  Semipermanent,Type of Census Houses  Temporary  Total,Type of Census Houses  Temporary  Serviceable,Type of Census Houses  Temporary  NonServiceable,Unclassifiable","Female headed households by type of structure of the census houses occupied, 2011 - INDIA | Female headed households by type of structure of the census houses occupied, 2011 - JAMMU & KASHMIR | Female headed households by type of structure of the census houses occupied, 2011 - HIMACHAL PRADESH"
414,Female headed households by predominant materials of roof and wall of census houses occupied by them,"Ministry of Home Affairs, Department of Home, Registrar General and Census Commissioner, India",Female headed households by predominant materials of roof and wall of census houses occupied by them,35,"Table Name,State Code,District Code,Tehsil Code,Town Code,Area Name,Total/Rural/Urban,Material of wall,Material of Roof  Total Number of female headed households,Material of Roof  Grass/thatch/ bamboo/ wood/mud etc.,Material of Roof  Plastic/ Polythene,Material of Roof  Hand made tiles,Material of Roof  Machine made tiles,Material of Roof  Burnt brick,Material of Roof  Stone/ Slate,Material of Roof  G.I./metal/asbestos sheets,Material of Roof  Concrete,Material of Roof  Any other","Female headed households by predominant materials of roof and wall of census houses occupied by them, 2011 - INDIA | Female headed households by predominant materials of roof and wall of census houses occupied by them, 2011 - JAMMU & KASHMIR | Female headed households by predominant materials of roof and wall of census houses occupied by them, 2011 - HIMACHAL PRADESH"
411,Female headed households by predominant material of floor of census houses occupied by them,"Ministry of Home Affairs, Department of Home, Registrar General and Census Commissioner, India",Female headed households by predominant material of floor of census houses occupied by them,35,"Table Name,State Code,District Code,Tehsil Code,Town Code,Area Name,Total/Rural/Urban,Total number of households,Material of Floor  Mud,Material of Floor  Wood/ Bamboo,Material of Floor  Burnt Brick,Material of Floor  Stone,Material of Floor  Cement,Material of Floor  Mosaic/ Floor tiles,Material of Floor  Any other material","Female headed households by predominant material of floor of census houses occupied by them, 2011 - INDIA | Female headed households by predominant material of floor of census houses occupied by them, 2011 - JAMMU & KASHMIR | Female headed households by predominant material of floor of census houses occupied by them, 2011 - HIMACHAL PRADESH"
408,"Female headed households by ownership status of the census houses, size of the household and number of dwelling rooms","Ministry of Home Affairs, Department of Home, Registrar General and Census Commissioner, India","Female headed households by ownership status of the census houses, size of the household and number of dwelling rooms",35,"Table Name,State Code,District Code,Area Name,Total/ Rural/ Urban,Ownership status,Household size,Total number of female headed households,Households having number of dwelling rooms  No exclusive room,Households having number of dwelling rooms  One room,Households having number of dwelling rooms  Two rooms,Households having number of dwelling rooms  Three rooms,Households having number of dwelling rooms  Four rooms,Households having number of dwelling rooms  Five rooms,Households having number o","Female headed households by ownership status of the census houses, size of the household and number of dwelling rooms, 2011 - INDIA | Female headed households by ownership status of the census houses, size of the household and number of dwelling rooms, 2011 - JAMMU & KASHMIR | Female headed households by ownership status of the census houses, size of the household and number of dwelling rooms, 2011 - HIMACHAL PRADESH"
405,Female headed households by availability of type of latrine facility,"Ministry of Home Affairs, Department of Home, Registrar General and Census Commissioner, India",Female headed households by availability of type of latrine facility,35,"Table Name,State Code,District Code,Area Name,Total/ Rural/ Urban,Total number of female headed  households,Number of households having latrine facility within the premises,Type of latrine facility within the premises  Flush/pour flush latrine connected to  Piped sewer system,Type of latrine facility within the premises  Flush/pour flush latrine connected to  Septic tank,Type of latrine facility within the premises  Flush/pour flush latrine connected to  Other system,Type of latrine facility wit","Female headed households by availability of type of latrine facility, 2011 - INDIA | Female headed households by availability of type of latrine facility, 2011 - JAMMU & KASHMIR | Female headed households by availability of type of latrine facility, 2011 - HIMACHAL PRADESH"
402,Female headed households by availability of separate kitchen and type of fuel used for cooking,"Ministry of Home Affairs, Department of Home, Registrar General and Census Commissioner, India",Female headed households by availability of separate kitchen and type of fuel used for cooking,35,"Table Name,State Code,District Code,Area Name,Total/ Rural/ Urban,Availability of separate kitchen ,Total number of households,Type of Fuel used for Cooking  Firewood,Type of Fuel used for Cooking  Crop residue,Type of Fuel used for Cooking  Cowdung cake,Type of Fuel used for Cooking  CoalLigniteCharcoal,Type of Fuel used for Cooking  Kerosene,Type of Fuel used for Cooking  LPG/PNG,Type of Fuel used for Cooking  Electricity,Type of Fuel used for Cooking  Biogas,Type of Fuel used for Cooking  Any","Female headed households by availability of separate kitchen and type of fuel used for cooking, 2011 - INDIA | Female headed households by availability of separate kitchen and type of fuel used for cooking, 2011 - JAMMU & KASHMIR | Female headed households by availability of separate kitchen and type of fuel used for cooking, 2011 - HIMACHAL PRADESH"
337,Distribution of Census Houses by Predominant Material of Roof,"Ministry of Home Affairs, Department of Home, Registrar General and Census Commissioner, India","Distribution of Census Houses by Predominant Material of Roof, Census 2001 - India and States",35,"Table Name,State Code,Distt. Code,Tehsil/ Town Code,Area Name,Total/ Rural/ Urban,Total Number of Census Houses,Material of Roof  Grass Thatch Bamboo Wood Mud Etc.,Material of Roof  Plastic Polythene,Material of Roof  Tiles,Material of Roof  Slate,Material of Roof  G.I. Metal Asbestos Sheets,Material of Roof  Brick,Material of Roof  Stone,Material of Roof  Concrete,Material of Roof  Any Other Material","Distribution of Census Houses by Predominant Material of Roof, 2001 - Jammu & Kashmir | Distribution of Census Houses by Predominant Material of Roof, 2001 - Himachal Pradesh | Distribution of Census Houses by Predominant Material of Roof, 2001 - Punjab"
675,"Number of women and currently married women by present age, number of births last year by sex and birth order","Ministry of Home Affairs, Department of Home, Registrar General and Census Commissioner, India","Women and currently married women by present age, number of births last year by sex and birth order - India And States",35,"Table Name,State Code,District Code,Area Name,Total/ Rural/Urban,Present Age,Total Women,Total Currently Married Women,Number of Births Last Year  Male,Number of Births Last Year  Female,Last Years Births of Order  1,Last Years Births of Order  2,Last Years Births of Order  3,Last Years Births of Order  4,Last Years Births of Order  5,Last Years Births of Order  6,Last Years Births of Order  7","Number of women and currently married women by present age, number of births last year by sex and birth order, 2011 - INDIA | Number of women and currently married women by present age, number of births last year by sex and birth order, 2011 - JAMMU & KASHMIR | Number of women and currently married women by present age, number of births last year by sex and birth order, 2011 - HIMACHAL PRADESH"
641,Tehsil-wise Population by Mother Tongue,"Ministry of Home Affairs, Department of Home, Registrar General and Census Commissioner, India","Population by Mother Tongue, Census 2001 - India and States",35,"Table Name,State Code,District Code,Tehsil Code,Area Name,Mother Tongue Code,Mother Tongue,Total  Persons,Total  Males,Total  Females,Rural  Persons,Rural  Males,Rural  Females,Urban  Persons,Urban  Males,Urban  Females","Tehsil-wise Population by Mother Tongue, 2001 - Jammu & Kashmir | Tehsil-wise Population by Mother Tongue, 2001 - Himachal Pradesh | Tehsil-wise Population by Mother Tongue, 2001 - Punjab"
338,Distribution of Census Houses by Predominant Material of Wall,"Ministry of Home Affairs, Department of Home, Registrar General and Census Commissioner, India","Distribution of Census Houses by Predominant Material of Wall, Census 2001 - India and States",35,"Table Name,State Code,Distt. Code,Tehsil/ Town Code,Area Name,Total/ Rural/ Urban,Total Number of Census Houses,Material of Wall  Grass Thatch Bamboo Etc.,Material of Wall  Plastic Polythene,Material of Wall  Mud Unburnt Brick,Material of Wall  Wood,Material of Wall  G.I. Metal Asbestos Sheets,Material of Wall  Burnt Brick,Material of Wall  Stone,Material of Wall  Concrete,Material of Wall  Any Other Material","Distribution of Census Houses by Predominant Material of Wall, 2001 - Jammu & Kashmir | Distribution of Census Houses by Predominant Material of Wall, 2001 - Himachal Pradesh | Distribution of Census Houses by Predominant Material of Wall, 2001 - Punjab"
391,Ever married and currently married population by age at marriage and duration of marriage,"Ministry of Home Affairs, Department of Home, Registrar General and Census Commissioner, India",Ever married and currently married population by age at marriage and duration of marriage - India and States,35,"Table Name,State Code,District Code,Area Name,Total/ Rural/ Urban,Age at marriage,Number of ever married persons  Males,Number of ever married persons  Females,Duration of marriage of currently married persons  All durations  Males,Duration of marriage of currently married persons  All durations  Females,Duration of marriage of currently married persons  04 yr  Males,Duration of marriage of currently married persons  04 yr  Females,Duration of marriage of currently married persons  59 yr  Males,","Ever married and currently married population by age at marriage and duration of marriage, 2011 - INDIA | Ever married and currently married population by age at marriage and duration of marriage, 2011 - JAMMU & KASHMIR | Ever married and currently married population by age at marriage and duration of marriage, 2011 - HIMACHAL PRADESH"
627,"Population Attending Educational Institution by Age, Sex and Type of Educational Institution","Ministry of Home Affairs, Department of Home, Registrar General and Census Commissioner, India","Population Attending Educational Institution by Age, Sex and Type of Educational Institution, Census 2001 - India and States",35,"Table Name,State Code,District Code,Tehsil Code,Area Name,Total/ Rural/ Urban,AgeGroup,Total Population  Persons,Total Population  Males,Total Population  Females,Population Attending Educational Institutions  Persons,Population Attending Educational Institutions  Males,Population Attending Educational Institutions  Females,Type of Educational Institution  School  Persons,Type of Educational Institution  School  Males,Type of Educational Institution  School  Females,Type of Educational Instituti","Population Attending Educational Institution by Age, Sex and Type of Educational Institution, 2001 - Jammu & Kashmir | Population Attending Educational Institution by Age, Sex and Type of Educational Institution, 2001 - Himachal Pradesh | Population Attending Educational Institution by Age, Sex and Type of Educational Institution, 2001 - Punjab"
339,Distribution of Census Houses used as Residence and Residence-cum-other use by their Condition,"Ministry of Home Affairs, Department of Home, Registrar General and Census Commissioner, India","Distribution of Census Houses used as Residence and Residence-cum-other use by their Condition, Census 2001 - India and States",35,"Table Name,State Code,Distt. Code,Tehsil/ City Code,Area Name,Total/ Rural/ Urban,Condition of Census Houses  Total  Total,Condition of Census Houses  Total  Good,Condition of Census Houses  Total  Livable,Condition of Census Houses  Total  Dilapidated,Condition of Census Houses  Residence  Total,Condition of Census Houses  Residence  Good,Condition of Census Houses  Residence  Livable,Condition of Census Houses  Residence  Dilapidated,Condition of Census Houses  ResidenceCumOther Use  Total,Con","Distribution of Census Houses used as Residence and Residence-cum-other use by their Condition, 2001 - Jammu & Kashmir | Distribution of Census Houses used as Residence and Residence-cum-other use by their Condition, 2001 - Himachal Pradesh | Distribution of Census Houses used as Residence and Residence-cum-other use by their Condition, 2001 - Punjab"
620,Percentage of households to total households by amenities and assets,"Ministry of Home Affairs, Department of Home, Registrar General and Census Commissioner, India",Percentage of households to total households by amenities and assets - India and States,35,"State Code,State Name,District Code,District Name,Tehsil Code,Tehsil Name,Town Code/ Village code,Ward No,Area Name,Rural/ Urban,Number of households with condition of Census House as  Total  Total,Number of households with condition of Census House as  Total  Good,Number of households with condition of Census House as  Total  Livable,Number of households with condition of Census House as  Total  Dilapidated,Number of households with condition of Census House as  Residence  Total,Number of house","Percentage of households to total households by amenities and assets, 2011 - INDIA | Percentage of households to total households by amenities and assets, 2011 - JAMMU & KASHMIR | Percentage of households to total households by amenities and assets, 2011 - HIMACHAL PRADESH"
368,Educational Level by Age and Sex for Population Age 7 and Above,"Ministry of Home Affairs, Department of Home, Registrar General and Census Commissioner, India","Educational Level by Age and Sex for Population Age 7 and Above, 2011 - India and States",35,"Table Name,State Code,Distt. Code,Area Name,Total/ Rural/ Urban,Agegroup,Total Persons,Total Males,Total Females,Illiterate  Persons,Illiterate  Males,Illiterate  Females,Literate  Persons,Literate  Males,Literate  Females,Educational level  Literate without educational level  Persons,Educational level  Literate without educational level  Males,Educational level  Literate without educational level  Females,Educational level  Below Primary  Persons,Educational level  Below Primary  Males,Educatio","Educational Level by Age and Sex for Population Age 7 and Above, 2011 - INDIA | Educational Level by Age and Sex for Population Age 7 and Above, 2011 - JAMMU & KASHMIR | Educational Level by Age and Sex for Population Age 7 and Above, 2011 - HIMACHAL PRADESH"
335,"Disabled population among main workers, marginal workers, non-workers by type of disability, age and sex","Ministry of Home Affairs, Department of Home, Registrar General and Census Commissioner, India","Disabled population among main workers, marginal workers, non-workers by type of disability, age and sex - India And States",35,"Table Name,State Code,District Code,Area Name,Total/ Rural/Urban,Disability,Agegroup,Total disabled population  Persons,Total disabled population  Males,Total disabled population  Females,Main worker  Persons,Main worker  Males,Main worker  Females,Marginal worker  Less than 3 months  Persons,Marginal worker  Less than 3 months  Males,Marginal worker  Less than 3 months  Females,Marginal worker  36 months  Persons,Marginal worker  36 months  Males,Marginal worker  36 months  Females,Nonworker  P","Disabled population among main workers, marginal workers, non-workers by type of disability, age and sex, 2011 - INDIA | Disabled population among main workers, marginal workers, non-workers by type of disability, age and sex, 2011 - JAMMU & KASHMIR | Disabled population among main workers, marginal workers, non-workers by type of disability, age and sex, 2011 - HIMACHAL PRADESH"
353,Distribution of Households by the Condition of Census Houses Occupied by them,"Ministry of Home Affairs, Department of Home, Registrar General and Census Commissioner, India","Distribution of Households by the Condition of Census Houses Occupied by them, Census 2001 - India and States",35,"Table Name,State Code,Distt. Code,Tehsil/ City Code,Area Name,Total/ Rural/ Urban,Condition of Census Houses  Total  Total,Condition of Census Houses  Total  Good,Condition of Census Houses  Total  Livable,Condition of Census Houses  Total  Dilapidated,Condition of Census Houses  Residence  Total,Condition of Census Houses  Residence  Good,Condition of Census Houses  Residence  Livable,Condition of Census Houses  Residence  Dilapidated,Condition of Census Houses  ResidenceCumOther Use  Total,Con","Distribution of Households by the Condition of Census Houses Occupied by them, 2001 - Jammu & Kashmir | Distribution of Households by the Condition of Census Houses Occupied by them, 2001 - Himachal Pradesh | Distribution of Households by the Condition of Census Houses Occupied by them, 2001 - Punjab"
352,Distribution of Households by Type of Census Houses Occupied,"Ministry of Home Affairs, Department of Home, Registrar General and Census Commissioner, India","Distribution of Households by Type of Census Houses Occupied, Census 2001 - India and States",35,"Table Name,State Code,Distt. Code,Tehsil/ Town Code,Area Name,Total/ Rural/ Urban,Total Number of Households,Type of Census Houses  Permanent,Type of Census Houses  SemiPermanent,Type of Census Houses  Temporary  Total,Type of Census Houses  Temporary  Serviceable,Type of Census Houses  Temporary  NonServiceable,Type of Census Houses  Unclassifiable","Distribution of Households by Type of Census Houses Occupied, 2001 - Jammu & Kashmir | Distribution of Households by Type of Census Houses Occupied, 2001 - Himachal Pradesh | Distribution of Households by Type of Census Houses Occupied, 2001 - Punjab"
347,Distribution of Households Living in Census Houses by Predominant Material of Wall,"Ministry of Home Affairs, Department of Home, Registrar General and Census Commissioner, India","Distribution of Households Living in Census Houses by Predominant Material of Wall, Census 2001 - India and States",35,"Table Name,State Code,Distt. Code,Tehsil/ City Code,Area Name,Total/ Rural/ Urban,Total Number of Households,Material of Wall  Grass Thatchbamboo Etc.,Material of Wall  Plastic Polythene,Material of Wall  Mud Unburnt Brick,Material of Wall  Wood,Material of Wall  G.I. Metal Asbestos Sheets,Material of Wall  Burnt Brick,Material of Wall  Stone,Material of Wall  Concrete,Material of Wall  Any Other Material","Distribution of Households Living in Census Houses by Predominant Material of Wall, 2001 - Jammu & Kashmir | Distribution of Households Living in Census Houses by Predominant Material of Wall, 2001 - Himachal Pradesh | Distribution of Households Living in Census Houses by Predominant Material of Wall, 2001 - Punjab"
344,Distribution of Households Living in Census Houses by Predominant Material of Roof,"Ministry of Home Affairs, Department of Home, Registrar General and Census Commissioner, India","Distribution of Households Living in Census Houses by Predominant Material of Roof, Census 2001 - India and States",35,"Table Name,State Code,Distt. Code,Tehsil/ City Code,Area Name,Total/ Rural/ Urban,Total Number of Households,Material of Roof  Grass Thatch Bamboo Wood Mud Etc.,Material of Roof  Plastic Polythene,Material of Roof  Tiles,Material of Roof  Slate,Material of Roof  G.I. Metal Asbestos Sheets,Material of Roof  Brick,Material of Roof  Stone,Material of Roof  Concrete,Material of Roof  Any Other Material","Distribution of Households Living in Census Houses by Predominant Material of Roof, 2001 - Jammu & Kashmir | Distribution of Households Living in Census Houses by Predominant Material of Roof, 2001 - Himachal Pradesh | Distribution of Households Living in Census Houses by Predominant Material of Roof, 2001 - Punjab"
341,Distribution of Households Living in Census Houses by Predominant Material of Floor,"Ministry of Home Affairs, Department of Home, Registrar General and Census Commissioner, India","Distribution of Households Living in Census Houses by Predominant Material of Floor, Census 2001 - India and States",35,"Table Name,State Code,Distt. Code,Tehsil/ City Code,Area Name,Total/ Rural/ Urban,Total Number of Households,Material of Floor  Mud,Material of Floor  Wood Bamboo,Material of Floor  Brick,Material of Floor  Stone,Material of Floor  Cement,Material of Floor  Mosaic Floor Tiles,Material of Floor  Any Other Material","Distribution of Households Living in Census Houses by Predominant Material of Floor, 2001 - Jammu & Kashmir | Distribution of Households Living in Census Houses by Predominant Material of Floor, 2001 - Himachal Pradesh | Distribution of Households Living in Census Houses by Predominant Material of Floor, 2001 - Punjab"
652,Population in five year age-group by Residence and Sex,"Ministry of Home Affairs, Department of Home, Registrar General and Census Commissioner, India",Population in five year age-group by Residence and Sex - India and States,35,"Table,State,Distt.,Area Name,Agegroup,Total Persons,Total Males,Total Females,Rural Persons,Rural Males,Rural Females,Urban Persons,Urban Males,Urban Females","Population in five year age-group by Residence and Sex, 2011 - INDIA | Population in five year age-group by Residence and Sex, 2011 - JAMMU & KASHMIR | Population in five year age-group by Residence and Sex, 2011 - HIMACHAL PRADESH"
43,Total number of livestock and poultry," Ministry of Fisheries, Animal Husbandry and Dairying,Department of Animal Husbandry and Dairying",Livestock and Poultry (Livestock Census),34,"SNo.,District,Livestock,Poultry",Total number of livestock and poultry for Andhra Pradesh - 2012 | Total number of livestock and poultry for Arunachal Pradesh - 2012 | Total number of livestock and poultry for Assam - 2012
330,"Disabled Population by type of Disability, Age and Sex","Ministry of Home Affairs, Department of Home, Registrar General and Census Commissioner, India","Disabled Population by type of Disability, Age and Sex, Census 2011 - India and States",34,"Table Name 1,State Code 2,Distt.Code 3,Area Name  4,Total/Rural/Urban 5,Agegroup 6,Total number of disabled persons Persons 7,Total number of disabled persons Males 8,Total number of disabled persons females 9,In seeing Persons Persons 10,In seeing Persons Males 11,In seeing Persons Females 12,In Hearing Persons Persons 13,In Hearing Persons Males 14,In Hearing Persons Females 15,In Speech Persons  Persons 16,In Speech Males 17,In Speech Females 18,In Movement Persons Persons 19,In Movement Male","Disabled Population by type of Disability, Age and Sex, 2011 - INDIA | Disabled Population by type of Disability, Age and Sex, 2011 - JAMMU & KASHMIR | Disabled Population by type of Disability, Age and Sex, 2011 - HIMACHAL PRADESH"
505,"Main Workers, Marginal Workers, Non-Workers and those Marginal Workers, Non-Workers seeking/available for work classified by Age and Sex","Ministry of Home Affairs, Department of Home, Registrar General and Census Commissioner, India","Main workers, Marginal workers, Non-workers and those marginal workers, non-workers seeking/available for work classified by age and sex, Census 2011 - India and States",34,"Table Name,State Code,District Code,Area Name,Total/Rural/Urban,Age Group,Population  Persons,Population  Males,Population  Females,Main Workers  Persons,Main Workers  Males,Main Workers  Females,Marginal Workers worked for less than 3 months  Total  Persons,Marginal Workers worked for less than 3 months  Total  Males,Marginal Workers worked for less than 3 months  Total  Females,Marginal Workers worked for 3 to 6 months  Total  Persons,Marginal Workers worked for 3 to 6 months  Total  Males,Mar","Main Workers, Marginal Workers, Non-Workers and those Marginal Workers, Non-Workers seeking/available for work classified by Age and Sex, 2011 - India | Main Workers, Marginal Workers, Non-Workers and those Marginal Workers, Non-Workers seeking/available for work classified by Age and Sex, 2011 - Jammu & Kashmir | Main Workers, Marginal Workers, Non-Workers and those Marginal Workers, Non-Workers seeking/available for work classified by Age and Sex, 2011 - Himachal Pradesh"
6,"Number of cattle, buffaloes, sheep, goats and pigs per thousand households in rural and urban combined"," Ministry of Fisheries, Animal Husbandry and Dairying,Department of Animal Husbandry and Dairying","Cattle, Buffaloes, Sheep, Goats and Pigs Per Thousand Households in Rural and Urban combined (Livestock Census)",34,"SNo.,District,Number of Households,Number of animals Per 1000 Households  Cattle,Number of animals Per 1000 Households  Buffaloes,Number of animals Per 1000 Households  Sheep,Number of animals Per 1000 Households  Goats,Number of animals Per 1000 Households  Pigs","Number of cattle, buffaloes, sheep, goats and pigs per thousand households in rural and urban combined for Andhra Pradesh - 2012 | Number of cattle, buffaloes, sheep, goats and pigs per thousand households in rural and urban combined for Arunachal Pradesh - 2012 | Number of cattle, buffaloes, sheep, goats and pigs per thousand households in rural and urban combined for Assam - 2012"
18,"Details of dogs, rabbits and elephants in rural and urban combined"," Ministry of Fisheries, Animal Husbandry and Dairying,Department of Animal Husbandry and Dairying","Details of Dogs, Rabbits and Elephants in Rural and Urban combined (Livestock Census)",34,"SNo.,District,Dogs  Male,Dogs  Female,Dogs  Total,Rabbits  Male,Rabbits  Female,Rabbits  Total,Elephants  Male,Elephants  Female,Elephants  Total","Details of dogs, rabbits and elephants in rural and urban combined for Andhra Pradesh - 2012 | Details of dogs, rabbits and elephants in rural and urban combined for Arunachal Pradesh - 2012 | Details of dogs, rabbits and elephants in rural and urban combined for Assam - 2012"
481,"Main Workers Classified by Industrial Category, Educational Level and Sex for Scheduled Castes","Ministry of Home Affairs, Department of Home, Registrar General and Census Commissioner, India","Main Workers Classified by Industrial Category, Educational Level and Sex, Census 2001 - India and States",33,"Table Name,State Code,District Code,Tehsil Code,Area Name,Total/ Rural/ Urban,Educational Level,Main workers  Persons,Main workers  Males,Main workers  Females,Industrial category  A  B  Cultivators  Persons,Industrial category  A  B  Cultivators  Males,Industrial category  A  B  Cultivators  Females,Industrial category  A  B  Agricultural labourers  Persons,Industrial category  A  B  Agricultural labourers  Males,Industrial category  A  B  Agricultural labourers  Females,Industrial category  A ","Main Workers Classified by Industrial Category, Educational Level and Sex for Scheduled Castes, 2001 - India | Main Workers Classified by Industrial Category, Educational Level and Sex for Scheduled Castes, 2001 - Jammu & Kashmir | Main Workers Classified by Industrial Category, Educational Level and Sex for Scheduled Castes, 2001 - Himachal Pradesh"
977,Category-wise Number of Newly Registered and Total Registered Motor Vehicles,Ministry of Road Transport and Highways,Road Transport Year Book : 2013-14 and 2014-15,33,"Category,Type of Vehicles,Newly registered  201314,Total registered as on 31st March  2014,Newly registered  201415,Total registered as on 31st March  2015",Category-wise Number of Newly Registered and Total Registered Motor Vehicles in Andhra Pradesh during 2013-14 and 2014-15 | Category-wise Number of Newly Registered and Total Registered Motor Vehicles in Assam during 2013-14 and 2014-15 | Category-wise Number of Newly Registered and Total Registered Motor Vehicles in Bihar during 2013-14 and 2014-15
42,Number of households and households enterprises owning animals/poultry birds in rural and urban combined," Ministry of Fisheries, Animal Husbandry and Dairying,Department of Animal Husbandry and Dairying",Households and Households Enterprises Owning Animals/Poultry Birds in Rural and Urban combined (Livestock Census),33,"SNo.,District,Number of Households and Households Enterprises Having Cattle,Number of Households and Households Enterprises Having Buffaloes,Number of Households and Households Enterprises Having Goats,Number of Households and Households Enterprises Having Sheep,Number of Households and Households Enterprises Having Pigs,Number of Households and Households Enterprises Having Backyard Poultry,Number of Households and Households Enterprises Having Poultry Farm  Hatcheries",Number of households and households enterprises owning animals/poultry birds in rural and urban combined for Andhra Pradesh - 2012 | Number of households and households enterprises owning animals/poultry birds in rural and urban combined for Arunachal Pradesh - 2012 | Number of households and households enterprises owning animals/poultry birds in rural and urban combined for Assam - 2012
39,Number of equipments used in livestock sector rural and urban combined," Ministry of Fisheries, Animal Husbandry and Dairying,Department of Animal Husbandry and Dairying",Equipments Used in Livestock Sector Rural and Urban combined (Livestock Census),33,"SNo.,District,Milking Machine,Mechanized Folder Cutter,Chopper  Baler,Dung Collection  Disposal Equipment",Number of equipments used in livestock sector rural and urban combined for Andhra Pradesh - 2012 | Number of equipments used in livestock sector rural and urban combined for Arunachal Pradesh - 2012 | Number of equipments used in livestock sector rural and urban combined for Assam - 2012
500,"Main Workers, Marginal Workers, Non-Workers and those Marginal Workers, Non-Workers Seeking/ Available for Work Classified by Educational Level and Sex for Scheduled Castes","Ministry of Home Affairs, Department of Home, Registrar General and Census Commissioner, India","Main Workers, Marginal Workers, Non-Workers and those Marginal Workers, Non-workers Seeking/ Available for Work Classified by Educational Level and Sex, Census 2001 - India and States",33,"Table Name,State Code,District Code,Tehsil Code,Area Name,Total/ Rural/ Urban,Educational level,Population  Persons,Population  Males,Population  Females,Main workers  Persons,Main workers  Males,Main workers  Females,Marginal workers  Total  Persons,Marginal workers  Total  Males,Marginal workers  Total  Females,Marginal workers  Seeking/available for work  Persons,Marginal workers  Seeking/available for work  Males,Marginal workers  Seeking/available for work  Females,Nonworkers  Total  Person","Main Workers, Marginal Workers, Non-Workers and those Marginal Workers, Non-Workers Seeking/ Available for Work Classified by Educational Level and Sex for Scheduled Castes, 2001 - India | Main Workers, Marginal Workers, Non-Workers and those Marginal Workers, Non-Workers Seeking/ Available for Work Classified by Educational Level and Sex for Scheduled Castes, 2001 - Jammu & Kashmir | Main Workers, Marginal Workers, Non-Workers and those Marginal Workers, Non-Workers Seeking/ Available for Work Classified by Educational Level and Sex for Scheduled Castes, 2001 - Himachal Pradesh"
9,"Details of backyard poultry in rural and urban combined for fowls, ducks and turkey"," Ministry of Fisheries, Animal Husbandry and Dairying,Department of Animal Husbandry and Dairying","Details of Backyard Poultry in Rural and Urban combined for Fowls, Ducks and Turkey (Livestock Census)",33,"SNo.,District,Fowls  Cocks Desi,Fowls  Cocks Improved,Fowls  Cocks Total,Fowls  Hens Desi,Fowls  Hens Improved,Fowls  Hens Total,Fowls  Chickens Below 5 Months Desi,Fowls  Chickens Below 5 Months Improved,Fowls  Chickens Below 5 Months Total,Fowls  Total,Ducks  Drakes Desi,Ducks  Drakes Improved,Ducks  Drakes Total,Ducks  Ducks Desi,Ducks  Ducks Improved,Ducks  Ducks Total,Ducks  Duckling Below 6 Months Desi,Ducks  Duckling Below 6 Months Improved,Ducks  Duckling Below 6 Months Total,Ducks  Tota","Details of backyard poultry in rural and urban combined for fowls, ducks and turkey for Andhra Pradesh - 2012 | Details of backyard poultry in rural and urban combined for fowls, ducks and turkey for Arunachal Pradesh - 2012 | Details of backyard poultry in rural and urban combined for fowls, ducks and turkey for Assam - 2012"
628,"Population Attending Educational Institution by Age, Sex and Type of Educational Institution for Scheduled Caste","Ministry of Home Affairs, Department of Home, Registrar General and Census Commissioner, India","Population Attending Educational Institution by Age, Sex and Type of Educational Institution, Census 2001 - India and States",33,"Table Name,State Code,District Code,Tehsil Code,Area Name,Total/ Rural/ Urban,Agegroup,Total Population  Persons,Total Population  Males,Total Population  Females,Population attending Educational Institutions  Persons,Population attending Educational Institutions  Males,Population attending Educational Institutions  Females,Type of Educational Institution  School  Persons,Type of Educational Institution  School  Males,Type of Educational Institution  School  Females,Type of Educational Instituti","Population Attending Educational Institution by Age, Sex and Type of Educational Institution for Scheduled Caste, 2001 - India | Population Attending Educational Institution by Age, Sex and Type of Educational Institution for Scheduled Caste, 2001 - Jammu & Kashmir | Population Attending Educational Institution by Age, Sex and Type of Educational Institution for Scheduled Caste, 2001 - Himachal Pradesh"
44,Number of non households enterprises and institutions owning animals/poultry birds in rural and urban combined," Ministry of Fisheries, Animal Husbandry and Dairying,Department of Animal Husbandry and Dairying",Non Households Enterprises and Institutions Owning Animals/Poultry Birds in Rural and Urban Combined (Livestock Census),33,"SNo.,District,Number of Non Households Enterprises and Institutions Having Cattle,Number of Non Households Enterprises and Institutions Having Buffaloes,Number of Non Households Enterprises and Institutions Having Goats,Number of Non Households Enterprises and Institutions Having Sheep,Number of Non Households Enterprises and Institutions Having Pigs,Number of Non Households Enterprises and Institutions Having Poultry Farm  Hatcheries",Number of non households enterprises and institutions owning animals/poultry birds in rural and urban combined for Andhra Pradesh - 2012 | Number of non households enterprises and institutions owning animals/poultry birds in rural and urban combined for Arunachal Pradesh - 2012 | Number of non households enterprises and institutions owning animals/poultry birds in rural and urban combined for Assam - 2012
596,"Number of Women and Ever Married Women by Present Age, Parity and Total Children Ever Born by Sex for Scheduled Caste","Ministry of Home Affairs, Department of Home, Registrar General and Census Commissioner, India","Number of Women and Ever Married Women by Present Age, Parity and Total Children Ever Born by Sex, Census 2001 - India and States",33,"Table Name,State Code,District Code,Area Name,Total/ Rural/ Urban,Present Age,Total Women,Total Ever Married Women,Parity  0,Parity  1,Parity  2,Parity  3,Parity  4,Parity  5,Parity  6,Parity  7,Total Children Ever Born  Persons,Total Children Ever Born  Males,Total Children Ever Born  Females","Number of Women and Ever Married Women by Present Age, Parity and Total Children Ever Born by Sex for Scheduled Caste, 2001 - India | Number of Women and Ever Married Women by Present Age, Parity and Total Children Ever Born by Sex for Scheduled Caste, 2001 - Jammu & Kashmir | Number of Women and Ever Married Women by Present Age, Parity and Total Children Ever Born by Sex for Scheduled Caste, 2001 - Himachal Pradesh"
583,"Number of Women and Currently Married Women by Present Age, Number of Births Last Year by Sex and Birth Order for Scheduled Caste","Ministry of Home Affairs, Department of Home, Registrar General and Census Commissioner, India","Number of Women and Currently Married Women by Present Age, Number of Births Last Year by Sex and Birth Order, Census 2001 - India and States",33,"Table Name,State Code,District Code,Area Name,Total/ Rural/ Urban,Present Age,Total Women,Total Currently Married Women,Number of Births Last Year  Males,Number of Births Last Year  Females,Order of Last Years Birth  1,Order of Last Years Birth  2,Order of Last Years Birth  3,Order of Last Years Birth  4,Order of Last Years Birth  5,Order of Last Years Birth  6,Order of Last Years Birth  7","Number of Women and Currently Married Women by Present Age, Number of Births Last Year by Sex and Birth Order for Scheduled Caste, 2001 - India | Number of Women and Currently Married Women by Present Age, Number of Births Last Year by Sex and Birth Order for Scheduled Caste, 2001 - Jammu & Kashmir | Number of Women and Currently Married Women by Present Age, Number of Births Last Year by Sex and Birth Order for Scheduled Caste, 2001 - Himachal Pradesh"
570,"Non-Workers by Main Activity, Age and Sex for Scheduled Castes","Ministry of Home Affairs, Department of Home, Registrar General and Census Commissioner, India","Non-Workers by Main Activity, Age and Sex, Census 2001 - India and States",33,"Table Name,State Code,Distt Code,Name,Total/ Rural/ Urban,Age Group,Total  Persons,Total  Males,Total  Females,Main activity  Students  Persons,Main activity  Students  Males,Main activity  Students  Females,Main activity  Household duties  Persons,Main activity  Household duties  Males,Main activity  Household duties  Females,Main activity  Dependents  Persons,Main activity  Dependents  Males,Main activity  Dependents  Females,Main activity  Pensioners  Persons,Main activity  Pensioners  Males,","Non-Workers by Main Activity, Age and Sex for Scheduled Castes, 2001 - India | Non-Workers by Main Activity, Age and Sex for Scheduled Castes, 2001 - Jammu & Kashmir | Non-Workers by Main Activity, Age and Sex for Scheduled Castes, 2001 - Himachal Pradesh"
433,"Industrial Classification of Main Workers and Marginal Workers other than Cultivators and Agricultural Labourers by Sex and by Division, Group and Class for Scheduled Caste","Ministry of Home Affairs, Department of Home, Registrar General and Census Commissioner, India","Industrial Classification of Main Workers and Marginal Workers other than Cultivators and Agricultural Labourers by Sex and by Division, Group and Class, Census 2001 - India and States",33,"Table Name,State/ Distrct,Division Code,Group Code,Class Code,Main Worker  Total  Persons,Main Worker  Total  Males,Main Worker  Total  Females,Main Worker  Rural  Persons,Main Worker  Rural  Males,Main Worker  Rural  Females,Main Worker  Urban  Persons,Main Worker  Urban  Males,Main Worker  Urban  Females,Marginal Worker  Total  Persons,Marginal Worker  Total  Males,Marginal Worker  Total  Females,Marginal Worker  Rural  Persons,Marginal Worker  Rural  Males,Marginal Worker  Rural  Females,Marg","Industrial Classification of Main Workers and Marginal Workers other than Cultivators and Agricultural Labourers by Sex and by Division, Group and Class for Scheduled Caste, 2001 - India | Industrial Classification of Main Workers and Marginal Workers other than Cultivators and Agricultural Labourers by Sex and by Division, Group and Class for Scheduled Caste, 2001 - Jammu & Kashmir | Industrial Classification of Main Workers and Marginal Workers other than Cultivators and Agricultural Labourers by Sex and by Division, Group and Class for Scheduled Caste, 2001 - Himachal Pradesh"
316,"Complete Villages Directory by India/State/District/Sub-District Level, Census","Ministry of Home Affairs, Department of Home, Registrar General and Census Commissioner, India",Complete Villages Directory by India/State/District/Sub-District Level - Census 2011,33,"MDDS STC,STATE NAME,MDDS DTC,DISTRICT NAME,MDDS Sub_DT,SUBDISTRICT NAME,MDDS PLCN,Area Name","Complete Villages Directory by India/State/District/Sub-District Level, Census 2011 - JAMMU & KASHMIR | Complete Villages Directory by India/State/District/Sub-District Level, Census 2011 - HIMACHAL PRADESH | Complete Villages Directory by India/State/District/Sub-District Level, Census 2011 - PUNJAB"
543,"Marginal Workers by Main Activity, Age and Sex for Scheduled Castes","Ministry of Home Affairs, Department of Home, Registrar General and Census Commissioner, India","Marginal Workers by Main Activity, Age and Sex, Census 2001 - India and States",33,"Table Name,State Code,Distt Code,Name,Total/ Rural/ Urban,Age Group,Total Marginal workers  Persons,Total Marginal workers  Males,Total Marginal workers  Females,Main activity  Students  Persons,Main activity  Students  Males,Main activity  Students  Females,Main activity  Household duties  Persons,Main activity  Household duties  Males,Main activity  Household duties  Females,Main activity  Dependents  Person,Main activity  Dependents  Males,Main activity  Dependents  Females,Main activity  Pen","Marginal Workers by Main Activity, Age and Sex for Scheduled Castes, 2001 - India | Marginal Workers by Main Activity, Age and Sex for Scheduled Castes, 2001 - Jammu & Kashmir | Marginal Workers by Main Activity, Age and Sex for Scheduled Castes, 2001 - Himachal Pradesh"
440,"Industrial Classification of Main and Marginal Workers in Manufacturing, Processing, Servicing and Repairs in Household industry by Sex and Class of Worker for Scheduled Castes","Ministry of Home Affairs, Department of Home, Registrar General and Census Commissioner, India","Industrial Classification of Main and Marginal Workers in Manufacturing, Processing, Servicing and Repairs in Household industry by Sex and Class of Worker, Census 2001 - India and States",33,"Table Name,State/ District,Division,Group,Total/ Rural/ Urban,Total Workers  Main Workers  Persons,Total Workers  Main Workers  Males,Total Workers  Main Workers  Females,Total Workers  Marginal Workers  Persons,Total Workers  Marginal Workers  Males,Total Workers  Marginal Workers  Females,Class of Worker  Employee  Main Workers  Persons,Class of Worker  Employee  Main Workers  Males,Class of Worker  Employee  Main Workers  Females,Class of Worker  Employee  Marginal Workers  Persons,Class of W","Industrial Classification of Main and Marginal Workers in Manufacturing, Processing, Servicing and Repairs in Household industry by Sex and Class of Worker for Scheduled Castes, 2001 - India | Industrial Classification of Main and Marginal Workers in Manufacturing, Processing, Servicing and Repairs in Household industry by Sex and Class of Worker for Scheduled Castes, 2001 - Jammu & Kashmir | Industrial Classification of Main and Marginal Workers in Manufacturing, Processing, Servicing and Repairs in Household industry by Sex and Class of Worker for Scheduled Castes, 2001 - Himachal Pradesh"
448,"Industrial Classification of Main and Marginal Workers in Non-Household Industry, Trade, Business, Profession or Service by Class of Worker and Sex for Scheduled Castes","Ministry of Home Affairs, Department of Home, Registrar General and Census Commissioner, India","Industrial Classification of Main and Marginal Workers in Non-Household Industry, Trade, Business, Profession or Service by Class of Worker and Sex, Census 2001 - India and States",33,"Table Name,State/ District,Division,Group,Total/ Rural/ Urban,Total Workers  Main Workers  Persons,Total Workers  Main Workers  Males,Total Workers  Main Workers  Females,Total Workers  Marginal Workers  Persons,Total Workers  Marginal Workers  Males,Total Workers  Marginal Workers  Females,Class of Worker  Employer  Main Workers  Persons,Class of Worker  Employer  Main Workers  Males,Class of Worker  Employer  Main Workers  Females,Class of Worker  Employer  Marginal Workers  Persons,Class of W","Industrial Classification of Main and Marginal Workers in Non-Household Industry, Trade, Business, Profession or Service by Class of Worker and Sex for Scheduled Castes, 2001 - India | Industrial Classification of Main and Marginal Workers in Non-Household Industry, Trade, Business, Profession or Service by Class of Worker and Sex for Scheduled Castes, 2001 - Jammu & Kashmir | Industrial Classification of Main and Marginal Workers in Non-Household Industry, Trade, Business, Profession or Service by Class of Worker and Sex for Scheduled Castes, 2001 - Himachal Pradesh"
513,"Marginal Workers Classified by Age, Industrial Category and Sex for Scheduled Castes","Ministry of Home Affairs, Department of Home, Registrar General and Census Commissioner, India","Marginal Workers Classified by Age, Industrial category and Sex, Census 2001 - India and States",33,"Table Name,State Code,District Code,Tehsil Code,Area Name,Total/ Rural/ Urban,Age Group,Marginal workers  Persons,Marginal workers  Males,Marginal workers  Females,Industrial category  A  B  Cultivators  Persons,Industrial category  A  B  Cultivators  Males,Industrial category  A  B  Cultivators  Females,Industrial category  A  B  Agricultural labourers  Persons,Industrial category  A  B  Agricultural labourers  Males,Industrial category  A  B  Agricultural labourers  Females,Industrial category","Marginal Workers Classified by Age, Industrial Category and Sex for Scheduled Castes, 2001 - India | Marginal Workers Classified by Age, Industrial Category and Sex for Scheduled Castes, 2001 - Jammu & Kashmir | Marginal Workers Classified by Age, Industrial Category and Sex for Scheduled Castes, 2001 - Himachal Pradesh"
458,"Main Workers Classified by Age, Industrial Category and Sex for Scheduled Castes","Ministry of Home Affairs, Department of Home, Registrar General and Census Commissioner, India","Main Workers Classified by Age, Industrial Category and Sex, Census 2001 - India and States",33,"Table Name,State Code,District Code,Tehsil Code,Area Name,Total/ Rural/ Urban,Age Group,Main workers  Persons,Main workers  Males,Main workers  Females,Industrial category  A  B  Cultivators  Persons,Industrial category  A  B  Cultivators  Males,Industrial category  A  B  Cultivators  Females,Industrial category  A  B  Agricultural labourers  Persons,Industrial category  A  B  Agricultural labourers  Males,Industrial category  A  B  Agricultural labourers  Females,Industrial category  A  B  Plan","Main Workers Classified by Age, Industrial Category and Sex for Scheduled Castes, 2001 - India | Main Workers Classified by Age, Industrial Category and Sex for Scheduled Castes, 2001 - Jammu & Kashmir | Main Workers Classified by Age, Industrial Category and Sex for Scheduled Castes, 2001 - Himachal Pradesh"
590,"Number of Women and Ever Married Women by Present Age, Number of Surviving Children and Total Surviving Children by Sex for Scheduled Caste","Ministry of Home Affairs, Department of Home, Registrar General and Census Commissioner, India","Number of Women and Ever Married Women by Present Age, Number of Surviving Children and Total Surviving Children by Sex, Census 2001 - India and States",33,"Table Name,State Code,District Code,Area Name,Total/ Rural/ Urban,Present Age,Total Women,Total Ever Married Women,Number of Surviving Children  0,Number of Surviving Children  1,Number of Surviving Children  2,Number of Surviving Children  3,Number of Surviving Children  4,Number of Surviving Children  5,Total Surviving Children  Persons,Total Surviving Children  Males,Total Surviving Children  Females","Number of Women and Ever Married Women by Present Age, Number of Surviving Children and Total Surviving Children by Sex for Scheduled Caste, 2001 - India | Number of Women and Ever Married Women by Present Age, Number of Surviving Children and Total Surviving Children by Sex for Scheduled Caste, 2001 - Jammu & Kashmir | Number of Women and Ever Married Women by Present Age, Number of Surviving Children and Total Surviving Children by Sex for Scheduled Caste, 2001 - Himachal Pradesh"
494,"Main Workers, Marginal Workers, Non-Workers and those Marginal Workers, Non-Workers Seeking/ Available for Work Classified by Age and Sex for Scheduled Castes","Ministry of Home Affairs, Department of Home, Registrar General and Census Commissioner, India","Main Workers, Marginal Workers, Non-Workers and those Marginal Workers, Non-Workers Seeking/ Available for Work Classified by Age and Sex, Census 2001 - India and States",33,"Table Name,State Code,Distt Code,Name,Total/ Rural/ Urban,Age Group,Population  Persons,Population  Males,Population  Females,Main workers  Persons,Main workers  Males,Main workers  Females,Marginal workers  Total  Persons,Marginal workers  Total  Males,Marginal workers  Total  Females,Marginal workers  Seeking/available for work  Persons,Marginal workers  Seeking/available for work  Males,Marginal workers  Seeking/available for work  Females,NonWorkers  Total  Persons,NonWorkers  Total  Males,N","Main Workers, Marginal Workers, Non-Workers and those Marginal Workers, Non-Workers Seeking/ Available for Work Classified by Age and Sex for Scheduled Castes, 2001 - India | Main Workers, Marginal Workers, Non-Workers and those Marginal Workers, Non-Workers Seeking/ Available for Work Classified by Age and Sex for Scheduled Castes, 2001 - Jammu & Kashmir | Main Workers, Marginal Workers, Non-Workers and those Marginal Workers, Non-Workers Seeking/ Available for Work Classified by Age and Sex for Scheduled Castes, 2001 - Himachal Pradesh"
3,District wise Number of Camel by Breed," Ministry of Fisheries, Animal Husbandry and Dairying,Department of Animal Husbandry and Dairying",Camel by breed (18th livestock census),32,"District Name,Camel Breed  Bikaneri,Camel Breed  Double Humped,Camel Breed  Jaiselmeri,Camel Breed  Kachchhi,Camel Breed  Malvi,Camel Breed  Marwari,Camel Breed  Mewati,Camel Breed  Sindhi,Camel Breed  Others graded,Camel Breed  Nondescript,Camel Breed  Total Camel,Camel Breed  Total Mules","District wise Number of Camel by Breed, 2007 - Andhra Pradesh | District wise Number of Camel by Breed, 2007 - Arunachal Pradesh | District wise Number of Camel by Breed, 2007 - Assam"
345,Distribution of Households Living in Census Houses by Predominant Material of Roof for Scheduled Caste,"Ministry of Home Affairs, Department of Home, Registrar General and Census Commissioner, India","Distribution of Households Living in Census Houses by Predominant Material of Roof, Census 2001 - India and States",32,"Table Name,State Code,Distt. Code,Tehsil Code,Area Name,Total/ Rural/ Urban,Total Number of Households,Material of Roof  Grass Thatch Bamboo Wood Mud Etc.,Material of Roof  Plastic Polythene,Material of Roof  Tiles,Material of Roof  Slate,Material of Roof  G.I. Metal Asbestos Sheets,Material of Roof  Brick,Material of Roof  Stone,Material of Roof  Concrete,Material of Roof  Any Other Material","Distribution of Households Living in Census Houses by Predominant Material of Roof for Scheduled Caste, 2001 - Jammu & Kashmir | Distribution of Households Living in Census Houses by Predominant Material of Roof for Scheduled Caste, 2001 - Himachal Pradesh | Distribution of Households Living in Census Houses by Predominant Material of Roof for Scheduled Caste, 2001 - Punjab"
53,District wise Number of Exotic/Crossbred Sheep by Breed," Ministry of Fisheries, Animal Husbandry and Dairying,Department of Animal Husbandry and Dairying",Sheep by breed (18th livestock census),32,"District Name,Exotic/Crossbred Sheep  Merino,Exotic/Crossbred Sheep  Rambullet,Exotic/Crossbred Sheep  Carridale,Exotic/Crossbred Sheep  Other Exotic,Exotic/Crossbred Sheep  Crossbred Sheep,Total Exotic/Crossbred Sheep","District wise Number of Exotic/Crossbred Sheep by Breed, 2007 - Andhra Pradesh | District wise Number of Exotic/Crossbred Sheep by Breed, 2007 - Arunachal Pradesh | District wise Number of Exotic/Crossbred Sheep by Breed, 2007 - Assam"
615,Occupational Classification of Marginal Workers Other than Cultivators and Agricultural Labourers by Sex for Scheduled Castes,"Ministry of Home Affairs, Department of Home, Registrar General and Census Commissioner, India","Occupational Classification of Marginal Workers other than Cultivators and Agricultural Labourers by Sex, Census 2011 - India and States",32,"Table Name,State Code,District Code,State/District,Division,SubDivision,Group,Family,NCO Name,Total  Persons,Total  Males,Total  Females,Rural  Persons,Rural  Males,Rural  Females,Urban  Persons,Urban  Males,Urban  Females","Occupational Classification of Marginal Workers Other than Cultivators and Agricultural Labourers by Sex for Scheduled Castes, 2011 - India | Occupational Classification of Marginal Workers Other than Cultivators and Agricultural Labourers by Sex for Scheduled Castes, 2011 - Jammu & Kashmir | Occupational Classification of Marginal Workers Other than Cultivators and Agricultural Labourers by Sex for Scheduled Castes, 2011 - Himachal Pradesh"
611,Occupational Classification of Main Workers Other than Cultivators and Agricultural Labourers by Sex for Scheduled Castes,"Ministry of Home Affairs, Department of Home, Registrar General and Census Commissioner, India","Occupational Classification of Main Workers other than Cultivators and Agricultural Labourers by Sex, Census 2011 - India and States",32,"Table Name,State Code,District Code,State/District,Division,SubDivision,Group,Family,NCO Name,Total  Persons,Total  Males,Total  Females,Rural  Persons,Rural  Males,Rural  Females,Urban  Persons,Urban  Males,Urban  Females","Occupational Classification of Main Workers Other than Cultivators and Agricultural Labourers by Sex for Scheduled Castes, 2011 - India | Occupational Classification of Main Workers Other than Cultivators and Agricultural Labourers by Sex for Scheduled Castes, 2011 - Jammu & Kashmir | Occupational Classification of Main Workers Other than Cultivators and Agricultural Labourers by Sex for Scheduled Castes, 2011 - Himachal Pradesh"
2,District wise Number of Buffalo by breed," Ministry of Fisheries, Animal Husbandry and Dairying,Department of Animal Husbandry and Dairying",Buffalo by breed (18th livestock census),32,"District Name,Buffalo Breed  Bhadawari,Buffalo Breed  Banni,Buffalo Breed  Chilika,Buffalo Breed  Godawari,Buffalo Breed  Jaffarabadi,Buffalo Breed  Jerangi,Buffalo Breed  Kalahandi,Buffalo Breed  Kujang,Buffalo Breed  Manda,Buffalo Breed  Marathwada,Buffalo Breed  Mehsana,Buffalo Breed  Murrah,Buffalo Breed  Nagpuri,Buffalo Breed  Nili Ravi,Buffalo Breed  Pandharpuri,Buffalo Breed  Paralakhemundi,Buffalo Breed  Sambalpuri,Buffalo Breed  South Kanara,Buffalo Breed  Surti,Buffalo Breed  Swamp Buf","District wise Number of Buffalo by breed, 2007 - Andhra Pradesh | District wise Number of Buffalo by breed, 2007 - Arunachal Pradesh | District wise Number of Buffalo by breed, 2007 - Assam"
37,Details of yaks by age and sex rural and urban combined," Ministry of Fisheries, Animal Husbandry and Dairying,Department of Animal Husbandry and Dairying",Details of Yaks by Age and Sex Rural and Urban combined (Livestock Census),32,"SNo.,District,Yaks  Male Under 3 Years,Yaks  Female Under 3 Years,Yaks  Total Under 3 Years,Yaks  Male 3 Years and Above,Yaks  Female 3 Years and Above,Yaks  Total 3 Years and Above,Yaks  Total",Details of yaks by age and sex rural and urban combined for Andhra Pradesh - 2012 | Details of yaks by age and sex rural and urban combined for Arunachal Pradesh - 2012 | Details of yaks by age and sex rural and urban combined for Assam - 2012
59,District wise Number of Yak and Mithun by breed," Ministry of Fisheries, Animal Husbandry and Dairying,Department of Animal Husbandry and Dairying",Yak and Mithun by breed (18th livestock census),32,"Districts,Arunachali Mithun,Nagami Mithun,Others Mithun,Total Mithun,Arunachali Yak,Himachali Yak,Ladakh Yak,Sikkim Yak,DzoDzomu,Total Yak","District wise Number of Yak and Mithun by breed, 2007 - Andhra Pradesh | District wise Number of Yak and Mithun by breed, 2007 - Arunachal Pradesh | District wise Number of Yak and Mithun by breed, 2007 - Assam"
38,"District wise Number of donkeys, rabbit by breed and dogs and elephants"," Ministry of Fisheries, Animal Husbandry and Dairying,Department of Animal Husbandry and Dairying","Donkeys, Rabbit and Dogs and Elephants (18th livestock census)",32,"districts,DonkeysItalian, DonkeysDesi, DonkeysTotal, RabbitsAngoora, RabbitsNew Zealand White, RabbitsSoviet Chinchill, RabbitsOthers, RabbitsTotal, Dogs, Elephants","District wise Number of donkeys, rabbit by breed and dogs and elephants, 2007 - Andhra Pradesh | District wise Number of donkeys, rabbit by breed and dogs and elephants, 2007 - Arunachal Pradesh | District wise Number of donkeys, rabbit by breed and dogs and elephants, 2007 - Assam"
40,District wise Number of Goat by Breed," Ministry of Fisheries, Animal Husbandry and Dairying,Department of Animal Husbandry and Dairying",Goat by breed (18th livestock census),32,"District Name,Goat Breed  Attapadi Black,Goat Breed  Barbari,Goat Breed  Beetal,Goat Breed  Black Bengal,Goat Breed  Bouer,Goat Breed  Changthangi,Goat Breed  Chegu,Goat Breed  Chogarakha,Goat Breed  Gaddi,Goat Breed  Ganjam,Goat Breed  Gonilwadi,Goat Breed  Jakhrana,Goat Breed  Jamanapari,Goat Breed  Kannaiadu,Goat Breed  Khagani,Goat Breed  Kodiadu,Goat Breed  Kutchi,Goat Breed  Malabari,Goat Breed  Marwari,Goat Breed  Mehsana,Goat Breed  Nandidurga,Goat Breed  Osmanabadi,Goat Breed  Sanganeri","District wise Number of Goat by Breed, 2007 - Andhra Pradesh | District wise Number of Goat by Breed, 2007 - Arunachal Pradesh | District wise Number of Goat by Breed, 2007 - Assam"
41,District wise Number of horses by breed," Ministry of Fisheries, Animal Husbandry and Dairying,Department of Animal Husbandry and Dairying",Horses by breed (18th livestock census),32,"Districts,Breed of HorseBhutia,Breed of HorseKathiawari,Breed of HorseMalani,Breed of HorseManipuri,Breed of HorseMarwari,Breed of HorseSpiti,Breed of HorseZanskari,Breed of HorseOthers graded,Breed of HorseNondescript,Breed of HorseTotal","District wise Number of horses by breed, 2007 - Andhra Pradesh | District wise Number of horses by breed, 2007 - Arunachal Pradesh | District wise Number of horses by breed, 2007 - Assam"
45,District wise Number of Crossbred pig by breed," Ministry of Fisheries, Animal Husbandry and Dairying,Department of Animal Husbandry and Dairying",Pig by breed (18th livestock census),32,"Districts,Cross BredMiddlewhite Yorkshire,Cross BredLargewhite Yorkshire,Cross BredLandrays,Cross BredYorkshire,Cross BredHampshire Crossbred,Cross BredDuroc crossbred,Cross BredOther Crossbred,Cross BredTotal Crossbred","District wise Number of Crossbred pig by breed, 2007 - Andhra Pradesh | District wise Number of Crossbred pig by breed, 2007 - Arunachal Pradesh | District wise Number of Crossbred pig by breed, 2007 - Assam"
46,District wise Number of Exotic pig by breed," Ministry of Fisheries, Animal Husbandry and Dairying,Department of Animal Husbandry and Dairying",Pig by breed (18th livestock census),32,"Districts,Exotic Breed Landrays,Exotic Breed Yorkshire,Exotic Breed Hampshire,Exotic Breed Saddleback,Exotic Breed Australian large Black,Exotic Breed Duroc,Exotic Breed Total exotic Pigs","District wise Number of Exotic pig by breed, 2007 - Andhra Pradesh | District wise Number of Exotic pig by breed, 2007 - Arunachal Pradesh | District wise Number of Exotic pig by breed, 2007 - Assam"
47,District wise Number of Indigenous pig by breed," Ministry of Fisheries, Animal Husbandry and Dairying,Department of Animal Husbandry and Dairying",Pig by breed (18th livestock census),32,"Districts,Indigenous BreedAnkamali,Indigenous BreedDoom,Indigenous BreedGhoongru,Indigenous BreedGhori,Indigenous BreedMali,Indigenous BreedOthers graded,Indigenous BreedNondescript,Indigenous BreedTotal Indigenous","District wise Number of  Indigenous pig by breed, 2007 - Andhra Pradesh | District wise Number of  Indigenous pig by breed, 2007 - Arunachal Pradesh | District wise Number of  Indigenous pig by breed, 2007 - Assam"
48,District wise Number of Ponies by breed," Ministry of Fisheries, Animal Husbandry and Dairying,Department of Animal Husbandry and Dairying",Ponies by breed (18th livestock census),32,"Districts,Breed of PonyBhutia,Breed of PonyKathiawari,Breed of PonyMalani,Breed of PonyManipuri,Breed of PonyMarwari,Breed of PonySpiti,Breed of PonyZanskari,Breed of PonyOthers,Breed of PonyNondescript,Breed of PonyTotal Pony","District wise Number of Ponies by breed, 2007 - Andhra Pradesh | District wise Number of Ponies by breed, 2007 - Arunachal Pradesh | District wise Number of Ponies by breed, 2007 - Assam"
625,Scheduled Caste Population Age 5-19 Attending School/ College by Economic Activity Status and Sex (Each Caste Separately),"Ministry of Home Affairs, Department of Home, Registrar General and Census Commissioner, India","Population Age 5-19 Attending School/ College by Economic Activity Status and Sex (For Each Caste/Tribe Separately), Census 2001 - India and States",32,"Table Name,State Code,District Code,SC Code,Area Name,SC Name,Total/ Rural/ Urban,AgeGroup,Total  Persons,Total  Males,Total  Females,Attending School/ College  Main Workers  Persons,Attending School/ College  Main Workers  Males,Attending School/ College  Main Workers  Females,Attending School/ College  Marginal Workers  Persons,Attending School/ College  Marginal Workers  Males,Attending School/ College  Marginal Workers  Females,Attending School/ College  Nonworkers  Persons,Attending School/","Scheduled Caste Population Age 5-19 Attending School/ College by Economic Activity Status and Sex (Each Caste Separately), 2001 - Jammu & Kashmir | Scheduled Caste Population Age 5-19 Attending School/ College by Economic Activity Status and Sex (Each Caste Separately), 2001 - Himachal Pradesh | Scheduled Caste Population Age 5-19 Attending School/ College by Economic Activity Status and Sex (Each Caste Separately), 2001 - Punjab"
593,"Number of Women and Ever Married Women by Present Age, Parity and Total Children Ever Born by Sex for Selected Scheduled Castes","Ministry of Home Affairs, Department of Home, Registrar General and Census Commissioner, India","Number of Women and Ever Married Women by Present Age, Parity and Total Children Ever Born by Sex, Census 2001 - India and States",32,"Table Name,State Code,District Code,SC Code,Area Name,SC Name,Present Age,Total Women,Total Ever Married Women,Parity  0,Parity  1,Parity  2,Parity  3,Parity  4,Parity  5,Parity  6,Parity  7,Total Children Ever Born  Persons,Total Children Ever Born  Males,Total Children Ever Born  Females","Number of Women and Ever Married Women by Present Age, Parity and Total Children Ever Born by Sex for Selected Scheduled Castes, 2001 - Jammu & Kashmir | Number of Women and Ever Married Women by Present Age, Parity and Total Children Ever Born by Sex for Selected Scheduled Castes, 2001 - Himachal Pradesh | Number of Women and Ever Married Women by Present Age, Parity and Total Children Ever Born by Sex for Selected Scheduled Castes, 2001 - Punjab"
54,District wise Number of Indigenous Sheep by Breed," Ministry of Fisheries, Animal Husbandry and Dairying,Department of Animal Husbandry and Dairying",Sheep by breed (18th livestock census),32,"District Name,Indigenous Sheep  Bhakarwal,Indigenous Sheep  Bellari,Indigenous Sheep  Bolangir,Indigenous Sheep  Bonpala,Indigenous Sheep  Changthangi,Indigenous Sheep  Chokla,Indigenous Sheep  Chottanagpuri,Indigenous Sheep  Coimbatore,Indigenous Sheep  Deccani,Indigenous Sheep  Dooma,Indigenous Sheep  Gaddi,Indigenous Sheep  Ganjam,Indigenous Sheep  Garole,Indigenous Sheep  Gurez,Indigenous Sheep  Hassan,Indigenous Sheep  Hissardale,Indigenous Sheep  Jaisalmeri,Indigenous Sheep  Jalauni,Indige","District wise Number of Indigenous Sheep by Breed, 2007 - Andhra Pradesh | District wise Number of Indigenous Sheep by Breed, 2007 - Arunachal Pradesh | District wise Number of Indigenous Sheep by Breed, 2007 - Assam"
588,"Number of Women and Ever Married Women by Present Age, Number of Surviving Children and Total Surviving Children by Sex for Selected Scheduled Castes","Ministry of Home Affairs, Department of Home, Registrar General and Census Commissioner, India","Number of Women and Ever Married Women by Present Age, Number of Surviving Children and Total Surviving Children by Sex, Census 2001 - India and States",32,"Table Name,State Code,District Code,SC Code,Area Name,SC Name,Present Age,Total Women,Total Ever Married Women,Number of Surviving Children  0,Number of Surviving Children  1,Number of Surviving Children  2,Number of Surviving Children  3,Number of Surviving Children  4,Number of Surviving Children  5,Total Surviving Children  Persons,Total Surviving Children  Males,Total Surviving Children  Females","Number of Women and Ever Married Women by Present Age, Number of Surviving Children and Total Surviving Children by Sex for Selected Scheduled Castes, 2001 - Jammu & Kashmir | Number of Women and Ever Married Women by Present Age, Number of Surviving Children and Total Surviving Children by Sex for Selected Scheduled Castes, 2001 - Himachal Pradesh | Number of Women and Ever Married Women by Present Age, Number of Surviving Children and Total Surviving Children by Sex for Selected Scheduled Castes, 2001 - Punjab"
633,"Scheduled Caste Population Attending Educational Institutions by Age, Sex and Type of Educational Institution (Each Caste Separately)","Ministry of Home Affairs, Department of Home, Registrar General and Census Commissioner, India","Population Attending Educational Institutions by Age, Sex and Type of Educational Institution (For Each Caste/Tribe Separately), Census 2001 - India and States",32,"Table Name,State Code,District Code,SC Code,Area Name,SC Name,Total/ Rural/ Urban,AgeGroup,Total  Persons,Total  Males,Total  Females,Population Attending Educational Institutions  Persons,Population Attending Educational Institutions  Males,Population Attending Educational Institutions  Females,Type of Educational Institution  School  Persons,Type of Educational Institution  School  Males,Type of Educational Institution  School  Females,Type of Educational Institution  College  Persons,Type of ","Scheduled Caste Population Attending Educational Institutions by Age, Sex and Type of Educational Institution (Each Caste Separately), 2001 - Jammu & Kashmir | Scheduled Caste Population Attending Educational Institutions by Age, Sex and Type of Educational Institution (Each Caste Separately), 2001 - Himachal Pradesh | Scheduled Caste Population Attending Educational Institutions by Age, Sex and Type of Educational Institution (Each Caste Separately), 2001 - Punjab"
27,Details of mules and donkeys by age and sex in rural and urban combined areas," Ministry of Fisheries, Animal Husbandry and Dairying,Department of Animal Husbandry and Dairying",Details of Mules and Donkeys by age and sex in Rural and Urban combined Areas (Livestock Census),32,"SNo.,District,Mules  Under 3 year,Mules  3 Year and Above,Mules  Total,Donkeys  Male Under 3 year,Donkeys  Male 3 Year and Above,Donkeys  Male Total,Donkeys  Female Under 3 year,Donkeys  Female 3 Year and Above,Donkeys  Female Total,Donkeys  Total",Details of mules and donkeys by age and sex in rural and urban combined areas for Andhra Pradesh - 2012 | Details of mules and donkeys by age and sex in rural and urban combined areas for Arunachal Pradesh - 2012 | Details of mules and donkeys by age and sex in rural and urban combined areas for Assam - 2012
580,"Number of Women and Currently Married Women by Present Age, Number of Births Last Year by Sex and Birth Order for Selected Scheduled Castes","Ministry of Home Affairs, Department of Home, Registrar General and Census Commissioner, India","Number of Women and Currently Married Women by Present Age, Number of Births Last Year by Sex and Birth Order, Census 2001 - India and States",32,"Table Name,State Code,District Code,SC Code,Area Name,SC Name,Present Age,Total Women,Total Currently Married Women,Number of Births Last Year  Males,Number of Births Last Year  Females,Last Years Births of Order  1,Last Years Births of Order  2,Last Years Births of Order  3,Last Years Births of Order  4,Last Years Births of Order  5,Last Years Births of Order  6,Last Years Births of Order  7","Number of Women and Currently Married Women by Present Age, Number of Births Last Year by Sex and Birth Order for Selected Scheduled Castes, 2001 - Jammu & Kashmir | Number of Women and Currently Married Women by Present Age, Number of Births Last Year by Sex and Birth Order for Selected Scheduled Castes, 2001 - Himachal Pradesh | Number of Women and Currently Married Women by Present Age, Number of Births Last Year by Sex and Birth Order for Selected Scheduled Castes, 2001 - Punjab"
26,Details of mithun by age and sex in urban and rural combined," Ministry of Fisheries, Animal Husbandry and Dairying,Department of Animal Husbandry and Dairying",Details of Mithun by Age and Sex in Urban and rural combined (Livestock Census),32,"SNo.,District,Mithuns  Male Under 3 Years,Mithuns  Female Under 3 Years,Mithuns  Total Under 3 Years,Mithuns  Male 3 Years and Above,Mithuns  Female 3 Years and Above,Mithuns  Total 3 Years and Above,Mithuns  Total",Details of mithun by age and sex in urban and rural combined for Andhra Pradesh - 2012 | Details of mithun by age and sex in urban and rural combined for Arunachal Pradesh - 2012 | Details of mithun by age and sex in urban and rural combined for Assam - 2012
24,District wise Details of Livestock by Gender," Ministry of Fisheries, Animal Husbandry and Dairying,Department of Animal Husbandry and Dairying",Details of Livestock (18th livestock census),32,"District Name,Rural / Urban / Total,Dog  Male,Dog  Female,Dog  Total,Rabbit  Male,Rabbit  Female,Rabbit  Total,Elephant  Male,Elephant  Female,Elephant  Total","District wise Details of Livestock by Gender, 2007 - Andhra Pradesh | District wise Details of Livestock by Gender, 2007 - Arunachal Pradesh | District wise Details of Livestock by Gender, 2007 - Assam"
576,Non-workers by main activity by age and sex for Scheduled Castes,"Ministry of Home Affairs, Department of Home, Registrar General and Census Commissioner, India","Non-workers by main activity by age and sex, Census 2011 - India and States",32,"Table Name 1,State Code 2,District Code3,Area Name4,Total/Rural/Urban5,AgeGroup6,Non Workers  Total Persons7 ,Non Workers  Males8,Non Workers  Females9,Main activity  Students  Total Persons10 ,Main activity  Students  Males11 ,Main activity  Students  Females12 ,Main activity  Household duties  Total Persons13,Main activity  Household duties  Males14,Main activity  Household duties  Females15,Main activity  Dependents  Total Persons 16,Main activity  Dependents  Males17,Main activity  Dependent","Non-workers by main activity by age and sex for Scheduled Castes, 2011 - INDIA | Non-workers by main activity by age and sex for Scheduled Castes, 2011 - JAMMU & KASHMIR | Non-workers by main activity by age and sex for Scheduled Castes, 2011 - HIMACHAL PRADESH"
647,Population by Religious Community for Scheduled Caste (Each Caste Separately),"Ministry of Home Affairs, Department of Home, Registrar General and Census Commissioner, India","Population by Religious Community for Scheduled Caste (For Each Caste/Tribe Separately), Census 2001 - India and States",32,"Table Name,State Code,District Code,SC Code,Area Name,SC Name,Religion,Total  Persons,Total  Males,Total  Females,Rural  Persons,Rural  Males,Rural  Females,Urban  Persons,Urban  Males,Urban  Females","Population by Religious Community for Scheduled Caste (Each Caste Separately), 2001 - Jammu & Kashmir | Population by Religious Community for Scheduled Caste (Each Caste Separately), 2001 - Himachal Pradesh | Population by Religious Community for Scheduled Caste (Each Caste Separately), 2001 - Punjab"
23,District wise Details of Livestock by Age," Ministry of Fisheries, Animal Husbandry and Dairying,Department of Animal Husbandry and Dairying",Details of Livestock (18th livestock census),32,"District Name,Rural / Urban / Total,Cattle  Exotic and Crossbred  Male  Under 1 Year,Cattle  Exotic and Crossbred  Male  1 to 2.5 Years,Cattle  Exotic and Crossbred  Male  Over 2.5 Years along with their Status  Used for Breeding only,Cattle  Exotic and Crossbred  Male  Over 2.5 Years along with their Status  Used for Agriculture only,Cattle  Exotic and Crossbred  Male  Over 2.5 Years along with their Status  Bullock cart,Cattle  Exotic and Crossbred  Male  Over 2.5 Years along with their Status","District wise Details of Livestock by Age, 2007 - Andhra Pradesh | District wise Details of Livestock by Age, 2007 - Arunachal Pradesh | District wise Details of Livestock by Age, 2007 - Assam"
22,"Details of horses & ponies by age, sex and use in rural and urban combined"," Ministry of Fisheries, Animal Husbandry and Dairying,Department of Animal Husbandry and Dairying","Details of Horses & Ponies by Age, Sex and Use in Rural and Urban combined (Livestock Census)",32,"SNo.,District,Horses  Ponies  Male Under 3 Year,Horses  Ponies  Male 3 Year and Above  Used for Cart and Carriage,Horses  Ponies  Male 3 Year and Above  Used for Sport,Horses  Ponies  Male Total,Horses  Ponies  Female Under 3 Year,Horses  Ponies  Female 3 Year and Above,Horses  Ponies  Female Total,Horses  Ponies  Total","Details of horses & ponies by age, sex and use in rural and urban combined for Andhra Pradesh - 2012 | Details of horses & ponies by age, sex and use in rural and urban combined for Arunachal Pradesh - 2012 | Details of horses & ponies by age, sex and use in rural and urban combined for Assam - 2012"
558,Marital status by age and sex for Scheduled Castes,"Ministry of Home Affairs, Department of Home, Registrar General and Census Commissioner, India",Marital status by age and sex - India and States,32,"Table Name,State Code,District Code,Area Name,Total/Rural/Urban,Agegroup,Total Persons,Total Males,Total Females,Marital status  Never married Persons,Marital status  Never married Males,Marital status  Never married Females,Marital status  Currently Married Persons,Marital status  Currently Married Males,Marital status  Currently Married Females,Marital status  Widowed Persons,Marital status  Widowed Males,Marital status  Widowed Females,Marital status  Separated Persons,Marital status  Separat","Marital status by age and sex for Scheduled Castes, 2011 - INDIA | Marital status by age and sex for Scheduled Castes, 2011 - JAMMU & KASHMIR | Marital status by age and sex for Scheduled Castes, 2011 - HIMACHAL PRADESH"
653,Population in five year age-group by Residence and Sex for Scheduled Castes,"Ministry of Home Affairs, Department of Home, Registrar General and Census Commissioner, India",Population in five year age-group by Residence and Sex - India and States,32,"Table,State,Distt.,Area Name,Agegroup,Total Persons,Total Males,Total Females,Rural Persons,Rural Males,Rural Females,Urban Persons,Urban Males,Urban Females","Population in five year age-group by Residence and Sex for Scheduled Castes, 2011 - INDIA | Population in five year age-group by Residence and Sex for Scheduled Castes, 2011 - JAMMU & KASHMIR | Population in five year age-group by Residence and Sex for Scheduled Castes, 2011 - HIMACHAL PRADESH"
555,Marital Status by Single Year Age and Sex for SC,"Ministry of Home Affairs, Department of Home, Registrar General and Census Commissioner, India",Marital Status by Single Year Age and Sex - India and States,32,"Table Name,State Code,Distt. Code,Area Name,Total/ Rural/ Urban,Agegroup,Total Persons,Total Males,Total Females,Marital Status  Never Married Persons,Marital Status  Never Married Males,Marital Status  Never Married Females,Marital Status  Currently Married Persons,Marital Status  Currently Married Males,Marital Status  Currently Married Females,Marital Status  Widowed Persons,Marital Status  Widowed Males,Marital Status  Widowed Females,Marital Status  Separated Persons,Marital Status  Separat","Marital Status by Single Year Age and Sex for SC, 2011 - INDIA | Marital Status by Single Year Age and Sex for SC, 2011 - JAMMU & KASHMIR | Marital Status by Single Year Age and Sex for SC, 2011 - HIMACHAL PRADESH"
656,Population in single year age by Residence and Sex for Scheduled Castes,"Ministry of Home Affairs, Department of Home, Registrar General and Census Commissioner, India",Population in single year age by Residence and Sex - India and States,32,"Table,State,Distt.,Area Name,Age,Total Persons,Total Males,Total Females,Rural Persons  ,Rural Males,Rural Females,Urban Persons  ,Urban Males,Urban Females","Population in single year age by Residence and Sex for Scheduled Castes, 2011 - INDIA | Population in single year age by Residence and Sex for Scheduled Castes, 2011 - JAMMU & KASHMIR | Population in single year age by Residence and Sex for Scheduled Castes, 2011 - HIMACHAL PRADESH"
549,Scheduled Caste Marital Status by Age and Sex (Each Caste Separately),"Ministry of Home Affairs, Department of Home, Registrar General and Census Commissioner, India","Marital Status by Age and Sex (For Each Caste/Tribe Separately), Census 2001 - India and States",32,"Table Name,State Code,District Code,SC Code,Area Name,SC Name,Total/ Rural/ Urban,AgeGroup,Total  Persons,Total  Males,Total  Females,Marital Status  Never Married  Persons,Marital Status  Never Married  Males,Marital Status  Never Married  Females,Marital Status  Currently Married  Persons,Marital Status  Currently Married  Males,Marital Status  Currently Married  Females,Marital Status  Widowed  Persons,Marital Status  Widowed  Males,Marital Status  Widowed  Females,Marital Status  Divorced/ S","Scheduled Caste Marital Status by Age and Sex (Each Caste Separately), 2001 - Jammu & Kashmir | Scheduled Caste Marital Status by Age and Sex (Each Caste Separately), 2001 - Himachal Pradesh | Scheduled Caste Marital Status by Age and Sex (Each Caste Separately), 2001 - Punjab"
547,Marginal workers by main non economic activity by age and sex for Scheduled Castes,"Ministry of Home Affairs, Department of Home, Registrar General and Census Commissioner, India",Marginal workers by main non economic activity by age and sex - India and States,32,"Table Name 1,State Code 2,District Code 3,Area Name 4,Total/ Rural/ Urban 5,AgeGroup 6,Marginal workers  Total Persons 7 ,Marginal workers  Males 8,Marginal workers  Females 9,Main activity  Students  Total Persons 10 ,Main activity  Students  Males 11 ,Main activity  Students  Females 12 ,Main activity  Household duties  Total Persons 13,Main activity  Household duties  Males 14,Main activity  Household duties  Females 15,Main activity  Dependents  Total Persons 16,Main activity  Dependents  Ma","Marginal workers by main non economic activity by age and sex for Scheduled Castes, 2011 - INDIA | Marginal workers by main non economic activity by age and sex for Scheduled Castes, 2011 - JAMMU & KASHMIR | Marginal workers by main non economic activity by age and sex for Scheduled Castes, 2011 - HIMACHAL PRADESH"
660,Primary Census Abstract,"Ministry of Home Affairs, Department of Home, Registrar General and Census Commissioner, India",Primary Census Abstract 2011 - India and States,32,"State Code,District Code,Subdistt Code,Town/Village Code,State Code.1,District Code.1,Subdistt Code.1,Town/Village Code.1,Ward Code,EB Code,Level,Name,TRU,No of Households,Total Population Person,Total Population Male,Total Population Female,Population in the age group 06 Person,Population in the age group 06 Male,Population in the age group 06 Female,Scheduled Castes population Person,Scheduled Castes population Male,Scheduled Castes populationFemale,Scheduled Tribes population Person,Scheduled",Primary Census Abstract 2011 - India | Primary Census Abstract 2011 - Punjab | Primary Census Abstract 2011 - Haryana
20,"Details of goats by age, sex and use in rural and urban combined"," Ministry of Fisheries, Animal Husbandry and Dairying,Department of Animal Husbandry and Dairying","Details of Goats by Age, Sex and Use in Rural and Urban combined (Livestock Census)",32,"SNo.,District,Goats  Male Under 1 Year,Goats  Male 1 Year and Above,Goats  Male Total,Goats  Female Under 1 Year,Goats  Female 1 Year and Above  In Milk,Goats  Female 1 Year and Above  Dry,Goats  Female 1 Year and Above  Not Calved Once,Goats  Female Total,Goats  Total","Details of goats by age, sex and use in rural and urban combined for Andhra Pradesh - 2012 | Details of goats by age, sex and use in rural and urban combined for Arunachal Pradesh - 2012 | Details of goats by age, sex and use in rural and urban combined for Assam - 2012"
535,"Scheduled Caste Marginal Workers and Non-Workers Seeking/ Available for Work Classified by Educational Level, Age and Sex (Each Caste Separately)","Ministry of Home Affairs, Department of Home, Registrar General and Census Commissioner, India","Marginal Workers and Non-Workers Seeking/ Available for Work Classified by Educational Level, Age and Sex (For Each Caste/Tribe Separately), Census 2001 - India and States",32,"Table Name,State Code,District Code,SC Code,Area Name,SC Name,Total/ Rural/ Urban,Type of Worker,Educational Level,Marginal Worker/ Nonworker Seeking/ Available for Work  Persons,Marginal Worker/ Nonworker Seeking/ Available for Work  Males,Marginal Worker/ Nonworker Seeking/ Available for Work  Females,AgeGroup  514  Persons,AgeGroup  514  Males,AgeGroup  514  Females,AgeGroup  1519  Persons,AgeGroup  1519  Males,AgeGroup  1519  Females,AgeGroup  2024  Persons,AgeGroup  2024  Males,AgeGroup  20","Scheduled Caste Marginal Workers and Non-Workers Seeking/ Available for Work Classified by Educational Level, Age and Sex (Each Caste Separately), 2001 - Jammu & Kashmir | Scheduled Caste Marginal Workers and Non-Workers Seeking/ Available for Work Classified by Educational Level, Age and Sex (Each Caste Separately), 2001 - Himachal Pradesh | Scheduled Caste Marginal Workers and Non-Workers Seeking/ Available for Work Classified by Educational Level, Age and Sex (Each Caste Separately), 2001 - Punjab"
529,"Marginal Workers Classified by Industrial Category, Educational Level and Sex for Scheduled Castes","Ministry of Home Affairs, Department of Home, Registrar General and Census Commissioner, India","Marginal Workers Classified by Industrial Category, Educational Level and Sex (For Each Caste/Tribe Separately), Census 2011 - India and States",32,"Table Code,State Code,District Code,Area Name,Total/Rural/Urban,Educational Level,Marginal Workers  Persons,Marginal Workers  Males,Marginal Workers  Females,Industrial Category  A  Cultivators  Persons,Industrial Category  A  Cultivators  Males,Industrial Category  A  Cultivators  Females,Industrial Category  A  Agricultural Labourers  Persons,Industrial Category  A  Agricultural Labourers  Males,Industrial Category  A  Agricultural Labourers  Females,Industrial Category  A  PlantationLivestock","Marginal Workers Classified by Industrial Category, Educational Level and Sex for Scheduled Castes, 2011 - India | Marginal Workers Classified by Industrial Category, Educational Level and Sex for Scheduled Castes, 2011 - Jammu & Kashmir | Marginal Workers Classified by Industrial Category, Educational Level and Sex for Scheduled Castes, 2011 - Himachal Pradesh"
526,"Scheduled Caste Marginal Workers Classified by Industrial Category, Educational Level and Sex (Each Caste Separately)","Ministry of Home Affairs, Department of Home, Registrar General and Census Commissioner, India","Marginal Workers Classified by Industrial Category, Educational Level and Sex (For Each Caste/Tribe Separately), Census 2001 - India and States",32,"Table Name,State Code,SC Code,Area Name,SC Name,Total/ Rural/ Urban,Educational Level,Marginal Workers  Persons,Marginal Workers  Males,Marginal Workers  Females,Cultivators  Persons,Cultivators  Males,Cultivators  Females,Agricultural Labourer  Persons,Agricultural Labourer  Males,Agricultural Labourer  Females,HHI  Persons,HHI  Males,HHI  Females,Other Workers  Persons,Other Workers  Males,Other Workers  Females","Scheduled Caste Marginal Workers Classified by Industrial Category, Educational Level and Sex (Each Caste Separately), 2001 - Jammu & Kashmir | Scheduled Caste Marginal Workers Classified by Industrial Category, Educational Level and Sex (Each Caste Separately), 2001 - Himachal Pradesh | Scheduled Caste Marginal Workers Classified by Industrial Category, Educational Level and Sex (Each Caste Separately), 2001 - Punjab"
522,"Marginal Workers Classified by Industrial Category, Age and Sex for Scheduled Castes","Ministry of Home Affairs, Department of Home, Registrar General and Census Commissioner, India","Marginal Workers Classified by Industrial Category, Age and Sex (For Each Caste/Tribe Separately), Census 2011 - India and States",32,"Table Code,State Code,District Code,Area Name,Total/Rural/Urban,AgeGroup,Worked for 3 Months or More but Less than 6 Months  Persons,Worked for 3 Months or More but Less than 6 Months  Males,Worked for 3 Months or More but Less than 6 Months  Females,Worked for Less than 3 Months  Persons,Worked for Less than 3 Months  Males,Worked for Less than 3 Months  Females,Industrial Category  A  Cultivators  Persons,Industrial Category  A  Cultivators  Males,Industrial Category  A  Cultivators  Females,I","Marginal Workers Classified by Industrial Category, Age and Sex for Scheduled Castes, 2011 - India | Marginal Workers Classified by Industrial Category, Age and Sex for Scheduled Castes, 2011 - Jammu & Kashmir | Marginal Workers Classified by Industrial Category, Age and Sex for Scheduled Castes, 2011 - Himachal Pradesh"
517,"Scheduled Caste Marginal Workers Classified by Industrial Category, Age and Sex (Each Caste Separately)","Ministry of Home Affairs, Department of Home, Registrar General and Census Commissioner, India","Marginal Workers Classified by Industrial Category, Age and Sex (For Each Caste/Tribe Separately), Census 2001 - India and States",32,"Table Name,State Code,SC Code,Area Name,SC Name,Total/ Rural/ Urban,AgeGroup,Marginal  Workers  Persons,Marginal  Workers  Males,Marginal  Workers  Females,Cultivators  Persons,Cultivators  Males,Cultivators  Females,Agricultural Labourer  Persons,Agricultural Labourer  Males,Agricultural Labourer  Females,HHI  Persons,HHI  Males,HHI  Females,Other Workers  Persons,Other Workers  Males,Other Workers  Females","Scheduled Caste Marginal Workers Classified by Industrial Category, Age and Sex (Each Caste Separately), 2001 - Jammu & Kashmir | Scheduled Caste Marginal Workers Classified by Industrial Category, Age and Sex (Each Caste Separately), 2001 - Himachal Pradesh | Scheduled Caste Marginal Workers Classified by Industrial Category, Age and Sex (Each Caste Separately), 2001 - Punjab"
17,"Details of cattle by age, sex and use in rural and urban combined"," Ministry of Fisheries, Animal Husbandry and Dairying,Department of Animal Husbandry and Dairying","Details of Cattle by Age, Sex and Use in Rural and Urban combined (Livestock Census)",32,"SNo.,District,Cattle  Exotic / Crossbred  Male Upto 1.5 Years,Cattle  Exotic / Crossbred  Male Over 1.5 Years  Used for Breeding Only,Cattle  Exotic / Crossbred  Male Over 1.5 Years  Used for Draught Only,Cattle  Exotic / Crossbred  Male Over 1.5 Years  Used for both Draught and Breeding,Cattle  Exotic / Crossbred  Male Over 1.5 Years  Others,Cattle  Exotic / Crossbred  Male Total,Cattle  Exotic / Crossbred  Female Under 1 year,Cattle  Exotic / Crossbred  Female 1 to 2.5 Years,Cattle  Exotic / C","Details of cattle by age, sex and use in rural and urban combined for Andhra Pradesh - 2012 | Details of cattle by age, sex and use in rural and urban combined for Arunachal Pradesh - 2012 | Details of cattle by age, sex and use in rural and urban combined for Assam - 2012"
509,"Marginal Workers Classified by Age, Industrial Category and Sex for Scheduled Caste","Ministry of Home Affairs, Department of Home, Registrar General and Census Commissioner, India","Marginal Workers Classified by Age, Industrial Category and Sex, Census 2011 - India and States",32,"Table Code,State Code,District Code,Area Name,Total/ Rural/ Urban,Age group,Worked for 3 months or more but less than 6 months   Persons,Worked for 3 months or more but less than 6 months  Males,Worked for 3 months or more but less than 6 months  Females,Worked for less than 3 months  Persons,Worked for less than 3 months  Males,Worked for less than 3 months  Females,Industrial Category  A  Cultivators  Persons,Industrial Category  A  Cultivators  Males,Industrial Category  A  Cultivators  Femal","Marginal Workers Classified by Age, Industrial Category and Sex for Scheduled Caste, 2011 - India | Marginal Workers Classified by Age, Industrial Category and Sex for Scheduled Caste, 2011 - Jammu and Kashmir | Marginal Workers Classified by Age, Industrial Category and Sex for Scheduled Caste, 2011 - Himachal Pradesh"
15,Details of camels by age and sex in rural and urban combined," Ministry of Fisheries, Animal Husbandry and Dairying,Department of Animal Husbandry and Dairying",Details of Camels by Age and Sex in Rural and Urban combined (Livestock Census),32,"SNo.,District,Camels  Male Under 4 year,Camels  Male 4 Year and Above,Camels  Male Total,Camels  Female Under 4 year,Camels  Female 4 Year and Above,Camels  Female Total,Camels  Total",Details of camels by age and sex in rural and urban combined for Andhra Pradesh - 2012 | Details of camels by age and sex in rural and urban combined for Arunachal Pradesh - 2012 | Details of camels by age and sex in rural and urban combined for Assam - 2012
506,"Main Workers, Marginal Workers, Non-Workers and those Marginal Workers, Non-Workers seeking/available for work classified by Age and Sex for Scheduled Castes","Ministry of Home Affairs, Department of Home, Registrar General and Census Commissioner, India","Main workers, Marginal workers, Non-workers and those marginal workers, non-workers seeking/available for work classified by age and sex, Census 2011 - India and States",32,"Table Name,State Code,District Code,Area Name,Total/Rural/Urban,Age Group,Population  Persons,Population  Males,Population  Females,Main Workers  Persons,Main Workers  Males,Main Workers  Females,Marginal Workers worked for less than 3 months  Total  Persons,Marginal Workers worked for less than 3 months  Total  Males,Marginal Workers worked for less than 3 months  Total  Females,Marginal Workers worked for 3 to 6 months  Total  Persons,Marginal Workers worked for 3 to 6 months  Total  Males,Mar","Main Workers, Marginal Workers, Non-Workers and those Marginal Workers, Non-Workers seeking/available for work classified by Age and Sex for Scheduled Castes, 2011 - India | Main Workers, Marginal Workers, Non-Workers and those Marginal Workers, Non-Workers seeking/available for work classified by Age and Sex for Scheduled Castes, 2011 - Jammu & Kashmir | Main Workers, Marginal Workers, Non-Workers and those Marginal Workers, Non-Workers seeking/available for work classified by Age and Sex for Scheduled Castes, 2011 - Himachal Pradesh"
14,"Details of buffaloes by age,sex and use in rural and urban combined for male and female"," Ministry of Fisheries, Animal Husbandry and Dairying,Department of Animal Husbandry and Dairying","Details of Buffaloes by Age,Sex and Use in Rural and Urban combined for Male and Female (Livestock Census)",32,"SNo.,District,Buffaloes  Male Upto 2 Years,Buffaloes  Male Over 2 Years  Used for Breeding Only,Buffaloes  Male Over 2 Years  Used for Draught Only,Buffaloes  Male Over 2 Years  Used for both Draught and Breeding,Buffaloes  Male Over 2 Years  Others,Buffaloes  Male Total,Buffaloes  Female Under 1 year,Buffaloes  Female 1 to 3 Years,Buffaloes  Female Over 3 Years  In Milk,Buffaloes  Female Over 3 Years  Dry,Buffaloes  Female Over 3 Years  Not Calved Once,Buffaloes  Female Over 3 Years  Others,Buf","Details of buffaloes by age,sex and use in rural and urban combined for male and female for Andhra Pradesh - 2012 | Details of buffaloes by age,sex and use in rural and urban combined for male and female for Arunachal Pradesh - 2012 | Details of buffaloes by age,sex and use in rural and urban combined for male and female for Assam - 2012"
676,"Number of women and currently married women by present age, number of births last year by sex and birth order for Scheduled Castes","Ministry of Home Affairs, Department of Home, Registrar General and Census Commissioner, India","Women and currently married women by present age, number of births last year by sex and birth order - India And States",32,"Table Name,State Code,District Code,Area Name,Total/ Rural/Urban,Present Age,Total Women,Total Currently Married Women,Number of Births Last Year  Male,Number of Births Last Year  Female,Last Years Births of Order  1,Last Years Births of Order  2,Last Years Births of Order  3,Last Years Births of Order  4,Last Years Births of Order  5,Last Years Births of Order  6,Last Years Births of Order  7","Number of women and currently married women by present age, number of births last year by sex and birth order for Scheduled Castes, 2011 - INDIA | Number of women and currently married women by present age, number of births last year by sex and birth order for Scheduled Castes, 2011 - JAMMU & KASHMIR | Number of women and currently married women by present age, number of births last year by sex and birth order for Scheduled Castes, 2011 - HIMACHAL PRADESH"
679,"Number of women and ever married women by present age, number of surviving children and total surviving children by sex for Scheduled Castes","Ministry of Home Affairs, Department of Home, Registrar General and Census Commissioner, India","Women and ever married women by present age, number of surviving children and total surviving children by sex - India And States",32,"Table Name,State Code,District Code,Area Name,Total/ Rural/Urban,Present Age,Total Women,Total Ever Married Women,Number of Surviving Children  0,Number of Surviving Children  1,Number of Surviving Children  2,Number of Surviving Children  3,Number of Surviving Children  4,Number of Surviving Children  5,Total  Surviving Children  Persons,Total  Surviving Children  Male,Total  Surviving Children  Female","Number of women and ever married women by present age, number of surviving children and total surviving children by sex for Scheduled Castes, 2011 - INDIA | Number of women and ever married women by present age, number of surviving children and total surviving children by sex for Scheduled Castes, 2011 - JAMMU & KASHMIR | Number of women and ever married women by present age, number of surviving children and total surviving children by sex for Scheduled Castes, 2011 - HIMACHAL PRADESH"
491,"Main Workers, Marginal Workers, Non-Workers and Those Marginal Workers, Non-Workers Seeking/ Available for Work Classified by Educational Level and Sex for Scheduled Castes","Ministry of Home Affairs, Department of Home, Registrar General and Census Commissioner, India","Main Workers, Marginal Workers, Non-Workers and Those Marginal Workers, Non-Workers Seeking/ Available for Work Classified by Educational Level and Sex, Census 2011 - India and States",32,"Table Name,State Code,Distt. Code,Area Name,Total/ Rural/ Urban,Educational level,Population  Persons,Population  Males,Population  Females,Main workers  Persons,Main workers  Males,Main workers  Females,Marginal workers  Total  Persons,Marginal workers  Total  Males,Marginal workers  Total  Females,Marginal workers  Seeking/available for work  Persons,Marginal workers  Seeking/available for work  Males,Marginal workers  Seeking/available for work  Females,Nonworkers  Total  Persons,Nonworkers  ","Main Workers, Marginal Workers, Non-Workers and Those Marginal Workers, Non-Workers Seeking/ Available for Work Classified by Educational Level and Sex for Scheduled Castes, 2011 - India | Main Workers, Marginal Workers, Non-Workers and Those Marginal Workers, Non-Workers Seeking/ Available for Work Classified by Educational Level and Sex for Scheduled Castes, 2011 - JAMMU & KASHMIR | Main Workers, Marginal Workers, Non-Workers and Those Marginal Workers, Non-Workers Seeking/ Available for Work Classified by Educational Level and Sex for Scheduled Castes, 2011 - HIMACHAL PRADESH"
682,"Number of women and ever married women by present age, parity and total children ever born by sex for Scheduled Castes","Ministry of Home Affairs, Department of Home, Registrar General and Census Commissioner, India","Women and ever married women by present age, parity and total children ever born by sex - India And States",32,"Table Name,State Code,District Code,Area Name,Total/ Rural/Urban,Present Age,Total Women,Total Ever Married Women,Total Ever Married Women  Parity  0,Total Ever Married Women  Parity  1,Total Ever Married Women  Parity  2,Total Ever Married Women  Parity  3,Total Ever Married Women  Parity  4,Total Ever Married Women  Parity  5,Total Ever Married Women  Parity  6,Total Ever Married Women  Parity  7,Total Children Ever Born  Persons,Total Children Ever Born  Male,Total Children Ever Born  Female","Number of women and ever married women by present age, parity and total children ever born by sex for Scheduled Castes, 2011 - INDIA | Number of women and ever married women by present age, parity and total children ever born by sex for Scheduled Castes, 2011 - JAMMU & KASHMIR | Number of women and ever married women by present age, parity and total children ever born by sex for Scheduled Castes, 2011 - HIMACHAL PRADESH"
474,"Main Workers Classified by Industrial Category, Educational Level and Sex for Scheduled Castes","Ministry of Home Affairs, Department of Home, Registrar General and Census Commissioner, India","Main Workers Classified by Industrial Category, Educational Level and Sex (For Each Caste/Tribe Separately), Census 2011 - India and States",32,"Table Code,State Code,District Code,Area Name,Total/Rural/Urban,Educational Level,Main Workers  Persons,Main Workers  Males,Main Workers  Females,Industrial Category  A  Cultivators  Persons,Industrial Category  A  Cultivators  Males,Industrial Category  A  Cultivators  Females,Industrial Category  A  Agricultural Labourers  Persons,Industrial Category  A  Agricultural Labourers  Males,Industrial Category  A  Agricultural Labourers  Females,Industrial Category  A  PlantationLivestockForestry Fis","Main Workers Classified by Industrial Category, Educational Level and Sex for Scheduled Castes, 2011 - India | Main Workers Classified by Industrial Category, Educational Level and Sex for Scheduled Castes, 2011 - Jammu & Kashmir | Main Workers Classified by Industrial Category, Educational Level and Sex for Scheduled Castes, 2011 - Himachal Pradesh"
471,"Scheduled Caste Main Workers Classified by Industrial Category, Educational Level and Sex (Each Caste Separately)","Ministry of Home Affairs, Department of Home, Registrar General and Census Commissioner, India","Main Workers Classified by Industrial Category, Educational Level and Sex (For Each Caste/Tribe Separately), Census 2001 - India and States",32,"Table Name,State Code,SC Code,Area Name,SC Name,Total/ Rural/ Urban,Educational Level,Main  Workers  Persons,Main  Workers  Males,Main  Workers  Females,Cultivators  Persons,Cultivators  Males,Cultivators  Females,Agricultural Labourer  Persons,Agricultural Labourer  Males,Agricultural Labourer  Females,HHI  Persons,HHI  Males,HHI  Females,Other Workers  Persons,Other Workers  Males,Other Workers  Females","Scheduled Caste Main Workers Classified by Industrial Category, Educational Level and Sex (Each Caste Separately), 2001 - Jammu & Kashmir | Scheduled Caste Main Workers Classified by Industrial Category, Educational Level and Sex (Each Caste Separately), 2001 - Himachal Pradesh | Scheduled Caste Main Workers Classified by Industrial Category, Educational Level and Sex (Each Caste Separately), 2001 - Punjab"
466,"Main Workers Classified by Industrial Category, Age and Sex for Scheduled Castes","Ministry of Home Affairs, Department of Home, Registrar General and Census Commissioner, India","Main Workers Classified by Industrial Category, Age and Sex (For Each Caste/Tribe Separately), Census 2011 - India and States",32,"Table Code,State Code,District Code,Area Name,Total/Rural/Urban,Age Group,Main Workers  Persons,Main Workers  Males,Main Workers  Females,Industrial Category  A  Cultivators  Persons,Industrial Category  A  Cultivators  Males,Industrial Category  A  Cultivators  Females,Industrial Category  A  Agricultural Labourers  Persons,Industrial Category  A  Agricultural Labourers  Males,Industrial Category  A  Agricultural Labourers  Females,Industrial Category  A  PlantationLivestockForestry Fishing Hun","Main Workers Classified by Industrial Category, Age and Sex for Scheduled Castes, 2011 - India | Main Workers Classified by Industrial Category, Age and Sex for Scheduled Castes, 2011 - Jammu & Kashmir | Main Workers Classified by Industrial Category, Age and Sex for Scheduled Castes, 2011 - Himachal Pradesh"
463,"Scheduled Caste Main Workers Classified by Industrial Category, Age and Sex (Each Caste Separately)","Ministry of Home Affairs, Department of Home, Registrar General and Census Commissioner, India","Main Workers Classified by Industrial Category, Age and Sex (For Each Caste/Tribe Separately), Census 2001 - India and States",32,"Table Name,State Code,SC Code,Area Name,SC Name,Total/ Rural/ Urban,AgeGroup,Main  Workers  Persons,Main  Workers  Males,Main  Workers  Females,Cultivators  Persons,Cultivators  Males,Cultivators  Females,Agricultural Labourer  Persons,Agricultural Labourer  Males,Agricultural Labourer  Females,HHI  Persons,HHI  Males,HHI  Females,Other Workers  Persons,Other Workers  Males,Other Workers  Females","Scheduled Caste Main Workers Classified by Industrial Category, Age and Sex (Each Caste Separately), 2001 - Jammu & Kashmir | Scheduled Caste Main Workers Classified by Industrial Category, Age and Sex (Each Caste Separately), 2001 - Himachal Pradesh | Scheduled Caste Main Workers Classified by Industrial Category, Age and Sex (Each Caste Separately), 2001 - Punjab"
461,"Main Workers Classified by Age, Industrial Category and Sex for Scheduled Caste","Ministry of Home Affairs, Department of Home, Registrar General and Census Commissioner, India","Main Workers Classified by Age, Industrial Category and Sex, Census 2011 - India and States",32,"Table Code,State Code,District Code,Area Name,Total/ Rural/ Urban,Age group,Main Workers  Persons,Main Workers  Males,Main Workers  Females,Industrial Category  A  Cultivators  Persons,Industrial Category  A  Cultivators  Males,Industrial Category  A  Cultivators  Females,Industrial Category  A  Agricultural labourers  Persons,Industrial Category  A  Agricultural labourers  Males,Industrial Category  A  Agricultural labourers  Females,Industrial Category  A  Plantation Livestock Forestry Fishing","Main Workers Classified by Age, Industrial Category and Sex for Scheduled Caste, 2011 - India | Main Workers Classified by Age, Industrial Category and Sex for Scheduled Caste, 2011 - Jammu and Kashmir | Main Workers Classified by Age, Industrial Category and Sex for Scheduled Caste, 2011 - Himachal Pradesh"
436,"Industrial Classification of Main Workers and Marginal Workers other than Cultivators and Agricultural Labourers by Sex and by Section, Division and Class for Scheduled Caste","Ministry of Home Affairs, Department of Home, Registrar General and Census Commissioner, India","Industrial Classification of Main Workers and Marginal Workers other than Cultivators and Agricultural Labourers by Sex and by Section, Division and Class, Census 2011 - India and States",32,"Table Name,State Code,District Code,India/States,Division,Group,Class,NIC Name,Main Workers  Total   Persons,Main Workers  Total  Males,Main Workers  Total  Females,Main Workers  Rural   Persons,Main Workers  Rural  Males,Main Workers  Rural  Females,Main Workers  Urban   Persons,Main Workers  Urban  Males,Main Workers  Urban  Females,Marginal Workers  Total   Persons,Marginal Workers  Total  Males,Marginal Workers  Total  Females,Marginal Workers  Rural   Persons,Marginal Workers  Rural  Males,","Industrial Classification of Main Workers and Marginal Workers other than Cultivators and Agricultural Labourers by Sex and by Section, Division and Class for Scheduled Caste, 2011 - India | Industrial Classification of Main Workers and Marginal Workers other than Cultivators and Agricultural Labourers by Sex and by Section, Division and Class for Scheduled Caste, 2011 - Jammu and Kashmir | Industrial Classification of Main Workers and Marginal Workers other than Cultivators and Agricultural Labourers by Sex and by Section, Division and Class for Scheduled Caste, 2011 - Himachal Pradesh"
5,District wise Number of Indigenous Cattle by breed," Ministry of Fisheries, Animal Husbandry and Dairying,Department of Animal Husbandry and Dairying",Cattle by breed (18th livestock census),32,"District Name,Indigenous breed  Alambadi,Indigenous breed  Amritmahal,Indigenous breed  Bachaur,Indigenous breed  Bargur,Indigenous breed  Bengali,Indigenous breed  Binjharpuri,Indigenous breed  Dangi,Indigenous breed  Deoni,Indigenous breed  Gangatiri,Indigenous breed  Gaolao,Indigenous breed  Ghumsuri,Indigenous breed  Gir,Indigenous breed  Hallikar,Indigenous breed  Hariana,Indigenous breed  Jellicut,Indigenous breed  Kangayam,Indigenous breed  Kankrej,Indigenous breed  Kenkatha,Indigenous br","District wise Number of Indigenous Cattle by breed, 2007 - Andhra Pradesh | District wise Number of Indigenous Cattle by breed, 2007 - Arunachal Pradesh | District wise Number of Indigenous Cattle by breed, 2007 - Assam"
32,District wise Number of Poultry Farms and Poultry Birds in Farms," Ministry of Fisheries, Animal Husbandry and Dairying,Department of Animal Husbandry and Dairying",Details of Poultry Farms and Poultry Birds in Farms,32,"Districts,Rural/ Urban/ Total,Type of Poultry farmsLayer Farms, Type of Poultry farmsBroiler farms, Type of Poultry farmsDuck and other Poultry , Type of Poultry farmsTotal, Number of Poultry Birds in farmsLayer,Number of Poultry Birds in farmsBroiler,Number of Poultry Birds in farmsDucks, Number of Poultry Birds in farmsOthers, Total","District wise Number of Poultry Farms and Poultry Birds in Farms, 2007  - Andhra Pradesh | District wise Number of Poultry Farms and Poultry Birds in Farms, 2007  - Arunachal Pradesh | District wise Number of Poultry Farms and Poultry Birds in Farms, 2007  - Assam"
8,District wise Details of Backyard Poultry," Ministry of Fisheries, Animal Husbandry and Dairying,Department of Animal Husbandry and Dairying",Details of Backyard Poultry (18th livestock census),32,"District Name,Rural / Urban / Total,Fowls  Cocks  Improved,Fowls  Cocks  Desi,Fowls  Cocks  Total,Fowls  Hens  Improved,Fowls  Hens  Desi,Fowls  Hens  Total,Fowls  Chickens below 5 months  For Eggs  Improved,Fowls  Chickens below 5 months  For Eggs  Desi,Fowls  Chickens below 5 months  For Eggs  Total,Fowls  Chickens below 5 months  For Meat  Improved,Fowls  Chickens below 5 months  For Meat  Desi,Fowls  Chickens below 5 months  For Meat  Total,Fowls  Total Fowls,Ducks  Drakes  Improved,Ducks  D","District wise Details of Backyard Poultry, 2007 - Andhra Pradesh | District wise Details of Backyard Poultry, 2007 - Arunachal Pradesh | District wise Details of Backyard Poultry, 2007 - Assam"
418,Female headed households by type of structure of the census houses occupied for Scheduled Castes,"Ministry of Home Affairs, Department of Home, Registrar General and Census Commissioner, India",Female headed households by type of structure of the census houses occupied,32,"Table Name,State Code,District Code,Area Name,Total/ Rural/ Urban,Total number of households,Type of Census Houses  Permanent,Type of Census Houses  Semipermanent,Type of Census Houses  Temporary  Total,Type of Census Houses  Temporary  Serviceable,Type of Census Houses  Temporary  NonServiceable,Unclassifiable","Female headed households by type of structure of the census houses occupied for Scheduled Castes, 2011 - INDIA | Female headed households by type of structure of the census houses occupied for Scheduled Castes, 2011 - JAMMU & KASHMIR | Female headed households by type of structure of the census houses occupied for Scheduled Castes, 2011 - HIMACHAL PRADESH"
415,Female headed households by predominant materials of roof and wall of census houses occupied by them for Scheduled Castes,"Ministry of Home Affairs, Department of Home, Registrar General and Census Commissioner, India",Female headed households by predominant materials of roof and wall of census houses occupied by them,32,"Table Name,State Code,District Code,Area Name,Total/Rural/Urban,Material of wall,Material of Roof  Total Number of female headed households,Material of Roof  Grass/thatch/ bamboo/ wood/mud etc.,Material of Roof  Plastic/ Polythene,Material of Roof  Hand made tiles,Material of Roof  Machine made tiles,Material of Roof  Burnt brick,Material of Roof  Stone/ Slate,Material of Roof  G.I./metal/asbestos sheets,Material of Roof  Concrete,Material of Roof  Any other","Female headed households by predominant materials of roof and wall of census houses occupied by them for Scheduled Castes, 2011 - INDIA | Female headed households by predominant materials of roof and wall of census houses occupied by them for Scheduled Castes, 2011 - JAMMU & KASHMIR | Female headed households by predominant materials of roof and wall of census houses occupied by them for Scheduled Castes, 2011 - HIMACHAL PRADESH"
412,Female headed households by predominant material of floor of census houses occupied by them for Scheduled Castes,"Ministry of Home Affairs, Department of Home, Registrar General and Census Commissioner, India",Female headed households by predominant material of floor of census houses occupied by them,32,"Table Name,State Code,District Code,Area Name,Total/Rural/Urban,Total number of households,Material of Floor  Mud,Material of Floor  Wood/ Bamboo,Material of Floor  Burnt Brick,Material of Floor  Stone,Material of Floor  Cement,Material of Floor  Mosaic/ Floor tiles,Material of Floor  Any other material","Female headed households by predominant material of floor of census houses occupied by them for Scheduled Castes, 2011 - INDIA | Female headed households by predominant material of floor of census houses occupied by them for Scheduled Castes, 2011 - JAMMU & KASHMIR | Female headed households by predominant material of floor of census houses occupied by them for Scheduled Castes, 2011 - HIMACHAL PRADESH"
409,"Female headed households by ownership status of the census houses, size of the household and number of dwelling rooms for Scheduled Castes","Ministry of Home Affairs, Department of Home, Registrar General and Census Commissioner, India","Female headed households by ownership status of the census houses, size of the household and number of dwelling rooms",32,"Table Name,State Code,District Code,Area Name,Total/ Rural/ Urban,Ownership status,Household size,Total number of female headed households,Households having number of dwelling rooms  No exclusive room,Households having number of dwelling rooms  One room,Households having number of dwelling rooms  Two rooms,Households having number of dwelling rooms  Three rooms,Households having number of dwelling rooms  Four rooms,Households having number of dwelling rooms  Five rooms,Households having number o","Female headed households by ownership status of the census houses, size of the household and number of dwelling rooms for Scheduled Castes, 2011 - INDIA | Female headed households by ownership status of the census houses, size of the household and number of dwelling rooms for Scheduled Castes, 2011 - JAMMU & KASHMIR | Female headed households by ownership status of the census houses, size of the household and number of dwelling rooms for Scheduled Castes, 2011 - HIMACHAL PRADESH"
406,Female headed households by availability of type of latrine facilityfor Scheduled Castes,"Ministry of Home Affairs, Department of Home, Registrar General and Census Commissioner, India",Female headed households by availability of type of latrine facility,32,"Table Name,State Code,District Code,Area Name,Total/ Rural/ Urban,Total number of female headed  households,Number of households having latrine facility within the premises,Type of latrine facility within the premises  Flush/pour flush latrine connected to  Piped sewer system,Type of latrine facility within the premises  Flush/pour flush latrine connected to  Septic tank,Type of latrine facility within the premises  Flush/pour flush latrine connected to  Other system,Type of latrine facility wit","Female headed households by availability of type of latrine facilityfor Scheduled Castes, 2011 - INDIA | Female headed households by availability of type of latrine facilityfor Scheduled Castes, 2011 - JAMMU & KASHMIR | Female headed households by availability of type of latrine facilityfor Scheduled Castes, 2011 - HIMACHAL PRADESH"
403,Female headed households by availability of separate kitchen and type of fuel used for cooking for Scheduled Castes,"Ministry of Home Affairs, Department of Home, Registrar General and Census Commissioner, India",Female headed households by availability of separate kitchen and type of fuel used for cooking,32,"Table Name,State Code,District Code,Area Name,Total/ Rural/ Urban,Availability of separate kitchen ,Total number of households,Type of Fuel used for Cooking  Firewood,Type of Fuel used for Cooking  Crop residue,Type of Fuel used for Cooking  Cowdung cake,Type of Fuel used for Cooking  CoalLigniteCharcoal,Type of Fuel used for Cooking  Kerosene,Type of Fuel used for Cooking  LPG/PNG,Type of Fuel used for Cooking  Electricity,Type of Fuel used for Cooking  Biogas,Type of Fuel used for Cooking  Any","Female headed households by availability of separate kitchen and type of fuel used for cooking for Scheduled Castes, 2011 - INDIA | Female headed households by availability of separate kitchen and type of fuel used for cooking for Scheduled Castes, 2011 - JAMMU & KASHMIR | Female headed households by availability of separate kitchen and type of fuel used for cooking for Scheduled Castes, 2011 - HIMACHAL PRADESH"
7,Details poultry birds in farms / hatcheries in rural and urban combined," Ministry of Fisheries, Animal Husbandry and Dairying,Department of Animal Husbandry and Dairying",Details Poultry Birds in Farms / Hatcheries in Rural and Urban combined (Livestock Census),32,"SNo.,District,Number of Poultry Birds in Farms / Hatcheries  Layer,Number of Poultry Birds in Farms / Hatcheries  Broiler,Number of Poultry Birds in Farms / Hatcheries  Duck,Number of Poultry Birds in Farms / Hatcheries  Others",Details poultry birds in farms / hatcheries in rural and urban combined for Andhra Pradesh - 2012 | Details poultry birds in farms / hatcheries in rural and urban combined for Arunachal Pradesh - 2012 | Details poultry birds in farms / hatcheries in rural and urban combined for Assam - 2012
400,Female headed households by availability of bathing facility and type of drainage connectivity for waste water outlet for Scheduled Castes,"Ministry of Home Affairs, Department of Home, Registrar General and Census Commissioner, India",Female headed households by availability of bathing facility and type of drainage connectivity for waste water outlet,32,"Table Name,State Code,District Code,Area Name,Total/ Rural/ Urban,Total Number of female headed households,Number of households having bathing facility within the premises  Yes  Bathroom,Number of households having bathing facility within the premises  Yes  Enclosure without roof,Number of households having bathing facility within the premises  No,Waste water outlet connected to  Closed drainage,Waste water outlet connected to  Open drainage,Waste water outlet connected to  No drainage","Female headed households by availability of bathing facility and type of drainage connectivity for waste water outlet for Scheduled Castes, 2011 - INDIA | Female headed households by availability of bathing facility and type of drainage connectivity for waste water outlet for Scheduled Castes, 2011 - JAMMU & KASHMIR | Female headed households by availability of bathing facility and type of drainage connectivity for waste water outlet for Scheduled Castes, 2011 - HIMACHAL PRADESH"
981,Category-wise Number of Newly Registered and Total Registered Motor Vehicles,Ministry of Road Transport and Highways,Road Transport Year Book: 2015-16,32,"Type,Category,Type of Vehicles,Newly Registered  201516,Total Registered as on 31st March  2016",Category-wise Number of Newly Registered and Total Registered Motor Vehicles in Andhra Pradesh during 2015-16 | Category-wise Number of Newly Registered and Total Registered Motor Vehicles in Arunachal Pradesh during 2015-16 | Category-wise Number of Newly Registered and Total Registered Motor Vehicles in Assam during 2015-16
397,Female headed households availing banking services and number of households having each of the specified assets for Scheduled Castes,"Ministry of Home Affairs, Department of Home, Registrar General and Census Commissioner, India",Female headed households availing banking services and number of households having each of the specified assets,32,"Table Name 1,State Code 2,District Code 3,Area Name 4,Total/ Rural/ Urban 5,Total number of female headed households 6,Total number of female headed households availing banking services 7,Availability of assets  Radio/Transistor 8,Availability of assets  Television 9,Availability of assets  Computer/Laptop  With Internet 10,Availability of assets  Computer/Laptop  Without Internet 11,Availability of assets  Telephone/Mobile Phone  Landline only 12,Availability of assets  Telephone/Mobile Phone  ","Female headed households availing banking services and number of households having each of the specified assets for Scheduled Castes, 2011 - INDIA | Female headed households availing banking services and number of households having each of the specified assets for Scheduled Castes, 2011 - JAMMU & KASHMIR | Female headed households availing banking services and number of households having each of the specified assets for Scheduled Castes, 2011 - HIMACHAL PRADESH"
392,Ever married and currently married population by age at marriage and duration of marriage for Scheduled Castes,"Ministry of Home Affairs, Department of Home, Registrar General and Census Commissioner, India",Ever married and currently married population by age at marriage and duration of marriage - India and States,32,"Table Name,State Code,District Code,Area Name,Total/ Rural/ Urban,Age at marriage,Number of ever married persons  Males,Number of ever married persons  Females,Duration of marriage of currently married persons  All durations  Males,Duration of marriage of currently married persons  All durations  Females,Duration of marriage of currently married persons  04 yr  Males,Duration of marriage of currently married persons  04 yr  Females,Duration of marriage of currently married persons  59 yr  Males,","Ever married and currently married population by age at marriage and duration of marriage for Scheduled Castes, 2011 - INDIA | Ever married and currently married population by age at marriage and duration of marriage for Scheduled Castes, 2011 - JAMMU & KASHMIR | Ever married and currently married population by age at marriage and duration of marriage for Scheduled Castes, 2011 - HIMACHAL PRADESH"
4,District wise Number of Cattle by breed," Ministry of Fisheries, Animal Husbandry and Dairying,Department of Animal Husbandry and Dairying",Cattle by breed (18th livestock census),32,"Districts,ExoticJersey,ExoticHolstein Friesion,ExoticOther Exotic,Total Exotic Cattle,CrossbredJersey,CrossbredHolstein Friesion,CrossbredOther Crossbred,Total Crossbred Cattle","District wise Number of Cattle by breed, 2007 - Andhra Pradesh | District wise Number of Cattle by breed, 2007 - Arunachal Pradesh | District wise Number of Cattle by breed, 2007 - Assam"
369,Educational Level by Age and Sex for Population Age 7 and Above for SC,"Ministry of Home Affairs, Department of Home, Registrar General and Census Commissioner, India","Educational Level by Age and Sex for Population Age 7 and Above, 2011 - India and States",32,"Table Name,State Code,Distt. Code,Area Name,Total/ Rural/ Urban,Agegroup,Total Persons,Total Males,Total Females,Illiterate  Persons,Illiterate  Males,Illiterate  Females,Literate  Persons,Literate  Males,Literate  Females,Educational level  Literate without educational level  Persons,Educational level  Literate without educational level  Males,Educational level  Literate without educational level  Females,Educational level  Below Primary  Persons,Educational level  Below Primary  Males,Educatio","Educational Level by Age and Sex for Population Age 7 and Above for SC, 2011 - INDIA | Educational Level by Age and Sex for Population Age 7 and Above for SC, 2011 - JAMMU & KASHMIR | Educational Level by Age and Sex for Population Age 7 and Above for SC, 2011 - HIMACHAL PRADESH"
365,Educational Level by Age and Sex for Population Age 7 and Above for Scheduled Caste (Each Caste Separately),"Ministry of Home Affairs, Department of Home, Registrar General and Census Commissioner, India","Educational Level by Age and Sex for Population Age 7 and Above (For Each Caste/Tribe Separately), Census 2001 - India and States",32,"Table Name,State Code,District Code,SC Code,Area Name,Name of the Scheduled Caste,Total/ Rural/ Urban,Total  Persons,Total  Males,Total  Females,Illiterate  Persons,Illiterate  Males,Illiterate  Females,Literate  Persons,Literate  Males,Literate  Females,Educational level  Literate without educational level  Persons,Educational level  Literate without educational level  Males,Educational level  Literate without educational level  Females,Educational level  Below primary  Persons,Educational leve","Educational Level by Age and Sex for Population Age 7 and Above for Scheduled Caste (Each Caste Separately), 2001 - Jammu & Kashmir | Educational Level by Age and Sex for Population Age 7 and Above for Scheduled Caste (Each Caste Separately), 2001 - Himachal Pradesh | Educational Level by Age and Sex for Population Age 7 and Above for Scheduled Caste (Each Caste Separately), 2001 - Punjab"
362,Scheduled Caste Educational Level by Age and Sex for Population Age 7 and Above (Each Caste Separately),"Ministry of Home Affairs, Department of Home, Registrar General and Census Commissioner, India","Educational Level by Age and Sex for Population Age 7 and Above (For Each Caste/Tribe Separately), Census 2001 - India and States",32,"Table Name,State Code,District Code,SC Code,Area Name,SC Name,Total/ Rural/ Urban,AgeGroup,Total  Persons,Total  Males,Total  Females,Illiterate  Persons,Illiterate  Males,Illiterate  Females,Literate  Persons,Literate  Males,Literate  Females,Educational Level  Literate Without Educational Level  Persons,Educational Level  Literate Without Educational Level  Males,Educational Level  Literate Without Educational Level  Females,Educational Level  Below Primary  Persons,Educational Level  Below Pr","Scheduled Caste Educational Level by Age and Sex for Population Age 7 and Above (Each Caste Separately), 2001 - Jammu & Kashmir | Scheduled Caste Educational Level by Age and Sex for Population Age 7 and Above (Each Caste Separately), 2001 - Himachal Pradesh | Scheduled Caste Educational Level by Age and Sex for Population Age 7 and Above (Each Caste Separately), 2001 - Punjab"
360,Education Level Graduate and Above by Sex for Population Age 15 and Above for SC,"Ministry of Home Affairs, Department of Home, Registrar General and Census Commissioner, India",Education Level Graduate and Above by Sex for Population Age 15 and Above - India and States,32,"Table Name,State Code,Distt. Code,Area Name,Total/ Rural/ Urban,Agegroup,Total Population  Persons,Total Population  Males,Total Population  Females,Educational level  Graduate and above  Persons,Educational level  Graduate and above  Males,Educational level  Graduate and above  Females,Educational level  Graduate degree other than technical degree  Persons,Educational level  Graduate degree other than technical degree  Males,Educational level  Graduate degree other than technical degree  Female","Education Level Graduate and Above by Sex for Population Age 15 and Above for SC, 2011 - INDIA | Education Level Graduate and Above by Sex for Population Age 15 and Above for SC, 2011 - JAMMU & KASHMIR | Education Level Graduate and Above by Sex for Population Age 15 and Above for SC, 2011 - HIMACHAL PRADESH"
354,Distribution of Households by the Condition of Census Houses Occupied by them for Scheduled Caste,"Ministry of Home Affairs, Department of Home, Registrar General and Census Commissioner, India","Distribution of Households by the Condition of Census Houses Occupied by them, Census 2001 - India and States",32,"Table Name,State Code,Distt. Code,Tehsil Code,Area Name,Total/ Rural/ Urban,Condition of Census Houses  Total  Total,Condition of Census Houses  Total  Good,Condition of Census Houses  Total  Livable,Condition of Census Houses  Total  Dilapidated,Condition of Census Houses  Residence  Total,Condition of Census Houses  Residence  Good,Condition of Census Houses  Residence  Livable,Condition of Census Houses  Residence  Dilapidated,Condition of Census Houses  ResidenceCumOther Use  Total,Condition","Distribution of Households by the Condition of Census Houses Occupied by them for Scheduled Caste, 2001 - Jammu & Kashmir | Distribution of Households by the Condition of Census Houses Occupied by them for Scheduled Caste, 2001 - Himachal Pradesh | Distribution of Households by the Condition of Census Houses Occupied by them for Scheduled Caste, 2001 - Punjab"
350,Distribution of Households by Type of Census Houses Occupied for Scheduled Caste,"Ministry of Home Affairs, Department of Home, Registrar General and Census Commissioner, India","Distribution of Households by Type of Census Houses Occupied, Census 2001 - India and States",32,"Table Name,State Code,Distt. Code,Tehsil Code,Area Name,Total/ Rural/ Urban,Total Number of Households,Type of Census Houses  Permanent,Type of Census Houses  SemiPermanent,Type of Census Houses  Temporary  Total,Type of Census Houses  Temporary  Serviceable,Type of Census Houses  Temporary  NonServiceable,Type of Census Houses  Unclassifiable","Distribution of Households by Type of Census Houses Occupied for Scheduled Caste, 2001 - Jammu & Kashmir | Distribution of Households by Type of Census Houses Occupied for Scheduled Caste, 2001 - Himachal Pradesh | Distribution of Households by Type of Census Houses Occupied for Scheduled Caste, 2001 - Punjab"
348,Distribution of Households Living in Census Houses by Predominant Material of Wall for Scheduled Caste,"Ministry of Home Affairs, Department of Home, Registrar General and Census Commissioner, India","Distribution of Households Living in Census Houses by Predominant Material of Wall, Census 2001 - India and States",32,"Table Name,State Code,Distt. Code,Tehsil Code,Area Name,Total/ Rural/ Urban,Total Number of Households,Material of Wall  Grass Thatch Bamboo Etc.,Material of Wall  Plastic Polythene,Material of Wall  Mud Unburnt Brick,Material of Wall  Wood,Material of Wall  G.I. Metal Asbestos Sheets,Material of Wall  Burnt Brick,Material of Wall  Stone,Material of Wall  Concrete,Material of Wall  Any Other Material","Distribution of Households Living in Census Houses by Predominant Material of Wall for Scheduled Caste, 2001 - Jammu & Kashmir | Distribution of Households Living in Census Houses by Predominant Material of Wall for Scheduled Caste, 2001 - Himachal Pradesh | Distribution of Households Living in Census Houses by Predominant Material of Wall for Scheduled Caste, 2001 - Punjab"
421,Female headed households classified by source and location of drinking water and availability of electricity and latrine for Scheduled Castes,"Ministry of Home Affairs, Department of Home, Registrar General and Census Commissioner, India",Female headed households classified by source and location of drinking water and availability of electricity and latrine,32,"Table Name,State Code,District Code,Area Name,Total/ Rural/ Urban,Main source of drinking water,Availability of drinking water,Total number of female headed households,Electricity  Available  Latrine available,Electricity  Available  Latrine not available,Electricity  Not available  Latrine available,Electricity  Not available  Latrine not available","Female headed households classified by source and location of drinking water and availability of electricity and latrine for Scheduled Castes, 2011 - INDIA | Female headed households classified by source and location of drinking water and availability of electricity and latrine for Scheduled Castes, 2011 - JAMMU & KASHMIR | Female headed households classified by source and location of drinking water and availability of electricity and latrine for Scheduled Castes, 2011 - HIMACHAL PRADESH"
530,"Marginal Workers Classified by Industrial Category, Educational Level and Sex for Scheduled Tribes","Ministry of Home Affairs, Department of Home, Registrar General and Census Commissioner, India","Marginal Workers Classified by Industrial Category, Educational Level and Sex (For Each Caste/Tribe Separately), Census 2011 - India and States",31,"Table Code,State Code,District Code,Area Name,Total/Rural/Urban,Educational Level,Marginal Workers  Persons,Marginal Workers  Males,Marginal Workers  Females,Industrial Category  A  Cultivators  Persons,Industrial Category  A  Cultivators  Males,Industrial Category  A  Cultivators  Females,Industrial Category  A  Agricultural Labourers  Persons,Industrial Category  A  Agricultural Labourers  Males,Industrial Category  A  Agricultural Labourers  Females,Industrial Category  A  PlantationLivestock","Marginal Workers Classified by Industrial Category, Educational Level and Sex for Scheduled Tribes, 2011 - India | Marginal Workers Classified by Industrial Category, Educational Level and Sex for Scheduled Tribes, 2011 - Jammu & Kashmir | Marginal Workers Classified by Industrial Category, Educational Level and Sex for Scheduled Tribes, 2011 - Himachal Pradesh"
504,"Main Workers, Marginal Workers, Non-workers and those Non-workers Seeking/ Available for Work Classified by Age and Sex","Ministry of Home Affairs, Department of Home, Registrar General and Census Commissioner, India","Main Workers, Marginal Workers, Non-workers and those Non-workers Seeking/ Available for Work Classified by Age and Sex, Census 1991 - India and States",31,"India/State/UT/CITY/U.A. Name,Total/Rural/Urban/CITY/U.A.,Age group,Total Population  Persons,Total Population  Males,Total Population  Females,Main Workers  Persons,Main Workers  Males,Main Workers  Females,Marginal Workers  Persons,Marginal Workers  Males,Marginal Workers  Females,NonWorkers  Total  Persons,NonWorkers  Total  Males,NonWorkers  Total  Females,NonWorkers  Seeking/Available for work  Persons,NonWorkers  Seeking/Available for work  Males,NonWorkers  Seeking/Available for work  Fem","Main Workers, Marginal Workers, Non-workers and those Non-workers Seeking/ Available for Work Classified by Age and Sex, 1991 - Andhra Pradesh | Main Workers, Marginal Workers, Non-workers and those Non-workers Seeking/ Available for Work Classified by Age and Sex, 1991 - Arunachal Pradesh | Main Workers, Marginal Workers, Non-workers and those Non-workers Seeking/ Available for Work Classified by Age and Sex, 1991 - Assam"
459,"Main Workers Classified by Age, Industrial Category and Sex for Scheduled Tribes","Ministry of Home Affairs, Department of Home, Registrar General and Census Commissioner, India","Main Workers Classified by Age, Industrial Category and Sex, Census 2001 - India and States",31,"Table Name,State Code,District Code,Tehsil Code,Area Name,Total/ Rural/ Urban,Age Group,Main workers  Persons,Main workers  Males,Main workers  Females,Industrial category  A  B  Cultivators  Persons,Industrial category  A  B  Cultivators  Males,Industrial category  A  B  Cultivators  Females,Industrial category  A  B  Agricultural labourers  Persons,Industrial category  A  B  Agricultural labourers  Males,Industrial category  A  B  Agricultural labourers  Females,Industrial category  A  B  Plan","Main Workers Classified by Age, Industrial Category and Sex for Scheduled Tribes, 2001 - India | Main Workers Classified by Age, Industrial Category and Sex for Scheduled Tribes, 2001 - Jammu & Kashmir | Main Workers Classified by Age, Industrial Category and Sex for Scheduled Tribes, 2001 - Himachal Pradesh"
449,"Industrial Classification of Main and Marginal Workers in Non-Household Industry, Trade, Business, Profession or Service by Class of Worker and Sex for Scheduled Tribes","Ministry of Home Affairs, Department of Home, Registrar General and Census Commissioner, India","Industrial Classification of Main and Marginal Workers in Non-Household Industry, Trade, Business, Profession or Service by Class of Worker and Sex, Census 2001 - India and States",31,"Table Name,State/ District,Division,Group,Total/ Rural/ Urban,Total Workers  Main Workers  Persons,Total Workers  Main Workers  Males,Total Workers  Main Workers  Females,Total Workers  Marginal Workers  Persons,Total Workers  Marginal Workers  Males,Total Workers  Marginal Workers  Females,Class of Worker  Employer  Main Workers  Persons,Class of Worker  Employer  Main Workers  Males,Class of Worker  Employer  Main Workers  Females,Class of Worker  Employer  Marginal Workers  Persons,Class of W","Industrial Classification of Main and Marginal Workers in Non-Household Industry, Trade, Business, Profession or Service by Class of Worker and Sex for Scheduled Tribes, 2001 - India | Industrial Classification of Main and Marginal Workers in Non-Household Industry, Trade, Business, Profession or Service by Class of Worker and Sex for Scheduled Tribes, 2001 - Jammu & Kashmir | Industrial Classification of Main and Marginal Workers in Non-Household Industry, Trade, Business, Profession or Service by Class of Worker and Sex for Scheduled Tribes, 2001 - Himachal Pradesh"
446,"Industrial Classification of Main and Marginal Workers in Manufacturing, Processing, Servicing and Repairs on Household Industry Basis by Sex and Class of Worker","Ministry of Home Affairs, Department of Home, Registrar General and Census Commissioner, India","Industrial Classification of Main and Marginal Workers in Manufacturing, Processing, Servicing and Repairs on Household Industry Basis by Sex and Class of Worker, Census 1991 - India and States",31,"India/State/UT/CITY/U.A. Name,Total/Rural/Urban/City/U.A.,Section and Division of N.I.C.,Total Workers  Main Workers  Males,Total Workers  Main Workers  Females,Total Workers  Marginal Workers  Males,Total Workers  Marginal Workers  Females,Employee  Main Workers  Males,Employee  Main Workers  Females,Employee  Marginal Workers  Males,Employee  Marginal Workers  Females,Single Worker  Main Workers  Males,Single Worker  Main Workers  Females,Single Worker  Marginal Workers  Males,Single Worker  M","Industrial Classification of Main and Marginal Workers in Manufacturing, Processing, Servicing and Repairs on Household Industry Basis by Sex and Class of Worker, 1991 - Andhra Pradesh | Industrial Classification of Main and Marginal Workers in Manufacturing, Processing, Servicing and Repairs on Household Industry Basis by Sex and Class of Worker, 1991 - Arunachal Pradesh | Industrial Classification of Main and Marginal Workers in Manufacturing, Processing, Servicing and Repairs on Household Industry Basis by Sex and Class of Worker, 1991 - Assam"
441,"Industrial Classification of Main and Marginal Workers in Manufacturing, Processing, Servicing and Repairs in Household industry by Sex and Class of Worker for Scheduled Tribes","Ministry of Home Affairs, Department of Home, Registrar General and Census Commissioner, India","Industrial Classification of Main and Marginal Workers in Manufacturing, Processing, Servicing and Repairs in Household industry by Sex and Class of Worker, Census 2001 - India and States",31,"Table Name,State/ District,Division,Group,Total/ Rural/ Urban,Total Workers  Main Workers  Persons,Total Workers  Main Workers  Males,Total Workers  Main Workers  Females,Total Workers  Marginal Workers  Persons,Total Workers  Marginal Workers  Males,Total Workers  Marginal Workers  Females,Class of Worker  Employee  Main Workers  Persons,Class of Worker  Employee  Main Workers  Males,Class of Worker  Employee  Main Workers  Females,Class of Worker  Employee  Marginal Workers  Persons,Class of W","Industrial Classification of Main and Marginal Workers in Manufacturing, Processing, Servicing and Repairs in Household industry by Sex and Class of Worker for Scheduled Tribes, 2001 - India | Industrial Classification of Main and Marginal Workers in Manufacturing, Processing, Servicing and Repairs in Household industry by Sex and Class of Worker for Scheduled Tribes, 2001 - Jammu & Kashmir | Industrial Classification of Main and Marginal Workers in Manufacturing, Processing, Servicing and Repairs in Household industry by Sex and Class of Worker for Scheduled Tribes, 2001 - Himachal Pradesh"
437,"Industrial Classification of Main Workers and Marginal Workers other than Cultivators and Agricultural Labourers by Sex and by Section, Division and Class for Scheduled Tribe","Ministry of Home Affairs, Department of Home, Registrar General and Census Commissioner, India","Industrial Classification of Main Workers and Marginal Workers other than Cultivators and Agricultural Labourers by Sex and by Section, Division and Class, Census 2011 - India and States",31,"Table Name,State Code,District Code,India/States,Division,Group,Class,NIC Name,Main Workers  Total   Persons,Main Workers  Total  Males,Main Workers  Total  Females,Main Workers  Rural   Persons,Main Workers  Rural  Males,Main Workers  Rural  Females,Main Workers  Urban   Persons,Main Workers  Urban  Males,Main Workers  Urban  Females,Marginal Workers  Total   Persons,Marginal Workers  Total  Males,Marginal Workers  Total  Females,Marginal Workers  Rural   Persons,Marginal Workers  Rural  Males,","Industrial Classification of Main Workers and Marginal Workers other than Cultivators and Agricultural Labourers by Sex and by Section, Division and Class for Scheduled Tribe, 2011 - India | Industrial Classification of Main Workers and Marginal Workers other than Cultivators and Agricultural Labourers by Sex and by Section, Division and Class for Scheduled Tribe, 2011 - Jammu and Kashmir | Industrial Classification of Main Workers and Marginal Workers other than Cultivators and Agricultural Labourers by Sex and by Section, Division and Class for Scheduled Tribe, 2011 - Himachal Pradesh"
434,"Industrial Classification of Main Workers and Marginal Workers other than Cultivators and Agricultural Labourers by Sex and by Division, Group and Class for Scheduled Tribe","Ministry of Home Affairs, Department of Home, Registrar General and Census Commissioner, India","Industrial Classification of Main Workers and Marginal Workers other than Cultivators and Agricultural Labourers by Sex and by Division, Group and Class, Census 2001 - India and States",31,"Table Name,State/ Distrct,Division Code,Group Code,Class Code,Main Worker  Total  Persons,Main Worker  Total  Males,Main Worker  Total  Females,Main Worker  Rural  Persons,Main Worker  Rural  Males,Main Worker  Rural  Females,Main Worker  Urban  Persons,Main Worker  Urban  Males,Main Worker  Urban  Females,Marginal Worker  Total  Persons,Marginal Worker  Total  Males,Marginal Worker  Total  Females,Marginal Worker  Rural  Persons,Marginal Worker  Rural  Males,Marginal Worker  Rural  Females,Marg","Industrial Classification of Main Workers and Marginal Workers other than Cultivators and Agricultural Labourers by Sex and by Division, Group and Class for Scheduled Tribe, 2001 - India | Industrial Classification of Main Workers and Marginal Workers other than Cultivators and Agricultural Labourers by Sex and by Division, Group and Class for Scheduled Tribe, 2001 - Jammu & Kashmir | Industrial Classification of Main Workers and Marginal Workers other than Cultivators and Agricultural Labourers by Sex and by Division, Group and Class for Scheduled Tribe, 2001 - Himachal Pradesh"
616,Occupational Classification of Marginal Workers Other than Cultivators and Agricultural Labourers by Sex for Scheduled Tribes,"Ministry of Home Affairs, Department of Home, Registrar General and Census Commissioner, India","Occupational Classification of Marginal Workers other than Cultivators and Agricultural Labourers by Sex, Census 2011 - India and States",31,"Table Name,State Code,District Code,State/District,Division,SubDivision,Group,Family,NCO Name,Total  Persons,Total  Males,Total  Females,Rural  Persons,Rural  Males,Rural  Females,Urban  Persons,Urban  Males,Urban  Females","Occupational Classification of Marginal Workers Other than Cultivators and Agricultural Labourers by Sex for Scheduled Tribes, 2011 - India | Occupational Classification of Marginal Workers Other than Cultivators and Agricultural Labourers by Sex for Scheduled Tribes, 2011 - Jammu & Kashmir | Occupational Classification of Marginal Workers Other than Cultivators and Agricultural Labourers by Sex for Scheduled Tribes, 2011 - Himachal Pradesh"
467,"Main Workers Classified by Industrial Category, Age and Sex for Scheduled Tribes","Ministry of Home Affairs, Department of Home, Registrar General and Census Commissioner, India","Main Workers Classified by Industrial Category, Age and Sex (For Each Caste/Tribe Separately), Census 2011 - India and States",31,"Table Code,State Code,District Code,Area Name,Total/Rural/Urban,Age Group,Main Workers  Persons,Main Workers  Males,Main Workers  Females,Industrial Category  A  Cultivators  Persons,Industrial Category  A  Cultivators  Males,Industrial Category  A  Cultivators  Females,Industrial Category  A  Agricultural Labourers  Persons,Industrial Category  A  Agricultural Labourers  Males,Industrial Category  A  Agricultural Labourers  Females,Industrial Category  A  PlantationLivestockForestry Fishing Hun","Main Workers Classified by Industrial Category, Age and Sex for Scheduled Tribes, 2011 - India | Main Workers Classified by Industrial Category, Age and Sex for Scheduled Tribes, 2011 - Jammu & Kashmir | Main Workers Classified by Industrial Category, Age and Sex for Scheduled Tribes, 2011 - Himachal Pradesh"
650,Population by Religious Community for Scheduled Caste (Each Caste Separately),"Ministry of Home Affairs, Department of Home, Registrar General and Census Commissioner, India",Population by religious community - India and States,31,"Table name,State Code,State Name,SC Code,SC Name,Religion Name,Total  Person,Total  Male,Total  Female,Rural  Person,Rural  Male,Rural  Female,Urban  Person,Urban  Male,Urban  Female","Population by Religious Community for Scheduled Caste (Each Caste Separately), 2011 - Jammu & Kashmir | Population by Religious Community for Scheduled Caste (Each Caste Separately), 2011 - Himachal Pradesh | Population by Religious Community for Scheduled Caste (Each Caste Separately), 2011 - Punjab"
612,Occupational Classification of Main Workers Other than Cultivators and Agricultural Labourers by Sex for Scheduled Tribes,"Ministry of Home Affairs, Department of Home, Registrar General and Census Commissioner, India","Occupational Classification of Main Workers other than Cultivators and Agricultural Labourers by Sex, Census 2011 - India and States",31,"Table Name,State Code,District Code,State/District,Division,SubDivision,Group,Family,NCO Name,Total  Persons,Total  Males,Total  Females,Rural  Persons,Rural  Males,Rural  Females,Urban  Persons,Urban  Males,Urban  Females","Occupational Classification of Main Workers Other than Cultivators and Agricultural Labourers by Sex for Scheduled Tribes, 2011 - India | Occupational Classification of Main Workers Other than Cultivators and Agricultural Labourers by Sex for Scheduled Tribes, 2011 - Jammu & Kashmir | Occupational Classification of Main Workers Other than Cultivators and Agricultural Labourers by Sex for Scheduled Tribes, 2011 - Himachal Pradesh"
571,"Non-Workers by Main Activity, Age and Sex for Scheduled Tribes","Ministry of Home Affairs, Department of Home, Registrar General and Census Commissioner, India","Non-Workers by Main Activity, Age and Sex, Census 2001 - India and States",31,"Table Name,State Code,Distt Code,Name,Total/ Rural/ Urban,Age Group,Total  Persons,Total  Males,Total  Females,Main activity  Students  Persons,Main activity  Students  Males,Main activity  Students  Females,Main activity  Household duties  Persons,Main activity  Household duties  Males,Main activity  Household duties  Females,Main activity  Dependents  Persons,Main activity  Dependents  Males,Main activity  Dependents  Females,Main activity  Pensioners  Persons,Main activity  Pensioners  Males,","Non-Workers by Main Activity, Age and Sex for Scheduled Tribes, 2001 - India | Non-Workers by Main Activity, Age and Sex for Scheduled Tribes, 2001 - Jammu & Kashmir | Non-Workers by Main Activity, Age and Sex for Scheduled Tribes, 2001 - Himachal Pradesh"
544,"Marginal Workers by Main Activity, Age and Sex for Scheduled Tribes","Ministry of Home Affairs, Department of Home, Registrar General and Census Commissioner, India","Marginal Workers by Main Activity, Age and Sex, Census 2001 - India and States",31,"Table Name,State Code,Distt Code,Name,Total/ Rural/ Urban,Age Group,Total Marginal workers  Persons,Total Marginal workers  Males,Total Marginal workers  Females,Main activity  Students  Persons,Main activity  Students  Males,Main activity  Students  Females,Main activity  Household duties  Persons,Main activity  Household duties  Males,Main activity  Household duties  Females,Main activity  Dependents  Person,Main activity  Dependents  Males,Main activity  Dependents  Females,Main activity  Pen","Marginal Workers by Main Activity, Age and Sex for Scheduled Tribes, 2001 - India | Marginal Workers by Main Activity, Age and Sex for Scheduled Tribes, 2001 - Jammu & Kashmir | Marginal Workers by Main Activity, Age and Sex for Scheduled Tribes, 2001 - Himachal Pradesh"
822,State-wise Data of First Census of Water Bodies,Ministry of Jal Shakti,First Census of Water Bodies Data,31,"rural_or_urban,State Name,District Name,Block/Tehsil Name,Village Name,town_municipalty_name,ward_name,si_no_of_water_body_within_village_town,unique_id,water_body_name,basin_name,sub_basin_name,ref_water_body_type_id_name,nature_of_storage,khasra_number,latitude_dec,longitude_dec,water_body_loc_name,water_body_ownership_name,ref_water_body_in_use_id_name,ref_reason_water_body_in_use_id1_name,cca_water_body,ipc_water_body,scheme_status_reason_name,water_body_nature_name,manmade_water_body_type_n",State-wise Data of First Census of Water Bodies - Haryana | State-wise Data of First Census of Water Bodies - Chandigarh | State-wise Data of First Census of Water Bodies - Delhi
658,Primary Census Abstract for Scheduled Castes,"Ministry of Home Affairs, Department of Home, Registrar General and Census Commissioner, India",Primary Census Abstract 2011 - India and States,31,"Table Name,State Code,District Code,Area Name,SC Code,SC Name,Total/ Rural/ Urban,Number of households with at least one SC member ,Total Populationincluding institutional and houseless population  Persons,Total Populationincluding institutional and houseless population  Males,Total Populationincluding institutional and houseless population  Females,Population in the agegroup 06  Persons,Population in the agegroup 06  Males,Population in the agegroup 06  Females,Literate  Persons,Literate  Males","Primary Census Abstract for Scheduled Castes, 2011 - JAMMU & KASHMIR | Primary Census Abstract for Scheduled Castes, 2011 - HIMACHAL PRADESH | Primary Census Abstract for Scheduled Castes, 2011 - PUNJAB"
475,"Main Workers Classified by Industrial Category, Educational Level and Sex for Scheduled Tribes","Ministry of Home Affairs, Department of Home, Registrar General and Census Commissioner, India","Main Workers Classified by Industrial Category, Educational Level and Sex (For Each Caste/Tribe Separately), Census 2011 - India and States",31,"Table Code,State Code,District Code,Area Name,Total/Rural/Urban,Educational Level,Main Workers  Persons,Main Workers  Males,Main Workers  Females,Industrial Category  A  Cultivators  Persons,Industrial Category  A  Cultivators  Males,Industrial Category  A  Cultivators  Females,Industrial Category  A  Agricultural Labourers  Persons,Industrial Category  A  Agricultural Labourers  Males,Industrial Category  A  Agricultural Labourers  Females,Industrial Category  A  PlantationLivestockForestry Fis","Main Workers Classified by Industrial Category, Educational Level and Sex for Scheduled Tribes, 2011 - India | Main Workers Classified by Industrial Category, Educational Level and Sex for Scheduled Tribes, 2011 - Jammu & Kashmir | Main Workers Classified by Industrial Category, Educational Level and Sex for Scheduled Tribes, 2011 - Himachal Pradesh"
668,State and district-wise Scheduled Castes population for each caste seperately,"Ministry of Home Affairs, Department of Home, Registrar General and Census Commissioner, India",State and district-wise Scheduled Caste and Schedule Tribe population for each caste and tribe seperately,31,"Table Name,State Code,District Code,Area Name,SC Code,SC Name,Total/ Rural/ Urban,Total Population  Persons,Total Population  Males,Total Population  Females","State and district-wise Scheduled Castes population for each caste seperately, 2011 - JAMMU & KASHMIR | State and district-wise Scheduled Castes population for each caste seperately, 2011 - HIMACHAL PRADESH | State and district-wise Scheduled Castes population for each caste seperately, 2011 - PUNJAB"
514,"Marginal Workers Classified by Age, Industrial Category and Sex for Scheduled Tribes","Ministry of Home Affairs, Department of Home, Registrar General and Census Commissioner, India","Marginal Workers Classified by Age, Industrial category and Sex, Census 2001 - India and States",31,"Table Name,State Code,District Code,Tehsil Code,Area Name,Total/ Rural/ Urban,Age Group,Marginal workers  Persons,Marginal workers  Males,Marginal workers  Females,Industrial category  A  B  Cultivators  Persons,Industrial category  A  B  Cultivators  Males,Industrial category  A  B  Cultivators  Females,Industrial category  A  B  Agricultural labourers  Persons,Industrial category  A  B  Agricultural labourers  Males,Industrial category  A  B  Agricultural labourers  Females,Industrial category","Marginal Workers Classified by Age, Industrial Category and Sex for Scheduled Tribes, 2001 - India | Marginal Workers Classified by Age, Industrial Category and Sex for Scheduled Tribes, 2001 - Jammu & Kashmir | Marginal Workers Classified by Age, Industrial Category and Sex for Scheduled Tribes, 2001 - Himachal Pradesh"
584,"Number of Women and Currently Married Women by Present Age, Number of Births Last Year by Sex and Birth Order for Scheduled Tribe","Ministry of Home Affairs, Department of Home, Registrar General and Census Commissioner, India","Number of Women and Currently Married Women by Present Age, Number of Births Last Year by Sex and Birth Order, Census 2001 - India and States",31,"Table Name,State Code,District Code,Area Name,Total/ Rural/ Urban,Present Age,Total Women,Total Currently Married Women,Number of Births Last Year  Males,Number of Births Last Year  Females,Order of Last Years Birth  1,Order of Last Years Birth  2,Order of Last Years Birth  3,Order of Last Years Birth  4,Order of Last Years Birth  5,Order of Last Years Birth  6,Order of Last Years Birth  7","Number of Women and Currently Married Women by Present Age, Number of Births Last Year by Sex and Birth Order for Scheduled Tribe, 2001 - India | Number of Women and Currently Married Women by Present Age, Number of Births Last Year by Sex and Birth Order for Scheduled Tribe, 2001 - Jammu & Kashmir | Number of Women and Currently Married Women by Present Age, Number of Births Last Year by Sex and Birth Order for Scheduled Tribe, 2001 - Himachal Pradesh"
629,"Population Attending Educational Institution by Age, Sex and Type of Educational Institution for Scheduled Tribe","Ministry of Home Affairs, Department of Home, Registrar General and Census Commissioner, India","Population Attending Educational Institution by Age, Sex and Type of Educational Institution, Census 2001 - India and States",31,"Table Name,State Code,District Code,Tehsil Code,Area Name,Total/ Rural/ Urban,Agegroup,Total Population  Persons,Total Population  Males,Total Population  Females,Population attending Educational Institutions  Persons,Population attending Educational Institutions  Males,Population attending Educational Institutions  Females,Type of Educational Institution  School  Persons,Type of Educational Institution  School  Males,Type of Educational Institution  School  Females,Type of Educational Instituti","Population Attending Educational Institution by Age, Sex and Type of Educational Institution for Scheduled Tribe, 2001 - India | Population Attending Educational Institution by Age, Sex and Type of Educational Institution for Scheduled Tribe, 2001 - Jammu & Kashmir | Population Attending Educational Institution by Age, Sex and Type of Educational Institution for Scheduled Tribe, 2001 - Himachal Pradesh"
591,"Number of Women and Ever Married Women by Present Age, Number of Surviving Children and Total Surviving Children by Sex for Scheduled Tribe","Ministry of Home Affairs, Department of Home, Registrar General and Census Commissioner, India","Number of Women and Ever Married Women by Present Age, Number of Surviving Children and Total Surviving Children by Sex, Census 2001 - India and States",31,"Table Name,State Code,District Code,Area Name,Total/ Rural/ Urban,Present Age,Total Women,Total Ever Married Women,Number of Surviving Children  0,Number of Surviving Children  1,Number of Surviving Children  2,Number of Surviving Children  3,Number of Surviving Children  4,Number of Surviving Children  5,Total Surviving Children  Persons,Total Surviving Children  Males,Total Surviving Children  Females","Number of Women and Ever Married Women by Present Age, Number of Surviving Children and Total Surviving Children by Sex for Scheduled Tribe, 2001 - India | Number of Women and Ever Married Women by Present Age, Number of Surviving Children and Total Surviving Children by Sex for Scheduled Tribe, 2001 - Jammu & Kashmir | Number of Women and Ever Married Women by Present Age, Number of Surviving Children and Total Surviving Children by Sex for Scheduled Tribe, 2001 - Himachal Pradesh"
482,"Main Workers Classified by Industrial Category, Educational Level and Sex for Scheduled Tribes","Ministry of Home Affairs, Department of Home, Registrar General and Census Commissioner, India","Main Workers Classified by Industrial Category, Educational Level and Sex, Census 2001 - India and States",31,"Table Name,State Code,District Code,Tehsil Code,Area Name,Total/ Rural/ Urban,Educational Level,Main workers  Persons,Main workers  Males,Main workers  Females,Industrial category  A  B  Cultivators  Persons,Industrial category  A  B  Cultivators  Males,Industrial category  A  B  Cultivators  Females,Industrial category  A  B  Agricultural labourers  Persons,Industrial category  A  B  Agricultural labourers  Males,Industrial category  A  B  Agricultural labourers  Females,Industrial category  A ","Main Workers Classified by Industrial Category, Educational Level and Sex for Scheduled Tribes, 2001 - India | Main Workers Classified by Industrial Category, Educational Level and Sex for Scheduled Tribes, 2001 - Jammu & Kashmir | Main Workers Classified by Industrial Category, Educational Level and Sex for Scheduled Tribes, 2001 - Himachal Pradesh"
537,"Marginal Workers and Non-Workers Seeking/Available for Work Classified by Educational Level, Age and Sex for Scheduled Caste (Each Caste Separately)","Ministry of Home Affairs, Department of Home, Registrar General and Census Commissioner, India","Marginal Workers and Non-Workers Seeking/Available for Work Classified by Educational Level, Age and Sex (For Each Caste/Tribe Separately), Census 2011 - India and States",31,"Table Name,State Code,State Name,SC Code,SC Name,Total/ Rural/ Urban,Type of Worker,Educational level,Marginal workers/ Non workers seeking/ available for work  Persons,Marginal workers/ Non workers seeking/ available for work  Males,Marginal workers/ Non workers seeking/ available for work  Females,Agegroup  514  Persons,Agegroup  514  Males,Agegroup  514  Females,Agegroup  1519  Persons,Agegroup  1519  Males,Agegroup  1519  Females,Agegroup  2024  Persons,Agegroup  2024  Males,Agegroup  2024  ","Marginal Workers and Non-Workers Seeking/Available for Work Classified by Educational Level, Age and Sex for Scheduled Caste (Each Caste Separately), 2011 - Jammu & Kashmir | Marginal Workers and Non-Workers Seeking/Available for Work Classified by Educational Level, Age and Sex for Scheduled Caste (Each Caste Separately), 2011 - Himachal Pradesh | Marginal Workers and Non-Workers Seeking/Available for Work Classified by Educational Level, Age and Sex for Scheduled Caste (Each Caste Separately), 2011 - Punjab"
462,"Main Workers Classified by Age, Industrial Category and Sex for Scheduled Tribe","Ministry of Home Affairs, Department of Home, Registrar General and Census Commissioner, India","Main Workers Classified by Age, Industrial Category and Sex, Census 2011 - India and States",31,"Table Code,State Code,District Code,Area Name,Total/ Rural/ Urban,Age group,Main Workers  Persons,Main Workers  Males,Main Workers  Females,Industrial Category  A  Cultivators  Persons,Industrial Category  A  Cultivators  Males,Industrial Category  A  Cultivators  Females,Industrial Category  A  Agricultural labourers  Persons,Industrial Category  A  Agricultural labourers  Males,Industrial Category  A  Agricultural labourers  Females,Industrial Category  A  Plantation Livestock Forestry Fishing","Main Workers Classified by Age, Industrial Category and Sex for Scheduled Tribe, 2011 - India | Main Workers Classified by Age, Industrial Category and Sex for Scheduled Tribe, 2011 - Jammu and Kashmir | Main Workers Classified by Age, Industrial Category and Sex for Scheduled Tribe, 2011 - Himachal Pradesh"
597,"Number of Women and Ever Married Women by Present Age, Parity and Total Children Ever Born by Sex for Scheduled Tribe","Ministry of Home Affairs, Department of Home, Registrar General and Census Commissioner, India","Number of Women and Ever Married Women by Present Age, Parity and Total Children Ever Born by Sex, Census 2001 - India and States",31,"Table Name,State Code,District Code,Area Name,Total/ Rural/ Urban,Present Age,Total Women,Total Ever Married Women,Parity  0,Parity  1,Parity  2,Parity  3,Parity  4,Parity  5,Parity  6,Parity  7,Total Children Ever Born  Persons,Total Children Ever Born  Males,Total Children Ever Born  Females","Number of Women and Ever Married Women by Present Age, Parity and Total Children Ever Born by Sex for Scheduled Tribe, 2001 - India | Number of Women and Ever Married Women by Present Age, Parity and Total Children Ever Born by Sex for Scheduled Tribe, 2001 - Jammu & Kashmir | Number of Women and Ever Married Women by Present Age, Parity and Total Children Ever Born by Sex for Scheduled Tribe, 2001 - Himachal Pradesh"
342,Distribution of Households Living in Census Houses by Predominant Material of Floor for Scheduled Caste,"Ministry of Home Affairs, Department of Home, Registrar General and Census Commissioner, India","Distribution of Households Living in Census Houses by Predominant Material of Floor, Census 2001 - India and States",31,"Table Name,State Code,Distt. Code,Tehsil Code,Area Name,Total/ Rural/ Urban,Total Number of Households,Material of Floor  Mud,Material of Floor  Wood Bamboo,Material of Floor  Brick,Material of Floor  Stone,Material of Floor  Cement,Material of Floor  Mosaic Floor Tiles,Material of Floor  Any Other Material","Distribution of Households Living in Census Houses by Predominant Material of Floor for Scheduled Caste, 2001 - Jammu & Kashmir | Distribution of Households Living in Census Houses by Predominant Material of Floor for Scheduled Caste, 2001 - Himachal Pradesh | Distribution of Households Living in Census Houses by Predominant Material of Floor for Scheduled Caste, 2001 - Punjab"
510,"Marginal Workers Classified by Age, Industrial Category and Sex for Scheduled Tribe","Ministry of Home Affairs, Department of Home, Registrar General and Census Commissioner, India","Marginal Workers Classified by Age, Industrial Category and Sex, Census 2011 - India and States",31,"Table Code,State Code,District Code,Area Name,Total/ Rural/ Urban,Age group,Worked for 3 months or more but less than 6 months   Persons,Worked for 3 months or more but less than 6 months  Males,Worked for 3 months or more but less than 6 months  Females,Worked for less than 3 months  Persons,Worked for less than 3 months  Males,Worked for less than 3 months  Females,Industrial Category  A  Cultivators  Persons,Industrial Category  A  Cultivators  Males,Industrial Category  A  Cultivators  Femal","Marginal Workers Classified by Age, Industrial Category and Sex for Scheduled Tribe, 2011 - India | Marginal Workers Classified by Age, Industrial Category and Sex for Scheduled Tribe, 2011 - Jammu and Kashmir | Marginal Workers Classified by Age, Industrial Category and Sex for Scheduled Tribe, 2011 - Himachal Pradesh"
501,"Main Workers, Marginal Workers, Non-Workers and those Marginal Workers, Non-Workers Seeking/ Available for Work Classified by Educational Level and Sex for Scheduled Tribes","Ministry of Home Affairs, Department of Home, Registrar General and Census Commissioner, India","Main Workers, Marginal Workers, Non-Workers and those Marginal Workers, Non-workers Seeking/ Available for Work Classified by Educational Level and Sex, Census 2001 - India and States",31,"Table Name,State Code,District Code,Tehsil Code,Area Name,Total/ Rural/ Urban,Educational level,Population  Persons,Population  Males,Population  Females,Main workers  Persons,Main workers  Males,Main workers  Females,Marginal workers  Total  Persons,Marginal workers  Total  Males,Marginal workers  Total  Females,Marginal workers  Seeking/available for work  Persons,Marginal workers  Seeking/available for work  Males,Marginal workers  Seeking/available for work  Females,Nonworkers  Total  Person","Main Workers, Marginal Workers, Non-Workers and those Marginal Workers, Non-Workers Seeking/ Available for Work Classified by Educational Level and Sex for Scheduled Tribes, 2001 - India | Main Workers, Marginal Workers, Non-Workers and those Marginal Workers, Non-Workers Seeking/ Available for Work Classified by Educational Level and Sex for Scheduled Tribes, 2001 - Jammu & Kashmir | Main Workers, Marginal Workers, Non-Workers and those Marginal Workers, Non-Workers Seeking/ Available for Work Classified by Educational Level and Sex for Scheduled Tribes, 2001 - Himachal Pradesh"
492,"Main Workers, Marginal Workers, Non-Workers and Those Marginal Workers, Non-Workers Seeking/ Available for Work Classified by Educational Level and Sex for Scheduled Tribes","Ministry of Home Affairs, Department of Home, Registrar General and Census Commissioner, India","Main Workers, Marginal Workers, Non-Workers and Those Marginal Workers, Non-Workers Seeking/ Available for Work Classified by Educational Level and Sex, Census 2011 - India and States",31,"Table Name,State Code,Distt. Code,Area Name,Total/ Rural/ Urban,Educational level,Population  Persons,Population  Males,Population  Females,Main workers  Persons,Main workers  Males,Main workers  Females,Marginal workers  Total  Persons,Marginal workers  Total  Males,Marginal workers  Total  Females,Marginal workers  Seeking/available for work  Persons,Marginal workers  Seeking/available for work  Males,Marginal workers  Seeking/available for work  Females,Nonworkers  Total  Persons,Nonworkers  ","Main Workers, Marginal Workers, Non-Workers and Those Marginal Workers, Non-Workers Seeking/ Available for Work Classified by Educational Level and Sex for Scheduled Tribes, 2011 - India | Main Workers, Marginal Workers, Non-Workers and Those Marginal Workers, Non-Workers Seeking/ Available for Work Classified by Educational Level and Sex for Scheduled Tribes, 2011 - JAMMU & KASHMIR | Main Workers, Marginal Workers, Non-Workers and Those Marginal Workers, Non-Workers Seeking/ Available for Work Classified by Educational Level and Sex for Scheduled Tribes, 2011 - HIMACHAL PRADESH"
495,"Main Workers, Marginal Workers, Non-Workers and those Marginal Workers, Non-Workers Seeking/ Available for Work Classified by Age and Sex for Scheduled Tribes","Ministry of Home Affairs, Department of Home, Registrar General and Census Commissioner, India","Main Workers, Marginal Workers, Non-Workers and those Marginal Workers, Non-Workers Seeking/ Available for Work Classified by Age and Sex, Census 2001 - India and States",31,"Table Name,State Code,Distt Code,Name,Total/ Rural/ Urban,Age Group,Population  Persons,Population  Males,Population  Females,Main workers  Persons,Main workers  Males,Main workers  Females,Marginal workers  Total  Persons,Marginal workers  Total  Males,Marginal workers  Total  Females,Marginal workers  Seeking/available for work  Persons,Marginal workers  Seeking/available for work  Males,Marginal workers  Seeking/available for work  Females,NonWorkers  Total  Persons,NonWorkers  Total  Males,N","Main Workers, Marginal Workers, Non-Workers and those Marginal Workers, Non-Workers Seeking/ Available for Work Classified by Age and Sex for Scheduled Tribes, 2001 - India | Main Workers, Marginal Workers, Non-Workers and those Marginal Workers, Non-Workers Seeking/ Available for Work Classified by Age and Sex for Scheduled Tribes, 2001 - Jammu & Kashmir | Main Workers, Marginal Workers, Non-Workers and those Marginal Workers, Non-Workers Seeking/ Available for Work Classified by Age and Sex for Scheduled Tribes, 2001 - Himachal Pradesh"
568,"Non-Workers Seeking/Available for work and those among them who Never worked before classified by Age, Sex and Educational level","Ministry of Home Affairs, Department of Home, Registrar General and Census Commissioner, India","Non-Workers Seeking/Available for work and those among them who Never worked before classified by Age, Sex and Educational level, Census 1991 - India and States",31,"India/State/UT/CITY/U.A. Name,Total/Rural/Urban/City/U.A.,Category of Work,Educational level,Total  Persons,Total  Males,Total  Females,Agegroup  514  Males,Agegroup  514  Females,Agegroup  1519  Males,Agegroup  1519  Females,Agegroup  2024  Males,Agegroup  2024  Females,Agegroup  2529  Males,Agegroup  2529  Females,Agegroup  3034  Males,Agegroup  3034  Females,Agegroup  35  Males,Agegroup  35  Females,Agegroup  Age not Stated  Males,Agegroup  Age not Stated  Females","Non-Workers Seeking/Available for work and those among them who Never worked before classified by Age, Sex and Educational level, 1991 - Andhra Pradesh | Non-Workers Seeking/Available for work and those among them who Never worked before classified by Age, Sex and Educational level, 1991 - Arunachal Pradesh | Non-Workers Seeking/Available for work and those among them who Never worked before classified by Age, Sex and Educational level, 1991 - Assam"
31,Details of pigs by age and sex in rural and urban combined for exotic crossbred and indigenous," Ministry of Fisheries, Animal Husbandry and Dairying,Department of Animal Husbandry and Dairying",Details of Pigs by age and sex in Rural and Urban combined for Exotic Crossbred and Indigenous (Livestock Census),30,"SNo.,District,Pigs  Exotic / Crossbred  Male Under 6 Months,Pigs  Exotic / Crossbred  Male 6 Months  Above,Pigs  Exotic / Crossbred  Male Total,Pigs  Exotic / Crossbred  Female Under 6 Months,Pigs  Exotic / Crossbred  Female 6 Months  Above,Pigs  Exotic / Crossbred  Female Total,Pigs  Exotic / Crossbred  Total,Pigs  Indigenous  Male Under 6 Months,Pigs  Indigenous  Male 6 Months  Above,Pigs  Indigenous  Male Total,Pigs  Indigenous  Female Under 6 Months,Pigs  Indigenous  Female 6 Months  Above,P",Details of pigs by age and sex in rural and urban combined for exotic crossbred and indigenous for Arunachal Pradesh - 2012 | Details of pigs by age and sex in rural and urban combined for exotic crossbred and indigenous for Assam - 2012 | Details of pigs by age and sex in rural and urban combined for exotic crossbred and indigenous for Bihar - 2012
393,Ever married and currently married population by age at marriage and duration of marriage for Scheduled Tribes,"Ministry of Home Affairs, Department of Home, Registrar General and Census Commissioner, India",Ever married and currently married population by age at marriage and duration of marriage - India and States,30,"Table Name,State Code,District Code,Area Name,Total/ Rural/ Urban,Age at marriage,Number of ever married persons  Males,Number of ever married persons  Females,Duration of marriage of currently married persons  All durations  Males,Duration of marriage of currently married persons  All durations  Females,Duration of marriage of currently married persons  04 yr  Males,Duration of marriage of currently married persons  04 yr  Females,Duration of marriage of currently married persons  59 yr  Males,","Ever married and currently married population by age at marriage and duration of marriage for Scheduled Tribes, 2011 - INDIA | Ever married and currently married population by age at marriage and duration of marriage for Scheduled Tribes, 2011 - JAMMU & KASHMIR | Ever married and currently married population by age at marriage and duration of marriage for Scheduled Tribes, 2011 - HIMACHAL PRADESH"
550,Scheduled Tribe Marital Status by Age and Sex (Each Tribe Separately),"Ministry of Home Affairs, Department of Home, Registrar General and Census Commissioner, India","Marital Status by Age and Sex (For Each Caste/Tribe Separately), Census 2001 - India and States",30,"Table Name,State Code,District Code,ST Code,Area Name,ST Name,Total/ Rural/ Urban,AgeGroup,Total  Persons,Total  Males,Total  Females,Marital Status  Never Married  Persons,Marital Status  Never Married  Males,Marital Status  Never Married  Females,Marital Status  Currently Married  Persons,Marital Status  Currently Married  Males,Marital Status  Currently Married  Females,Marital Status  Widowed  Persons,Marital Status  Widowed  Males,Marital Status  Widowed  Females,Marital Status  Divorced/ S","Scheduled Tribe Marital Status by Age and Sex (Each Tribe Separately), 2001 - Jammu & Kashmir | Scheduled Tribe Marital Status by Age and Sex (Each Tribe Separately), 2001 - Himachal Pradesh | Scheduled Tribe Marital Status by Age and Sex (Each Tribe Separately), 2001 - Uttaranchal"
507,"Main Workers, Marginal Workers, Non-Workers and those Marginal Workers, Non-Workers seeking/available for work classified by Age and Sex for Scheduled Tribes","Ministry of Home Affairs, Department of Home, Registrar General and Census Commissioner, India","Main workers, Marginal workers, Non-workers and those marginal workers, non-workers seeking/available for work classified by age and sex, Census 2011 - India and States",30,"Table Name,State Code,District Code,Area Name,Total/Rural/Urban,Age Group,Population  Persons,Population  Males,Population  Females,Main Workers  Persons,Main Workers  Males,Main Workers  Females,Marginal Workers worked for less than 3 months  Total  Persons,Marginal Workers worked for less than 3 months  Total  Males,Marginal Workers worked for less than 3 months  Total  Females,Marginal Workers worked for 3 to 6 months  Total  Persons,Marginal Workers worked for 3 to 6 months  Total  Males,Mar","Main Workers, Marginal Workers, Non-Workers and those Marginal Workers, Non-Workers seeking/available for work classified by Age and Sex for Scheduled Tribes, 2011 - India | Main Workers, Marginal Workers, Non-Workers and those Marginal Workers, Non-Workers seeking/available for work classified by Age and Sex for Scheduled Tribes, 2011 - Jammu & Kashmir | Main Workers, Marginal Workers, Non-Workers and those Marginal Workers, Non-Workers seeking/available for work classified by Age and Sex for Scheduled Tribes, 2011 - Himachal Pradesh"
416,Female headed households by predominant materials of roof and wall of census houses occupied by them for Scheduled Tribes,"Ministry of Home Affairs, Department of Home, Registrar General and Census Commissioner, India",Female headed households by predominant materials of roof and wall of census houses occupied by them,30,"Table Name,State Code,District Code,Area Name,Total/Rural/Urban,Material of wall,Material of Roof  Total Number of female headed households,Material of Roof  Grass/thatch/ bamboo/ wood/mud etc.,Material of Roof  Plastic/ Polythene,Material of Roof  Hand made tiles,Material of Roof  Machine made tiles,Material of Roof  Burnt brick,Material of Roof  Stone/ Slate,Material of Roof  G.I./metal/asbestos sheets,Material of Roof  Concrete,Material of Roof  Any other","Female headed households by predominant materials of roof and wall of census houses occupied by them for Scheduled Tribes, 2011 - INDIA | Female headed households by predominant materials of roof and wall of census houses occupied by them for Scheduled Tribes, 2011 - JAMMU & KASHMIR | Female headed households by predominant materials of roof and wall of census houses occupied by them for Scheduled Tribes, 2011 - HIMACHAL PRADESH"
527,"Scheduled Tribe Marginal Workers Classified by Industrial Category, Educational Level and Sex (Each Tribe Separately)","Ministry of Home Affairs, Department of Home, Registrar General and Census Commissioner, India","Marginal Workers Classified by Industrial Category, Educational Level and Sex (For Each Caste/Tribe Separately), Census 2001 - India and States",30,"Table Name,State Code,ST Code,Area Name,ST Name,Total/ Rural/ Urban,Educational Level,Marginal Workers  Persons,Marginal Workers  Males,Marginal Workers  Females,Cultivators  Persons,Cultivators  Males,Cultivators  Females,Agricultural Labourer  Persons,Agricultural Labourer  Males,Agricultural Labourer  Females,HHI  Persons,HHI  Males,HHI  Females,Other Workers  Persons,Other Workers  Males,Other Workers  Females","Scheduled Tribe Marginal Workers Classified by Industrial Category, Educational Level and Sex (Each Tribe Separately), 2001 - Jammu & Kashmir | Scheduled Tribe Marginal Workers Classified by Industrial Category, Educational Level and Sex (Each Tribe Separately), 2001 - Himachal Pradesh | Scheduled Tribe Marginal Workers Classified by Industrial Category, Educational Level and Sex (Each Tribe Separately), 2001 - Uttaranchal"
654,Population in five year age-group by Residence and Sex for Scheduled Tribes,"Ministry of Home Affairs, Department of Home, Registrar General and Census Commissioner, India",Population in five year age-group by Residence and Sex - India and States,30,"Table,State,Distt.,Area Name,Agegroup,Total Persons,Total Males,Total Females,Rural Persons,Rural Males,Rural Females,Urban Persons,Urban Males,Urban Females","Population in five year age-group by Residence and Sex for Scheduled Tribes, 2011 - INDIA | Population in five year age-group by Residence and Sex for Scheduled Tribes, 2011 - JAMMU & KASHMIR | Population in five year age-group by Residence and Sex for Scheduled Tribes, 2011 - HIMACHAL PRADESH"
343,Distribution of Households Living in Census Houses by Predominant Material of Floor for Scheduled Tribe,"Ministry of Home Affairs, Department of Home, Registrar General and Census Commissioner, India","Distribution of Households Living in Census Houses by Predominant Material of Floor, Census 2001 - India and States",30,"Table Name,State Code,Distt. Code,Tehsil Code,Area Name,Total/ Rural/ Urban,Total Number of Households,Material of Floor  Mud,Material of Floor  Wood Bamboo,Material of Floor  Brick,Material of Floor  Stone,Material of Floor  Cement,Material of Floor  Mosaic Floor Tiles,Material of Floor  Any Other Material","Distribution of Households Living in Census Houses by Predominant Material of Floor for Scheduled Tribe, 2001 - Jammu & Kashmir | Distribution of Households Living in Census Houses by Predominant Material of Floor for Scheduled Tribe, 2001 - Himachal Pradesh | Distribution of Households Living in Census Houses by Predominant Material of Floor for Scheduled Tribe, 2001 - Uttaranchal"
556,Marital Status by Single Year Age and Sex for ST,"Ministry of Home Affairs, Department of Home, Registrar General and Census Commissioner, India",Marital Status by Single Year Age and Sex - India and States,30,"Table Name,State Code,Distt. Code,Area Name,Total/ Rural/ Urban,Agegroup,Total Persons,Total Males,Total Females,Marital Status  Never Married Persons,Marital Status  Never Married Males,Marital Status  Never Married Females,Marital Status  Currently Married Persons,Marital Status  Currently Married Males,Marital Status  Currently Married Females,Marital Status  Widowed Persons,Marital Status  Widowed Males,Marital Status  Widowed Females,Marital Status  Separated Persons,Marital Status  Separat","Marital Status by Single Year Age and Sex for ST, 2011 - INDIA | Marital Status by Single Year Age and Sex for ST, 2011 - JAMMU & KASHMIR | Marital Status by Single Year Age and Sex for ST, 2011 - HIMACHAL PRADESH"
518,"Scheduled Tribe Marginal Workers Classified by Industrial Category, Age and Sex (Each Tribe Separately)","Ministry of Home Affairs, Department of Home, Registrar General and Census Commissioner, India","Marginal Workers Classified by Industrial Category, Age and Sex (For Each Caste/Tribe Separately), Census 2001 - India and States",30,"Table Name,State Code,ST Code,Area Name,ST Name,Total/ Rural/ Urban,AgeGroup,Marginal Workers  Persons,Marginal Workers  Males,Marginal Workers  Females,Cultivators  Persons,Cultivators  Males,Cultivators  Females,Agricultural Labourer  Persons,Agricultural Labourer  Males,Agricultural Labourer  Females,HHI  Persons,HHI  Males,HHI  Females,Other Workers  Persons,Other Workers  Males,Other Workers  Females","Scheduled Tribe Marginal Workers Classified by Industrial Category, Age and Sex (Each Tribe Separately), 2001 - Jammu & Kashmir | Scheduled Tribe Marginal Workers Classified by Industrial Category, Age and Sex (Each Tribe Separately), 2001 - Himachal Pradesh | Scheduled Tribe Marginal Workers Classified by Industrial Category, Age and Sex (Each Tribe Separately), 2001 - Uttaranchal"
346,Distribution of Households Living in Census Houses by Predominant Material of Roof for Scheduled Tribe,"Ministry of Home Affairs, Department of Home, Registrar General and Census Commissioner, India","Distribution of Households Living in Census Houses by Predominant Material of Roof, Census 2001 - India and States",30,"Table Name,State Code,Distt. Code,Tehsil Code,Area Name,Total/ Rural/ Urban,Total Number of Households,Material of Roof  Grass Thatch Bamboo Wood Mud Etc.,Material of Roof  Plastic Polythene,Material of Roof  Tiles,Material of Roof  Slate,Material of Roof  G.I. Metal Asbestos Sheets,Material of Roof  Brick,Material of Roof  Stone,Material of Roof  Concrete,Material of Roof  Any Other Material","Distribution of Households Living in Census Houses by Predominant Material of Roof for Scheduled Tribe, 2001 - Jammu & Kashmir | Distribution of Households Living in Census Houses by Predominant Material of Roof for Scheduled Tribe, 2001 - Himachal Pradesh | Distribution of Households Living in Census Houses by Predominant Material of Roof for Scheduled Tribe, 2001 - Uttaranchal"
559,Marital status by age and sex for Scheduled Tribes,"Ministry of Home Affairs, Department of Home, Registrar General and Census Commissioner, India",Marital status by age and sex - India and States,30,"Table Name,State Code,District Code,Area Name,Total/Rural/Urban,Agegroup,Total Persons,Total Males,Total Females,Marital status  Never married Persons,Marital status  Never married Males,Marital status  Never married Females,Marital status  Currently Married Persons,Marital status  Currently Married Males,Marital status  Currently Married Females,Marital status  Widowed Persons,Marital status  Widowed Males,Marital status  Widowed Females,Marital status  Separated Persons,Marital status  Separat","Marital status by age and sex for Scheduled Tribes, 2011 - INDIA | Marital status by age and sex for Scheduled Tribes, 2011 - JAMMU & KASHMIR | Marital status by age and sex for Scheduled Tribes, 2011 - HIMACHAL PRADESH"
349,Distribution of Households Living in Census Houses by Predominant Material of Wall for Scheduled Tribe,"Ministry of Home Affairs, Department of Home, Registrar General and Census Commissioner, India","Distribution of Households Living in Census Houses by Predominant Material of Wall, Census 2001 - India and States",30,"Table Name,State Code,Distt. Code,Tehsil Code,Area Name,Total/ Rural/ Urban,Total Number of Households,Material of Wall  Grass Thatch Bamboo Etc.,Material of Wall  Plastic Polythene,Material of Wall  Mud Unburnt Brick,Material of Wall  Wood,Material of Wall  G.I. Metal Asbestos Sheets,Material of Wall  Burnt Brick,Material of Wall  Stone,Material of Wall  Concrete,Material of Wall  Any Other Material","Distribution of Households Living in Census Houses by Predominant Material of Wall for Scheduled Tribe, 2001 - Jammu & Kashmir | Distribution of Households Living in Census Houses by Predominant Material of Wall for Scheduled Tribe, 2001 - Himachal Pradesh | Distribution of Households Living in Census Houses by Predominant Material of Wall for Scheduled Tribe, 2001 - Uttaranchal"
351,Distribution of Households by Type of Census Houses Occupied for Scheduled Tribe,"Ministry of Home Affairs, Department of Home, Registrar General and Census Commissioner, India","Distribution of Households by Type of Census Houses Occupied, Census 2001 - India and States",30,"Table Name,State Code,Distt. Code,Tehsil Code,Area Name,Total/ Rural/ Urban,Total Number of Households,Type of Census Houses  Permanent,Type of Census Houses  SemiPermanent,Type of Census Houses  Temporary  Total,Type of Census Houses  Temporary  Serviceable,Type of Census Houses  Temporary  NonServiceable,Type of Census Houses  Unclassifiable","Distribution of Households by Type of Census Houses Occupied for Scheduled Tribe, 2001 - Jammu & Kashmir | Distribution of Households by Type of Census Houses Occupied for Scheduled Tribe, 2001 - Himachal Pradesh | Distribution of Households by Type of Census Houses Occupied for Scheduled Tribe, 2001 - Uttaranchal"
677,"Number of women and currently married women by present age, number of births last year by sex and birth order for Scheduled Tribes","Ministry of Home Affairs, Department of Home, Registrar General and Census Commissioner, India","Women and currently married women by present age, number of births last year by sex and birth order - India And States",30,"Table Name,State Code,District Code,Area Name,Total/ Rural/Urban,Present Age,Total Women,Total Currently Married Women,Number of Births Last Year  Male,Number of Births Last Year  Female,Last Years Births of Order  1,Last Years Births of Order  2,Last Years Births of Order  3,Last Years Births of Order  4,Last Years Births of Order  5,Last Years Births of Order  6,Last Years Births of Order  7","Number of women and currently married women by present age, number of births last year by sex and birth order for Scheduled Tribes, 2011 - INDIA | Number of women and currently married women by present age, number of births last year by sex and birth order for Scheduled Tribes, 2011 - JAMMU & KASHMIR | Number of women and currently married women by present age, number of births last year by sex and birth order for Scheduled Tribes, 2011 - HIMACHAL PRADESH"
464,"Scheduled Tribe Main Workers Classified by Industrial Category, Age and Sex (Each Tribe Separately)","Ministry of Home Affairs, Department of Home, Registrar General and Census Commissioner, India","Main Workers Classified by Industrial Category, Age and Sex (For Each Caste/Tribe Separately), Census 2001 - India and States",30,"Table Name,State Code,ST Code,Area Name,ST Name,Total/ Rural/ Urban,AgeGroup,Main Workers  Persons,Main Workers  Males,Main Workers  Females,Cultivators  Persons,Cultivators  Males,Cultivators  Females,Agricultural Labourers  Persons,Agricultural Labourers  Males,Agricultural Labourers  Females,HHI  Persons,HHI  Males,HHI  Females,Other Workers  Persons,Other Workers  Males,Other Workers  Females","Scheduled Tribe Main Workers Classified by Industrial Category, Age and Sex (Each Tribe Separately), 2001 - Jammu & Kashmir | Scheduled Tribe Main Workers Classified by Industrial Category, Age and Sex (Each Tribe Separately), 2001 - Himachal Pradesh | Scheduled Tribe Main Workers Classified by Industrial Category, Age and Sex (Each Tribe Separately), 2001 - Uttaranchal"
657,Population in single year age by Residence and Sex for Scheduled Tribes,"Ministry of Home Affairs, Department of Home, Registrar General and Census Commissioner, India",Population in single year age by Residence and Sex - India and States,30,"Table,State,Distt.,Area Name,Age,Total Persons,Total Males,Total Females,Rural Persons  ,Rural Males,Rural Females,Urban Persons  ,Urban Males,Urban Females","Population in single year age by Residence and Sex for Scheduled Tribes, 2011 - INDIA | Population in single year age by Residence and Sex for Scheduled Tribes, 2011 - JAMMU & KASHMIR | Population in single year age by Residence and Sex for Scheduled Tribes, 2011 - HIMACHAL PRADESH"
355,Distribution of Households by the Condition of Census Houses Occupied by them for Scheduled Tribe,"Ministry of Home Affairs, Department of Home, Registrar General and Census Commissioner, India","Distribution of Households by the Condition of Census Houses Occupied by them, Census 2001 - India and States",30,"Table Name,State Code,Distt. Code,Tehsil Code,Area Name,Total/ Rural/ Urban,Condition of Census Houses  Total  Total,Condition of Census Houses  Total  Good,Condition of Census Houses  Total  Livable,Condition of Census Houses  Total  Dilapidated,Condition of Census Houses  Residence  Total,Condition of Census Houses  Residence  Good,Condition of Census Houses  Residence  Livable,Condition of Census Houses  Residence  Dilapidated,Condition of Census Houses  ResidenceCumOther Use  Total,Condition","Distribution of Households by the Condition of Census Houses Occupied by them for Scheduled Tribe, 2001 - Jammu & Kashmir | Distribution of Households by the Condition of Census Houses Occupied by them for Scheduled Tribe, 2001 - Himachal Pradesh | Distribution of Households by the Condition of Census Houses Occupied by them for Scheduled Tribe, 2001 - Uttaranchal"
35,Details of sheep by age and sex in rural and urban combined for exotic crossbred and indigenous," Ministry of Fisheries, Animal Husbandry and Dairying,Department of Animal Husbandry and Dairying",Details of Sheep by Age and Sex in Rural and Urban combined for Exotic Crossbred and Indigenous (Livestock Census),30,"SNo.,District,Sheep  Exotic / Crossbred  Male Under 1 year,Sheep  Exotic / Crossbred  Male 1 Year and Above,Sheep  Exotic / Crossbred  Male Total,Sheep  Exotic / Crossbred  Female Under 1 year,Sheep  Exotic / Crossbred  Female 1 Year and Above,Sheep  Exotic / Crossbred  Female Total,Sheep  Exotic / Crossbred  Total,Sheep  Indigenous  Male Under 1 year,Sheep  Indigenous  Male 1 Year and Above,Sheep  Indigenous  Male Total,Sheep  Indigenous  Female Under 1 year,Sheep  Indigenous  Female 1 Year and",Details of sheep by age and sex in rural and urban combined for exotic crossbred and indigenous for Arunachal Pradesh - 2012 | Details of sheep by age and sex in rural and urban combined for exotic crossbred and indigenous for Assam - 2012 | Details of sheep by age and sex in rural and urban combined for exotic crossbred and indigenous for Bihar - 2012
651,Population by Religious Community for Scheduled Tribe (Each Tribe Separately),"Ministry of Home Affairs, Department of Home, Registrar General and Census Commissioner, India",Population by religious community - India and States,30,"Table name,State Code,State Name,ST Code,ST Name,Religion Name,Total  Person,Total  Male,Total  Female,Rural  Person,Rural  Male,Rural  Female,Urban  Person,Urban  Male,Urban  Female","Population by Religious Community for Scheduled Tribe (Each Tribe Separately), 2011 - Jammu & Kashmir | Population by Religious Community for Scheduled Tribe (Each Tribe Separately), 2011 - Himachal Pradesh | Population by Religious Community for Scheduled Tribe (Each Tribe Separately), 2011 - Uttarakhand"
646,Population by Religious Community for Scheduled Tribe (Each Tribe Separately),"Ministry of Home Affairs, Department of Home, Registrar General and Census Commissioner, India","Population by Religious Community (For Each Caste/Tribe Separately), Census 2001 - India and States",30,"Table Name,State Code,District Code,ST Code,Area Name,ST Name,Religion,Total  Persons,Total  Males,Total  Females,Rural  Persons,Rural  Males,Rural  Females,Urban  Persons,Urban  Males,Urban  Females","Population by Religious Community for Scheduled Tribe (Each Tribe Separately), 2001 - Jammu & Kashmir | Population by Religious Community for Scheduled Tribe (Each Tribe Separately), 2001 - Himachal Pradesh | Population by Religious Community for Scheduled Tribe (Each Tribe Separately), 2001 - Uttaranchal"
361,Education Level Graduate and Above by Sex for Population Age 15 and Above for ST,"Ministry of Home Affairs, Department of Home, Registrar General and Census Commissioner, India",Education Level Graduate and Above by Sex for Population Age 15 and Above - India and States,30,"Table Name,State Code,Distt. Code,Area Name,Total/ Rural/ Urban,Agegroup,Total Population  Persons,Total Population  Males,Total Population  Females,Educational level  Graduate and above  Persons,Educational level  Graduate and above  Males,Educational level  Graduate and above  Females,Educational level  Graduate degree other than technical degree  Persons,Educational level  Graduate degree other than technical degree  Males,Educational level  Graduate degree other than technical degree  Female","Education Level Graduate and Above by Sex for Population Age 15 and Above for ST, 2011 - INDIA | Education Level Graduate and Above by Sex for Population Age 15 and Above for ST, 2011 - JAMMU & KASHMIR | Education Level Graduate and Above by Sex for Population Age 15 and Above for ST, 2011 - HIMACHAL PRADESH"
363,Scheduled Tribe Educational Level by Age and Sex for Population Age 7 and Above (Each Tribe Separately),"Ministry of Home Affairs, Department of Home, Registrar General and Census Commissioner, India","Educational Level by Age and Sex for Population Age 7 and Above (For Each Caste/Tribe Separately), Census 2001 - India and States",30,"Table Name,State Code,District Code,ST Code,Area Name,ST Name,Total/ Rural/ Urban,AgeGroup,Total  Persons,Total  Males,Total  Females,Illiterate  Persons,Illiterate  Males,Illiterate  Females,Literate  Persons,Literate  Males,Literate  Females,Educational Level  Literate Without Educational Level  Persons,Educational Level  Literate Without Educational Level  Males,Educational Level  Literate Without Educational Level  Females,Educational Level  Below Primary  Persons,Educational Level  Below Pr","Scheduled Tribe Educational Level by Age and Sex for Population Age 7 and Above (Each Tribe Separately), 2001 - Jammu & Kashmir | Scheduled Tribe Educational Level by Age and Sex for Population Age 7 and Above (Each Tribe Separately), 2001 - Himachal Pradesh | Scheduled Tribe Educational Level by Age and Sex for Population Age 7 and Above (Each Tribe Separately), 2001 - Uttaranchal"
626,Scheduled Tribe Population Age 5-19 Attending School/ College by Economic Activity Status and Sex (Each Tribe Separately),"Ministry of Home Affairs, Department of Home, Registrar General and Census Commissioner, India","Population Age 5-19 Attending School/ College by Economic Activity Status and Sex (For Each Caste/Tribe Separately), Census 2001 - India and States",30,"Table Name,State Code,District Code,ST Code,Area Name,ST Name,Total/ Rural/ Urban,Age Group,Total  Persons,Total  Males,Total  Females,Attending School/ College  Main Workers  Persons,Attending School/ College  Main Workers  Males,Attending School/ College  Main Workers  Females,Attending School/ College  Marginal Workers  Persons,Attending School/ College  Marginal Workers  Males,Attending School/ College  Marginal Workers  Females,Attending School/ College  Nonworkers  Persons,Attending School","Scheduled Tribe Population Age 5-19 Attending School/ College by Economic Activity Status and Sex (Each Tribe Separately), 2001 - Jammu & Kashmir | Scheduled Tribe Population Age 5-19 Attending School/ College by Economic Activity Status and Sex (Each Tribe Separately), 2001 - Himachal Pradesh | Scheduled Tribe Population Age 5-19 Attending School/ College by Economic Activity Status and Sex (Each Tribe Separately), 2001 - Uttaranchal"
367,Educational Level by Age and Sex for Population Age 7 and Above for Scheduled Tribe (Each Tribe Separately),"Ministry of Home Affairs, Department of Home, Registrar General and Census Commissioner, India","Educational Level by Age and Sex for Population Age 7 and Above (For Each Caste/Tribe Separately), Census 2001 - India and States",30,"Table Name,State Code,District Code,ST Code,Area Name,ST Name,Total/ Rural/ Urban,Total  Persons,Total  Males,Total  Females,Illiterate  Persons,Illiterate  Males,Illiterate  Females,Literate  Persons,Literate  Males,Literate  Females,Educational level Literate without educational level  Persons,Educational level  Literate without educational level  Males,Educational level  Literate without educational level  Females,Educational level  Below primary  Persons,Educational level  Below primary  Mal","Educational Level by Age and Sex for Population Age 7 and Above for Scheduled Tribe (Each Tribe Separately), 2001 - Jammu & Kashmir | Educational Level by Age and Sex for Population Age 7 and Above for Scheduled Tribe (Each Tribe Separately), 2001 - Himachal Pradesh | Educational Level by Age and Sex for Population Age 7 and Above for Scheduled Tribe (Each Tribe Separately), 2001 - Uttaranchal"
680,"Number of women and ever married women by present age, number of surviving children and total surviving children by sex for Scheduled Tribes","Ministry of Home Affairs, Department of Home, Registrar General and Census Commissioner, India","Women and ever married women by present age, number of surviving children and total surviving children by sex - India And States",30,"Table Name,State Code,District Code,Area Name,Total/ Rural/Urban,Present Age,Total Women,Total Ever Married Women,Number of Surviving Children  0,Number of Surviving Children  1,Number of Surviving Children  2,Number of Surviving Children  3,Number of Surviving Children  4,Number of Surviving Children  5,Total  Surviving Children  Persons,Total  Surviving Children  Male,Total  Surviving Children  Female","Number of women and ever married women by present age, number of surviving children and total surviving children by sex for Scheduled Tribes, 2011 - INDIA | Number of women and ever married women by present age, number of surviving children and total surviving children by sex for Scheduled Tribes, 2011 - JAMMU & KASHMIR | Number of women and ever married women by present age, number of surviving children and total surviving children by sex for Scheduled Tribes, 2011 - HIMACHAL PRADESH"
594,"Number of Women and Ever Married Women by Present Age, Parity and Total Children Ever Born by Sex for Selected Scheduled Tribes","Ministry of Home Affairs, Department of Home, Registrar General and Census Commissioner, India","Number of Women and Ever Married Women by Present Age, Parity and Total Children Ever Born by Sex, Census 2001 - India and States",30,"Table Name,State Code,District Code,ST Code,Area Name,ST Name,Present Age,Total Women,Total Ever Married Women,Parity  0,Parity  1,Parity  2,Parity  3,Parity  4,Parity  5,Parity  6,Parity  7,Total Children Ever Born  Persons,Total Children Ever Born  Males,Total Children Ever Born  Females","Number of Women and Ever Married Women by Present Age, Parity and Total Children Ever Born by Sex for Selected Scheduled Tribes, 2001 - Jammu & Kashmir | Number of Women and Ever Married Women by Present Age, Parity and Total Children Ever Born by Sex for Selected Scheduled Tribes, 2001 - Himachal Pradesh | Number of Women and Ever Married Women by Present Age, Parity and Total Children Ever Born by Sex for Selected Scheduled Tribes, 2001 - Uttaranchal"
370,Educational Level by Age and Sex for Population Age 7 and Above for ST,"Ministry of Home Affairs, Department of Home, Registrar General and Census Commissioner, India","Educational Level by Age and Sex for Population Age 7 and Above, 2011 - India and States",30,"Table Name,State Code,Distt. Code,Area Name,Total/ Rural/ Urban,Agegroup,Total Persons,Total Males,Total Females,Illiterate  Persons,Illiterate  Males,Illiterate  Females,Literate  Persons,Literate  Males,Literate  Females,Educational level  Literate without educational level  Persons,Educational level  Literate without educational level  Males,Educational level  Literate without educational level  Females,Educational level  Below Primary  Persons,Educational level  Below Primary  Males,Educatio","Educational Level by Age and Sex for Population Age 7 and Above for ST, 2011 - INDIA | Educational Level by Age and Sex for Population Age 7 and Above for ST, 2011 - JAMMU & KASHMIR | Educational Level by Age and Sex for Population Age 7 and Above for ST, 2011 - HIMACHAL PRADESH"
422,Female headed households classified by source and location of drinking water and availability of electricity and latrine for Scheduled Tribes,"Ministry of Home Affairs, Department of Home, Registrar General and Census Commissioner, India",Female headed households classified by source and location of drinking water and availability of electricity and latrine,30,"Table Name,State Code,District Code,Area Name,Total/ Rural/ Urban,Main source of drinking water,Availability of drinking water,Total number of female headed households,Electricity  Available  Latrine available,Electricity  Available  Latrine not available,Electricity  Not available  Latrine available,Electricity  Not available  Latrine not available","Female headed households classified by source and location of drinking water and availability of electricity and latrine for Scheduled Tribes, 2011 - INDIA | Female headed households classified by source and location of drinking water and availability of electricity and latrine for Scheduled Tribes, 2011 - JAMMU & KASHMIR | Female headed households classified by source and location of drinking water and availability of electricity and latrine for Scheduled Tribes, 2011 - HIMACHAL PRADESH"
419,Female headed households by type of structure of the census houses occupied for Scheduled Tribes,"Ministry of Home Affairs, Department of Home, Registrar General and Census Commissioner, India",Female headed households by type of structure of the census houses occupied,30,"Table Name,State Code,District Code,Area Name,Total/ Rural/ Urban,Total number of households,Type of Census Houses  Permanent,Type of Census Houses  Semipermanent,Type of Census Houses  Temporary  Total,Type of Census Houses  Temporary  Serviceable,Type of Census Houses  Temporary  NonServiceable,Unclassifiable","Female headed households by type of structure of the census houses occupied for Scheduled Tribes, 2011 - INDIA | Female headed households by type of structure of the census houses occupied for Scheduled Tribes, 2011 - JAMMU & KASHMIR | Female headed households by type of structure of the census houses occupied for Scheduled Tribes, 2011 - HIMACHAL PRADESH"
472,"Scheduled Tribe Main Workers Classified by Industrial Category, Educational Level and Sex (Each Tribe Separately)","Ministry of Home Affairs, Department of Home, Registrar General and Census Commissioner, India","Main Workers Classified by Industrial Category, Educational Level and Sex (For Each Caste/Tribe Separately), Census 2001 - India and States",30,"Table Name,State Code,ST Code,Area Name,ST Name,Total/ Rural/ Urban,Educational Level,Main Workers  Persons,Main Workers  Males,Main Workers  Females,Cultivators  Persons,Cultivators  Males,Cultivators  Females,Agricultural Labourer  Persons,Agricultural Labourer  Males,Agricultural Labourer  Females,HHI  Persons,HHI  Males,HHI  Females,Other Workers  Persons,Other Workers  Males,Other Workers  Females","Scheduled Tribe Main Workers Classified by Industrial Category, Educational Level and Sex (Each Tribe Separately), 2001 - Jammu & Kashmir | Scheduled Tribe Main Workers Classified by Industrial Category, Educational Level and Sex (Each Tribe Separately), 2001 - Himachal Pradesh | Scheduled Tribe Main Workers Classified by Industrial Category, Educational Level and Sex (Each Tribe Separately), 2001 - Uttaranchal"
413,Female headed households by predominant material of floor of census houses occupied by them for Scheduled Tribes,"Ministry of Home Affairs, Department of Home, Registrar General and Census Commissioner, India",Female headed households by predominant material of floor of census houses occupied by them,30,"Table Name,State Code,District Code,Area Name,Total/Rural/Urban,Total number of households,Material of Floor  Mud,Material of Floor  Wood/ Bamboo,Material of Floor  Burnt Brick,Material of Floor  Stone,Material of Floor  Cement,Material of Floor  Mosaic/ Floor tiles,Material of Floor  Any other material","Female headed households by predominant material of floor of census houses occupied by them for Scheduled Tribes, 2011 - INDIA | Female headed households by predominant material of floor of census houses occupied by them for Scheduled Tribes, 2011 - JAMMU & KASHMIR | Female headed households by predominant material of floor of census houses occupied by them for Scheduled Tribes, 2011 - HIMACHAL PRADESH"
536,"Scheduled Tribe Marginal Workers and Non-Workers Seeking/ Available for Work Classified by Educational Level, Age and Sex (Each Tribe Separately)","Ministry of Home Affairs, Department of Home, Registrar General and Census Commissioner, India","Marginal Workers and Non-Workers Seeking/ Available for Work Classified by Educational Level, Age and Sex (For Each Caste/Tribe Separately), Census 2001 - India and States",30,"Table Name,State Code,District Code,ST Code,Area Name,ST Name,Total/ Rural/ Urban,Type of Worker,Educational Level,Marginal Worker/ Nonworker Seeking/ Available For Work  Persons,Marginal Worker/ Nonworker Seeking/ Available For Work  Males,Marginal Worker/ Nonworker Seeking/ Available For Work  Females,AgeGroup  514  Persons,AgeGroup  514  Males,AgeGroup  514  Females,AgeGroup  1519  Persons,AgeGroup  1519  Males,AgeGroup  1519  Females,AgeGroup  2024  Persons,AgeGroup  2024  Males,AgeGroup  20","Scheduled Tribe Marginal Workers and Non-Workers Seeking/ Available for Work Classified by Educational Level, Age and Sex (Each Tribe Separately), 2001 - Jammu & Kashmir | Scheduled Tribe Marginal Workers and Non-Workers Seeking/ Available for Work Classified by Educational Level, Age and Sex (Each Tribe Separately), 2001 - Himachal Pradesh | Scheduled Tribe Marginal Workers and Non-Workers Seeking/ Available for Work Classified by Educational Level, Age and Sex (Each Tribe Separately), 2001 - Uttaranchal"
683,"Number of women and ever married women by present age, parity and total children ever born by sex for Scheduled Tribes","Ministry of Home Affairs, Department of Home, Registrar General and Census Commissioner, India","Women and ever married women by present age, parity and total children ever born by sex - India And States",30,"Table Name,State Code,District Code,Area Name,Total/ Rural/Urban,Present Age,Total Women,Total Ever Married Women,Total Ever Married Women  Parity  0,Total Ever Married Women  Parity  1,Total Ever Married Women  Parity  2,Total Ever Married Women  Parity  3,Total Ever Married Women  Parity  4,Total Ever Married Women  Parity  5,Total Ever Married Women  Parity  6,Total Ever Married Women  Parity  7,Total Children Ever Born  Persons,Total Children Ever Born  Male,Total Children Ever Born  Female","Number of women and ever married women by present age, parity and total children ever born by sex for Scheduled Tribes, 2011 - INDIA | Number of women and ever married women by present age, parity and total children ever born by sex for Scheduled Tribes, 2011 - JAMMU & KASHMIR | Number of women and ever married women by present age, parity and total children ever born by sex for Scheduled Tribes, 2011 - HIMACHAL PRADESH"
577,Non-workers by main activity by age and sex for Scheduled Tribes,"Ministry of Home Affairs, Department of Home, Registrar General and Census Commissioner, India","Non-workers by main activity by age and sex, Census 2011 - India and States",30,"Table Name 1,State Code 2,District Code3,Area Name4,Total/Rural/Urban5,AgeGroup6,Non Workers  Total Persons7 ,Non Workers  Males8,Non Workers  Females9,Main activity  Students  Total Persons10 ,Main activity  Students  Males11 ,Main activity  Students  Females12 ,Main activity  Household duties  Total Persons13,Main activity  Household duties  Males14,Main activity  Household duties  Females15,Main activity  Dependents  Total Persons 16,Main activity  Dependents  Males17,Main activity  Dependent","Non-workers by main activity by age and sex for Scheduled Tribes, 2011 - INDIA | Non-workers by main activity by age and sex for Scheduled Tribes, 2011 - JAMMU & KASHMIR | Non-workers by main activity by age and sex for Scheduled Tribes, 2011 - HIMACHAL PRADESH"
410,"Female headed households by ownership status of the census houses, size of the household and number of dwelling rooms for Scheduled Tribes","Ministry of Home Affairs, Department of Home, Registrar General and Census Commissioner, India","Female headed households by ownership status of the census houses, size of the household and number of dwelling rooms",30,"Table Name,State Code,District Code,Area Name,Total/ Rural/ Urban,Ownership status,Household size,Total number of female headed households,Households having number of dwelling rooms  No exclusive room,Households having number of dwelling rooms  One room,Households having number of dwelling rooms  Two rooms,Households having number of dwelling rooms  Three rooms,Households having number of dwelling rooms  Four rooms,Households having number of dwelling rooms  Five rooms,Households having number o","Female headed households by ownership status of the census houses, size of the household and number of dwelling rooms for Scheduled Tribes, 2011 - INDIA | Female headed households by ownership status of the census houses, size of the household and number of dwelling rooms for Scheduled Tribes, 2011 - JAMMU & KASHMIR | Female headed households by ownership status of the census houses, size of the household and number of dwelling rooms for Scheduled Tribes, 2011 - HIMACHAL PRADESH"
581,"Number of Women and Currently Married Women by Present Age, Number of Births Last Year by Sex and Birth Order for Selected Scheduled Tribes","Ministry of Home Affairs, Department of Home, Registrar General and Census Commissioner, India","Number of Women and Currently Married Women by Present Age, Number of Births Last Year by Sex and Birth Order, Census 2001 - India and States",30,"Tablename,State Code,District Code,ST Code,Area Name,ST Name,Present Age,Total Women,Total Currently Married Women,Number of Births Last Year  Males,Number of Births Last Year  Females,Last Years Births of Order  1,Last Years Births of Order  2,Last Years Births of Order  3,Last Years Births of Order  4,Last Years Births of Order  5,Last Years Births of Order  6,Last Years Births of Order  7","Number of Women and Currently Married Women by Present Age, Number of Births Last Year by Sex and Birth Order for Selected Scheduled Tribes, 2001 - Jammu & Kashmir | Number of Women and Currently Married Women by Present Age, Number of Births Last Year by Sex and Birth Order for Selected Scheduled Tribes, 2001 - Himachal Pradesh | Number of Women and Currently Married Women by Present Age, Number of Births Last Year by Sex and Birth Order for Selected Scheduled Tribes, 2001 - Uttaranchal"
407,Female headed households by availability of type of latrine facilityfor Scheduled Tribes,"Ministry of Home Affairs, Department of Home, Registrar General and Census Commissioner, India",Female headed households by availability of type of latrine facility,30,"Table Name,State Code,District Code,Area Name,Total/ Rural/ Urban,Total number of female headed  households,Number of households having latrine facility within the premises,Type of latrine facility within the premises  Flush/pour flush latrine connected to  Piped sewer system,Type of latrine facility within the premises  Flush/pour flush latrine connected to  Septic tank,Type of latrine facility within the premises  Flush/pour flush latrine connected to  Other system,Type of latrine facility wit","Female headed households by availability of type of latrine facilityfor Scheduled Tribes, 2011 - INDIA | Female headed households by availability of type of latrine facilityfor Scheduled Tribes, 2011 - JAMMU & KASHMIR | Female headed households by availability of type of latrine facilityfor Scheduled Tribes, 2011 - HIMACHAL PRADESH"
636,"Scheduled Tribe Population Attending Educational Institutions by Age, Sex and Type of Educational Institution (Each Tribe Separately)","Ministry of Home Affairs, Department of Home, Registrar General and Census Commissioner, India","Population Attending Educational Institutions by Age, Sex and Type of Educational Institution (For Each Caste/Tribe Separately), Census 2001 - India and States",30,"Table Name,State Code,District Code,ST Code,Area Name,ST Name,Total/ Rural/ Urban,AgeGroup,Total  Persons,Total  Males,Total  Females,Population Attending Educational Institutions  Persons,Population Attending Educational Institutions  Males,Population Attending Educational Institutions  Females,Type of Educational Institution  School  Persons,Type of Educational Institution  School  Males,Type of Educational Institution  School  Females,Type of Educational Institution  College  Persons,Type of ","Scheduled Tribe Population Attending Educational Institutions by Age, Sex and Type of Educational Institution (Each Tribe Separately), 2001 - Jammu & Kashmir | Scheduled Tribe Population Attending Educational Institutions by Age, Sex and Type of Educational Institution (Each Tribe Separately), 2001 - Himachal Pradesh | Scheduled Tribe Population Attending Educational Institutions by Age, Sex and Type of Educational Institution (Each Tribe Separately), 2001 - Uttaranchal"
404,Female headed households by availability of separate kitchen and type of fuel used for cooking for Scheduled Tribes,"Ministry of Home Affairs, Department of Home, Registrar General and Census Commissioner, India",Female headed households by availability of separate kitchen and type of fuel used for cooking,30,"Table Name,State Code,District Code,Area Name,Total/ Rural/ Urban,Availability of separate kitchen ,Total number of households,Type of Fuel used for Cooking  Firewood,Type of Fuel used for Cooking  Crop residue,Type of Fuel used for Cooking  Cowdung cake,Type of Fuel used for Cooking  CoalLigniteCharcoal,Type of Fuel used for Cooking  Kerosene,Type of Fuel used for Cooking  LPG/PNG,Type of Fuel used for Cooking  Electricity,Type of Fuel used for Cooking  Biogas,Type of Fuel used for Cooking  Any","Female headed households by availability of separate kitchen and type of fuel used for cooking for Scheduled Tribes, 2011 - INDIA | Female headed households by availability of separate kitchen and type of fuel used for cooking for Scheduled Tribes, 2011 - JAMMU & KASHMIR | Female headed households by availability of separate kitchen and type of fuel used for cooking for Scheduled Tribes, 2011 - HIMACHAL PRADESH"
401,Female headed households by availability of bathing facility and type of drainage connectivity for waste water outlet for Scheduled Tribes,"Ministry of Home Affairs, Department of Home, Registrar General and Census Commissioner, India",Female headed households by availability of bathing facility and type of drainage connectivity for waste water outlet,30,"Table Name,State Code,District Code,Area Name,Total/ Rural/ Urban,Total Number of female headed households,Number of households having bathing facility within the premises  Yes  Bathroom,Number of households having bathing facility within the premises  Yes  Enclosure without roof,Number of households having bathing facility within the premises  No,Waste water outlet connected to  Closed drainage,Waste water outlet connected to  Open drainage,Waste water outlet connected to  No drainage","Female headed households by availability of bathing facility and type of drainage connectivity for waste water outlet for Scheduled Tribes, 2011 - INDIA | Female headed households by availability of bathing facility and type of drainage connectivity for waste water outlet for Scheduled Tribes, 2011 - JAMMU & KASHMIR | Female headed households by availability of bathing facility and type of drainage connectivity for waste water outlet for Scheduled Tribes, 2011 - HIMACHAL PRADESH"
538,"Marginal Workers and Non-Workers Seeking/Available for Work Classified by Educational Level, Age and Sex for Scheduled Tribe (Each Tribe Separately)","Ministry of Home Affairs, Department of Home, Registrar General and Census Commissioner, India","Marginal Workers and Non-Workers Seeking/Available for Work Classified by Educational Level, Age and Sex (For Each Caste/Tribe Separately), Census 2011 - India and States",30,"Table Name,State Code,State Name,ST Code,ST Name,Total/ Rural/ Urban,Type of Worker,Educational level,Marginal workers/ Non workers seeking/ available for work  Persons,Marginal workers/ Non workers seeking/ available for work  Males,Marginal workers/ Non workers seeking/ available for work  Females,Agegroup  514  Persons,Agegroup  514  Males,Agegroup  514  Females,Agegroup  1519  Persons,Agegroup  1519  Males,Agegroup  1519  Females,Agegroup  2024  Persons,Agegroup  2024  Males,Agegroup  2024  ","Marginal Workers and Non-Workers Seeking/Available for Work Classified by Educational Level, Age and Sex for Scheduled Tribe (Each Tribe Separately), 2011 - Jammu & Kashmir | Marginal Workers and Non-Workers Seeking/Available for Work Classified by Educational Level, Age and Sex for Scheduled Tribe (Each Tribe Separately), 2011 - Himachal Pradesh | Marginal Workers and Non-Workers Seeking/Available for Work Classified by Educational Level, Age and Sex for Scheduled Tribe (Each Tribe Separately), 2011 - Uttarakhand"
398,Female headed households availing banking services and number of households having each of the specified assets for Scheduled Tribes,"Ministry of Home Affairs, Department of Home, Registrar General and Census Commissioner, India",Female headed households availing banking services and number of households having each of the specified assets,30,"Table Name 1,State Code 2,District Code 3,Area Name 4,Total/ Rural/ Urban 5,Total number of female headed households 6,Total number of female headed households availing banking services 7,Availability of assets  Radio/Transistor 8,Availability of assets  Television 9,Availability of assets  Computer/Laptop  With Internet 10,Availability of assets  Computer/Laptop  Without Internet 11,Availability of assets  Telephone/Mobile Phone  Landline only 12,Availability of assets  Telephone/Mobile Phone  ","Female headed households availing banking services and number of households having each of the specified assets for Scheduled Tribes, 2011 - INDIA | Female headed households availing banking services and number of households having each of the specified assets for Scheduled Tribes, 2011 - JAMMU & KASHMIR | Female headed households availing banking services and number of households having each of the specified assets for Scheduled Tribes, 2011 - HIMACHAL PRADESH"
589,"Number of Women and Ever Married Women by Present Age, Number of Surviving Children and Total Surviving Children by Sex for Selected Scheduled Tribes","Ministry of Home Affairs, Department of Home, Registrar General and Census Commissioner, India","Number of Women and Ever Married Women by Present Age, Number of Surviving Children and Total Surviving Children by Sex, Census 2001 - India and States",30,"Table Name,State Code,District Code,ST Code,Area Name,ST Name,Present Age,Total Women,Total Ever Married Women,Number of Surviving Children  0,Number of Surviving Children  1,Number of Surviving Children  2,Number of Surviving Children  3,Number of Surviving Children  4,Number of Surviving Children  5,Total Surviving Children  Persons,Total Surviving Children  Males,Total Surviving Children  Females","Number of Women and Ever Married Women by Present Age, Number of Surviving Children and Total Surviving Children by Sex for Selected Scheduled Tribes, 2001 - Jammu & Kashmir | Number of Women and Ever Married Women by Present Age, Number of Surviving Children and Total Surviving Children by Sex for Selected Scheduled Tribes, 2001 - Himachal Pradesh | Number of Women and Ever Married Women by Present Age, Number of Surviving Children and Total Surviving Children by Sex for Selected Scheduled Tribes, 2001 - Uttaranchal"
548,Marginal workers by main non economic activity by age and sex for Scheduled Tribes,"Ministry of Home Affairs, Department of Home, Registrar General and Census Commissioner, India",Marginal workers by main non economic activity by age and sex - India and States,30,"Table Name 1,State Code 2,District Code 3,Area Name 4,Total/ Rural/ Urban 5,AgeGroup 6,Marginal workers  Total Persons 7 ,Marginal workers  Males 8,Marginal workers  Females 9,Main activity  Students  Total Persons 10 ,Main activity  Students  Males 11 ,Main activity  Students  Females 12 ,Main activity  Household duties  Total Persons 13,Main activity  Household duties  Males 14,Main activity  Household duties  Females 15,Main activity  Dependents  Total Persons 16,Main activity  Dependents  Ma","Marginal workers by main non economic activity by age and sex for Scheduled Tribes, 2011 - INDIA | Marginal workers by main non economic activity by age and sex for Scheduled Tribes, 2011 - JAMMU & KASHMIR | Marginal workers by main non economic activity by age and sex for Scheduled Tribes, 2011 - HIMACHAL PRADESH"
327,"Disabled Population by type of Disability, Age and Sex for Scheduled Castes","Ministry of Home Affairs, Department of Home, Registrar General and Census Commissioner, India","Disabled Population by type of Disability, Age and Sex, Census 2011 - India and States",29,"Table Name 1,State Code 2,Distt.Code 3,Area Name  4,Total/Rural/Urban 5,Agegroup 6,Total number of disabled persons Persons 7,Total number of disabled persons Males 8,Total number of disabled persons females 9,In seeing Persons Persons 10,In seeing Persons Males 11,In seeing Persons Females 12,In Hearing Persons Persons 13,In Hearing Persons Males 14,In Hearing Persons Females 15,In Speech Persons  Persons 16,In Speech Males 17,In Speech Females 18,In Movement Persons Persons 19,In Movement Male","Disabled Population by type of Disability, Age and Sex for Scheduled Castes, 2011 - HIMACHAL PRADESH | Disabled Population by type of Disability, Age and Sex for Scheduled Castes, 2011 - PUNJAB | Disabled Population by type of Disability, Age and Sex for Scheduled Castes, 2011 - CHANDIGARH"
64,6th Minor Irrigation Census - Shallow Tube Well,"Department of Water Resources, River Development & Ganga Rejuvenation","6th Minor Irrigation Census - Village Schedule, Ground Water Schemes, Surface Water Schemes",29,"state_name,district_name,block_tehsil_name,village_name,s_no_of_scheme,scheme_type_name,tubewell_type,scheme_owner_name,location_particulars,total_owners_holding,scheme_owner_social_status_name,gender_name,commissioning_period_display,scheme_depth,scheme_diameter,scheme_bore_depth,nearest_scheme_distance,scheme_construction_cost,scheme_machinery_cost,scheme_maintainence_cost,finance_source_name1,finance_source_name2,construction_subsidy,machinery_subsidy,scheme_status_name,not_in_use_years,schem",6th Minor Irrigation Census - Shallow Tube Well - ANDAMAN AND NICOBAR ISLANDS | 6th Minor Irrigation Census - Shallow Tube Well - ANDHRA PRADESH | 6th Minor Irrigation Census - Shallow Tube Well - ARUNACHAL PRADESH
659,Primary Census Abstract for Scheduled Tribes,"Ministry of Home Affairs, Department of Home, Registrar General and Census Commissioner, India",Primary Census Abstract 2011 - India and States,29,"Table Name,State Code,District Code,Area Name,ST Code,ST Name,Total/ Rural/ Urban,Number of households with at least one ST member ,Total Populationincluding institutional and houseless population  Persons,Total Populationincluding institutional and houseless population  Males,Total Populationincluding institutional and houseless population  Females,Population in the agegroup 06  Persons,Population in the agegroup 06  Males,Population in the agegroup 06  Females,Literate  Persons,Literate  Males","Primary Census Abstract for Scheduled Tribes, 2011 - JAMMU & KASHMIR | Primary Census Abstract for Scheduled Tribes, 2011 - HIMACHAL PRADESH | Primary Census Abstract for Scheduled Tribes, 2011 - UTTARAKHAND"
1015,All India Consumer Price Index (Rural/Urban),Ministry of Statistics and Programme Implementation,All India Consumer Price Index (Rural/Urban),29,"Sector,Year,Month,Cereals and products,Meat and fish,Egg,Milk and products,Oils and fats,Fruits,Vegetables,Pulses and products,Sugar and Confectionery,Spices,Nonalcoholic beverages,Prepared meals snacks sweets etc.,Food and beverages,Pan tobacco and intoxicants,Clothing,Footwear,Clothing and footwear,Housing,Fuel and light,Household goods and services,Health,Transport and communication,Recreation and amusement,Education,Personal care and effects,Miscellaneous,General index",All India Consumer Price Index (Rural/Urban) upto May 2018 | All India Consumer Price Index (Rural/Urban) upto June 2018 | All India Consumer Price Index (Rural/Urban) upto July 2018
428,"Households by marital status, sex and age of the head of household, 2011 - City","Ministry of Home Affairs, Department of Home, Registrar General and Census Commissioner, India","Households by marital status, sex and age of the head of household - India and States",29,"Table Name,State Code,District Code,Town Code,Area Name,Total/ Rural/Urban,Age of the head of household in years,Total households  Male head,Total households  Female haed,Marital status of head of household  Never married  Male head,Marital status of head of household  Never married  Female head,Marital status of head of household  Currently married  Male head,Marital status of head of household  Currently married  Female head,Marital status of head of household  Widowed  Male head,Marital statu","Households by marital status, sex and age of the head of household, 2011 - City of JAMMU & KASHMIR | Households by marital status, sex and age of the head of household, 2011 - City of HIMACHAL PRADESH | Households by marital status, sex and age of the head of household, 2011 - City of PUNJAB"
669,State and district-wise Scheduled Tribes population for each caste seperately,"Ministry of Home Affairs, Department of Home, Registrar General and Census Commissioner, India",State and district-wise Scheduled Caste and Schedule Tribe population for each caste and tribe seperately,29,"Table Name,State Code,District Code,Area Name,ST Code,ST Name,Total/ Rural/ Urban,Total Population  Persons,Total Population  Males,Total Population  Females","State and district-wise Scheduled Tribes population for each caste seperately, 2011 - JAMMU & KASHMIR | State and district-wise Scheduled Tribes population for each caste seperately, 2011 - HIMACHAL PRADESH | State and district-wise Scheduled Tribes population for each caste seperately, 2011 - UTTARAKHAND"
644,Population by Religious Communities of Urban Agglomerations/ Cities with 100000 & Above Population,"Ministry of Home Affairs, Department of Home, Registrar General and Census Commissioner, India","Population by Religious Communities of Urban Agglomerations/ Cities with 100000 & Above Population, Census 2001 - India and States",29,"State Name,Urban Agglomerations / Cities,Total  Persons,Total  Males,Total  Females,Religious communities  Hindu  Persons,Religious communities  Hindu  Males,Religious communities  Hindu  Females,Religious communities  Muslims  Persons,Religious communities  Muslims  Males,Religious communities  Muslims  Females,Religious communities  Christians  Persons,Religious communities  Christians  Males,Religious communities  Christians  Females,Religious communities  Sikhs  Persons,Religious communities","Population by Religious Communities of Urban Agglomerations/ Cities with 100000 & Above Population, 2001 - India | Population by Religious Communities of Urban Agglomerations/ Cities with 100000 & Above Population, 2001 - Jammu & Kashmir | Population by Religious Communities of Urban Agglomerations/ Cities with 100000 & Above Population, 2001 - Himachal Pradesh"
319,Currently Married Women belonging to Scheduled Castes by Present Age and Births during Last Year by Birth Order,"Ministry of Home Affairs, Department of Home, Registrar General and Census Commissioner, India","Currently Married Women by Present Age and Births during Last Year by Birth Order, Census 1991 - India and States",28,"Country/ State/ UT Name,Caste Category,Total/ Rural/ Urban,Present Age,Number of Currently Married Women,Number of Births Last Year,Last Years Births of order  1,Last Years Births of order  2,Last Years Births of order  3,Last Years Births of order  4,Last Years Births of order  5,Last Years Births of order  Not Stated","Currently Married Women belonging to Scheduled Castes by Present Age and Births during Last Year by Birth Order, 1991 - Andhra Pradesh | Currently Married Women belonging to Scheduled Castes by Present Age and Births during Last Year by Birth Order, 1991 - Arunachal Pradesh | Currently Married Women belonging to Scheduled Castes by Present Age and Births during Last Year by Birth Order, 1991 - Assam"
372,"Ever Married Women by Age at Marriage, Currently Married Women by Age at Marriage and duration of Marriage Among Scheduled Castes","Ministry of Home Affairs, Department of Home, Registrar General and Census Commissioner, India","Ever Married Women by Age at Marriage, Currently Married Women by Age at Marriage and duration of Marriage, Census 1991 - India and States",28,"Country/State/UT Name,Caste Category,Total/Rural/Urban,Age at Marriage,No. of Ever Married Women,Duration of Marriage of Currently Married Women  04,Duration of Marriage of Currently Married Women  59,Duration of Marriage of Currently Married Women  1019,Duration of Marriage of Currently Married Women  2029,Duration of Marriage of Currently Married Women  3039,Duration of Marriage of Currently Married Women  4049,Duration of Marriage of Currently Married Women  50,All Durations","Ever Married Women by Age at Marriage, Currently Married Women by Age at Marriage and duration of Marriage Among Scheduled Castes, 1991 - Andhra Pradesh | Ever Married Women by Age at Marriage, Currently Married Women by Age at Marriage and duration of Marriage Among Scheduled Castes, 1991 - Arunachal Pradesh | Ever Married Women by Age at Marriage, Currently Married Women by Age at Marriage and duration of Marriage Among Scheduled Castes, 1991 - Assam"
502,"City-wise Main Workers, Marginal Workers, Non-Workers and those Marginal Workers, Non-workers Seeking/ Available for Work Classified by Educational Level and Sex","Ministry of Home Affairs, Department of Home, Registrar General and Census Commissioner, India","Main Workers, Marginal Workers, Non-Workers and those Marginal Workers, Non-workers Seeking/ Available for Work Classified by Educational Level and Sex, Census 2001 - India and States",28,"Table Name,State Code,District Code,Town Code,Total/ Rural/ Urban,Area Name,Educational Level,Population  Persons,Population  Males,Population  Females,Main Workers persons,Main Workers  Males,Main Workers  Females,Marginal Workers  Total  Persons,Marginal Workers  Total  Males,Marginal Workers  Total  Females,Marginal Workers  Seeking/ Available for Work  Persons,Marginal Workers  Seeking/ Available for Work  Males,Marginal Workers  Seeking/ Available for Work  Females,Nonworkers  Total  Person","City-wise Main Workers, Marginal Workers, Non-Workers and those Marginal Workers, Non-workers Seeking/ Available for Work Classified by Educational Level and Sex, 2001 - India | City-wise Main Workers, Marginal Workers, Non-Workers and those Marginal Workers, Non-workers Seeking/ Available for Work Classified by Educational Level and Sex, 2001 - Jammu & Kashmir | City-wise Main Workers, Marginal Workers, Non-Workers and those Marginal Workers, Non-workers Seeking/ Available for Work Classified by Educational Level and Sex, 2001 - Himachal Pradesh"
310,"Age, Sex and Marital Status for Scheduled Castes","Ministry of Home Affairs, Department of Home, Registrar General and Census Commissioner, India","Age, Sex and Marital Status, Census 1991 - India and States",28,"Country/ State/ UT Name,Caste Category,Caste SubCategory,Total/ Rural/ Urban,AgeGroup,Population  Total,Population  Males,Population  Females,Marital Status  Never Married  Total,Marital Status  Never Married  Males,Marital Status  Never Married  Females,Marital Status  Married  Total,Marital Status  Married  Males,Marital Status  Married  Females,Marital Status  Widowed  Total,Marital Status  Widowed  Males,Marital Status  Widowed  Females,Marital Status  Divorced or Separated  Total,Marital St","Age, Sex and Marital Status for Scheduled Castes, 1991 - Andhra Pradesh | Age, Sex and Marital Status for Scheduled Castes, 1991 - Arunachal Pradesh | Age, Sex and Marital Status for Scheduled Castes, 1991 - Assam"
531,"Marginal Workers Classified by Industrial Category, Educational Level and Sex for Scheduled Castes","Ministry of Home Affairs, Department of Home, Registrar General and Census Commissioner, India","Marginal Workers Classified by Industrial Category, Educational Level and Sex, Census 1991 - India and States",28,"Country/ State/ UT Name,Caste Category,Caste SubCategory,Total/ Rural/ Urban,Educational Level,MarginalWorkers  Total,MarginalWorkers  Males,MarginalWorkers  Females,Industrial Category of Marginal Workers  I  Total,Industrial Category of Marginal Workers  I  Males,Industrial Category of Marginal Workers  I  Females,Industrial Category of Marginal Workers  II  Total,Industrial Category of Marginal Workers  II  Males,Industrial Category of Marginal Workers  II  Females,Industrial Category of Marg","Marginal Workers Classified by Industrial Category, Educational Level and Sex for Scheduled Castes, 1991 - Andhra Pradesh | Marginal Workers Classified by Industrial Category, Educational Level and Sex for Scheduled Castes, 1991 - Arunachal Pradesh | Marginal Workers Classified by Industrial Category, Educational Level and Sex for Scheduled Castes, 1991 - Assam"
386,"Ever Married and Currently Married Women belonging to Scheduled Castes by Present Age, Surviving Children and Total Surviving Children by Sex","Ministry of Home Affairs, Department of Home, Registrar General and Census Commissioner, India","Ever Married and Currently Married Women by Present Age, Surviving Children and Total Surviving Children by Sex, Census 1991 - India and States",28,"Country/ State/ UT Name,Caste Category,Total/ Rural/ Urban,Marital Status,Present Age,Total Ever/Currently Married Women,Ever/Currently Married Women with Number of Surviving Children  0,Ever/Currently Married Women with Number of Surviving Children  1,Ever/Currently Married Women with Number of Surviving Children  2,Ever/Currently Married Women with Number of Surviving Children  3,Ever/Currently Married Women with Number of Surviving Children  4,Ever/Currently Married Women with Number of Survi","Ever Married and Currently Married Women belonging to Scheduled Castes by Present Age, Surviving Children and Total Surviving Children by Sex, 1991 - Andhra Pradesh | Ever Married and Currently Married Women belonging to Scheduled Castes by Present Age, Surviving Children and Total Surviving Children by Sex, 1991 - Arunachal Pradesh | Ever Married and Currently Married Women belonging to Scheduled Castes by Present Age, Surviving Children and Total Surviving Children by Sex, 1991 - Assam"
565,"Non-Workers Seeking/Available for Work and those Among them Who Never Worked Before Classified by Age, Sex and Educational Level for Scheduled Castes","Ministry of Home Affairs, Department of Home, Registrar General and Census Commissioner, India","Non-Workers Seeking/Available for work and those among them who Never worked before classified by Age, Sex and Educational level, Census 1991 - India and States",28,"Country/ State/ UT Name,Caste Category,Caste SubCategory,Total/ Rural/ Urban,Work Status,Agegroup,NonWorkers  Total,NonWorkers  Males,NonWorkers  Females,Illiterate  Total,Illiterate  Males,Illiterate  Females,Literate without Educational level  Total,Literate without Educational level  Males,Literate without Educational level  Females,Educational Level  Primary  Total,Educational Level  Primary  Males,Educational Level  Primary  Females,Educational Level  Middle  Total,Educational Level  Middle","Non-Workers Seeking/Available for Work and those Among them Who Never Worked Before Classified by Age, Sex and Educational Level for Scheduled Castes, 1991 - Andhra Pradesh | Non-Workers Seeking/Available for Work and those Among them Who Never Worked Before Classified by Age, Sex and Educational Level for Scheduled Castes, 1991 - Arunachal Pradesh | Non-Workers Seeking/Available for Work and those Among them Who Never Worked Before Classified by Age, Sex and Educational Level for Scheduled Castes, 1991 - Assam"
622,"Scheduled Caste Population (Ages 5-19) by Single Year of Age, School Attendance and Economic Activity","Ministry of Home Affairs, Department of Home, Registrar General and Census Commissioner, India","Population (Ages 5-19) by Single Year of Age, School Attendance and Economic Activity, Census 1991 - India and States",28,"Country/State/UT Name,Caste Category,Total/Rural/Urban,Age,Population  Total,Population  Males,Population  Females,Attending School  Main Workers  Total,Attending School  Main Workers  Males,Attending School  Main Workers  Females,Attending School  Marginal Workers  Total,Attending School  Marginal Workers  Males,Attending School  Marginal Workers  Females,Attending School  Non Workers  Total,Attending School  Non Workers  Males,Attending School  Non Workers  Females,Not Attending School  Main W","Scheduled Caste Population (Ages 5-19) by Single Year of Age, School Attendance and Economic Activity, 1991 - Andhra Pradesh | Scheduled Caste Population (Ages 5-19) by Single Year of Age, School Attendance and Economic Activity, 1991 - Arunachal Pradesh | Scheduled Caste Population (Ages 5-19) by Single Year of Age, School Attendance and Economic Activity, 1991 - Assam"
62,6th Minor Irrigation Census - Deep Tube Well,"Department of Water Resources, River Development & Ganga Rejuvenation","6th Minor Irrigation Census - Village Schedule, Ground Water Schemes, Surface Water Schemes",28,"state_name,district_name,block_tehsil_name,village_name,s_no_of_scheme,scheme_type_name,tubewell_type,scheme_owner_name,location_particulars,total_owners_holding,scheme_owner_social_status_name,gender_name,commissioning_period_display,scheme_depth,scheme_diameter,scheme_bore_depth,nearest_scheme_distance,scheme_construction_cost,scheme_machinery_cost,scheme_maintainence_cost,finance_source_name1,finance_source_name2,construction_subsidy,machinery_subsidy,scheme_status_name,not_in_use_years,schem",6th Minor Irrigation Census - Deep Tube Well - ANDHRA PRADESH | 6th Minor Irrigation Census - Deep Tube Well - ARUNACHAL PRADESH | 6th Minor Irrigation Census - Deep Tube Well - ASSAM
357,Distribution of Scheduled Caste Population by Sex,"Ministry of Home Affairs, Department of Home, Registrar General and Census Commissioner, India","Distribution of Population by Sex, Census 1991 - India and States",28,"Country/State/UT,Caste Category,Caste SubCategory,Total/Rural/Urban,Population  Total,Population  Males,Population  Females","Distribution of Scheduled Caste Population by Sex, 1991 - Andhra Pradesh | Distribution of Scheduled Caste Population by Sex, 1991 - Arunachal Pradesh | Distribution of Scheduled Caste Population by Sex, 1991 - Assam"
476,"Main Workers Classified by Industrial Category, Educational Level and Sex for Scheduled Castes","Ministry of Home Affairs, Department of Home, Registrar General and Census Commissioner, India","Main Workers Classified by Industrial Category, Educational Level and Sex, Census 1991 - India and States",28,"Country/ State/ UT Name,Caste Category,Caste SubCategory,Total/Rural/Urban,Educational level,Total Population,Total Population  Males,Total Population  Females,Industrial Category of Main Workers  Total Main Workers IIX  Total,Industrial Category of Main Workers  Total Main Workers IIX  Males,Industrial Category of Main Workers  Total Main Workers IIX  Females,Industrial Category of Main Workers  I  Total,Industrial Category of Main Workers  I  Males,Industrial Category of Main Workers  I  Femal","Main Workers Classified by Industrial Category, Educational Level and Sex for Scheduled Castes, 1991 - Andhra Pradesh | Main Workers Classified by Industrial Category, Educational Level and Sex for Scheduled Castes, 1991 - Arunachal Pradesh | Main Workers Classified by Industrial Category, Educational Level and Sex for Scheduled Castes, 1991 - Assam"
468,"Main Workers Classified by Industrial Category, Age and Sex for Scheduled Castes","Ministry of Home Affairs, Department of Home, Registrar General and Census Commissioner, India","Main Workers Classified by Industrial Category, Age and Sex, Census 1991 - India and States",28,"Country/ State / UT Name,Caste Category,Caste SubCategory,Total/ Rural/ Urban,AgeGroup,Total Population  Total,Total Population  Males,Total Population  Females,Industrial Category of Main Workers  Total Main Workers IIX  Total,Industrial Category of Main Workers  Total Main Workers IIX  Males,Industrial Category of Main Workers  Total Main Workers IIX  Females,Industrial Category of Main Workers  I  Total,Industrial Category of Main Workers  I  Males,Industrial Category of Main Workers  I  Fema","Main Workers Classified by Industrial Category, Age and Sex for Scheduled Castes, 1991 - Andhra Pradesh | Main Workers Classified by Industrial Category, Age and Sex for Scheduled Castes, 1991 - Arunachal Pradesh | Main Workers Classified by Industrial Category, Age and Sex for Scheduled Castes, 1991 - Assam"
486,"City-wise Main Workers by Educational Level, Age and Sex","Ministry of Home Affairs, Department of Home, Registrar General and Census Commissioner, India","Main Workers by Educational Level, Age and Sex, Census 2001 - India and States",28,"Table Name,State Code,District Code,Town Code,Total/ Rural/ Urban,Area Name,Educational Level,Main Workers  Persons,Main Workers  Males,Main Workers  Females,AgeGroup  514  Persons,AgeGroup  514  Males,AgeGroup  514  Females,AgeGroup  1519  Persons,AgeGroup  1519  Males,AgeGroup  1519  Females,AgeGroup  2024  Persons,AgeGroup  2024  Males,AgeGroup  2024  Females,AgeGroup  2529  Persons,AgeGroup  2529  Males,AgeGroup  2529  Females,AgeGroup  3034  Persons,AgeGroup  3034  Males,AgeGroup  3034  Fem","City-wise Main Workers by Educational Level, Age and Sex, 2001 - India | City-wise Main Workers by Educational Level, Age and Sex, 2001 - Jammu & Kashmir | City-wise Main Workers by Educational Level, Age and Sex, 2001 - Himachal Pradesh"
829,Monthly Coal Statement of Thermal Power Stations,"Ministry of Power, Central Electricity Authority",Coal Statement of Thermal Power Stations,28,"TRDATE,REGION,STATENAME,MODEOFTRANSPORT,STATIONNAME,UTILITY,SECTOR,CAPACITY,NORMATIVESTOCKSREQUIREDINDAYS,DAILYREQUIREMENT,ACTUALSTOCKIMPORT,ACTUALSTOCKINDIGENOUS,ACTUALSTOCKTOTAL,ACTUALSTOCKDAYS,CRITICAL,SUPERCRITICAL,REMARKS",Monthly Coal Statement of Thermal Power Stations for December 2014 | Monthly Coal Statement of Thermal Power Stations for January 2015 | Monthly Coal Statement of Thermal Power Stations for February 2015
308,"Age, Sex and Level of Education for Scheduled Castes","Ministry of Home Affairs, Department of Home, Registrar General and Census Commissioner, India","Age, Sex and Level of Education, Census 1991 - India and States",28,"Country/ State/ UT Name,Caste Category,Caste SubCategory,Total/ Rural/ Urban,AgeGroup,Population  Total,Population  Males,Population  Females,Illiterate  Total,Illiterate  Males,Illiterate  Females,Literate Without Educational Level  a NonFormal  Total,Literate Without Educational Level  a NonFormal  Males,Literate Without Educational Level  a NonFormal  Females,Literate Without Educational Level  b Formal  Total,Literate Without Educational Level  b Formal  Males,Literate Without Educational Le","Age, Sex and Level of Education for Scheduled Castes, 1991 - Andhra Pradesh | Age, Sex and Level of Education for Scheduled Castes, 1991 - Arunachal Pradesh | Age, Sex and Level of Education for Scheduled Castes, 1991 - Assam"
632,"City-wise Population Attending Educational Institution by Completed Education Level, Age and Sex","Ministry of Home Affairs, Department of Home, Registrar General and Census Commissioner, India","Population Attending Educational Institution by Completed Education Level, Age and Sex, Census 2001 - India and States",28,"Table Name,State Code,District Code,Town Code,Total/ Rural/ Urban,Area Name,AgeGroup,Total Population  Persons,Total Population  Males,Total Population  Females,Population Attending Educational Institutions  Persons,Population Attending Educational Institutions  Males,Population Attending Educational Institutions  Females,Illiterates  Persons,Illiterates  Males,Illiterates  Females,Literates  Persons,Literates  Males,Literates  Females,Educational Level  Literate Without Education Level  Persons","City-wise Population Attending Educational Institution by Completed Education Level, Age and Sex, 2001 - India | City-wise Population Attending Educational Institution by Completed Education Level, Age and Sex, 2001 - Jammu & Kashmir | City-wise Population Attending Educational Institution by Completed Education Level, Age and Sex, 2001 - Himachal Pradesh"
666,City-wise Religious Community by Age-Group and Sex,"Ministry of Home Affairs, Department of Home, Registrar General and Census Commissioner, India","Religious Community by Age-Group and Sex, Census 2001 - India and States",28,"Table Name,State Code,District Code,Town Code,Total/ Rural/ Urban,Area Name,AgeGroup,Total  Persons,Total  Males,Total  Females,Religious Communities  Hindu  Persons,Religious Communities  Hindu  Males,Religious Communities  Hindu  Females,Religious Communities  Muslim  Persons,Religious Communities  Muslim  Males,Religious Communities  Muslim  Females,Religious Communities  Christian  Persons,Religious Communities  Christian  Males,Religious Communities  Christian  Females,Religious Communities","City-wise Religious Community by Age-Group and Sex, 2001 - India | City-wise Religious Community by Age-Group and Sex, 2001 - Jammu & Kashmir | City-wise Religious Community by Age-Group and Sex, 2001 - Himachal Pradesh"
524,"Marginal Workers Classified by Industrial Category, Age and Sex for Scheduled Castes","Ministry of Home Affairs, Department of Home, Registrar General and Census Commissioner, India","Marginal Workers Classified by Industrial Category, Age and Sex, Census 1991 - India and States",28,"Country/ State/ UT Name,Caste Category,Caste SubCategory,Total/ Rural/ Urban,Age group,MarginalWorkers  Total,MarginalWorkers  Males,MarginalWorkers  Females,Industrial Category of Main Workers  I  Total,Industrial Category of Main Workers  I  Males,Industrial Category of Main Workers  I  Females,Industrial Category of Main Workers  II  Total,Industrial Category of Main Workers  II  Males,Industrial Category of Main Workers  II  Females,Industrial Category of Main Workers  III  Total,Industrial ","Marginal Workers Classified by Industrial Category, Age and Sex for Scheduled Castes, 1991 - Andhra Pradesh | Marginal Workers Classified by Industrial Category, Age and Sex for Scheduled Castes, 1991 - Arunachal Pradesh | Marginal Workers Classified by Industrial Category, Age and Sex for Scheduled Castes, 1991 - Assam"
450,"City-wise Industrial Classification of Main and Marginal Workers in Non-Household Industry, Trade, Business, Profession or Service by Class of Worker and Sex","Ministry of Home Affairs, Department of Home, Registrar General and Census Commissioner, India","Industrial Classification of Main and Marginal Workers in Non-Household Industry, Trade, Business, Profession or Service by Class of Worker and Sex, Census 2001 - India and States",27,"Table Name,State/ District Code,State/ District Name,Town Code,Town Name,Division,Group,Total/ Rural/ Urban,Total Workers  Main Workers  Persons,Total Workers  Main Workers  Males,Total Workers  Main Workers  Females,Total Workers  Marginal Workers  Persons,Total Workers  Marginal Workers  Males,Total Workers  Marginal Workers  Females,Class of Worker  Employer  Main Workers  Persons,Class of Worker  Employer  Main Workers  Males,Class of Worker  Employer  Main Workers  Females,Class of Worker  ","City-wise Industrial Classification of Main and Marginal Workers in Non-Household Industry, Trade, Business, Profession or Service by Class of Worker and Sex, 2001 - Jammu & Kashmir | City-wise Industrial Classification of Main and Marginal Workers in Non-Household Industry, Trade, Business, Profession or Service by Class of Worker and Sex, 2001 - Himachal Pradesh | City-wise Industrial Classification of Main and Marginal Workers in Non-Household Industry, Trade, Business, Profession or Service by Class of Worker and Sex, 2001 - Punjab"
456,"City-wise Main Workers Classified by Age, Industrial Category and Sex","Ministry of Home Affairs, Department of Home, Registrar General and Census Commissioner, India","Main Workers Classified by Age, Industrial Category and Sex, Census 2001 - India and States",27,"Table Code,State Code,District Code,Town Code,Total/ Rural/ Urban,Area Name,Age Group,Main Workers  Persons,Main Workers  Males,Main Workers  Females,Industrial Category  A  B  Cultivators  Persons,Industrial Category  A  B  Cultivators  Males,Industrial Category  A  B  Cultivators  Females,Industrial Category  A  B  Agricultural Labourers  Persons,Industrial Category  A  B  Agricultural Labourers  Males,Industrial Category  A  B  Agricultural Labourers  Females,Industrial Category  A  B  Planta","City-wise Main Workers Classified by Age, Industrial Category and Sex, 2001 - Jammu & Kashmir | City-wise Main Workers Classified by Age, Industrial Category and Sex, 2001 - Himachal Pradesh | City-wise Main Workers Classified by Age, Industrial Category and Sex, 2001 - Punjab"
511,"City-wise Marginal Workers Classified by Age, Industrial category and Sex","Ministry of Home Affairs, Department of Home, Registrar General and Census Commissioner, India","Marginal Workers Classified by Age, Industrial category and Sex, Census 2001 - India and States",27,"Table Code,State Code,District Code,Town Code,Total/ Rural/ Urban,Area Name,Age Group,Marginal Workers  Persons,Marginal Workers  Males,Marginal Workers  Females,Industrial Category  A  B  Cultivators  Persons,Industrial Category  A  B  Cultivators  Males,Industrial Category  A  B  Cultivators  Females,Industrial Category  A  B  Agricultural Labourers  Persons,Industrial Category  A  B  Agricultural Labourers  Males,Industrial Category  A  B  Agricultural Labourers  Females,Industrial Category  ","City-wise Marginal Workers Classified by Age, Industrial category and Sex, 2001 - Jammu & Kashmir | City-wise Marginal Workers Classified by Age, Industrial category and Sex, 2001 - Himachal Pradesh | City-wise Marginal Workers Classified by Age, Industrial category and Sex, 2001 - Punjab"
65,6th Minor Irrigation Census - Dugwell,"Department of Water Resources, River Development & Ganga Rejuvenation","6th Minor Irrigation Census - Village Schedule, Ground Water Schemes, Surface Water Schemes",27,"state_name,district_name,block_tehsil_name,village_name,s_no_of_scheme,scheme_type_name,scheme_owner_name,location_particulars,total_owners_holding,scheme_owner_social_status_name,gender_name,commissioning_period_display,scheme_depth,scheme_diameter,scheme_bore_depth,nearest_scheme_distance,scheme_construction_cost,scheme_machinery_cost,scheme_maintainence_cost,finance_source_name1,finance_source_name2,construction_subsidy,machinery_subsidy,scheme_status_name,not_in_use_years,scheme_status_reaso",6th Minor Irrigation Census - Dugwell - ANDAMAN AND NICOBAR ISLANDS | 6th Minor Irrigation Census - Dugwell - ARUNACHAL PRADESH | 6th Minor Irrigation Census - Dugwell - ASSAM
551,City-wise Marital Status by Age and Sex,"Ministry of Home Affairs, Department of Home, Registrar General and Census Commissioner, India","Marital Status by Age and Sex, Census 2001 - India and States",27,"Table Name,State Code,District Code,Town Code,Total/ Rural/ Urban,Area Name,AgeGroup,Total  Persons,Total  Males,Total  Females,Marital Status  Never Married  Persons,Marital Status  Never Married  Males,Marital Status  Never Married  Females,Marital Status  Married  Persons,Marital Status  Married  Males,Marital Status  Married  Females,Marital Status  Widowed  Persons,Marital Status  Widowed  Males,Marital Status  Widowed  Females,Marital Status  Divorced/ Separated  Persons,Marital Status  Di","City-wise Marital Status by Age and Sex, 2001 - Jammu & Kashmir | City-wise Marital Status by Age and Sex, 2001 - Himachal Pradesh | City-wise Marital Status by Age and Sex, 2001 - Punjab"
479,"City-wise Main Workers Classified by Industrial Category, Educational Level and Sex","Ministry of Home Affairs, Department of Home, Registrar General and Census Commissioner, India","Main Workers Classified by Industrial Category, Educational Level and Sex, Census 2001 - India and States",27,"Table Code,State Code,District Code,Town Code,Total/ Rural/ Urban,Area Name,Educational Level,Main Workers  Persons,Main Workers  Males,Main Workers  Females,Industrial Category  A  B  Cultivators  Persons,Industrial Category  A  B  Cultivators  Males,Industrial Category  A  B  Cultivators  Females,Industrial Category  A  B  Agricultural Labourers  Persons,Industrial Category  A  B  Agricultural Labourers  Males,Industrial Category  A  B  Agricultural Labourers  Females,Industrial Category  A  B","City-wise Main Workers Classified by Industrial Category, Educational Level and Sex, 2001 - Jammu & Kashmir | City-wise Main Workers Classified by Industrial Category, Educational Level and Sex, 2001 - Himachal Pradesh | City-wise Main Workers Classified by Industrial Category, Educational Level and Sex, 2001 - Punjab"
443,"City-wise Industrial Classification of Main and Marginal Workers in Manufacturing, Processing, Servicing and Repairs in Household Industry by Sex and Class of Worker for Scheduled Castes","Ministry of Home Affairs, Department of Home, Registrar General and Census Commissioner, India","Industrial Classification of Main and Marginal Workers in Manufacturing, Processing, Servicing and Repairs in Household industry by Sex and Class of Worker, Census 2001 - India and States",27,"Table Name,State/ District Code,State/ District Name,Town Code,Town Name,Division,Group,Total/ Rural/ Urban,Total Workers  Main Workers  Persons,Total Workers  Main Workers  Males,Total Workers  Main Workers  Females,Total Workers  Marginal Workers  Persons,Total Workers  Marginal Workers  Males,Total Workers  Marginal Workers  Females,Class of Worker  Employee  Main Workers  Persons,Class of Worker  Employee  Main Workers  Males,Class of Worker  Employee  Main Workers  Females,Class of Worker  ","City-wise Industrial Classification of Main and Marginal Workers in Manufacturing, Processing, Servicing and Repairs in Household Industry by Sex and Class of Worker for Scheduled Castes, 2001 - Jammu & Kashmir | City-wise Industrial Classification of Main and Marginal Workers in Manufacturing, Processing, Servicing and Repairs in Household Industry by Sex and Class of Worker for Scheduled Castes, 2001 - Himachal Pradesh | City-wise Industrial Classification of Main and Marginal Workers in Manufacturing, Processing, Servicing and Repairs in Household Industry by Sex and Class of Worker for Scheduled Castes, 2001 - Punjab"
442,"City-wise Industrial Classification of Main and Marginal Workers in Manufacturing, Processing, Servicing and Repairs in Household Industry by Sex and Class of Worker","Ministry of Home Affairs, Department of Home, Registrar General and Census Commissioner, India","Industrial Classification of Main and Marginal Workers in Manufacturing, Processing, Servicing and Repairs in Household industry by Sex and Class of Worker, Census 2001 - India and States",27,"Table Name,State/ District Code,State/ District Name,Town Code,Town Name,Division,Group,Total/ Rural/ Urban,Total Workers  Main Workers  Persons,Total Workers  Main Workers  Males,Total Workers  Main Workers  Females,Total Workers  Marginal Workers  Persons,Total Workers  Marginal Workers  Males,Total Workers  Marginal Workers  Females,Class of Worker  Employee  Main Workers  Persons,Class of Worker  Employee  Main Workers  Males,Class of Worker  Employee  Main Workers  Females,Class of Worker  ","City-wise Industrial Classification of Main and Marginal Workers in Manufacturing, Processing, Servicing and Repairs in Household Industry by Sex and Class of Worker, 2001 - Jammu & Kashmir | City-wise Industrial Classification of Main and Marginal Workers in Manufacturing, Processing, Servicing and Repairs in Household Industry by Sex and Class of Worker, 2001 - Himachal Pradesh | City-wise Industrial Classification of Main and Marginal Workers in Manufacturing, Processing, Servicing and Repairs in Household Industry by Sex and Class of Worker, 2001 - Punjab"
63,6th Minor Irrigation Census - Medium Tube Well,"Department of Water Resources, River Development & Ganga Rejuvenation","6th Minor Irrigation Census - Village Schedule, Ground Water Schemes, Surface Water Schemes",27,"state_name,district_name,block_tehsil_name,village_name,s_no_of_scheme,scheme_type_name,tubewell_type,scheme_owner_name,location_particulars,total_owners_holding,scheme_owner_social_status_name,gender_name,commissioning_period_display,scheme_depth,scheme_diameter,scheme_bore_depth,nearest_scheme_distance,scheme_construction_cost,scheme_machinery_cost,scheme_maintainence_cost,finance_source_name1,finance_source_name2,construction_subsidy,machinery_subsidy,scheme_status_name,not_in_use_years,schem",6th Minor Irrigation Census - Medium Tube Well - ANDHRA PRADESH | 6th Minor Irrigation Census - Medium Tube Well - ARUNACHAL PRADESH | 6th Minor Irrigation Census - Medium Tube Well - ASSAM
606,"City-wise Occupational Classification of Main Workers in Non-Households Industry, Trade, Business, Profession or Service by Class of Worker and Sex","Ministry of Home Affairs, Department of Home, Registrar General and Census Commissioner, India","Occupational Classification of Main Workers in Non-Households Industry, Trade, Business, Profession or Service by Class of Worker and Sex, Census 2001 - India and States",27,"Table Name,State/ District,State/ District Name,Town Code,Town Name,Division,SubDivision,Total/ Rural/ Urban,Total Main Workers  Persons,Total Main Workers  Males,Total Main Workers  Females,Class of Worker  Employer  Persons,Class of Worker  Employer  Males,Class of Worker  Employer  Females,Class of Worker  Employee  Persons,Class of Worker  Employee  Males,Class of Worker  Employee  Females,Class of Worker  Single Worker  Persons,Class of Worker  Single Worker  Males,Class of Worker  Single W","City-wise Occupational Classification of Main Workers in Non-Households Industry, Trade, Business, Profession or Service by Class of Worker and Sex, 2001 - Jammu & Kashmir | City-wise Occupational Classification of Main Workers in Non-Households Industry, Trade, Business, Profession or Service by Class of Worker and Sex, 2001 - Himachal Pradesh | City-wise Occupational Classification of Main Workers in Non-Households Industry, Trade, Business, Profession or Service by Class of Worker and Sex, 2001 - Punjab"
498,"City-wise Main Workers, Marginal Workers, Non-workers and those Marginal Workers, Non-workers Seeking/ Available for Work Classified by Age and Sex","Ministry of Home Affairs, Department of Home, Registrar General and Census Commissioner, India","Main Workers, Marginal Workers, Non-Workers and those Marginal Workers, Non-Workers Seeking/ Available for Work Classified by Age, Sex, Census 2001 - India and States",27,"Table Name,State Code,District Code,Area Name,Total/ Rural/ Urban,Age Group,Population  Persons,Population  Males,Population  Females,Main Workers  Persons,Main Workers  Males,Main Workers  Females,Marginal Workers  Total  Persons,Marginal Workers  Total  Males,Marginal Workers  Total  Females,Marginal Workers  Seeking/ Available For Work  Persons,Marginal Workers  Seeking/ Available For Work  Males,Marginal Workers  Seeking/ Available For Work  Females,Nonworkers  Total  Persons,Nonworkers  Tot","City-wise Main Workers, Marginal Workers, Non-workers and those Marginal Workers, Non-workers Seeking/ Available for Work Classified by Age and Sex, 2001 - Jammu & Kashmir | City-wise Main Workers, Marginal Workers, Non-workers and those Marginal Workers, Non-workers Seeking/ Available for Work Classified by Age and Sex, 2001 - Himachal Pradesh | City-wise Main Workers, Marginal Workers, Non-workers and those Marginal Workers, Non-workers Seeking/ Available for Work Classified by Age and Sex, 2001 - Punjab"
451,"City-wise Industrial Classification of Main and Marginal Workers in Non-Household Industry, Trade, Business, Profession or Service by Class of Worker and Sex for Scheduled Castes","Ministry of Home Affairs, Department of Home, Registrar General and Census Commissioner, India","Industrial Classification of Main and Marginal Workers in Non-Household Industry, Trade, Business, Profession or Service by Class of Worker and Sex, Census 2001 - India and States",27,"Table Name,State/ District Code,State/ District Name,Town Code,Town Name,Division,Group,Total/ Rural/ Urban,Total Workers  Main Workers  Persons,Total Workers  Main Workers  Males,Total Workers  Main Workers  Females,Total Workers  Marginal Workers  Persons,Total Workers  Marginal Workers  Males,Total Workers  Marginal Workers  Females,Class of Worker  Employer  Main Workers  Persons,Class of Worker  Employer  Main Workers  Males,Class of Worker  Employer  Main Workers  Females,Class of Worker  ","City-wise Industrial Classification of Main and Marginal Workers in Non-Household Industry, Trade, Business, Profession or Service by Class of Worker and Sex for Scheduled Castes, 2001 - Jammu & Kashmir | City-wise Industrial Classification of Main and Marginal Workers in Non-Household Industry, Trade, Business, Profession or Service by Class of Worker and Sex for Scheduled Castes, 2001 - Himachal Pradesh | City-wise Industrial Classification of Main and Marginal Workers in Non-Household Industry, Trade, Business, Profession or Service by Class of Worker and Sex for Scheduled Castes, 2001 - Punjab"
630,"City-wise Population Attending Educational Institution by Age, Sex and Type of Educational Institution","Ministry of Home Affairs, Department of Home, Registrar General and Census Commissioner, India","Population Attending Educational Institution by Age, Sex and Type of Educational Institution, Census 2001 - India and States",27,"Table Name,State Code,District Code,Town Code,Total/ Rural/ Urban,Area Name,AgeGroup,Total Population  Persons,Total Population  Males,Total Population  Females,Population Attending Educational Institutions  Persons,Population Attending Educational Institutions  Males,Population Attending Educational Institutions  Females,Type of Educational Institution  School  Persons,Type of Educational Institution  School  Males,Type of Educational Institution  School  Females,Type of Educational Institution","City-wise Population Attending Educational Institution by Age, Sex and Type of Educational Institution, 2001 - Jammu & Kashmir | City-wise Population Attending Educational Institution by Age, Sex and Type of Educational Institution, 2001 - Himachal Pradesh | City-wise Population Attending Educational Institution by Age, Sex and Type of Educational Institution, 2001 - Punjab"
384,"Ever Married and Currently Married Women belonging to Scheduled Tribes by Present Age, Parity and Total Children Ever Born by Sex","Ministry of Home Affairs, Department of Home, Registrar General and Census Commissioner, India","Ever Married and Currently Married Women by Present Age, Parity and Total Children Ever Born by Sex, Census 1991 - India and States",26,"Country/ State/ UT Name,Tribe Category,Total/ Rural/ Urban,Marital Status,Present Age,Total Ever/ Currently Married Women,Ever/ Currently Married Women of Parity  0,Ever/ Currently Married Women of Parity  1,Ever/ Currently Married Women of Parity  2,Ever/ Currently Married Women of Parity  3,Ever/ Currently Married Women of Parity  4,Ever/ Currently Married Women of Parity  5,Total Children Ever Born  Persons,Total Children Ever Born  Males,Total Children Ever Born  Females","Ever Married and Currently Married Women belonging to Scheduled Tribes by Present Age, Parity and Total Children Ever Born by Sex, 1991 - Andhra Pradesh | Ever Married and Currently Married Women belonging to Scheduled Tribes by Present Age, Parity and Total Children Ever Born by Sex, 1991 - Arunachal Pradesh | Ever Married and Currently Married Women belonging to Scheduled Tribes by Present Age, Parity and Total Children Ever Born by Sex, 1991 - Assam"
525,"Marginal Workers Classified by Industrial Category, Age and Sex for Scheduled Tribes","Ministry of Home Affairs, Department of Home, Registrar General and Census Commissioner, India","Marginal Workers Classified by Industrial Category, Age and Sex, Census 1991 - India and States",26,"Country/ State/ UT Name,Tribe Category,Tribe SubCategory,Total/ Rural/ Urban,Age Group,Marginal Workers  Total,Marginal Workers  Males,Marginal Workers  Females,Industrial Category of Marginal Workers  I  Total,Industrial Category of Marginal Workers  I  Males,Industrial Category of Marginal Workers  I  Females,Industrial Category of Marginal Workers  II  Total,Industrial Category of Marginal Workers  II  Males,Industrial Category of Marginal Workers  II  Females,Industrial Category of Marginal ","Marginal Workers Classified by Industrial Category, Age and Sex for Scheduled Tribes, 1991 - Andhra Pradesh | Marginal Workers Classified by Industrial Category, Age and Sex for Scheduled Tribes, 1991 - Arunachal Pradesh | Marginal Workers Classified by Industrial Category, Age and Sex for Scheduled Tribes, 1991 - Assam"
532,"Marginal Workers Classified by Industrial Category, Educational Level and Sex for Scheduled Tribes","Ministry of Home Affairs, Department of Home, Registrar General and Census Commissioner, India","Marginal Workers Classified by Industrial Category, Educational Level and Sex, Census 1991 - India and States",26,"Country/ State/ UT Name, Tribe Category,Tribe SubCategory,Total/ Rural/ Urban,Education Level,Marginal Workers  Total,Marginal Workers  Males,Marginal Workers  Females,Industrial Category of Marginal Workers  I  Total,Industrial Category of Marginal Workers  I  Males,Industrial Category of Marginal Workers  I  Females,Industrial Category of Marginal Workers  II  Total,Industrial Category of Marginal Workers  II  Males,Industrial Category of Marginal Workers  II  Females,Industrial Category of Ma","Marginal Workers Classified by Industrial Category, Educational Level and Sex for Scheduled Tribes, 1991 - Andhra Pradesh | Marginal Workers Classified by Industrial Category, Educational Level and Sex for Scheduled Tribes, 1991 - Arunachal Pradesh | Marginal Workers Classified by Industrial Category, Educational Level and Sex for Scheduled Tribes, 1991 - Assam"
566,"Non-Workers Seeking/Available for Work and those among them who Never Worked before Classified by Age, Sex and Educational Level for Scheduled Tribes","Ministry of Home Affairs, Department of Home, Registrar General and Census Commissioner, India","Non-Workers Seeking/Available for work and those among them who Never worked before classified by Age, Sex and Educational level, Census 1991 - India and States",26,"Country/ State/ UT Name,Tribe Category,Tribe SubCategory,Total/ Rural/ Urban,Work Status,Age Group,NonWorkers  Total,NonWorkers  Males,NonWorkers  Females,Illiterate  Total,Illiterate  Males,Illiterate  Females,Literate Without Educational level  Total,Literate Without Educational level  Males,Literate Without Educational level  Females,Educational Level  Primary  Total,Education Level  Primary  Males,Education Level  Primary  Females,Education Level  Middle  Total,Education Level  Middle  Males","Non-Workers Seeking/Available for Work and those among them who Never Worked before Classified by Age, Sex and Educational Level for Scheduled Tribes, 1991 - Andhra Pradesh | Non-Workers Seeking/Available for Work and those among them who Never Worked before Classified by Age, Sex and Educational Level for Scheduled Tribes, 1991 - Arunachal Pradesh | Non-Workers Seeking/Available for Work and those among them who Never Worked before Classified by Age, Sex and Educational Level for Scheduled Tribes, 1991 - Assam"
382,"Ever Married and Currently Married Women belonging to Scheduled Castes by Present Age, Parity and Total Children Ever Born by Sex","Ministry of Home Affairs, Department of Home, Registrar General and Census Commissioner, India","Ever Married and Currently Married Women by Present Age, Parity and Total Children Ever Born by Sex, Census 1991 - India and States",26,"Country/State/UT Name,Caste Category,Total/Rural/Urban,Marital Status,Present Age,Total Ever/Currently Married Women,Ever/Currently Married Women of Parity  0,Ever/Currently Married Women of Parity  1,Ever/Currently Married Women of Parity  2,Ever/Currently Married Women of Parity  3,Ever/Currently Married Women of Parity  4,Ever/Currently Married Women of Parity  5,Total Children Ever Born  Persons,Total Children Ever Born  Males,Total Children Ever Born  Females","Ever Married and Currently Married Women belonging to Scheduled Castes by Present Age, Parity and Total Children Ever Born by Sex, 1991 - Andhra Pradesh | Ever Married and Currently Married Women belonging to Scheduled Castes by Present Age, Parity and Total Children Ever Born by Sex, 1991 - Arunachal Pradesh | Ever Married and Currently Married Women belonging to Scheduled Castes by Present Age, Parity and Total Children Ever Born by Sex, 1991 - Assam"
477,"Main Workers Classified by Industrial Category, Educational Level and Sex for Scheduled Tribes","Ministry of Home Affairs, Department of Home, Registrar General and Census Commissioner, India","Main Workers Classified by Industrial Category, Educational Level and Sex, Census 1991 - India and States",26,"Country/ State/ UT Name,Tribe Category,Tribe SubCategory,Total/ Rural/ Urban,Educational level,Total Population  Total,Total Population  Males,Total Population  Females,Industrial Category of Main Workers  Total Main Workers IIX  Total,Industrial Category of Main Workers  Total Main Workers IIX  Males,Industrial Category of Main Workers  Total Main Workers IIX  Females,Industrial Category of Main Workers  I  Total,Industrial Category of Main Workers  I  Males,Industrial Category of Main Workers ","Main Workers Classified by Industrial Category, Educational Level and Sex for Scheduled Tribes, 1991 - Andhra Pradesh | Main Workers Classified by Industrial Category, Educational Level and Sex for Scheduled Tribes, 1991 - Arunachal Pradesh | Main Workers Classified by Industrial Category, Educational Level and Sex for Scheduled Tribes, 1991 - Assam"
311,"Age, Sex and Marital Status for Scheduled Tribes","Ministry of Home Affairs, Department of Home, Registrar General and Census Commissioner, India","Age, Sex and Marital Status, Census 1991 - India and States",26,"Country/ State/ UT Name,Tribe Category,Tribe SubCategory,Total/ Rural/ Urban,Age Group,Population  Total,Population  Males,Population  Females,Marital Status  Never Married  Total,Marital Status  Never Married  Males,Marital Status  Never Married  Females,Marital Status  Married  Total,Marital Status  Married  Males,Marital Status  Married  Females,Marital Status  Widowed  Total,Marital Status  Widowed  Males,Marital Status  Widowed  Females,Marital Status  Divorced or Separated  Total,Marital S","Age, Sex and Marital Status for Scheduled Tribes, 1991 - Andhra Pradesh | Age, Sex and Marital Status for Scheduled Tribes, 1991 - Arunachal Pradesh | Age, Sex and Marital Status for Scheduled Tribes, 1991 - Assam"
309,"Age, Sex and Level of Education for Scheduled Tribes","Ministry of Home Affairs, Department of Home, Registrar General and Census Commissioner, India","Age, Sex and Level of Education, Census 1991 - India and States",26,"Country/ State/ UT Name,Tribe Category,Tribe SubCategory,Total/ Rural/ Urban,Age Group,Population  Total,Population  Males,Population  Females,Illiterate  Total,Illiterate  Males,Illiterate  Females,Literate Without Educational Level  a Nonformal  Total,Literate Without Educational Level  a Nonformal  Males,Literate Without Educational Level  a Nonformal  Females,Literate Without Educational Level  b Formal  Total,Literate Without Educational Level  b Formal  Males,Literate Without Educational L","Age, Sex and Level of Education for Scheduled Tribes, 1991 - Andhra Pradesh | Age, Sex and Level of Education for Scheduled Tribes, 1991 - Arunachal Pradesh | Age, Sex and Level of Education for Scheduled Tribes, 1991 - Assam"
374,"Ever Married Women by Age at Marriage, Currently Married Women by Age at Marriage and duration of Marriage among Scheduled Tribes","Ministry of Home Affairs, Department of Home, Registrar General and Census Commissioner, India","Ever Married Women by Age at Marriage, Currently Married Women by Age at Marriage and duration of Marriage, Census 1991 - India and States",26,"Country/ State/ UT Name,Tribe Category,Total/ Rural/ Urban,Age at Marriage,Number of Ever Married Women,Duration of Marriage of Currently Married Women  04,Duration of Marriage of Currently Married Women  59,Duration of Marriage of Currently Married Women  1019,Duration of Marriage of Currently Married Women  2029,Duration of Marriage of Currently Married Women  3039,Duration of Marriage of Currently Married Women  4049,Duration of Marriage of Currently Married Women  50,Duration of Marriage of ","Ever Married Women by Age at Marriage, Currently Married Women by Age at Marriage and duration of Marriage among Scheduled Tribes, 1991 - Andhra Pradesh | Ever Married Women by Age at Marriage, Currently Married Women by Age at Marriage and duration of Marriage among Scheduled Tribes, 1991 - Arunachal Pradesh | Ever Married Women by Age at Marriage, Currently Married Women by Age at Marriage and duration of Marriage among Scheduled Tribes, 1991 - Assam"
321,Currently Married Women belonging to Scheduled Tribes by Present Age and Births during Last Year by Birth order,"Ministry of Home Affairs, Department of Home, Registrar General and Census Commissioner, India","Currently Married Women by Present Age and Births during Last Year by Birth Order, Census 1991 - India and States",26,"Country/ State/ UT Name,Tribe Category,Total/ Rural/ Urban,Present Age,Number of Currently Married Women,Number of Births Last Year,Last Years Births of Order  1,Last Years Births of Order  2,Last Years Births of Order  3,Last Years Births of Order  4,Last Years Births of Order  5,Last Years Births of Order  Not Stated","Currently Married Women belonging to Scheduled Tribes by Present Age and Births during Last Year by Birth order, 1991 - Andhra Pradesh | Currently Married Women belonging to Scheduled Tribes by Present Age and Births during Last Year by Birth order, 1991 - Arunachal Pradesh | Currently Married Women belonging to Scheduled Tribes by Present Age and Births during Last Year by Birth order, 1991 - Assam"
624,"Scheduled Tribes Population (Ages 5-19) by Single Year of Age, School Attendance and Economic Activity","Ministry of Home Affairs, Department of Home, Registrar General and Census Commissioner, India","Population (Ages 5-19) by Single Year of Age, School Attendance and Economic Activity, Census 1991 - India and States",26,"Country/ State/ UT Name,Tribe Category,Total/ Rural/ Urban,Age Group,Population  Total,Population  Males,Population  Females,Attending School  Main Workers  Total,Attending School  Main Workers  Males,Attending School  Main Workers  Females,Attending School  Marginal Workers  Total,Attending School  Marginal Workers  Males,Attending School  Marginal Workers  Females,Attending School  Non Workers  Total,Attending School  Non Workers  Males,Attending School  Non Workers  Females,Not Attending Scho","Scheduled Tribes Population (Ages 5-19) by Single Year of Age, School Attendance and Economic Activity, 1991 - Andhra Pradesh | Scheduled Tribes Population (Ages 5-19) by Single Year of Age, School Attendance and Economic Activity, 1991 - Arunachal Pradesh | Scheduled Tribes Population (Ages 5-19) by Single Year of Age, School Attendance and Economic Activity, 1991 - Assam"
469,"Main Workers Classified by Industrial Category, Age and Sex for Scheduled Tribes","Ministry of Home Affairs, Department of Home, Registrar General and Census Commissioner, India","Main Workers Classified by Industrial Category, Age and Sex, Census 1991 - India and States",26,"Country/State/UT Name,Tribe Category,Tribe SubCategory,Total/Rural/Urban,AgeGroup,Total Population  Total,Total Population  Males,Total Population  Females,Industrial Category of Main Workers  Total Main Workers IIX  Total,Industrial Category of Main Workers  Total Main Workers IIX  Males,Industrial Category of Main Workers  Total Main Workers IIX  Females,Industrial Category of Main Workers  I  Total,Industrial Category of Main Workers  I  Males,Industrial Category of Main Workers  I  Females,I","Main Workers Classified by Industrial Category, Age and Sex for Scheduled Tribes, 1991 - Andhra Pradesh | Main Workers Classified by Industrial Category, Age and Sex for Scheduled Tribes, 1991 - Arunachal Pradesh | Main Workers Classified by Industrial Category, Age and Sex for Scheduled Tribes, 1991 - Assam"
328,"Disabled Population by type of Disability, Age and Sex for Scheduled Tribes","Ministry of Home Affairs, Department of Home, Registrar General and Census Commissioner, India","Disabled Population by type of Disability, Age and Sex, Census 2011 - India and States",26,"Table Name 1,State Code 2,Distt.Code 3,Area Name  4,Total/Rural/Urban 5,Agegroup 6,Total number of disabled persons Persons 7,Total number of disabled persons Males 8,Total number of disabled persons females 9,In seeing Persons Persons 10,In seeing Persons Males 11,In seeing Persons Females 12,In Hearing Persons Persons 13,In Hearing Persons Males 14,In Hearing Persons Females 15,In Speech Persons  Persons 16,In Speech Males 17,In Speech Females 18,In Movement Persons Persons 19,In Movement Male","Disabled Population by type of Disability, Age and Sex for Scheduled Tribes, 2011 - JAMMU & KASHMIR | Disabled Population by type of Disability, Age and Sex for Scheduled Tribes, 2011 - HIMACHAL PRADESH | Disabled Population by type of Disability, Age and Sex for Scheduled Tribes, 2011 - UTTARAKHAND"
561,Mother Tongue wise Number of Speakers of Scheduled Tribes,"Ministry of Home Affairs, Department of Home, Registrar General and Census Commissioner, India","Mother Tongue wise Speakers, Census 1991 - India and States",25,"Country/ State/ UT Name,Tribe Category,Tribe SubCategory,Name of Mother Tongue,Number of Speakers  Rural  Total,Number of Speakers  Rural  Males,Number of Speakers  Rural  Females,Number of Speakers  Urban  Total,Number of Speakers  Urban  Males,Number of Speakers  Urban  Females","Mother Tongue wise Number of Speakers of Scheduled Tribes, 1991 - Andhra Pradesh | Mother Tongue wise Number of Speakers of Scheduled Tribes, 1991 - Arunachal Pradesh | Mother Tongue wise Number of Speakers of Scheduled Tribes, 1991 - Assam"
618,Other Religions and Persuasions wise Population of Scheduled Tribes,"Ministry of Home Affairs, Department of Home, Registrar General and Census Commissioner, India","Other Religions and Persuasions wise Population, Census 1991 - India and States",25,"Country/ State/ UT Name,Tribe Category,Tribe SubCategory,Name of Other Religions and Persuasions,Rural  Total,Rural  Males,Rural  Females,Urban  Total,Urban  Males,Urban  Females","Other Religions and Persuasions wise Population of Scheduled Tribes, 1991 - Andhra Pradesh | Other Religions and Persuasions wise Population of Scheduled Tribes, 1991 - Arunachal Pradesh | Other Religions and Persuasions wise Population of Scheduled Tribes, 1991 - Assam"
664,Religion wise Population of Scheduled Tribes,"Ministry of Home Affairs, Department of Home, Registrar General and Census Commissioner, India","Religion wise Population, Census 1991 - India and States",25,"Country/ State/ UT Name,Tribe Category,Tribe SubCategory,Name of Religion,Rural  Total,Rural  Males,Rural  Females,Urban  Total,Urban  Males,Urban  Females","Religion wise Population of Scheduled Tribes, 1991 - Andhra Pradesh | Religion wise Population of Scheduled Tribes, 1991 - Arunachal Pradesh | Religion wise Population of Scheduled Tribes, 1991 - Assam"
444,"City-wise Industrial Classification of Main and Marginal Workers in Manufacturing, Processing, Servicing and Repairs in Household Industry by Sex and Class of Worker for Scheduled Tribes","Ministry of Home Affairs, Department of Home, Registrar General and Census Commissioner, India","Industrial Classification of Main and Marginal Workers in Manufacturing, Processing, Servicing and Repairs in Household industry by Sex and Class of Worker, Census 2001 - India and States",22,"Table Name,State/ District Code,State/ District Name,Town Code,Town Name,Division,Group,Total/ Rural/ Urban,Total Workers  Main Workers  Persons,Total Workers  Main Workers  Males,Total Workers  Main Workers  Females,Total Workers  Marginal Workers  Persons,Total Workers  Marginal Workers  Males,Total Workers  Marginal Workers  Females,Class of Worker  Employee  Main Workers  Persons,Class of Worker  Employee  Main Workers  Males,Class of Worker  Employee  Main Workers  Females,Class of Worker  ","City-wise Industrial Classification of Main and Marginal Workers in Manufacturing, Processing, Servicing and Repairs in Household Industry by Sex and Class of Worker for Scheduled Tribes, 2001 - Jammu & Kashmir | City-wise Industrial Classification of Main and Marginal Workers in Manufacturing, Processing, Servicing and Repairs in Household Industry by Sex and Class of Worker for Scheduled Tribes, 2001 - Himachal Pradesh | City-wise Industrial Classification of Main and Marginal Workers in Manufacturing, Processing, Servicing and Repairs in Household Industry by Sex and Class of Worker for Scheduled Tribes, 2001 - Uttaranchal"
452,"City-wise Industrial Classification of Main and Marginal Workers in Non-Household Industry, Trade, Business, Profession or Service by Class of Worker and Sex for Scheduled Tribes","Ministry of Home Affairs, Department of Home, Registrar General and Census Commissioner, India","Industrial Classification of Main and Marginal Workers in Non-Household Industry, Trade, Business, Profession or Service by Class of Worker and Sex, Census 2001 - India and States",22,"Table Name,State/ District Code,State/ District Name,Town Code,Town Name,Division,Group,Total/ Rural/ Urban,Total Workers  Main Workers  Persons,Total Workers  Main Workers  Males,Total Workers  Main Workers  Females,Total Workers  Marginal Workers  Persons,Total Workers  Marginal Workers  Males,Total Workers  Marginal Workers  Females,Class of Worker  Employer  Main Workers  Persons,Class of Worker  Employer  Main Workers  Males,Class of Worker  Employer  Main Workers  Females,Class of Worker  ","City-wise Industrial Classification of Main and Marginal Workers in Non-Household Industry, Trade, Business, Profession or Service by Class of Worker and Sex for Scheduled Tribes, 2001 - Jammu & Kashmir | City-wise Industrial Classification of Main and Marginal Workers in Non-Household Industry, Trade, Business, Profession or Service by Class of Worker and Sex for Scheduled Tribes, 2001 - Himachal Pradesh | City-wise Industrial Classification of Main and Marginal Workers in Non-Household Industry, Trade, Business, Profession or Service by Class of Worker and Sex for Scheduled Tribes, 2001 - Uttaranchal"
1067,State Level Consumer Price Index (Rural/Urban),Ministry of Statistics and Programme Implementation,State Level Consumer Price Index (Rural/Urban),19,"Sector,Year,Name,Jammu and Kashmir,Himachal Pradesh,Punjab,Chandigarh,Uttar Pradesh,Haryana,Manipur,Mizoram,Tripura,Meghalaya,Assam,West Bengal,Jharkhand,Orissa,Chattisgarh,Madhya Pradesh,Gujarat,Daman and Diu,Dadra and Nagar Haveli,Maharashtra,Andhra Pradesh,Karnataka,Goa,Lakshadweep,Kerala,Tamil Nadu,Puducherry,Andaman and Nicobar,Telangana,Delhi,Nagaland,Rajasthan,Sikkim,Uttarakhand,Arunachal Pradesh,Bihar",State Level Consumer Price Index (Rural/Urban) upto May-2021 | State Level Consumer Price Index (Rural/Urban) upto August 2021 | State Level Consumer Price Index (Rural/Urban)  upto November 2021
300,Ground water quality,"Ministry of Environment, Forest and Climate Change, Central Pollution Control Board",Water Quality in India - 2013,19,"STATION CODE,LOCATIONS,STATE,TEMPERATURE C  Min,TEMPERATURE C  Max,TEMPERATURE C  Mean,pH  Min  6.58.5,pH  Max  6.58.5,pH  Mean  6.58.5,CONDUCTIVITY mhos/cm  Min,CONDUCTIVITY mhos/cm  Max,CONDUCTIVITY mhos/cm  Mean,B.O.D. mg/l  Min   3 mg/l,B.O.D. mg/l  Max   3 mg/l,B.O.D. mg/l  Mean   3 mg/l,NITRATE N NITRITEN mg/l  Min,NITRATE N NITRITEN mg/l  Max,NITRATE N NITRITEN mg/l  Mean,FECAL COLIFORM MPN/100ml  Min   2500 MPN/100ml,FECAL COLIFORM MPN/100ml  Max   2500 MPN/100ml,FECAL COLIFORM MPN/100ml",Ground water quality in Andhra Pradesh - 2013 | Ground water quality in Assam - 2013 | Ground water quality in Meghalaya and Mizoram - 2013
947,Number of Registered Motor Vehicles (Transport & Non-Transport),Ministry of Road Transport and Highways,Motor Transport Statistics: 1997-1998,19,"Type,Vehicles Category,Type of Vehicles,Newly registered199697,Newly registered199798,Total registered 199697,Total registered 199798",Number of Registered Motor Vehicles (Transport & Non-Transport) Arunachal Pradesh from 1996-97 to 1997-1998 | Number of Registered Motor Vehicles (Transport & Non-Transport) Assam from 1996-97 to 1997-1998 | Number of Registered Motor Vehicles (Transport & Non-Transport) Bihar from 1996-97 to 1997-1998
303,Ground water quality,"Ministry of Environment, Forest and Climate Change, Central Pollution Control Board",Water Quality in India - 2014,18,"STATION CODE,LOCATIONS,STATE,TEMPERATURE C  Min,TEMPERATURE C  Max,TEMPERATURE C  Mean,pH  Min  6.58.5,pH  Max  6.58.5,pH  Mean  6.58.5,CONDUCTIVITY mhos/cm  Min,CONDUCTIVITY mhos/cm  Max,CONDUCTIVITY mhos/cm  Mean,B.O.D. mg/l  Min   3 mg/l,B.O.D. mg/l  Max   3 mg/l,B.O.D. mg/l  Mean   3 mg/l,NITRATE N NITRITEN mg/l  Min,NITRATE N NITRITEN mg/l  Max,NITRATE N NITRITEN mg/l  Mean,FECAL COLIFORM MPN/100ml  Min   2500 MPN/100ml,FECAL COLIFORM MPN/100ml  Max   2500 MPN/100ml,FECAL COLIFORM MPN/100ml",Ground water quality in Andhra Pradesh - 2014 | Ground water quality in Assam - 2014 | Ground water quality in Bihar - 2014
57,Number of stray cattle and dogs," Ministry of Fisheries, Animal Husbandry and Dairying,Department of Animal Husbandry and Dairying",Stray Cattle and Dogs (Livestock Census),18,"SNo.,District,Stray Cattle,Stray Dogs",Number of stray cattle and dogs for Chandigarh - 2012 | Number of stray cattle and dogs for Dadra and Nagar Haveli - 2012 | Number of stray cattle and dogs for Daman and Diu - 2012
1025,State Level Consumer Price Index (Rural/Urban),Ministry of Statistics and Programme Implementation,Catalogue of Micro Data from National Sample Survey (NSS),17,"Sector,Year,Name,Andhra Pradesh,Arunachal Pradesh,Assam,Bihar,Chattisgarh,Delhi,Goa,Gujarat,Haryana,Himachal Pradesh,Jharkhand,Karnataka,Kerala,Madhya Pradesh,Maharashtra,Manipur,Meghalaya,Mizoram,Nagaland,Orissa,Punjab,Rajasthan,Sikkim,Tamil Nadu,Telangana,Tripura,Uttar Pradesh,Uttarakhand,West Bengal,Andaman and Nicobar,Chandigarh,Dadra and Nagar Haveli,Daman and Diu,Jammu and Kashmir,Lakshadweep,Puducherry",State Level Consumer Price Index (Rural/Urban) upto July 2024 | State Level Consumer Price Index (Rural/Urban) upto August 2024 | State Level Consumer Price Index (Rural/Urban) upto September 2024
831,Monthly Coal Statement of Thermal Power Stations,"Ministry of Power, Central Electricity Authority",Coal Statement of Thermal Power Stations,17,"Region,Name of TPS ,Installed  CapacityMW ,Monthly Allocation from CIL/SCCL,Opening Stocks,Receipt  CIL/SCCL in 000 Tonnes,Receipt  Captive in 000 Tonnes,Receipt  EAuction in 000 Tonnes,Receipt  Import in 000 Tonnes,Receipt  Others in 000 Tonnes,Receipt  Total in 000 Tonnes,% Receipt w.r.t. Alloted Coal,Total Consumption in 000 Tonnes,Closing Stocks in 000 Tonnes",Monthly Coal Statement of Thermal Power Stations for July 2017 | Monthly Coal Statement of Thermal Power Stations for August 2017 | Monthly Coal Statement of Thermal Power Stations for September 2017
952,Number of Registered Motor Vehicles (Transport) &( Non-Transport),Ministry of Road Transport and Highways,Motor Transport Statistics: 1999-2000,16,"Vehicles Category,Type of Vehicles,Newly registered199899,Newly registered 19992000,Total registered 199899,Total registered 19992000",Number of Registered Motor Vehicles (Transport) &( Non-Transport) - Assam from 1998-99 to 1999-2000 | Number of Registered Motor Vehicles (Transport) &( Non-Transport) - Bihar from 1998-99 to 1999-2000 | Number of Registered Motor Vehicles (Transport) &( Non-Transport) - Gujarat from 1998-99 to 1999-2000
984,State/UT wise Number of Valid Drivers Licences Issued,Ministry of Road Transport and Highways,State/UT wise Number of Valid Drivers Licences Issued,15,"STATES / UTs,ProfessionalAuthorised to drive public Service VehiclesMale,ProfessionalAuthorised to drive public Service VehiclesFemale,ProfessionalAuthorised to drive public Service VehiclesTotal,ProfessionalOthersMale,ProfessionalOthersFemale,ProfessionalOthersTotal,Non professionalMale,Non professionalFemale,Non professionalTotal,TotalMale,TotalFemale,Grand Total",State/UT wise Number of Valid Drivers Licences Issued as on 31st March 2012 | State/UT wise Number of Valid Drivers Licences Issued as on 31st March 2010 | State/UT wise Number of Valid Drivers Licences Issued as on 31st March 2011
390,"Ever Married and Currently Married Women belonging to Scheduled Tribes by Present Age, Number of Surviving Children and Total Number of Surviving Children by Sex","Ministry of Home Affairs, Department of Home, Registrar General and Census Commissioner, India","Ever Married and Currently Married Women by Present Age, Surviving Children and Total Surviving Children by Sex, Census 1991 - India and States",15,"Country/ State/ UT Name,Tribe Category,Total/ Rural/ Urban,Marital Status,Present Age,Total Ever/ Currently Married Women,Ever/Currently Married Women With Number of Surviving Children  0,Ever/Currently Married Women With Number of Surviving Children  1,Ever/Currently Married Women With Number of Surviving Children  2,Ever/Currently Married Women With Number of Surviving Children  3,Ever/Currently Married Women With Number of Surviving Children  4,Ever/Currently Married Women With Number of Surv","Ever Married and Currently Married Women belonging to Scheduled Tribes by Present Age, Number of Surviving Children and Total Number of Surviving Children by Sex, 1991 - Manipur | Ever Married and Currently Married Women belonging to Scheduled Tribes by Present Age, Number of Surviving Children and Total Number of Surviving Children by Sex, 1991 - Meghalaya | Ever Married and Currently Married Women belonging to Scheduled Tribes by Present Age, Number of Surviving Children and Total Number of Surviving Children by Sex, 1991 - Mizoram"
519,"Marginal Workers Classified by Industrial Category, Age and Sex for Scheduled Tribes","Ministry of Home Affairs, Department of Home, Registrar General and Census Commissioner, India","Marginal Workers Classified by Industrial Category, Age and Sex (For Each Caste/Tribe Separately), Census 2011 - India and States",15,"Table Code,State Code,District Code,Area Name,Total/Rural/Urban,AgeGroup,Worked for 3 Months or More but Less than 6 Months  Persons,Worked for 3 Months or More but Less than 6 Months  Males,Worked for 3 Months or More but Less than 6 Months  Females,Worked for Less than 3 Months  Persons,Worked for Less than 3 Months  Males,Worked for Less than 3 Months  Females,Industrial Category  A  Cultivators  Persons,Industrial Category  A  Cultivators  Males,Industrial Category  A  Cultivators  Females,I","Marginal Workers Classified by Industrial Category, Age and Sex for Scheduled Tribes, 2011 - India | Marginal Workers Classified by Industrial Category, Age and Sex for Scheduled Tribes, 2011 - Jammu & Kashmir | Marginal Workers Classified by Industrial Category, Age and Sex for Scheduled Tribes, 2011 - Himachal Pradesh"
1027,All India Consumer Price Index (Rural/Urban),Ministry of Statistics and Programme Implementation,Catalogue of Micro Data from National Sample Survey (NSS),15,"Sector,Year,Month,Cereals and products,Meat and fish,Egg,Milk and products,Oils and fats,Fruits,Vegetables,Pulses and products,Sugar and Confectionery,Spices,Nonalcoholic beverages,Prepared meals snacks sweets etc.,Food and beverages,Pan tobacco and intoxicants,Clothing,Footwear,Clothing and footwear,Housing,Fuel and light,Household goods and services,Health,Transport and communication,Recreation and amusement,Education,Personal care and effects,Miscellaneous,General index",All India Consumer Price Index (Rural/Urban) upto September 2024 | All India Consumer Price Index (Rural/Urban) upto October 2024 | All India Consumer Price Index (Rural/Urban) upto November 2024
10,Details of bovines by sex," Ministry of Fisheries, Animal Husbandry and Dairying,Department of Animal Husbandry and Dairying",Details of Bovines by Sex (Livestock Census),15,"SNo.,District,Bovine  Male,Bovine  Female,Bovine  Total",Details of bovines by sex for Chandigarh - 2012 | Details of bovines by sex for Dadra and Nagar Haveli - 2012 | Details of bovines by sex for Daman and Diu - 2012
58,Number of stray cattle and dogs," Ministry of Fisheries, Animal Husbandry and Dairying,Department of Animal Husbandry and Dairying",Stray Cattle and Dogs (Livestock Census),14,"SNo.,District,Stray Cattle  Rural,Stray Cattle  Urban,Stray Cattle  Total,Stray Dogs  Rural,Stray Dogs  Urban,Stray Dogs  Total",Number of stray cattle and dogs for Andhra Pradesh - 2012 | Number of stray cattle and dogs for Arunachal Pradesh - 2012 | Number of stray cattle and dogs for Assam - 2012
379,"Ever Married and Currently Married Women belonging to Scheduled Castes by Present Age, Parity and Total Children Ever Born by Sex","Ministry of Home Affairs, Department of Home, Registrar General and Census Commissioner, India","Ever Married and Currently Married Women by Present Age, Parity and Total Children Ever Born by Sex, Census 1991 - India and States",14,"Country/State/UT Name,District Name,Caste Category,Total/Rural/Urban,Currently Married,Present Age,Total Ever/Currently Married Women,Ever/Currently Married Women of Parity  0,Ever/Currently Married Women of Parity  1,Ever/Currently Married Women of Parity  2,Ever/Currently Married Women of Parity  3,Ever/Currently Married Women of Parity  4,Ever/Currently Married Women of Parity  5,Total Children Ever Born  Persons,Total Children Ever Born  Males,Total Children Ever Born  Females","Ever Married and Currently Married Women belonging to Scheduled Castes by Present Age, Parity and Total Children Ever Born by Sex for Surguja District of Madhya Pradesh, 1991 | Ever Married and Currently Married Women belonging to Scheduled Castes by Present Age, Parity and Total Children Ever Born by Sex for Madurai District of Tamil Nadu, 1991 | Ever Married and Currently Married Women belonging to Scheduled Castes by Present Age, Parity and Total Children Ever Born by Sex for Kamarajar District of Tamil Nadu, 1991"
1068,State Level Consumer Price Index (Rural/Urban),Ministry of Statistics and Programme Implementation,State Level Consumer Price Index (Rural/Urban),13,"Sector,Year,Name,Jammu and Kashmir,Himachal Pradesh,Punjab,Chandigarh,Uttaranchal,Haryana,Delhi,Rajasthan,Uttar Pradesh,Bihar,Sikkim,Arunachal Pradesh,Nagaland,Manipur,Mizoram,Tripura,Meghalaya,Assam,West Bengal,Jharkhand,Orissa,Chattisgarh,Madhya Pradesh,Gujarat,Daman and Diu,Dadra and Nagar Haveli,Maharashtra,Andhra Pradesh,Karnataka,Goa,Lakshwadeep,Kerala,Tamil Nadu,Pondicherry,Andaman and Nicobar,Telangana,",State Level Consumer Price Index (Rural/Urban) Upto September 2015 | State Level Consumer Price Index (Rural/Urban) upto April 2018 | State Level Consumer Price Index (Rural/Urban) upto May 2018
958,Number of Registered Motor Vehicles (Transport & Non-Transport),Ministry of Road Transport and Highways,Motor Transport Statistics: 2001-2002,13,"Type,Vehicles Category1,Type of Vehicles1,Newly registered200001 2,Newly registered2001023,Total registered2000014 ,Total registered 2001025",Number of Registered Motor Vehicles (Transport & Non-Transport) Arunachal Pradesh from 2000-01 to 2001-02 | Number of Registered Motor Vehicles (Transport & Non-Transport) Gujarat from 2000-01 to 2001-02 | Number of Registered Motor Vehicles (Transport & Non-Transport) Haryana from 2000-01 to 2001-02
827,Monthly Coal Statement of Thermal Power Stations,"Ministry of Power, Central Electricity Authority",Coal Statement of Thermal Power Stations,12,"DATE,REGION,STATE NAME,MODE OF TRANSPORT,STATION NAME,UTILITY,SECTOR,CAPACITY,NORMATIVE STOCKS REQUIRED IN DAYS,DAILY REQUIREMENT,ACTUAL STOCK IMPORT,ACTUAL STOCK INDIGENOUS,ACTUAL STOCK TOTAL,ACTUAL STOCK DAYS,CRITICAL,SUPER CRITICAL,REMARKS",Monthly Coal Statement of Thermal Power Stations for August 2014 | Monthly Coal Statement of Thermal Power Stations for July 2014 | Monthly Coal Statement of Thermal Power Stations for May 2014
11,Details of bovines by sex," Ministry of Fisheries, Animal Husbandry and Dairying,Department of Animal Husbandry and Dairying",Details of Bovines by Sex (Livestock Census),12,"SNo.,District,Bovine  Rural Male,Bovine  Urban Male,Bovine  Male Total,Bovine  Rural Female,Bovine  Urban Female,Bovine  Female Total,Bovine  Total Rural,Bovine  Total Urban,Bovine  Total",Details of bovines by sex for Andhra Pradesh - 2012 | Details of bovines by sex for Arunachal Pradesh - 2012 | Details of bovines by sex for Assam - 2012
389,"Ever Married and Currently Married Women belonging to Scheduled Tribes by Present Age, Number of Surviving Children and Total Number of Surviving Children by Sex","Ministry of Home Affairs, Department of Home, Registrar General and Census Commissioner, India","Ever Married and Currently Married Women by Present Age, Surviving Children and Total Surviving Children by Sex, Census 1991 - India and States",11,"Country/ State/ UT Name,Tribe Category,Total/Rural/Urban,Marital Status,Present Age,Total Ever/Currently Married Women,Ever/Currently Married Women with Number of Surviving Children  0,Ever/Currently Married Women with Number of Surviving Children  1,Ever/Currently Married Women with Number of Surviving Children  2,Ever/Currently Married Women with Number of Surviving Children  3,Ever/Currently Married Women with Number of Surviving Children  4,Ever/Currently Married Women with Number of Survivi","Ever Married and Currently Married Women belonging to Scheduled Tribes by Present Age, Number of Surviving Children and Total Number of Surviving Children by Sex, 1991 - Andhra Pradesh | Ever Married and Currently Married Women belonging to Scheduled Tribes by Present Age, Number of Surviving Children and Total Number of Surviving Children by Sex, 1991 - Arunachal Pradesh | Ever Married and Currently Married Women belonging to Scheduled Tribes by Present Age, Number of Surviving Children and Total Number of Surviving Children by Sex, 1991 - Assam"
523,"Marginal Workers Classified by Industrial Category, Age and Sex for Scheduled Tribes","Ministry of Home Affairs, Department of Home, Registrar General and Census Commissioner, India","Marginal Workers Classified by Industrial Category, Age and Sex (For Each Caste/Tribe Separately), Census 2011 - India and States",10,"Table Code,State Code,District Code,Area Name,Total/Rural/Urban,AgeGroup,Worked for 3 Months or More but Less than 6 Months  Persons,Worked for 3 Months or More but Less than 6 Months  Males,Worked for 3 Months or More but Less than 6 Months  Females,Worked for Less than 3 Months  Persons,Worked for Less than 3 Months  Males,Worked for Less than 3 Months  Females,Industrial Category  A  Cultivators  Persons,Industrial Category  A  Cultivators  Males,Industrial Category  A  Cultivators  Females,I","Marginal Workers Classified by Industrial Category, Age and Sex for Scheduled Tribes, 2011 - Daman & Diu | Marginal Workers Classified by Industrial Category, Age and Sex for Scheduled Tribes, 2011 - Dadra & Nagar Haveli | Marginal Workers Classified by Industrial Category, Age and Sex for Scheduled Tribes, 2011 - Maharashtra"
1014,All India Consumer Price Index (Rural/Urban),Ministry of Statistics and Programme Implementation,All India Consumer Price Index (Rural/Urban),9,"Sector,Year,Month,Cereal and Products,Pulses and Pulse Products,Oils and Fats,Meat  Fish etc,Milk and Milk Products,Spices and Condiments,Vegetables,Fruits,Sugar  Honey etc,Non Alcoholic Beverages,Prepared Meals,Pan  Supari etc,Food  beverages and tobacco ,Fuel and Lighting,Housing,Clothing and Bedding,Footwear,Clothing  bedding and footwear,Medical Care,Education,Recreation and Amusement,Transport and Communication,Personal Care Items,Household Requisites,Others,Miscellaneous,General index",All India Consumer Price Index (Rural/Urban) Upto February 2013 | All India Consumer Price Index (Rural/Urban) Upto April 2013 | All India Consumer Price Index (Rural/Urban) Upto June 2013
985,"State/UT wise Revenue Realized from Motor Vehicle Tax, Commercial Vehicle and other fees, Passenger Tax, Goods Tax and Fines",Ministry of Road Transport and Highways,"State/UT wise Revenue Realized from Motor Vehicle Tax, Commercial Vehicle and other fees, Passenger Tax, Goods Tax and Fines",8,"STATES / UTs,Motor Vehicle Tax,Commercial Vehicle and other fees,Passenger Tax,Goods Tax,Fines,Total","State/UT wise Revenue Realized from Motor Vehicle Tax, Commercial Vehicle and other fees, Passenger Tax, Goods Tax and Fines in 2011-12 | State/UT wise Revenue Realized from Motor Vehicle Tax, Commercial Vehicle and other fees, Passenger Tax, Goods Tax and Fines in 2009-10 | State/UT wise Revenue Realized from Motor Vehicle Tax, Commercial Vehicle and other fees, Passenger Tax, Goods Tax and Fines in 2010-11"
60,6th Minor Irrigation Census - Surface Flow,"Department of Water Resources, River Development & Ganga Rejuvenation","6th Minor Irrigation Census - Village Schedule, Ground Water Schemes, Surface Water Schemes",8,"state_name,district_name,block_tehsil_name,village_name,enumeration_date,s_no_of_scheme,scheme_type_name,ref_scheme_type_surface_flow_name,ref_scheme_type_surface_lift_name,ref_scheme_owner_name,individual_owner_name,khasra_number,total_owners_holding,ref_scheme_owner_social_status_name,gender_name,commissioning_period_display,scheme_construction_cost,scheme_machinery_cost,scheme_maintainence_cost,finance_source_name,finance_source_name2,construction_subsidy,machinery_subsidy,scheme_status_name,",6th Minor Irrigation Census - Surface Flow - ANDHRA PRADESH | 6th Minor Irrigation Census - Surface Flow - GUJARAT | 6th Minor Irrigation Census - Surface Flow - JHARKHAND
983,State/UT wise Number of Conductors Licences Issued,Ministry of Road Transport and Highways,State/UT wise Number of Conductors Licences Issued,8,"STATES/UTs,Licences valid at the end of the yearMale,Licences valid at the end of the yearFemale,Licences valid at the end of the yearTotal,New licences issued during the yearMale,New licences issued during the yearFemale,New licences issued during the yearTotal",State/UT wise Number of Conductors Licences Issued as on 31st March 2012 and During 2011-12 | State/UT wise Number of Conductors Licences Issued as on 31st March 2010 and During 2009-10 | State/UT wise Number of Conductors Licences Issued as on 31st March 2011 and During 2010-11
236,Enrolment by Age and Class (UDISE plus),"Ministry of Education, Department of School Education and Literacy",Enrolment by Age and Class (UDISE plus),8,"ac_year,age,state_cd,state_name,district_cd,district_name,class_1_boys,class_2_boys,class_3_boys,class_4_boys,class_5_boys,class_6_boys,class_7_boys,class_8_boys,class_9_boys,class_10_boys,class_11_boys,class_12_boys,class_1_girls,class_2_girls,class_3_girls,class_4_girls,class_5_girls,class_6_girls,class_7_girls,class_8_girls,class_9_girls,class_10_girls,class_11_girls,class_12_girls",Enrolment by Age and Class (UDISE plus) during 2012-13 | Enrolment by Age and Class (UDISE plus) during 2013-14 | Enrolment by Age and Class (UDISE plus) during 2014-15
839,Monthly Power Generation - June,"Ministry of Power, Central Electricity Authority",Power Generation,7,"REGION ID,MONTH,REGION,STATE,SECTOR,CATEGORY,FUEL,UTILITY,STATION,INSTALLED CAPACITY,PROGRAM GENERATION,ACTUAL GENERATION",Monthly Power Generation - June 2008 | Monthly Power Generation - June 2009 | Monthly Power Generation - June 2010
1074,State Level Consumer Price Index (Rural/Urban),Ministry of Statistics and Programme Implementation,State Level Consumer Price Index (Rural/Urban),7,"Sector,Year, Name ,S.No.,Jammu and Kashmir,Himachal Pradesh,Punjab,Chandigarh,Uttaranchal,Haryana,Delhi,Rajasthan,Uttar Pradesh,Bihar,Sikkim,Arunachal Pradesh,Nagaland,Manipur,Mizoram,Tripura,Meghalaya,Assam,West Bengal,Jharkhand,Orissa,Chattisgarh,Madhya Pradesh,Gujarat,Daman and Diu,Dadra and Nagar Haveli,Maharashtra,Andhra Pradesh,Karnataka,Goa,Lakshwadeep,Kerala,Tamil Nadu,Pondicherry,Andaman and Nicobar",State Level Consumer Price Index (Rural/Urban) Upto January 2013 | State Level Consumer Price Index (Rural/Urban) Upto February 2013 | State Level Consumer Price Index (Rural/Urban) Upto March 2013
986,State/UT wise Total Registered Motor Vehicles in various Categories,Ministry of Road Transport and Highways,State/UT wise Total Registered Motor Vehicles in various Categories.,7,"STATES/UTs,TRANSPORTMultiaxled/ Articulated Vehicles/ Trucks and Lorries,TRANSPORTLight Motor Vehicle Goods,TRANSPORTBuses,TRANSPORTTaxis,TRANSPORTLight Motor Vehicle Passenger,Total Transport,NONTRANSPORTTwo Wheelers,NONTRANSPORTCars,NONTRANSPORTJeeps,NONTRANSPORTOmni Buses,NONTRANSPORTTractors,NONTRANSPORTTrailers,NONTRANSPORTOthers,Total Non Transport,Grand Total Transport  NonTransport","State/UT wise Total Registered Motor Vehicles in various Categories as on 31st March,2012 | State/UT wise Total Registered Motor Vehicles in various Categories as on 31st March 2010 | State/UT wise Total Registered Motor Vehicles in various Categories as on 31st March 2011"
776,Surat Birth Registration Data for Year,"Ministry of Housing and Urban Affairs, Smart Cities Mission, Gujarat, Surat",Mortality Rate : Surat,7,"ZoneName,Year,Month,Male,Female,Total",Surat Birth Registration Data for Year 2009 | Surat Birth Registration Data for Year 2010 | Surat Birth Registration Data for Year 2011
777,Surat Death Registration Data for Year,"Ministry of Housing and Urban Affairs, Smart Cities Mission, Gujarat, Surat",Mortality Rate : Surat,7,"ZoneName,Year,Month,Male,Female,Total",Surat Death Registration Data for Year 2009 | Surat Death Registration Data for Year 2010 | Surat Death Registration Data for Year 2011
898,Financial Performance of SRTUs,Ministry of Road Transport and Highways,Financial Performance of SRTUs,7,"S.No.,Name of SRTU ,Total Revenue ,Total Cost ,Staff Costs,Fuel  Lubricant Costs, Tyres  Tubes ,Spares ,Interest ,Depreciation ,Taxes ,Others ",Financial Performance of SRTUs for the year 2002-03 | Financial Performance of SRTUs for the year 2003-04 | Financial Performance of SRTUs for the year 2004-05
833,Monthly Power Generation - April,"Ministry of Power, Central Electricity Authority",Power Generation,7,"REGION ID,MONTH,REGION,STATE,SECTOR,CATEGORY,FUEL,UTILITY,STATION,INSTALLED CAPACITY,PROGRAM GENERATION,ACTUAL GENERATION",Monthly Power Generation - April 2008 | Monthly Power Generation - April 2009 | Monthly Power Generation - April 2010
834,Monthly Power Generation - August,"Ministry of Power, Central Electricity Authority",Power Generation,7,"REGION ID,MONTH,REGION,STATE,SECTOR,CATEGORY,FUEL,UTILITY,STATION,INSTALLED CAPACITY,PROGRAM GENERATION,ACTUAL GENERATION",Monthly Power Generation - August 2008 | Monthly Power Generation - August 2009 | Monthly Power Generation - August 2010
844,Monthly Power Generation - September,"Ministry of Power, Central Electricity Authority",Power Generation,7,"REGION ID,MONTH,REGION,STATE,SECTOR,CATEGORY,FUEL,UTILITY,STATION,INSTALLED CAPACITY,PROGRAM GENERATION,ACTUAL GENERATION",Monthly Power Generation - September 2008 | Monthly Power Generation - September 2009 | Monthly Power Generation - September 2010
843,Monthly Power Generation - October,"Ministry of Power, Central Electricity Authority",Power Generation,7,"REGION ID,MONTH,REGION,STATE,SECTOR,CATEGORY,FUEL,UTILITY,STATION,INSTALLED CAPACITY,PROGRAM GENERATION,ACTUAL GENERATION",Monthly Power Generation - October 2008 | Monthly Power Generation - October 2009 | Monthly Power Generation - October 2010
841,Monthly Power Generation - May,"Ministry of Power, Central Electricity Authority",Power Generation,7,"REGION ID,MONTH,REGION,STATE,SECTOR,CATEGORY,FUEL,UTILITY,STATION,INSTALLED CAPACITY,PROGRAM GENERATION,ACTUAL GENERATION",Monthly Power Generation - May 2008 | Monthly Power Generation - May 2009 | Monthly Power Generation - May 2010
838,Monthly Power Generation - July,"Ministry of Power, Central Electricity Authority",Power Generation,7,"REGION ID,MONTH,REGION,STATE,SECTOR,CATEGORY,FUEL,UTILITY,STATION,INSTALLED CAPACITY,PROGRAM GENERATION,ACTUAL GENERATION",Monthly Power Generation - July 2008 | Monthly Power Generation - July 2009 | Monthly Power Generation - July 2010
837,Monthly Power Generation - January,"Ministry of Power, Central Electricity Authority",Power Generation,6,"REGION ID,MONTH,REGION,STATE,SECTOR,CATEGORY,FUEL,UTILITY,STATION,INSTALLED CAPACITY,PROGRAM GENERATION,ACTUAL GENERATION",Monthly Power Generation - January 2009 | Monthly Power Generation - January 2010 | Monthly Power Generation - January 2011
298,Water quality of Medium & Minor Rivers,"Ministry of Environment, Forest and Climate Change, Central Pollution Control Board",Status of Water Quality in India - 2012,6,"STATION CODE,LOCATIONS,STATE,TEMPERATURE in degree Centigrade  Min,TEMPERATURE in degree Centigrade  Max,TEMPERATURE in degree Centigrade  Mean,D.O. mg/l  4 mg/l  Min,D.O. mg/l  4 mg/l  Max,D.O. mg/l  4 mg/l  Mean,pH 6.58.5  Min,pH 6.58.5  Max,pH 6.58.5  Mean,CONDUCTIVITY mhos/cm  Min,CONDUCTIVITY mhos/cm  Max,CONDUCTIVITY mhos/cm  Mean,B.O.D. mg/l  3 mg/l  Min,B.O.D. mg/l  3 mg/l  Max,B.O.D. mg/l  3 mg/l  Mean,NITRATE N NITRITEN mg/l  Min,NITRATE N NITRITEN mg/l  Max,NITRATE N NITRITEN mg/l  Me",Water quality of Medium & Minor Rivers In Goa - 2012 | Water quality of Medium & Minor Rivers In Maharashtra - 2012 | Water quality of Medium & Minor Rivers In Kerala- 2012
520,"Marginal Workers Classified by Industrial Category, Age and Sex for Scheduled Tribes","Ministry of Home Affairs, Department of Home, Registrar General and Census Commissioner, India","Marginal Workers Classified by Industrial Category, Age and Sex (For Each Caste/Tribe Separately), Census 2011 - India and States",6,"Table Code,State Code,District Code,Area Name,Total/Rural/Urban,AgeGroup,Worked for 3 Months or More but Less than 6 Months  Persons,Worked for 3 Months or More but Less than 6 Months  Males,Worked for 3 Months or More but Less than 6 Months  Females,Worked for Less than 3 Months  Persons,Worked for Less than 3 Months  Males,Worked for Less than 3 Months  Females,Industrial Category  A  Cultivators  Persons,Industrial Category  A  Cultivators  Males,Industrial Category  A  Cultivators  Females,I","Marginal Workers Classified by Industrial Category, Age and Sex for Scheduled Tribes, 2011 - West Bengal | Marginal Workers Classified by Industrial Category, Age and Sex for Scheduled Tribes, 2011 - Jharkhand | Marginal Workers Classified by Industrial Category, Age and Sex for Scheduled Tribes, 2011 - Odisha"
840,Monthly Power Generation - March,"Ministry of Power, Central Electricity Authority",Power Generation,6,"REGION ID,MONTH,REGION,STATE,SECTOR,CATEGORY,FUEL,UTILITY,STATION,INSTALLED CAPACITY,PROGRAM GENERATION,ACTUAL GENERATION",Monthly Power Generation - March 2009 | Monthly Power Generation - March 2010 | Monthly Power Generation - March 2011
823,State-wise Data of First Spring Census,Ministry of Jal Shakti,First census of Springs,6,"spring_id,state,district,sector,block,sub_district,village,town,ward,sno_spring,lat,long,elevation,local_nomenclature,spring_type,spring_nature,newly_emerged,muddy_discharge,cleanliness,ownership,chamber_tank,pipe_water_supply,discharge_measured,number_outlets,Outlet_1_volume_litre,Outlet_1_duration_min_sec,outlet_1_discharge_lpm,Outlet_2_volume_litre,Outlet_2_duration_min_sec,outlet_2_discharge_lpm,Outlet_3_volume_litre,Outlet_3_duration_min_sec,outlet_3_discharge_lpm,Outlet_4_volume_litre,Outl",State-wise Data of First Spring Census - Bihar | State-wise Data of First Spring Census - Karnataka | State-wise Data of First Spring Census - Kerala
767,Grievance addressed area wise : Rajkot : As on,"Ministry of Housing and Urban Affairs, Smart Cities Mission, Gujarat, Rajkot",Rajkot Municipal Corporation - Grievance Details,6,"City Name,Zone Name,Ward Name,Department,Grivence Addressed",Grievance addressed area wise : Rajkot : As on 2012 | Grievance addressed area wise : Rajkot : As on 2014 | Grievance addressed area wise : Rajkot : As on 2015
842,Monthly Power Generation - November,"Ministry of Power, Central Electricity Authority",Power Generation,6,"REGION ID,MONTH,REGION,STATE,SECTOR,CATEGORY,FUEL,UTILITY,STATION,INSTALLED CAPACITY,PROGRAM GENERATION,ACTUAL GENERATION",Monthly Power Generation - November 2008 | Monthly Power Generation - November 2009 | Monthly Power Generation - November 2010
1055,"State-wise Number, Membership and Financial Position of State Co-operative Banks",Ministry of Statistics and Programme Implementation,Number / Membership / Financial Position of Central Co-operative Banks,6,"State/Union Territory,Membership  Societies,Membership  Individuals,Share capital,Reserves,Deposits,Borrowings from  Govt.,Borrowings from  RBI/NABARD,Borrowings from  Others,Borrowings  Total,Total working Capital,Loans issued during the year","State-wise Number, Membership and Financial Position of State Co-operative Banks during 2008-09 | State-wise Number, Membership and Financial Position of State Co-operative Banks during 2009-10 | State-wise Number, Membership and Financial Position of State Co-operative Banks during 2010-11"
836,Monthly Power Generation - February,"Ministry of Power, Central Electricity Authority",Power Generation,6,"REGION ID,MONTH,REGION,STATE,SECTOR,CATEGORY,FUEL,UTILITY,STATION,INSTALLED CAPACITY,PROGRAM GENERATION,ACTUAL GENERATION",Monthly Power Generation - February 2009 | Monthly Power Generation - February 2011 | Monthly Power Generation - February 2012
830,Monthly Coal Statement of Thermal Power Stations,"Ministry of Power, Central Electricity Authority",Coal Statement of Thermal Power Stations,6,"Sl. No.,Thermal Power Station TPS,Zone,Installed Capacity MW,Monthly Allocation from CIL/SCCL,Opening Stocks,Receipt  CIL,Receipt  SCCL,Receipt  Captive,Receipt  EAuction,Receipt  Import,Receipt  Others,Receipt  Total,Receipt  % Receipt w.r.t. Alloted Coal,Consumption  Domestic,Consumption  Imported,Consumption  Total Consumption,Closing Stocks",Monthly Coal Statement of Thermal Power Stations for November 2023 | Monthly Coal Statement of Thermal Power Stations for October 2023 | Monthly Coal Statement of Thermal Power Stations for September 2023
835,Monthly Power Generation - December,"Ministry of Power, Central Electricity Authority",Power Generation,6,"REGION ID,MONTH,REGION,STATE,SECTOR,CATEGORY,FUEL,UTILITY,STATION,INSTALLED CAPACITY,PROGRAM GENERATION,ACTUAL GENERATION",Monthly Power Generation - December 2008 | Monthly Power Generation - December 2009 | Monthly Power Generation - December 2010
55,"Share of milk production by cows, buffaloes and goats"," Ministry of Fisheries, Animal Husbandry and Dairying,Department of Animal Husbandry and Dairying",State/UT-wise estimates of Milk Production,5,"S. No.,States/UTs,Cow Milk  CB,Cow Milk  ND,Cow Milk  Total,Buffalo Milk,Goat Milk,Total","Share of milk production by cows, buffaloes and goats during 2008-09 | Share of milk production by cows, buffaloes and goats during 2009-10 | Share of milk production by cows, buffaloes and goats during 2010-11"
965,Physical Performance of SRTUs,Ministry of Road Transport and Highways,Physical Performance of SRTUs,5,"S.No.,Name of SRTU ,Avg. Fleet Held Number,Avg Fleet Operated Number,Avg Age of Fleet Yrs,% of Overaged vehicles to total Fleet,Revenue Earning KMS Lakhs,Staff Strength Number,Fuel Efficiency Km/litre of HSD,Passenger KMS Offered Lakhs,Passenger KMS Performed Lakhs,Passenger Carried Lakhs,No.of Accidents  ,No. of Fatal Accidents",Physical Performance of SRTUs for the year 2004-05 | Physical Performance of SRTUs for the year 2005-06 | Physical Performance of SRTUs for the year 2006-07
302,Water quality of medium & minor rivers,"Ministry of Environment, Forest and Climate Change, Central Pollution Control Board",Water Quality in India - 2014,5,"STATION CODE,LOCATIONS,STATE,TEMPERATURE C   Min,TEMPERATURE C   Max,TEMPERATURE C   Mean,D.O. mg/l   Min    4 mg/l,D.O. mg/l   Max    4 mg/l,D.O. mg/l   Mean    4 mg/l,pH   Min   6.58.5,pH   Max   6.58.5,pH   Mean   6.58.5,CONDUCTIVITY mhos/cm   Min,CONDUCTIVITY mhos/cm   Max,CONDUCTIVITY mhos/cm   Mean,B.O.D. mg/l   Min    3 mg/l,B.O.D. mg/l   Max    3 mg/l,B.O.D. mg/l   Mean    3 mg/l,NITRATE N NITRITEN mg/l   Min,NITRATE N NITRITEN mg/l   Max,NITRATE N NITRITEN mg/l   Mean,FECAL COLIFORM MPN","Water quality of medium & minor rivers in Goa - 2014 | Water quality of medium & minor rivers in Haryana, Himachal Pradesh, Punjab, Rajasthan & Madhya Pradesh - 2014 | Water quality of medium & minor rivers in Kerala - 2014"
50,State/ Union Territory-wise Disposition of Fish Catch," Ministry of Fisheries, Animal Husbandry and Dairying,Department of Animal Husbandry and Dairying",Production and Disposals - Fisheries Statistics 2014,5,"S.No.,State / Union Territory,Marketing fresh,Freezing,Curing,Canning,Reduction,Misc. Purposes,Offal for reduction,Unspecified,Others,Total",State/ Union Territory-wise Disposition of Fish Catch during 2008 | State/ Union Territory-wise Disposition of Fish Catch during 2009 | State/ Union Territory-wise Disposition of Fish Catch during 2010
56,State/UT-wise Estimates of Milk Production," Ministry of Fisheries, Animal Husbandry and Dairying,Department of Animal Husbandry and Dairying",State/UT-wise estimates of Milk Production,5,"State/UTs,Cow Milk CD,Cow Milk ND,Cow Milk Total,Buffalo Milk,Goat Milk,Total",State/UT-wise Estimates of Milk Production during 2007-08 | State/UT-wise Estimates of Milk Production during 2008-09 | State/UT-wise Estimates of Milk Production during 2009-10
779,Surat Water Meter Charges Ward wise Collection Vs Demand Statistics for FY,"Ministry of Housing and Urban Affairs, Smart Cities Mission, Gujarat, Surat",Water Revenue Data : Surat,5,"City_Name,Zone_Name,Ward_Name,Ward_No,Residential_Collection_in_Cr,Residential_Demand_in_Cr,Commercial_Collection_in_Cr,Commercial_Demand_in_Cr,Industrial_Collection_in_Cr,Industrial_Demand_in_Cr",Surat Water Meter Charges Ward wise Collection Vs Demand Statistics for FY-2013-14 | Surat Water Meter Charges Ward wise Collection Vs Demand Statistics for FY-2014-15 | Surat Water Meter Charges Ward wise Collection Vs Demand Statistics for FY-2015-16
61,6th Minor Irrigation Census - Surface Lift,"Department of Water Resources, River Development & Ganga Rejuvenation","6th Minor Irrigation Census - Village Schedule, Ground Water Schemes, Surface Water Schemes",5,"state_name,district_name,block_tehsil_name,village_name,enumeration_date,s_no_of_scheme,scheme_type_name,ref_scheme_type_surface_flow_name,ref_scheme_type_surface_lift_name,ref_scheme_owner_name,individual_owner_name,khasra_number,total_owners_holding,ref_scheme_owner_social_status_name,gender_name,commissioning_period_display,scheme_construction_cost,scheme_machinery_cost,scheme_maintainence_cost,finance_source_name,finance_source_name2,construction_subsidy,machinery_subsidy,scheme_status_name,",6th Minor Irrigation Census - Surface Lift - KARNATAKA | 6th Minor Irrigation Census - Surface Lift - MADHYA PRADESH | 6th Minor Irrigation Census - Surface Lift - MAHARASHTRA
824,Second Census of Water Bodies,Ministry of Jal Shakti,Second Census of Water Bodies ,5,"serial_no,rural_or_urban,state_name,district_name,block_tehsil_name,town_municipality_name,village_name,ward_name,serial_number,water_body_present_sac_data,unique_id,water_body_name,basin_name,sub_basin_name,water_body_type,nature_of_storage,khasra_number,latitude,longitude,water_body_location,ownership,water_body_in_use,water_body_uses_1,water_body_uses_2,water_body_uses_3,cca_water_body,ipc_water_body,not_in_use_reason,water_body_nature,manmade_water_body_type,construction_year,construction_co",Second Census of Water Bodies - Assam | Second Census of Water Bodies - Bihar | Second Census of Water Bodies - Delhi 
945,Number of Registered Motor Vehicles (Transport & Non-Transport),Ministry of Road Transport and Highways,Motor Transport Statistics: 1997-1998,5,"Type,Vehicles Category,Type of Vehicles,Newly registered199697,Newly registered199798,Total registered 199697,Note of Total registered 199697,Total registered 199798",Number of Registered Motor Vehicles (Transport & Non-Transport) Andhra Pradesh from 1996-97 to 1997-1998 | Number of Registered Motor Vehicles (Transport & Non-Transport) Karnataka from 1996-97 to 1997-1998 | Number of Registered Motor Vehicles (Transport & Non-Transport) Kerala from 1996-97 to 1997-1998
1,"State & UT-wise Milk Production by Cows, Buffaloes & Goats"," Ministry of Fisheries, Animal Husbandry and Dairying,Department of Animal Husbandry and Dairying",Basic Animal Husbandry Survey - 2015,5,"S. No.,States/UTs,Cow Milk  Exotic/CB,Cow Milk  IND/ND,Cow Milk  Total,Buffalo Milk,Goat Milk,Total","State & UT-wise Milk Production by Cows, Buffaloes & Goats during 2009-10 | State & UT-wise Milk Production by Cows, Buffaloes & Goats during 2010-11 | State & UT-wise Milk Production by Cows, Buffaloes & Goats during 2011-12"
968,Total Registered Motor Vehicles categorized as Transport and Non Transport in Million Plus Cities,Ministry of Road Transport and Highways,Registered Motor Vehicles In Million Plus Cities,5,"Million Plus Cities,TRANSPORTMultiaxled/ Articulated Vehicles/ Trucks and Lorries,TRANSPORTLight Motor Vehicle Goods,TRANSPORTBuses,TRANSPORTTaxis,TRANSPORTLight Motor Vehicle Passenger,Total Transport,NONTRANSPORTTwo Wheelers,NONTRANSPORTCars,NONTRANSPORTJeeps,NONTRANSPORTOmni Buses,NONTRANSPORTTractors,NONTRANSPORTTrailers,NONTRANSPORTOthers,Total Non Transport,Grand Total Transport  NonTransport",Total Registered Motor Vehicles categorized as Transport and Non Transport in Million Plus Cities of India as on 31st March 2010 | Total Registered Motor Vehicles categorized as Transport and Non Transport in Million Plus Cities of India as on 31st March 2011 | Total Registered Motor Vehicles categorized as Transport and Non Transport in Million Plus Cities of India as on 31st March 2007
49,State/ Union Territory-wise Preserved and Processed Commodities," Ministry of Fisheries, Animal Husbandry and Dairying,Department of Animal Husbandry and Dairying",Production and Disposals - Fisheries Statistics 2014,5,"S.No.,State / Union Territory,Tuna Frozen,Marine Fish Frozen,Fish Dried Unsalted,Fish Dried  Salted or smoked,Shark fins Dried Salted etc.,Crab Meat Frozen,Frozen Whole cooked Lobster,Frozen Lobster tails,Shrimp  Prawn Frozen,Freeze Dried Shrimp,Dried Prawn/ Shrimp,Frozen Cuttlefish fillets,Frozen Squids,Dried Squids,Canned Fish,Canned Shrimp/ Prawn,Fish body oil,Fish meals soluble or similar feedings,Pomfret Frozen,Tunas frozen,Mackerels frozen,Jellyfish dried salted or in brine,Miscellaneous,T",State/ Union Territory-wise Preserved and Processed Commodities during 2008 | State/ Union Territory-wise Preserved and Processed Commodities during 2009 | State/ Union Territory-wise Preserved and Processed Commodities during 2010
299,Water quality of medium & minor rivers,"Ministry of Environment, Forest and Climate Change, Central Pollution Control Board",Water Quality in India - 2013,5,"STATION CODE,LOCATIONS,STATE,TEMPERATURE C   Min,TEMPERATURE C   Max,TEMPERATURE C   Mean,D.O. mg/l   Min    4 mg/l,D.O. mg/l   Max    4 mg/l,D.O. mg/l   Mean    4 mg/l,pH   Min   6.58.5,pH   Max   6.58.5,pH   Mean   6.58.5,CONDUCTIVITY mhos/cm   Min,CONDUCTIVITY mhos/cm   Max,CONDUCTIVITY mhos/cm   Mean,B.O.D. mg/l   Min    3 mg/l,B.O.D. mg/l   Max    3 mg/l,B.O.D. mg/l   Mean    3 mg/l,NITRATE N NITRITEN mg/l   Min,NITRATE N NITRITEN mg/l   Max,NITRATE N NITRITEN mg/l   Mean,FECAL COLIFORM MPN",Water quality of medium & minor rivers in Goa - 2013 | Water quality of medium & minor rivers in Maharashtra - 2013 | Water quality of medium & minor rivers in Kerala - 2013
810,7th Minor Irrigation Census - Village Schedule,Ministry of Jal Shakti,"7th Minor Irrigation Census - Village Schedule, Ground Water Schemes, Surface Water Schemes",5,"serial_no,state,district,block_tehsil,village,enumeration_date,village_type,covered_by_major_medium_scheme,major_medium_scheme_name,geographical_area,cultivable_area,net_sown_area,gross_irrigated_area_kharif_season,gross_irrigated_area_rabi_season,gross_irrigated_area_perennial_crop,gross_irrigated_area_other_season,gross_irrigated_area_total,net_irrigated_area,avg_ground_water_level_pre_monsoon,avg_ground_water_level_post_monsoon,users_association_wua_exists,pond,tank,lake,reservoirs,water_cons",7th Minor Irrigation Census - Village Schedule - Assam | 7th Minor Irrigation Census - Village Schedule - Bihar | 7th Minor Irrigation Census - Village Schedule - Delhi
305,Issuance of VISA to Various Foreign Nationals against Various Categories of VISAs,"Ministry of Home Affairs, Department of Home",Issuance of VISA to Various Foreign Nationals against Various Categories of VISAs,4,"COUNTRY,MISSION,VISA ISSUE DATE,EMPLOYMENT VISA,TOURIST VISA,BUSINESS VISA,CONFERENCE VISA,BUS VISA INDSPOUSE,BUSINESS VISA TRANSFER,DIPLOMATIC VISA,DIPLOMATIC DEPENDANT VISA,EMPLOYMENT VISA INDSPOUSE,ENTRY VISA,MEDICAL VISA,MEDICAL ATTENDENT VISA,MISSIONARY VISA,PILGRIMAGE VISA,RESEARCH VISA,PROJECT VISA,TRANSIT VISA,VISIT VISA,ART SURROGACY,LONG TERM VISA TRANSFER,STUDENT VISA",Issuance of VISA to Various Foreign Nationals against Various Categories of VISAs in 2013 | Issuance of VISA to Various Foreign Nationals against Various Categories of VISAs in 2012 | Issuance of VISA to Various Foreign Nationals against Various Categories of VISAs in 2011
770,Death Cause : Rajkot,"Ministry of Housing and Urban Affairs, Smart Cities Mission, Gujarat, Rajkot",Rajkot Municipal Corporation : Birth and Death,4,"City,Cause of Death,Gender,Less than 1 year,14 years,514 years,1524 years,2534 years,3544 years,4554 years,5564 years,6569 years,above 70 years ,Total",Death Cause : Rajkot : 2010 | Death Cause : Rajkot : 2011 | Death Cause : Rajkot : 2017
957,Number of Registered Motor Vehicles (Transport & Non-Transport),Ministry of Road Transport and Highways,Motor Transport Statistics: 2001-2002,4,"Type,Vehicles Category,Type of Vehicles,Newly registered200001 ,Newly registered200102,Total registered 200001 ,Total registered 200102",Number of Registered Motor Vehicles (Transport & Non-Transport) Andhra Pradesh from 2000-01 to 2001-02 | Number of Registered Motor Vehicles (Transport & Non-Transport) Chhattisgarh from 2000-01 to 2001-02 | Number of Registered Motor Vehicles (Transport & Non-Transport) Jharkhand from 2000-01 to 2001-02
953,Number of Registered Motor Vehicles (Transport) &( Non-Transport) - UT,Ministry of Road Transport and Highways,Motor Transport Statistics: 1999-2000,4,"Vehicles Category,Type of Vehicles,Newly registered199899,Newly registered 19992000,Total registered 199899,Total registered 19992000",Number of Registered Motor Vehicles (Transport) &( Non-Transport) - UT: Andaman and Nicobar Islands from 1998-99 to 1999-2000 | Number of Registered Motor Vehicles (Transport) &( Non-Transport) - UT: Dadra and Nagar Haveli from 1998-99 to 1999-2000 | Number of Registered Motor Vehicles (Transport) &( Non-Transport) - UT: Lakshadweep from 1998-99 to 1999-2000
51,Inland Fish Landings by Species by States/ Union Territories," Ministry of Fisheries, Animal Husbandry and Dairying,Department of Animal Husbandry and Dairying",Production and Disposals - Fisheries Statistics 2014,4,"S.No,States/UTs,Major Carps Catla Rohu Mrigal and Calbasu,Minor Carp,Exotic Carpsu Common silver and Grass Carp,Murrels Ophiocep  hauls spp.,Catfishes Wallago attu Pangasius bagarius,Other fresh water fishes,Others,Total",Inland Fish Landings by Species by States/ Union Territories during 2008 | Inland Fish Landings by Species by States/ Union Territories during 2009 | Inland Fish Landings by Species by States/ Union Territories during 2010
52,Marine Fish Landings by Species Coastal States and Union Territories," Ministry of Fisheries, Animal Husbandry and Dairying,Department of Animal Husbandry and Dairying",Production and Disposals - Fisheries Statistics 2014,4,"Sl. No.,Species,REGION NO. 57  INDIAN OCEAN EAST  A.P.,REGION NO. 57  INDIAN OCEAN EAST  Orissa,REGION NO. 57  INDIAN OCEAN EAST  T.N.,REGION NO. 57  INDIAN OCEAN EAST  W.B.,REGION NO. 57  INDIAN OCEAN EAST  A  N Islands,REGION NO. 57  INDIAN OCEAN EAST  Puducherry,REGION NO. 57  INDIAN OCEAN EAST  Total,REGION NO. 51  INDIAN OCEAN WEST  Gujarat,REGION NO. 51  INDIAN OCEAN WEST  Karnataka,REGION NO. 51  INDIAN OCEAN WEST  Kerala,REGION NO. 51  INDIAN OCEAN WEST  Maharashtra,REGION NO. 51  INDIAN",Marine Fish Landings by Species Coastal States and Union Territories during 2008 | Marine Fish Landings by Species Coastal States and Union Territories during 2009 | Marine Fish Landings by Species Coastal States and Union Territories during 2010
128,Class-wise Drop out rates,"Ministry of Education, Department of Higher Education",Dropout rate,4,"States/Union Territories,All Categories  Classes IV  Boys,All Categories  Classes IV  Girls,All Categories  Classes IV  Total,All Categories  Classes IVIII  Boys,All Categories  Classes IVIII  Girls,All Categories  Classes IVIII  Total,All Categories  Classes IX  Boys,All Categories  Classes IX  Girls,All Categories  Classes IX  Total,Scheduled Caste  Classes IV  Boys,Scheduled Caste  Classes IV  Girls,Scheduled Caste  Classes IV  Total,Scheduled Caste  Classes IVIII  Boys,Scheduled Caste  Class",Class-wise Drop out rates for 2008-09 | Class-wise Drop out rates for 2009-10 | Class-wise Drop out rates for 2010-11
296,Water quality of Medium and Minor rivers,"Ministry of Environment, Forest and Climate Change, Central Pollution Control Board",Status of Water Quality in India - 2008 and 2011,4,"Station Code,Water Quality,Locations,State Name,TEMPERATURE degree CentigradeMinimum,TEMPERATURE degree CentigradeMaximum,TEMPERATURE degree CentigradeMean,Dissolved OxygenD.O. mg/lMinimum,Dissolved OxygenD.O. mg/lMaximum,Dissolved OxygenD.O. mg/lMean,pHMinimum,pHMaximum,pHMean,CONDUCTIVITY mhos/cmMinimum,CONDUCTIVITY mhos/cmMaximum,CONDUCTIVITY mhos/cmMean,Biochemical oxygen demand B.O.D. mg/lMinimum,Biochemical oxygen demand B.O.D. mg/lMaximum,Biochemical oxygen demand B.O.D. mg/lMean,NITRATE ","Water quality of Medium and Minor rivers in Goa and Maharashtra - 2008 | Water quality of Medium and Minor rivers in Himachal Pradesh, Punjab, Haryana, Chandigarh and Rajasthan - 2008 | Water quality of Medium and Minor rivers in Kerala - 2008"
179,State/ UT and School-wise Pupil teacher ratio (PTR),"Ministry of Education, Department of Higher Education",Pupil teacher ratio (PTR),4,"States/Union Territories,Intermediate/Senior Secondary Schools,High/ Secondary Schools,Upper Primary Schools,Primary Schools,PrePrimary Schools",State/ UT and School-wise Pupil teacher ratio (PTR) for 2008-09 | State/ UT and School-wise Pupil teacher ratio (PTR) for 2009-10 | State/ UT and School-wise Pupil teacher ratio (PTR) for 2010-11
235,Percentage of trained teachers,"Ministry of Education, Department of Higher Education",Trained teacher,4,"States/Union Territories,Intermediate/ Senior Secondary Schools,High/ Secondary Schools,Upper Primary Schools,Primary Schools,PrePrimary Schools",Percentage of trained teachers for 2008-09 | Percentage of trained teachers for 2009-10 | Percentage of trained teachers for 2010-11
825,Water Quality Affected Habitations,Ministry of Jal Shakti,Water Quality Affected Habitations,4,"State Name,District Name,Block Name,Panchayat Name,Village Name,Habitation Name,Quality Parameter,Year",Water Quality Affected Habitations As On 1st April 2009 | Water Quality Affected Habitations As On 1st April 2010 | Water Quality Affected Habitations As On 1st April 2011
1095,Number of Indian Nationals Departures,Ministry of Tourism,Tourism Statistics of India,4,"Year,No. of Indian Nationals departures from India,Percentage change over the previous year",Number of Indian Nationals Departures India from 1991 to 2018 | Number of Indian Nationals Departures from India from 1991 to 2019 | Number of Indian Nationals Departures from India from 1991 to 2020
813,Basic Habitation Information,Ministry of Jal Shakti,Basic Habitation Information,4,"State Name,District Name,Block Name,Panchayat Name,Village Name,Habitation Name,SC Current Population,ST Current Population,GENERAL Current Population,SC Covered Population,ST Covered Population,GENERAL Covered Population,Status,SC Concentrated,ST Concentrated,Year",Basic Habitation Information As On 1st April 2009 | Basic Habitation Information As On 1st April 2010 | Basic Habitation Information As On 1st April 2011
1052,Money Rates,Ministry of Statistics and Programme Implementation,Money Rates in India,4,"Year,Reserve Bank Bank rate,Advance rate,Lending Rates,Call/Notice Money Rates",Money Rates in India upto 2013-14 | Money Rates in India upto 2014-15 | Money Rates in India from 2000-01 to 2015-16
812,7th Minor Irrigation Census - Ground Water Schedule,Ministry of Jal Shakti,"7th Minor Irrigation Census - Village Schedule, Ground Water Schemes, Surface Water Schemes",4,"serial_no,state_name,district_name,block_tehsil_name,village_name,latitude,longitude,s_no_of_scheme,scheme_type,dugwell_type,tubewell_type,ownership,khasra_number,location_particulars,total_owners_holding,social_status,gender,commissioning_year,scheme_depth,scheme_diameter,scheme_bore_depth,nearest_scheme_distance,construction_cost,machinery_cost,maintenance_cost,finance_source1,finance_source2,construction_subsidy,machinery_subsidy,scheme_status,not_in_use_years,status_reason_temporarily,status",7th Minor Irrigation Census - Ground Water Schedule - Assam | 7th Minor Irrigation Census - Ground Water Schedule - Bihar | 7th Minor Irrigation Census - Ground Water Schedule - Delhi
775,Surat Death Registration Data for Year,"Ministry of Housing and Urban Affairs, Smart Cities Mission, Gujarat, Surat",Mortality Rate : Surat,4,"ZoneName,Year,Month,Male,Female,Count",Surat Death Registration Data for Year 2016 | Surat Death Registration Data for Year 2017 | Surat Death Registration Data for Year 2018
811,7th Minor Irrigation Census - Surface Water Schedule,Ministry of Jal Shakti,"7th Minor Irrigation Census - Village Schedule, Ground Water Schemes, Surface Water Schemes",4,"serial_number,state,district,block_tehsil,village,latitude,longitude,s_no_of_scheme,scheme_type,scheme_type_surface_flow,scheme_type_surface_lift,ownership,khasra_number,total_owners_holding,scheme_owner_social_status,gender_name,commissioning_year,construction_cost,machinery_cost,maintainence_cost,finance_source1,finance_source2,construction_subsidy,machinery_subsidy,scheme_status,not_in_use_years,status_reason_temporarily,status_reason_permanently,water_distribution_method,lifting_device_type,",7th Minor Irrigation Census - Surface Water Schedule - Assam | 7th Minor Irrigation Census - Surface Water Schedule - Bihar | 7th Minor Irrigation Census - Surface Water Schedule - Ladakh
772,Marriage Registration Data : Rajkot,"Ministry of Housing and Urban Affairs, Smart Cities Mission, Gujarat, Rajkot",Rajkot Municipal Corporatoin : Marriage Registration Data,4,"Month,Registered Gujarati,Registered English,Registered Total,Registered Gujarati,Not Registered English,Not Registered Total,Total Registration",Marriage Registration Data : Rajkot : 2015 | Marriage Registration Data : Rajkot : 2017 | Marriage Registration Data : Rajkot : 2018
768,Rajkot Death Cause,"Ministry of Housing and Urban Affairs, Smart Cities Mission, Gujarat, Rajkot",Rajkot Municipal Corporation : Birth and Death,4,"City,Cause of Death,Gender,Less than 1,0104,0514,15  24,25  34,35  44,45  54,55  64,65  69,above 70 ,Total",Rajkot Death Cause 2012 | Rajkot Death Cause 2013 | Rajkot Death Cause 2014
774,Surat Birth Registration Data for Year,"Ministry of Housing and Urban Affairs, Smart Cities Mission, Gujarat, Surat",Mortality Rate : Surat,4,"ZoneName,Year,Month,Male,Female,Count",Surat Birth Registration Data for Year 2016 | Surat Birth Registration Data for Year 2017 | Surat Birth Registration Data for Year 2018
129,Drop out rates,"Ministry of Education, Department of Higher Education",Dropout rate,3,"Year,All Categories  Classes IV  Boys,All Categories  Classes IV  Girls,All Categories  Classes IV  Total,All Categories  Classes IVIII  Boys,All Categories  Classes IVIII  Girls,All Categories  Classes IVIII  Total,All Categories  Classes IX  Boys,All Categories  Classes IX  Girls,All Categories  Classes IX  Total,Scheduled Caste  Classes IV  Boys,Scheduled Caste  Classes IV  Girls,Scheduled Caste  Classes IV  Total,Scheduled Caste  Classes IVIII  Boys,Scheduled Caste  Classes IVIII  Girls,Sche",Drop out rates in India from 1960-61 to 2009-10 | Drop out rates in India from 1960-61 to 2010-11 | Drop out rates in India from 1960-61 to 2011-12
967,Total Registered Motor Vehicles categorized as Transport and Non Transport in Million Plus Cities,Ministry of Road Transport and Highways,Registered Motor Vehicles In Million Plus Cities,3,"METRO CITIES,TRANSPORTMultiaxled/ Articulated Vehicles/ Trucks and Lorries,TRANSPORTLight Motor Vehicle Goods,TRANSPORTBuses,TRANSPORTTaxis,TRANSPORTLight Motor Vehicle Passenger,Total Transport,NONTRANSPORTTwo Wheelers,NONTRANSPORTCars,NONTRANSPORTJeeps,NONTRANSPORTOmni Buses,NONTRANSPORTTractors,NONTRANSPORTTrailers,NONTRANSPORTOthers,Total Non Transport,Grand Total Transport  NonTransport",Total Registered Motor Vehicles categorized as Transport and Non Transport in Million Plus Cities of India as on 31st March 2005 | Total Registered Motor Vehicles categorized as Transport and Non Transport in Million Plus Cities of India as on 31st March 2003 | Total Registered Motor Vehicles categorized as Transport and Non Transport in Million Plus Cities of India as on 31st March 2002
701,State & UT-wise Incidence of Crimes Committed Against Women,"Ministry of Home Affairs, Department of States, National Crime Records Bureau (NCRB)",Crime in India - 1992,3,"SL. No.,State/UT,Rape,Kidnapping  Abduction,Dowry Deaths,Cruelty by Husband and Relatives,Molestation,Eveteasing,Total",State & UT-wise Incidence of Crimes Committed Against Women during 1990 | State & UT-wise Incidence of Crimes Committed Against Women during 1991 | State & UT-wise Incidence of Crimes Committed Against Women during 1992
1053,"Number, membership and financial position of central co-operative banks - State",Ministry of Statistics and Programme Implementation,Number / Membership / Financial Position of Central Co-operative Banks,3,"State/Union Territory,No. of Banks,Membership  Societies,Membership  Individuals,Share capital,Reserves,Deposits,Borrowings from  Govt.,Borrowings from  RBI/NABARD,Borrowings from  Others,Borrowings from  Total,Total working Capital,Loans issued during the year","Number, membership and financial position of central co-operative banks - State for 2008-09 | Number, membership and financial position of central co-operative banks - State for 2009-10 | Number, membership and financial position of central co-operative banks - State for 2010-11"
1054,"State-wise Number, Membership and Financial Position of Central Co-operative Banks",Ministry of Statistics and Programme Implementation,Number / Membership / Financial Position of Central Co-operative Banks,3,"State/UT,No. of Banks,Membership Actuals  Societies,Membership Actuals  Individuals,Share capital,Reserves,Deposits,Borrowings from  RBI/NABARD,Borrowings from  Govt.,Borrowings from  Others,Borrowings  Total,Total working Capital,Loans issued during the year","State-wise Number, Membership and Financial Position of Central Co-operative Banks during 2011-12 | State-wise Number, Membership and Financial Position of Central Co-operative Banks during 2012-13 | State-wise Number, Membership and Financial Position of Central Co-operative Banks during 2013-14"
702,"State & UT-wise Incidence (I), Rate (R) and Percentage Contribution to All India (P) of Crimes Committed Against Women","Ministry of Home Affairs, Department of States, National Crime Records Bureau (NCRB)",Crime in India - 1993,3,"SL. No.,State/UT,Estimated MidYear Population in Lakhs,Rape  Incidence I,Rape  Rate R,Rape  Percentage Cotribution to AllIndia P,Kidnapping  Abducting  Incidence I,Kidnapping  Abducting  Rate R,Kidnapping  Abducting  Percentage Cotribution to AllIndia P,Dowry Deaths  Incidence I,Dowry Deaths  Rate R,Dowry Deaths  Percentage Cotribution to AllIndia P,Torture Cruelty by Husband  His Relatives  Incidence I,Torture Cruelty by Husband  His Relatives  Rate R,Torture Cruelty by Husband  His Relatives  ","State & UT-wise Incidence (I), Rate (R) and Percentage Contribution to All India (P) of Crimes Committed Against Women during 1991 | State & UT-wise Incidence (I), Rate (R) and Percentage Contribution to All India (P) of Crimes Committed Against Women during 1992 | State & UT-wise Incidence (I), Rate (R) and Percentage Contribution to All India (P) of Crimes Committed Against Women during 1993"
218,Number of teachers by type of school,"Ministry of Education, Department of Higher Education",Teachers by type of school,3,"Year,Primary  Male,Primary  Female,Primary  Total,Upper Primary  Male,Upper Primary  Female,Upper Primary  Total,Secondary  Male,Secondary  Female,Secondary  Total,Senior Secondary  Male,Senior Secondary  Female,Senior Secondary  Total",Number of teachers by type of school from 1950-51 to 2009-10 | Number of teachers by type of school from 1950-51 to 2010-11 | Number of teachers by type of school for 2011-12
995,State/UT wise length of State Highways by type of surface,Ministry of Road Transport and Highways,State/UT wise length of State Highways by type of surface in India,3,"States/UTs,Total AB,SurfacedTotal A,SurfacedW.B.M.,SurfacedB.T./C.C,UnsurfacedTotal B,UnsurfacedMotorable,UnsurfacedNonMotorable",State/UT wise length of State Highways by type of surface in India as on 31st March 2009 | State/UT wise length of State Highways by type of surface in India as on 31st March 2010 | State/UT wise length of State Highways by type of surface in India as on 31st March 2011
994,State/UT wise length of Railway roads by type of surface,Ministry of Road Transport and Highways,State/UT wise length of Railway roads by type of surface in India,3,"States/UTs,Total AB,SurfacedTotal A,SurfacedW.B.M.,SurfacedB.T./C.C,UnsurfacedTotal B,UnsurfacedMotorable,UnsurfacedNonMotorable",State/UT wise length of Railway roads by type of surface in India as on 31st March 2009 | State/UT wise length of Railway roads by type of surface in India as on 31st March 2010 | State/UT wise length of Railway roads by type of surface in India as on 31st March 2011
993,State/UT wise length of Project roads by type of surface,Ministry of Road Transport and Highways,State/UT wise length of Project roads by type of surface in India,3,"States/UTs,Total AB,SurfacedTotal A,SurfacedW.B.M.,SurfacedB.T./C.C,UnsurfacedTotal B,UnsurfacedMotorable,UnsurfacedNonMotorable",State/UT wise length of Project roads by type of surface in India as on 31st March 2009 | State/UT wise length of Project roads by type of surface in India as on 31st March 2010 | State/UT wise length of Project roads by type of surface in India as on 31st March 2011
711,State/UT-wise Incidence of IPC Crimes Reported by GRP,"Ministry of Home Affairs, Department of States, National Crime Records Bureau (NCRB)",Crime in India - 2005,3,"States/ UTs,Murder,Attempt to Commit Murder,Culpable Homicide Not Amounting to Murder,Rape,Kidnapping  Abduction  Total,Kidnapping  Abduction  Women Girls,Kidnapping  Abduction  Others,Dacoity,Preparation  Assembly for Dacoity,Robbery,Burglary,Theft,Riots,Arson,Hurt,Causing Death by Negligence,Other IPC Crimes,Total IPC Crimes",State/UT-wise Incidence of IPC Crimes Reported by GRP during 2004 | State/UT-wise Incidence of IPC Crimes Reported by GRP during 2005 | State/UT-wise Incidence of IPC Crimes Reported by GRP during 2003
1056,"Number, membership and financial position of primary co-operative, agriculture & rural development banks - State",Ministry of Statistics and Programme Implementation,Number / Membership / Financial Position of Primary Co-operative Agriculture And Rural Development Banks,3,"State/Union Territory,SocietiesNo.,Membership 000 no.,Share capital,Reserves,Deposits,Borrowings,Working Capital,Loans issued during the year","Number, membership and financial position of primary co-operative, agriculture & rural development banks - State for 2008-09 | Number, membership and financial position of primary co-operative, agriculture & rural development banks - State for 2009-10 | Number, membership and financial position of primary co-operative, agriculture & rural development banks - State for 2010-11"
716,State/UT-wise Incidence of IPC Crimes reported by GRP,"Ministry of Home Affairs, Department of States, National Crime Records Bureau (NCRB)",Crime in India - 2010,3,"Sr. No.,Category,States/ UTs,Murder Sec 302 IPC,Attempt to Commit Murder Sec 307 IPC,CH. not Amounting to Murder Sec 304 308 IPC,Rape Sec 376 IPC,Kidnapping  Abduction Sec 363369 371373 IPC  Total,Kidnapping  Abduction Sec 363369 371373 IPC  Women  Girls,Kidnapping  Abduction Sec 363369 371373 IPC  Others,Dacoity Sec 395 398 IPC,Preparation  Assembly for Dacoity Sec 399402 IPC,Robbery Sec 392 394 397398 IPC,Burglary Sec 449 452 454 455 457460 IPC,Theft Sec 379382 IPC,Riots Sec 143145 147151 153 ",State/UT-wise Incidence of IPC Crimes reported by GRP during 2008 | State/UT-wise Incidence of IPC Crimes reported by GRP during 2009 | State/UT-wise Incidence of IPC Crimes reported by GRP during 2010
1057,"Number, membership and financial position of state co-operative, agriculture & rural development banks - State",Ministry of Statistics and Programme Implementation,Number / Membership / Financial Position of State Co-operative Agriculture And Rural Development Banks,3,"State/Union Territory,Membership no.  Primary Land development banks,Membership no.  Other banks and societies,Membership no.  Individuals,Total share capital,Total reserves,Deposits,Borrowings from  Debentures,Borrowings from  Govt.,Borrowings from  Cooperative banks,Borrowings from  Others,Borrowings from  Total,Total working Capital,Loans issued during the year","Number, membership and financial position of state co-operative, agriculture & rural development banks - State for 2008-09 | Number, membership and financial position of state co-operative, agriculture & rural development banks - State for 2009-10 | Number, membership and financial position of state co-operative, agriculture & rural development banks - State for 2010-11"
717,State/UT-wise Incidence of IPC Crimes reported by GRP,"Ministry of Home Affairs, Department of States, National Crime Records Bureau (NCRB)",Crime in India - 2011,3,"Sl. No.,State/UT,Murder Sec 302 IPC,Attempt to Commit Murder Sec 307 IPC,CH. not Amounting to Murder Sec 304 308 IPC,Rape Sec 376 IPC,Kidnapping  Abduction Sec 363369 371373 IPC  Total,Kidnapping  Abduction Sec 363369 371373 IPC  Women  Girls,Kidnapping  Abduction Sec 363369 371373 IPC  Others,Dacoity Sec 395398 IPC,Preparation  Assembly for Dacoity Sec 399402 IPC,Robbery Sec 392394 397398 IPC,Burglary Sec 449452 454 455 457460 IPC,Theft Sec 379382 IPC,Riots Sec 143145 147151 153 153A 153B 157 1",State/UT-wise Incidence of IPC Crimes reported by GRP during 2009 | State/UT-wise Incidence of IPC Crimes reported by GRP during 2010 | State/UT-wise Incidence of IPC Crimes reported by GRP during 2011
1058,"Number, membership and financial position of state co-operative banks - State",Ministry of Statistics and Programme Implementation,Number / Membership / Financial Position of State Co-operative Banks,3,"State/Union Territory/All India,Membership  Societies,Membership  Individuals,Share capital,Reserves,Deposits,Borrowings from  Govt.,Borrowings from  RBI/NABARD,Borrowings from  Others,Borrowings from  Total,Total working Capital,Loans issued during the year","Number, membership and financial position of state co-operative banks - State for 2008-09 | Number, membership and financial position of state co-operative banks - State for 2009-10 | Number, membership and financial position of state co-operative banks - State for 2010-11"
832,Monthly Coal Statement of Thermal Power Stations,"Ministry of Power, Central Electricity Authority",Coal Statement of Thermal Power Stations,3,"Region,Name of TPS ,Installed Capacity MW ,Monthly Allocation from CIL/SCCL in 000 Tonnes,Opening Stocks  in 000 Tonnes,Receipt  CIL/SCCL  in 000 Tonnes,Receipt  Captive  in 000 Tonnes,Receipt  EAuction  in 000 Tonnes,Receipt  Import  in 000 Tonnes,Receipt Total  in 000 Tonnes,% Receipt w.r.t. Alloted Coal,Total Consumption  in 000 Tonnes,Closing Stocks  in 000 Tonnes",Monthly Coal Statement of Thermal Power Stations for April 2017 | Monthly Coal Statement of Thermal Power Stations for May 2017 | Monthly Coal Statement of Thermal Power Stations for June 2017
771,Shop and Esta Statistical Details : Rajkot,"Ministry of Housing and Urban Affairs, Smart Cities Mission, Gujarat, Rajkot",Rajkot Municipal Corporation : Shop and Establishment,3,"City Name,Zone Name,Ward Name,No of Commercial License,NO of General License,No Of Hotel License,Amount  Commercial License,Amount  General License,Amount  Hotel License",Shop and Esta Statistical Details : Rajkot : 2014  | Shop and Esta Statistical Details : Rajkot : 2016 | Shop and Esta Statistical Details : Rajkot : 2017
1069,State Level Consumer Price Index (Rural/Urban) Up to December,Ministry of Statistics and Programme Implementation,State Level Consumer Price Index (Rural/Urban),3,"Sector,Year,Name,Jammu and Kashmir,Himachal Pradesh,Punjab,Chandigarh,Uttaranchal,Haryana,Delhi,Rajasthan,Uttar Pradesh,Bihar,Sikkim,Arunachal Pradesh,Nagaland,Manipur,Mizoram,Tripura,Meghalaya,Assam,West Bengal,Jharkhand,Orissa,Chattisgarh,Madhya Pradesh,Gujarat,Daman and Diu,Dadra and Nagar Haveli,Maharashtra,Andhra Pradesh,Karnataka,Goa,Lakshwadeep,Kerala,Tamil Nadu,Pondicherry,Andaman and Nicobar,Telangana,",State Level Consumer Price Index (Rural/Urban) Up to December 2014 | State Level Consumer Price Index (Rural/Urban) Up to December 2015 | State Level Consumer Price Index (Rural/Urban) Up to December 2016
158,Gross enrolment ratio (GER) for higher classes,"Ministry of Education, Department of Higher Education",Gross enrolment ratio (GER),3,"Year,All Categories  Classes IXX1415 Years  Boys,All Categories  Classes IXX1415 Years  Girls,All Categories  Classes IXX1415 Years  Total,All Categories  Classes IX615 Years  Boys,All Categories  Classes IX615 Years  Girls,All Categories  Classes IX615 Years  Total,All Categories  Classes XIXII1617 Years  Boys,All Categories  Classes XIXII1617 Years  Girls,All Categories  Classes XIXII1617 Years  Total,All Categories  Classes IXXII1417 Years  Boys,All Categories  Classes IXXII1417 Years  Girls,",Gross enrolment ratio (GER) for higher classes from 2001-02 to 2009-10 | Gross enrolment ratio (GER) for higher classes from 2001-02 to 2010-11 | Gross enrolment ratio (GER) for higher classes from 2001-02 to 2011-12
133,Enrolment in open school education of All categories students,"Ministry of Education, Department of Higher Education",Enrolment in school education,3,"States/Union Territories,All Categories  Secondary  Boys,All Categories  Secondary  Girls,All Categories  Secondary  Total,All Categories  Senior Secondary  Boys,All Categories  Senior Secondary  Girls,All Categories  Senior Secondary  Total,All Categories  Vocational  Boys,All Categories  Vocational  Girls,All Categories  Vocational  Total,All Categories  Total  Boys,All Categories  Total  Girls,All Categories  Total  Total,Scheduled Caste  Secondary  Boys,Scheduled Caste  Secondary  Girls,Sche",Enrolment in open school education of All categories students for 2008-09 | Enrolment in open school education of All categories students for 2009-10 | Enrolment in open school education of All categories students for 2010-11
989,State/UT wise length of Minor Port roads by type of surface,Ministry of Road Transport and Highways,State/UT wise length of Minor Port roads by type of surface in India,3,"States/UTs,Total AB,SurfacedTotal A,SurfacedW.B.M.,SurfacedB.T./C.C,UnsurfacedTotal B,UnsurfacedMotorable,UnsurfacedNonMotorable",State/UT wise length of Minor Port roads by type of surface in India as on 31st March 2009 | State/UT wise length of Minor Port roads by type of surface in India as on 31st March 2010 | State/UT wise length of Minor Port roads by type of surface in India as on 31st March 2011
778,Surat: Property Tax Ward wise Collection Vs Demand Statistics for FY,"Ministry of Housing and Urban Affairs, Smart Cities Mission, Gujarat, Surat",Property Tax Data : Surat,3,"City_Name,Zone_Name,Ward_Name,Ward_No,Residential_Collection_in_Cr,Residential_Demand_in_Cr,Commercial_Collection_in_Cr,Commercial_Demand_in_Cr,Industrial_Collection_in_Cr,Industrial_Demand_in_Cr",Surat: Property Tax Ward wise Collection Vs Demand Statistics for FY-2015-16 | Surat: Property Tax Ward wise Collection Vs Demand Statistics for FY-2016-17 | Surat: Property Tax Ward wise Collection Vs Demand Statistics for FY-2017-18
807,Household in Varanasi City : Census,"Ministry of Housing and Urban Affairs, Smart Cities Mission, Uttar Pradesh, Varanasi",City Profile:Varanasi City,3,"City Name,Zone Name,Ward Name,Ward No.,Total no. of Households,,,,,,,,,,,,,,,",Household in Varanasi City : Census 2011 | Household in Varanasi City : Census 2011 | Household in Varanasi City : Census 2011
1071,State Level Consumer Price Index (Rural/Urban) Up to January,Ministry of Statistics and Programme Implementation,State Level Consumer Price Index (Rural/Urban),3,"Sector,Year,Name,Jammu and Kashmir,Himachal Pradesh,Punjab,Chandigarh,Uttaranchal,Haryana,Delhi,Rajasthan,Uttar Pradesh,Bihar,Sikkim,Arunachal Pradesh,Nagaland,Manipur,Mizoram,Tripura,Meghalaya,Assam,West Bengal,Jharkhand,Orissa,Chattisgarh,Madhya Pradesh,Gujarat,Daman and Diu,Dadra and Nagar Haveli,Maharashtra,Andhra Pradesh,Karnataka,Goa,Lakshwadeep,Kerala,Tamil Nadu,Pondicherry,Andaman and Nicobar,Telangana,",State Level Consumer Price Index (Rural/Urban) Up to January 2015 | State Level Consumer Price Index (Rural/Urban) Up to January 2016 | State Level Consumer Price Index (Rural/Urban) Up to January 2017
992,State/UT wise length of Panchayati Raj roads by type of surface,Ministry of Road Transport and Highways,State/UT wise length of Panchayati Raj roads by type of surface in India,3,"States/UTs,Total AB,SurfacedTotal A,SurfacedW.B.M.,SurfacedB.T./C.C,UnsurfacedTotal B,UnsurfacedMotorable,UnsurfacedNonMotorable",State/UT wise length of Panchayati Raj roads by type of surface in India as on 31st March 2010 | State/UT wise length of Panchayati Raj roads by type of surface in India as on 31st March 2009 | State/UT wise length of Panchayati Raj roads by type of surface in India as on 31st March 2011
998,State/UT wise length of roads under Coal Mines Department by type of surface,Ministry of Road Transport and Highways,State/UT wise length of roads under Coal Mines Department by type of surface in India,3,"States/UTs,Total AB,SurfacedTotal A,SurfacedW.B.M.,SurfacedB.T./C.C,UnsurfacedTotal B,UnsurfacedMotorable,UnsurfacedNonMotorable",State/UT wise length of roads under Coal Mines Department by type of surface in India as on 31st March 2009 | State/UT wise length of roads under Coal Mines Department by type of surface in India as on 31st March 2010 | State/UT wise length of roads under Coal Mines Department by type of surface in India as on 31st March 2011
988,State/UT wise length of Military Engineering Service roads by type of surface,Ministry of Road Transport and Highways,State/UT wise length of Military Engineering Service roads by type of surface in India,3,"States/UTs,Total AB,SurfacedTotal A,SurfacedW.B.M.,SurfacedB.T./C.C,UnsurfacedTotal B,UnsurfacedMotorable,UnsurfacedNonMotorable",State/UT wise length of Military Engineering Service roads by type of surface in India as on 31st March 2009 | State/UT wise length of Military Engineering Service roads by type of surface in India as on 31st March 2010 | State/UT wise length of Military Engineering Service roads by type of surface in India as on 31st March 2011
1076,State Level Consumer Price Index (Rural/Urban),Ministry of Statistics and Programme Implementation,State Level Consumer Price Index (Rural/Urban),3,"Year, Name ,January,February,March,April,May,June,July,August,September,October,November,December,Latitude,Longitude",State Level Consumer Price Index (Rural/Urban) upto Dec 2012 | State Level Consumer Price Index (Rural/Urban) for 2011 | State Level Consumer Price Index (Rural/Urban) for 2011 and 2012
987,State/UT wise length of Major Port roads by type of surface,Ministry of Road Transport and Highways,State/UT wise length of Major Port roads by type of surface in India,3,"States/UTs,Total AB,SurfacedTotal A,SurfacedW.B.M.,SurfacedB.T./C.C,UnsurfacedTotal B,UnsurfacedMotorable,UnsurfacedNonMotorable",State/UT wise length of Major Port roads by type of surface in India as on 31st March 2009 | State/UT wise length of Major Port roads by type of surface in India as on 31st March 2010 | State/UT wise length of Major Port roads by type of surface in India as on 31st March 2011
1077,Statistics of Notes in Circulation,Ministry of Statistics and Programme Implementation,Statistics of notes in circulation,3,"Year Last Friday of March,Notes issued,Notes held in the banking deptt.,Notes in circulation,Reserve against note issue  Gold coin  bullion,Reserve against note issue  Rupee coin,Reserve against note issue  Goverment of India Rupee securities,Reserve against note issue  Foreign Securities",Statistics of Notes in Circulation in India from 2001 to 2015 | Statistics of Notes in Circulation in India from 2001 to 2016 | Statistics of Notes in Circulation in India from 2001 to 2017
1089,Domestic & Foreign Tourist Visits to States/UTs,Ministry of Tourism,Tourism Statistics of India,3,"Year,Tourist Visits  Domestic,Tourist Visits  Foreign,Annual Growth Rate  Domestic,Annual Growth Rate  Foreign","Domestic & Foreign Tourist Visits to States/UTs from 1991 to 2018 | Domestic & Foreign Tourist Visits to States/UTs from 1991 to 2020 | Domestic & Foreign Tourist Visits to States/UTs during 1991, 2001 & 2011-2021"
1092,International Tourist Arrivals in World,Ministry of Tourism,Tourism Statistics of India,3,"Year,World  Number in million,World  % Change,India  Number in million,India  % Change,Percentage Share of India,Rank of India","International Tourist Arrivals in World and India from 2000 to 2018 | International Tourist Arrivals in World and India from 2001 to 2019 | International Tourist Arrivals in World and India, 2001-2020"
285,Air Quality with respect to Ammonia(NH3) in air quality stations under National Air Quality Monitoring Programme (NAMP)in the year,"Ministry of Environment, Forest and Climate Change, Central Pollution Control Board",Ambient Air Quality with respect to Ammonia under National Air Quality Monitoring Programme (NAMP),3,"State,City,Location,Type of Area,Numbers of  monitoring days n,AmmoniaNH3  Annual average g/m3,Standard Deviation,Percentage exceedence24 hourly,Air Quality",Air Quality with respect to Ammonia(NH3) in air quality stations under National Air Quality Monitoring Programme (NAMP)in the year 2006 | Air Quality with respect to Ammonia(NH3) in air quality stations under National Air Quality Monitoring Programme (NAMP)in the year 2007 | Air Quality with respect to Ammonia(NH3) in air quality stations under National Air Quality Monitoring Programme (NAMP)in the year 2009
139,Number of female teachers per hundred male teachers,"Ministry of Education, Department of Higher Education",Female teachers per hundred male teachers,3,"States/Union Territories,Intermediate/ Senior Secondary Schools,High/ Secondary Schools,Upper Primary Schools,Primary Schools,PrePrimary Schools",Number of female teachers per hundred male teachers for 2008-09 | Number of female teachers per hundred male teachers for 2009-10 | Number of female teachers per hundred male teachers for 2010-11
1001,State/UT wise length of roads under Irrigation Department by type of surface,Ministry of Road Transport and Highways,State/UT wise length of roads under Irrigation Department by type of surface in India,3,"States/UTs,Total AB,SurfacedTotal A,SurfacedW.B.M.,SurfacedB.T./C.C,UnsurfacedTotal B,UnsurfacedMotorable,UnsurfacedNonMotorable",State/UT wise length of roads under Irrigation Department by type of surface in India as on 31st March 2009 | State/UT wise length of roads under Irrigation Department by type of surface in India as on 31st March 2010 | State/UT wise length of roads under Irrigation Department by type of surface in India as on 31st March 2011
287,Air Quality with respect to Nitrogen dioxide(NO2) in air quality stations under National Air Quality Monitoring Programme (NAMP)in the year,"Ministry of Environment, Forest and Climate Change, Central Pollution Control Board",Ambient Air Quality with respect to Nitrogen Dioxide under National Air Quality Monitoring Programme (NAMP),3,"State,City,Location,Type,Numbers of  monitoring days n,Nitrogen DioxideNO2  Annual average g/m3,Standard Deviation,Percentage exceedence24 hourly,Air Quality",Air Quality with respect to Nitrogen dioxide(NO2) in air quality stations under National Air Quality Monitoring Programme (NAMP)in the year 2006 | Air Quality with respect to Nitrogen dioxide(NO2) in air quality stations under National Air Quality Monitoring Programme (NAMP)in the year 2007 | Air Quality with respect to Nitrogen dioxide(NO2) in air quality stations under National Air Quality Monitoring Programme (NAMP)in the year 2009
982,Road length by categories and by type of surface,Ministry of Road Transport and Highways,Road length by categories and by type of surface in India,3,"India/Category,Total,SurfacedTotal A,SurfacedW.B.M.,SurfacedB.T./C.C,UnsurfacedTotal B,UnsurfacedMotorable,UnsurfacedNonMotorable",Road length by categories and by type of surface in India as on 31st March 2009 | Road length by categories and by type of surface in India as on 31st March 2010 | Road length by categories and by type of surface in India as on 31st March 2011
289,Air Quality with respect to Sulfur dioxide(SO2) in air quality stations under National Air Quality Monitoring Programme (NAMP)in the year,"Ministry of Environment, Forest and Climate Change, Central Pollution Control Board",Ambient Air Quality with respect to Sulfur Dioxide under National Air Quality Monitoring Programme (NAMP),3,"State,City,Station,Type,Numbers of  monitoring days n,Sulfur DioxideSO2  Annual average g/m3,Standard Deviation,Percentage exceedence24 hourly,Air Quality",Air Quality with respect to Sulfur dioxide(SO2) in air quality stations under National Air Quality Monitoring Programme (NAMP)in the year 2006 | Air Quality with respect to Sulfur dioxide(SO2) in air quality stations under National Air Quality Monitoring Programme (NAMP)in the year 2007 | Air Quality with respect to Sulfur dioxide(SO2) in air quality stations under National Air Quality Monitoring Programme (NAMP)in the year 2009
290,City and type of station wise ambient air quality,"Ministry of Environment, Forest and Climate Change, Central Pollution Control Board",City and location wise ambient air quality,3,"State,City,Sulfur dioxideSO2Air Quality in Industrial Areas,Sulfur dioxideSO2Air Quality in Residential Areas,Nitrogen dioxideNO2Air Quality in Industrial Areas,Nitrogen dioxideNO2Air Quality in Residential Areas,Respirable Suspended Particulate MatterRSPMAir Quality in Industrial Areas,Respirable Suspended Particulate MatterRSPMAir Quality in Residential Areas,Suspended Particulate MatterSPMAir Quality in Industrial Areas,Suspended Particulate MatterSPMAir Quality in Residential Areas",City and type of station wise ambient air quality for the year 2006 | City and type of station wise ambient air quality for the year 2007 | City and type of station wise ambient air quality for the year 2008
1002,State/UT wise length of roads under SAIL and NMDC by type of surface,Ministry of Road Transport and Highways,State/UT wise length of roads under SAIL and NMDC by type of surface in India,3,"States/UTs,Total AB,SurfacedTotal A,SurfacedW.B.M.,SurfacedB.T./C.C,UnsurfacedTotal B,UnsurfacedMotorable,UnsurfacedNonMotorable",State/UT wise length of roads under SAIL and NMDC by type of surface in India as on 31st March 2009 | State/UT wise length of roads under SAIL and NMDC by type of surface in India as on 31st March 2010 | State/UT wise length of roads under SAIL and NMDC by type of surface in India as on 31st March 2011
217,Number of teachers in various types of schools,"Ministry of Education, Department of Higher Education",Teachers by type of school,3,"States/Union Territories,Intermediate/Senior Secondary Schools  Men,Intermediate/Senior Secondary Schools  Women,Intermediate/Senior Secondary Schools  Total,High/Secondary Schools  Men,High/Secondary Schools  Women,High/Secondary Schools  Total,Upper Primary Schools  Men,Upper Primary Schools  Women,Upper Primary Schools  Total,Primary Schools  Men,Primary Schools  Women,Primary Schools  Total,PrePrimary Schools  Men,PrePrimary Schools  Women,PrePrimary Schools  Total",Number of teachers in various types of schools for 2008-09 | Number of teachers in various types of schools for 2009-10 | Number of teachers in various types of schools for 2010-11
1003,State/UT wise length of roads under Sugarcane Authority by type of surface,Ministry of Road Transport and Highways,State/UT wise length of roads under Sugarcane Authority by type of surface in India,3,"States/UTs,Total AB,SurfacedTotal A,SurfacedW.B.M.,SurfacedB.T./C.C,UnsurfacedTotal B,UnsurfacedMotorable,UnsurfacedNonMotorable",State/UT wise length of roads under Sugarcane Authority by type of surface in India as on 31st March 2009 | State/UT wise length of roads under Sugarcane Authority by type of surface in India as on 31st March 2010 | State/UT wise length of roads under Sugarcane Authority by type of surface in India as on 31st March 2011
180,Pupil teacher ratio (PTR) and Number of female teachers per 100 male teachers,"Ministry of Education, Department of Higher Education",Pupil teacher ratio (PTR),3,"Year,Pupil Teacher Ratio Primary,Pupil Teacher Ratio Upper Primary,Pupil Teacher Ratio Secondary,Pupil Teacher Ratio Senior Secondary,Number of Female Teachers per 100 Male Teachers Primary,Number of Female Teachers per 100 Male Teachers Upper Primary,Number of Female Teachers per 100 Male Teachers Secondary,Number of Female Teachers per 100 Male Teachers Senior Secondary",Pupil teacher ratio (PTR) and Number of female teachers per 100 male teachers from 1950-51 to 2009-10 | Pupil teacher ratio (PTR) and Number of female teachers per 100 male teachers from 1950-51 to 2010-11 | Pupil teacher ratio (PTR) and Number of female teachers per 100 male teachers from 1950-51 to 2011-12
980,Category-wise Number of Newly Registered and Total Registered Motor Vehicles,Ministry of Road Transport and Highways,Road Transport Year Book: 2015-16,3,"Type,Category,Type of Vehicles,Newly Registered  201516,Total Registered as on 31st March  2016,Note of Total Registered as on 31st March  2016",Category-wise Number of Newly Registered and Total Registered Motor Vehicles in Punjab during 2015-16 | Category-wise Number of Newly Registered and Total Registered Motor Vehicles in Chandigarh during 2015-16 | Category-wise Number of Newly Registered and Total Registered Motor Vehicles in Delhi during 2015-16
964,Physical Performance of SRTUs,Ministry of Road Transport and Highways,Physical Performance of SRTUs,3,"S.No.,Name of State Road Transport Undertaking SRTU,Avg. Fleet Held Number ,Avg Fleet Operated Number    ,Avg Age of Fleet Years  ,Over aged vehicles %,Revenue Earning Kilometres Lakhs ,Staff Strength Number,Fuel Efficiency Km/litre of HSD,  Passenger Kilometres Offered Lakhs ,Passenger KMS Performed Lakhs,Passenger Carried Lakhs,Number of Accidents  , Number of Fatal Accidents   ",Physical Performance of SRTUs for the year 2009-10 | Physical Performance of SRTUs for the year 2010-11 | Physical Performance of SRTUs for the year 2011-12
185,Number of school education institutions,"Ministry of Education, Department of Higher Education",School education institutions,3,"Year,Primary Schools,Upper Primary Schools,High/ Secondary Schools,Intermediate/ Senior Secondary Schools,Total Schools",Number of school education institutions in India from 1950-51 to 2009-10 | Number of school education institutions in India from 1950-51 to 2010-11 | Number of school education institutions in India from 1950-51 to 2011-12
1004,State/UT wise surfaced length of State Highways in India by width,Ministry of Road Transport and Highways,State/UT wise surfaced length of State Highways in India by width,3,"States/UTs,Grand Total,Water Bound MacadumTotal,Water Bound MacadumBSSL,Water Bound MacadumSSL,Water Bound MacadumSDL,Water Bound MacadumSML,Black Top/Cement ConcreteTotal,Black Top/Cement ConcreteBSSL,Black Top/Cement ConcreteSSL,Black Top/Cement ConcreteSDL,Black Top/Cement ConcreteSML",State/UT wise surfaced length of State Highways in India by width as on 31st March 2009 | State/UT wise surfaced length of State Highways in India by width as on 31st March 2010 | State/UT wise surfaced length of State Highways in India by width as on 31st March 2011
1034,Employment in Insurance,Ministry of Statistics and Programme Implementation,Employment In Insurance sector,3,"Year,Life Insurance,General Insurance,Total",Employment in Insurance upto 2012-13 | Employment in Insurance from 2000-01 to 2013-14 | Employment in Insurance from 2000-01 to 2015-16
297,Water quality of Lake & Pond,"Ministry of Environment, Forest and Climate Change, Central Pollution Control Board",Status of Water Quality in India - 2012,3,"STATION CODE,LOCATIONS,STATE,TEMPERATURE in degree Centigrade  Min,TEMPERATURE in degree Centigrade  Max,TEMPERATURE in degree Centigrade  Mean,D.O. mg/l  4 mg/l  Min,D.O. mg/l  4 mg/l  Max,D.O. mg/l  4 mg/l  Mean,pH 6.58.5  Min,pH 6.58.5  Max,pH 6.58.5  Mean,CONDUCTIVITY mhos/cm  Min,CONDUCTIVITY mhos/cm  Max,CONDUCTIVITY mhos/cm  Mean,B.O.D. mg/l  3 mg/l  Min,B.O.D. mg/l  3 mg/l  Max,B.O.D. mg/l  3 mg/l  Mean,NITRATE N NITRITEN mg/l  Min,NITRATE N NITRITEN mg/l  Max,NITRATE N NITRITEN mg/l  Me","Water quality of Lake & Pond In Goa, Gujarat, Madhya Pradesh, Chhattisgarh & Rajasthan  - 2012 | Water quality of Lake & Pond In Chandigarh, Delhi, Haryana, Himachal Pradesh, Jammu & Kashmir, Punjab, Uttar Pradesh & Uttarakhand - 2012 | Water quality of Lake & Pond  In Bihar, Jharkhand, Orissa & West Bengal - 2012"
301,Water quality of lake & pond,"Ministry of Environment, Forest and Climate Change, Central Pollution Control Board",Water Quality in India - 2014,3,"STATION CODE,LOCATIONS,STATE,TEMPERATURE C  Min,TEMPERATURE C  Max,TEMPERATURE C  Mean,D.O. mg/l  Min   4 mg/l,D.O. mg/l  Max   4 mg/l,D.O. mg/l  Mean   4 mg/l,pH  Min  6.58.5,pH  Max  6.58.5,pH  Mean  6.58.5,CONDUCTIVITY mhos/cm  Min,CONDUCTIVITY mhos/cm  Max,CONDUCTIVITY mhos/cm  Mean,B.O.D. mg/l  Min   3 mg/l,B.O.D. mg/l  Max   3 mg/l,B.O.D. mg/l  Mean   3 mg/l,NITRATE N NITRITEN mg/l  Min,NITRATE N NITRITEN mg/l  Max,NITRATE N NITRITEN mg/l  Mean,FECAL COLIFORM MPN/100ml  Min   2500 MPN/100m","Water quality of lake & pond in Chandigarh, Delhi, Haryana, Himachal Pradesh, Jammu & Kashmir, Punjab, Uttar Pradesh & Uttarakhand - 2014 | Water quality of lake & pond in Goa, Gujarat, Madhya Pradesh, Chhattisgarh & Rajasthan - 2014 | Water quality of lake & pond in Bihar, Jharkhand , Odisha & West Bengal - 2014"
853,Total and Surfaced Road Length by Categories,Ministry of Road Transport and Highways,Basic Road Statistics of India : 2013-14 and 2014-15,3,"Sl No,India/Category,SubCategory,Total,Surfaced",Total and Surfaced Road Length by Categories in India as on 31st March 2014 | Total and Surfaced Road Length by Categories in India as on 31st March 2015 | Total and Surfaced Road Length by Categories in India as on 31st March 2013
897,Financial Performance of SRTUs,Ministry of Road Transport and Highways,Financial Performance of SRTUs,3,"S.No.,Name of State Road Transport Undertaking SRTU,Total Revenue          ,Total Cost                     ,Staff Costs  ,Fuel  Lubricant Costs  Rs. Lakhs,Cost of Tyres  Tubes ,Cost of Spares,Interest ,Depreciation  ,Taxes,Other Cost",Financial Performance of SRTUs for the year 2009-10 | Financial Performance of SRTUs for the year 2010-11 | Financial Performance of SRTUs for the year 2011-12
906,Rate of Casualities in Motor Vehicle Accidents,Ministry of Road Transport and Highways,Motor Transport Statistics: 1970-71,3,"Category Col.1,State/ Union Territory Col.2,Total casualities Col.3,No. of persons killed Col.4,No. of persons injured Col.5,Casualities per hundred Accidents  Total Col.6,Casualities per hundred Accidents  Persons killed Col.7,Casualities per hundred Accidents  Persons injured Col.8",Rate of Casualities in Motor Vehicle Accidents during 1969 | Rate of Casualities in Motor Vehicle Accidents during 1970 | Rate of Casualities in Motor Vehicle Accidents during 1971
908,Motor Vehicle Accidents by Nature of Accidents,Ministry of Road Transport and Highways,Motor Transport Statistics: 1970-71,3,"Category Col. 1,State/ Union Territory Col. 2,Total Col. 3,Collision with  Other Motor Vehicles Col. 4,Collision with  Cyclists Col. 5,Collision with  Cycle rickshaws Col. 6,Collision with  Bullock Carts etc. Col. 7,Collision with  Pedestrians Col. 8,Collision with  Animals Col. 9,Collision with  Trees Col. 10,Collision with  Trains Col. 11,Other kinds of Accidents Col. 12",Motor Vehicle Accidents by Nature of Accidents during 1969 | Motor Vehicle Accidents by Nature of Accidents during 1970 | Motor Vehicle Accidents by Nature of Accidents during 1971
909,Motor Vehicle Accidents by Time of Day,Ministry of Road Transport and Highways,Motor Transport Statistics: 1970-71,3,"Category Col. 1,State/ Union Territory Col. 2,Total Col. 3,Day Light Col. 4,Darkness Col. 5,Time not known Col. 6",Motor Vehicle Accidents by Time of Day during 1969 | Motor Vehicle Accidents by Time of Day during 1970 | Motor Vehicle Accidents by Time of Day during 1971
935,State-wise Newly Resistred Motor Vehicles,Ministry of Road Transport and Highways,Motor Transport Statistics: 1989-91,3,"Category,States/ Uts,All Vehicles,Two Wheelers,Three Wheelers  Passengers,Three Wheelers  Goods,Cars,Jeeps,Taxis,Buses,Trucks,Tractors,Trailers,Others",State-wise Newly Resistred Motor Vehicles in India during 1990-91 | State-wise Newly Resistred Motor Vehicles in India during 1989-90 | State-wise Newly Resistred Motor Vehicles in India during 1988-89
936,State-wise Total Registered (Taxed and Tax Exempted) Motor Vehicles,Ministry of Road Transport and Highways,Motor Transport Statistics: 1989-91,3,"Category,States/ Uts,All Vehicles,Two Wheelers,Three Wheelers  Passengers,Three Wheelers  Goods,Cars,Jeeps,Taxis,Buses,Trucks,Tractors,Trailers,Others",State-wise Total Registered (Taxed and Tax Exempted) Motor Vehicles in India as on 31st March 1991 | State-wise Total Registered (Taxed and Tax Exempted) Motor Vehicles in India as on 31st March 1990 | State-wise Total Registered (Taxed and Tax Exempted) Motor Vehicles in India as on 31st March 1989
937,Category-wise Total Registered (Taxed and Tax-Exempted) Motor Vehicles in Metropolitan Cities,Ministry of Road Transport and Highways,Motor Transport Statistics: 1989-91,3,"Metropolitan Cities,All Vehicles,Two Wheelers,Three Wheelers  Passengers,Three Wheelers  Goods,Cars,Jeeps,Taxis,Buses,Trucks,Tractors,Trailers,Others",Category-wise Total Registered (Taxed and Tax-Exempted) Motor Vehicles in Metropolitan Cities of India as on 31st March 1991 | Category-wise Total Registered (Taxed and Tax-Exempted) Motor Vehicles in Metropolitan Cities of India as on 31st March 1990 | Category-wise Total Registered (Taxed and Tax-Exempted) Motor Vehicles in Metropolitan Cities of India as on 31st March 1989
938,State/ UT-wise Total Registered (Taxed and Tax-Exempted) Motor Vehicles,Ministry of Road Transport and Highways,Motor Transport Statistics: 1990-91,3,"Category,State/ UTs,All Vehicles,Two Wheelers,Three Wheelers  Passengers,Three Wheelers  Goods,Cars,Jeeps,Taxis,Buses,Trucks,Tractors,Trailers,Others,Note of Three Wheelers  Goods,Note of Jeeps,Note of Trailers",State/ UT-wise Total Registered (Taxed and Tax-Exempted) Motor Vehicles in India As on 31st March 1991 | State/ UT-wise Total Registered (Taxed and Tax-Exempted) Motor Vehicles in India As on 31st March 1990 | State/ UT-wise Total Registered (Taxed and Tax-Exempted) Motor Vehicles in India As on 31st March 1989
1005,State/UT wise surfaced length of other PWD roads by width,Ministry of Road Transport and Highways,State/UT wise surfaced length of other PWD roads by width in India,3,",States/UTs,Grand Total,Water Bound MacadumTotal,Water Bound MacadumBSSL,Water Bound MacadumSSL,Water Bound MacadumSDL,Water Bound MacadumSML,Black Top/Cement ConcreteTotal,Black Top/Cement ConcreteBSSL,Black Top/Cement ConcreteSSL,Black Top/Cement ConcreteSDL,Black Top/Cement ConcreteSML",State/UT wise surfaced length of other PWD roads by width in India as on 31st March 2009 | State/UT wise surfaced length of other PWD roads by width in India as on 31st March 2010 | State/UT wise surfaced length of other PWD roads by width in India as on 31st March 2011
941,Newly Registered Motor Vehicles in India State-wise,Ministry of Road Transport and Highways,Motor Transport Statistics: 1995,3,"STATE/Uts,Note of States /Uts,All Vehicles,Transport VehiclesThree Wheelers Passengers ,Transport VehiclesThree Wheelers  Goods,Transport VehiclesTaxis,Transport VehiclesBuses,Transport VehiclesTrucks,NonTransport VehicleTwo Wheelers,NonTransport VehicleCars,NonTransport VehicleJeeps,NonTransport VehicleTractors,NonTransport VehicleTrailers,NonTransport VehicleOther",Newly Registered Motor Vehicles in India State-wise During 1991-92 | Newly Registered Motor Vehicles in India State-wise During 1992-93 | Newly Registered Motor Vehicles in India State-wise During 1993-94
942,Total Registered (Taxed and Tax-Exempted) Motor Vehicles in Metropolitan cities of India (Category-wise),Ministry of Road Transport and Highways,Motor Transport Statistics: 1995,3,"Metropolitan 1,All Vehicles 2,Two Wheelers 3,Three Wheelers Passengers 4,Three Wheelers Goods 5,Cars 6,Jeeps 7,Taxis 8,Buses 9,Trucks 10,Tractors 11,Trailers 12, Other 13",Total Registered (Taxed and Tax-Exempted) Motor Vehicles in Metropolitan cities of India (Category-wise) as on 31st March 1992 | Total Registered (Taxed and Tax-Exempted) Motor Vehicles in Metropolitan cities of India (Category-wise) as on 31st March 1993 | Total Registered (Taxed and Tax-Exempted) Motor Vehicles in Metropolitan cities of India (Category-wise) as on 31st March 1994
944,Number of Registered Motor Vehicles (Transport & Non-Transport),Ministry of Road Transport and Highways,Motor Transport Statistics: 1997-1998,3,"Type,Vehicles Category,Type of Vehicles,Newly registered199697,Note of Newly registered199697,Newly registered199798 ,Note of Newly registered199798 ,Total registered 199697,Note of Total registered 199697,Total registered 199798 ,Note of Total registered 199798 ",Number of Registered Motor Vehicles (Transport & Non-Transport) Tamil Nadu from 1996-97 to 1997-1998 | Number of Registered Motor Vehicles (Transport & Non-Transport) West Bengal from 1996-97 to 1997-1998 | Number of Registered Motor Vehicles (Transport & Non-Transport) Delhi from 1996-97 to 1997-1998
950,Number of Registered Motor Vehicles (Transport) &( Non-Transport) - UT,Ministry of Road Transport and Highways,Motor Transport Statistics: 1999-2000,3,"Vehicles Category,Type of Vehicles,Newly registered199899,Newly registered 19992000,Total registered 199899,Note of Total registered 199899,Total registered 19992000,Note of Total registered 19992000",Number of Registered Motor Vehicles (Transport) &( Non-Transport) - UT: Chandigarh from 1998-99 to 1999-2000 | Number of Registered Motor Vehicles (Transport) &( Non-Transport) - UT: Daman & Diu from 1998-99 to 1999-2000 | Number of Registered Motor Vehicles (Transport) &( Non-Transport) - UT: Delhi from 1998-99 to 1999-2000
132,Enrolment in school education,"Ministry of Education, Department of Higher Education",Enrolment in school education,3,"Year,All Categories  Class IV  Boys,All Categories  Class IV  Girls,All Categories  Class IV  Total,All Categories  Class VIVIII  Boys,All Categories  Class VIVIII  Girls,All Categories  Class VIVIII  Total,All Categories  Class IXX  Boys,All Categories  Class IXX  Girls,All Categories  Class IXX  Total,All Categories  Class XIXII  Boys,All Categories  Class XIXII  Girls,All Categories  Class XIXII  Total,Scheduled Caste Category  Class IV  Boys,Scheduled Caste Category  Class IV  Girls,Schedule",Enrolment in school education from 1950-51 to 2009-10 | Enrolment in school education from 1950-51 to 2010-11 | Enrolment in school education from 1950-51 to 2011-12
263,State/UT-wise Number of Schools by Level of School Education,"Ministry of Education, Department of School Education and Literacy",Unified District Information System for Education Plus (UDISE Plus),3,"India/State/UT,Total,Primary,Upper Primary,Secondary,Higher Secondary",State/UT-wise Number of Schools by Level of School Education during 2021-22 | State/UT-wise Number of Schools by Level of School Education during 2020-21 | State/UT-wise Number of Schools by Level of School Education during 2022-23
707,"State & UT-wise Incidence (I), Rate (R) and Percentage Contribution to All-India (P) of Crimes Committed Against Scheduled Castes","Ministry of Home Affairs, Department of States, National Crime Records Bureau (NCRB)",Crime in India - 1995,3,"SL. No. ,Category, State/UT,Estimated MidYear Population,Murder  Incidence I,Murder  Rate R,Murder  Percentage Contribution to AllIndia P,Hurt  Incidence I,Hurt  Rate R,Hurt  Percentage Contribution to AllIndia P,Rape  Incidence I,Rape  Rate R,Rape  Percentage Contribution to AllIndia P,Kidnapping  Abduction  Incidence I,Kidnapping  Abduction  Rate R,Kidnapping  Abduction  Percentage Contribution to AllIndia P,Dacoity  Incidence I,Dacoity  Rate R,Dacoity  Percentage Contribution to AllIndia P,Ro","State & UT-wise Incidence (I), Rate (R) and Percentage Contribution to All-India (P) of Crimes Committed Against Scheduled Castes during 1994 | State & UT-wise Incidence (I), Rate (R) and Percentage Contribution to All-India (P) of Crimes Committed Against Scheduled Castes during 1995 | State & UT-wise Incidence (I), Rate (R) and Percentage Contribution to All-India (P) of Crimes Committed Against Scheduled Castes during 1994"
991,State/UT wise length of National Highways by type of lane,Ministry of Road Transport and Highways,State/UT wise length of National Highways by type of lane in India,3,"States/UTs,Total Length,Single/ Intermediate Lane Length,TwoLane,FourLane and above",State/UT wise length of National Highways by type of lane in India as on 31st March 2009 | State/UT wise length of National Highways by type of lane in India as on 31st March 2010 | State/UT wise length of National Highways by type of lane in India as on 31st March 2011
997,State/UT wise length of other PWD roads by type of surface,Ministry of Road Transport and Highways,State/UT wise length of other PWD roads by type of surface in India,3,"States/UTs,Total AB,SurfacedTotal A,SurfacedW.B.M.,SurfacedB.T./C.C,UnsurfacedTotal B,UnsurfacedMotorable,UnsurfacedNonMotorable",State/UT wise length of other PWD roads by type of surface in India as on 31st March 2009 | State/UT wise length of other PWD roads by type of surface in India as on 31st March 2010 | State/UT wise length of other PWD roads by type of surface in India as on 31st March 2011
219,Post wise sanctioned strength and teaching staff in position,"Ministry of Education, Department of Higher Education",Teaching Staff (AISHE Survey),2,"Name of Institution,ViceChancellor  SS,ViceChancellor  IP,Director  SS,Director  IP,Pro ViceChancellor  SS,Pro ViceChancellor  IP,Principal  SS,Principal  IP,Professor and Equivalent  SS,Professor and Equivalent  IP,Associate Professor  SS,Associate Professor  IP,Additional Professor  SS,Additional Professor  IP,Reader  SS,Reader  IP,Lecturer Selection Grade  SS,Lecturer Selection Grade  IP,Assistant Professor  SS,Assistant Professor  IP,Lecturer Senior Scale  SS,Lecturer Senior Scale  IP,Lectur",Post wise sanctioned strength and teaching staff in position - 2011-2012 | Post wise sanctioned strength and teaching staff in position - 2012-2013
706,"State & UT-wise Incidence(I), Rate(R) and Percentage Contribution To All-India (P) of Crimes Committed Against Scheduled Tribes","Ministry of Home Affairs, Department of States, National Crime Records Bureau (NCRB)",Crime in India - 1995,2,"SL. No.,Category,State/UT/City,Estimated MidYear Population In Lakhs,Murder  Incidence,Murder  Rate,Murder  Percentage Contribution to AllIndia,Hurt  Incidence,Hurt  Rate,Hurt  Percentage Contribution to AllIndia,Rape  Incidence,Rape  Rate,Rape  Percentage Contribution to AllIndia,Kidnapping  Abduction  Incidence,Kidnapping  Abduction  Rate,Kidnapping  Abduction  Percentage Contribution to AllIndia,Dacoity  Incidence,Dacoity  Rate,Dacoity  Percentage Contribution to AllIndia,Robbery  Incidence,R","State & UT-wise Incidence(I), Rate(R) and Percentage Contribution To All-India (P) of Crimes Committed Against Scheduled Tribes during 1994 | State & UT-wise Incidence(I), Rate(R) and Percentage Contribution To All-India (P) of Crimes Committed Against Scheduled Tribes during 1995"
109,Programme and category-wise male and female student enrolment at integrated level for university,Ministry of Education,Study Programmes & Discipline (AISHE Survey),2,"Programme,Dicipline Group,Dicipline Name,CasteCategory  Total  Male,CasteCategory  Total  Female,CasteCategory  SC  Male,CasteCategory  SC  Female,CasteCategory  ST  Male,CasteCategory  ST  Female,CasteCategory  OBC  Male,CasteCategory  OBC  Female,Out of Total  PWD  Male,Out of Total  PWD  Female,Out of Total  Muslim  Male,Out of Total  Muslim  Female,Out of Total  Other Minority Communities  Male,Out of Total  Other Minority Communities  Female,Out of Total  Foreign Students  Male,Out of Total",Programme and category-wise male and female student enrolment at integrated level for university - 2011-2012 | Programme and category-wise male and female student enrolment at integrated level for university - 2012-2013
34,Details of sheep by age and sex in rural and urban combined for exotic crossbred and indigenous," Ministry of Fisheries, Animal Husbandry and Dairying,Department of Animal Husbandry and Dairying",Details of Sheep by Age and Sex in Rural and Urban combined for Exotic Crossbred and Indigenous (Livestock Census),2,"SNo.,District,Exotic / Crossbred Sheep  Male  Under 1 year,Exotic / Crossbred Sheep  Male  1 Year and Above,Exotic / Crossbred Sheep  Male  Total,Exotic / Crossbred Sheep  Female  Under 1 year,Exotic / Crossbred Sheep  Female  1 Year and Above,Exotic / Crossbred Sheep  Female  Total,Total Exotic / Crossbred Sheep,Indigenous Sheep  Male  Under 1 year,Indigenous Sheep  Male  1 Year and Above,Indigenous Sheep  Male  Total Indigenous Sheep,Indigenous Sheep  Female  Under 1 year,Indigenous Sheep  Fem",Details of sheep by age and sex in rural and urban combined for exotic crossbred and indigenous for Uttarakhand - 2012 | Details of sheep by age and sex in rural and urban combined for exotic crossbred and indigenous for West Bengal - 2012
36,Details of yaks by age and sex rural and urban combined," Ministry of Fisheries, Animal Husbandry and Dairying,Department of Animal Husbandry and Dairying",Details of Yaks by Age and Sex Rural and Urban combined (Livestock Census),2,"SNo.,District,Under 3 Years  Male,Under 3 Years  Female,Under 3 Years  Total,3 Years and Above  Male,3 Years and Above  Female,3 Years and Above  Total,Total Yaks",Details of yaks by age and sex rural and urban combined for Uttarakhand - 2012 | Details of yaks by age and sex rural and urban combined for West Bengal - 2012
99,State wise pupil-teacher ratio,Ministry of Education,Pupil Teacher Ratio (AISHE Survey),2,"State Name,Student Enrolment  Male,Student Enrolment  Female,Student Enrolment  Total,Teaching Staff Excluding Visiting Teacher  Male,Teaching Staff Excluding Visiting Teacher  Female,Teaching Staff Excluding Visiting Teacher  Total,PTR Equal to 4/7",State wise pupil-teacher ratio - 2011-2012 | State wise pupil-teacher ratio - 2012-2013
100,Institution wise number of students getting scholarship,Ministry of Education,Scholarship (AISHE Survey),2,"Name of Institution,CasteCategory  Total  Male,CasteCategory  Total  Female,CasteCategory  SC  Male,CasteCategory  SC  Female,CasteCategory  ST  Male,CasteCategory  ST  Female,CasteCategory  OBC  Male,CasteCategory  OBC  Female,Out of Total  PWD  Male,Out of Total  PWD  Female,Out of Total  Muslim  Male,Out of Total  Muslim  Female,Out of Total  Other Minority Communities  Male,Out of Total  Other Minority Communities  Female",Institution wise number of students getting scholarship - 2011-2012 | Institution wise number of students getting scholarship - 2012-2013
30,Details of pigs by age and sex in rural and urban combined for exotic crossbred and indigenous," Ministry of Fisheries, Animal Husbandry and Dairying,Department of Animal Husbandry and Dairying",Details of Pigs by age and sex in Rural and Urban combined for Exotic Crossbred and Indigenous (Livestock Census),2,"SNo.,District,Exotic / Crossbred Pigs  Male  Under 6 Months,Exotic / Crossbred Pigs  Male  6 Months and Above,Exotic / Crossbred Pigs  Male  Total,Exotic / Crossbred Pigs  Female  Under 6 Months,Exotic / Crossbred Pigs  Female  6 Months and Above,Exotic / Crossbred Pigs  Female  Total,Total Exotic / Crossbred Pigs,Indigenous Pigs  Male  Under 6 Months,Indigenous Pigs  Male  6 Months and Above,Indigenous Pigs  Male  Total,Indigenous Pigs  Female  Under 6 Months,Indigenous Pigs  Female  6 Months a",Details of pigs by age and sex in rural and urban combined for exotic crossbred and indigenous for Uttarakhand - 2012 | Details of pigs by age and sex in rural and urban combined for exotic crossbred and indigenous for West Bengal - 2012
101,State wise number of students getting scholarship,Ministry of Education,Scholarship (AISHE Survey),2,"State,CasteCategory  Total  Male,CasteCategory  Total  Female,CasteCategory  SC  Male,CasteCategory  SC  Female,CasteCategory  ST  Male,CasteCategory  ST  Female,CasteCategory  OBC  Male,CasteCategory  OBC  Female,Out of Total  PWD  Male,Out of Total  PWD  Female,Out of Total  Muslim  Male,Out of Total  Muslim  Female,Out of Total  Other Minority Communities  Male,Out of Total  Other Minority Communities  Female",State wise number of students getting scholarship - 2011-2012 | State wise number of students getting scholarship - 2012-2013
102,Programme and year wise student enrolment for college,Ministry of Education,Study Programmes & Discipline (AISHE Survey),2,"Programme,1st Year Enrolment  Male,1st Year Enrolment  Female,1st Year Enrolment  Total,2nd Year Enrolment  Male,2nd Year Enrolment  Female,2nd Year Enrolment  Total,3rd Year Enrolment  Male,3rd Year Enrolment  Female,3rd Year Enrolment  Total,4th Year Enrolment  Male,4th Year Enrolment  Female,4th Year Enrolment  Total,5th Year Enrolment  Male,5th Year Enrolment  Female,5th Year Enrolment  Total,6th Year Enrolment  Male,6th Year Enrolment  Female,6th Year Enrolment  Total,7th Year Enrolment  Ma",Programme and year wise student enrolment for college - 2011-2012 | Programme and year wise student enrolment for college - 2012-2013
29,Details of pigs by age and sex in rural and urban combined for exotic crossbred and indigenous," Ministry of Fisheries, Animal Husbandry and Dairying,Department of Animal Husbandry and Dairying",Details of Pigs by age and sex in Rural and Urban combined for Exotic Crossbred and Indigenous (Livestock Census),2,"SNo.,District,Pigs  Exotic / Crossbred  Male Under 6 Months,Pigs  Exotic / Crossbred  Male 6 Months  Above,Pigs  Exotic / Crossbred  Male Total,Pigs  Exotic / Crossbred  Female Under 6 Months,Pigs  Exotic / Crossbred  Female 6 Months  Above,Pigs  Exotic / Crossbred  Female Total,Pigs  Exotic / Crossbred  Total,District,Pigs  Indigenous  Male Under 6 Months,Pigs  Indigenous  Male 6 Months  Above,Pigs  Indigenous  Male Total,Pigs  Indigenous  Female Under 6 Months,Pigs  Indigenous  Female 6 Months",Details of pigs by age and sex in rural and urban combined for exotic crossbred and indigenous for Andhra Pradesh - 2012 | Details of pigs by age and sex in rural and urban combined for exotic crossbred and indigenous for Karnataka - 2012
103,Programme and year wise student enrolment for standalone,Ministry of Education,Study Programmes & Discipline (AISHE Survey),2,"Programme,1st Year Enrolment  Male,1st Year Enrolment  Female,1st Year Enrolment  Total,2nd Year Enrolment  Male,2nd Year Enrolment  Female,2nd Year Enrolment  Total,3rd Year Enrolment  Male,3rd Year Enrolment  Female,3rd Year Enrolment  Total,4th Year Enrolment  Male,4th Year Enrolment  Female,4th Year Enrolment  Total,5th Year Enrolment  Male,5th Year Enrolment  Female,5th Year Enrolment  Total,6th Year Enrolment  Male,6th Year Enrolment  Female,6th Year Enrolment  Total,7th Year Enrolment  Ma",Programme and year wise student enrolment for standalone - 2011-2012 | Programme and year wise student enrolment for standalone - 2012-2013
104,Programme and year wise student enrolment for university,Ministry of Education,Study Programmes & Discipline (AISHE Survey),2,"Programme,1st Year Enrolment  Male,1st Year Enrolment  Female,1st Year Enrolment  Total,2nd Year Enrolment  Male,2nd Year Enrolment  Female,2nd Year Enrolment  Total,3rd Year Enrolment  Male,3rd Year Enrolment  Female,3rd Year Enrolment  Total,4th Year Enrolment  Male,4th Year Enrolment  Female,4th Year Enrolment  Total,5th Year Enrolment  Male,5th Year Enrolment  Female,5th Year Enrolment  Total,6th Year Enrolment  Male,6th Year Enrolment  Female,6th Year Enrolment  Total,7th Year Enrolment  Ma",Programme and year wise student enrolment for university - 2011-2012 | Programme and year wise student enrolment for university - 2012-2013
105,Programme and year wise student enrolment- all,Ministry of Education,Study Programmes & Discipline (AISHE Survey),2,"Programme,1st Year Enrolment  Male,1st Year Enrolment  Female,1st Year Enrolment  Total,2nd Year Enrolment  Male,2nd Year Enrolment  Female,2nd Year Enrolment  Total,3rd Year Enrolment  Male,3rd Year Enrolment  Female,3rd Year Enrolment  Total,4th Year Enrolment  Male,4th Year Enrolment  Female,4th Year Enrolment  Total,5th Year Enrolment  Male,5th Year Enrolment  Female,5th Year Enrolment  Total,6th Year Enrolment  Male,6th Year Enrolment  Female,6th Year Enrolment  Total,7th Year Enrolment  Ma",Programme and year wise student enrolment- all - 2011-2012 | Programme and year wise student enrolment- all - 2012-2013
28,Details of mules and donkeys by age and sex in rural and urban combined areas," Ministry of Fisheries, Animal Husbandry and Dairying,Department of Animal Husbandry and Dairying",Details of Mules and Donkeys by age and sex in Rural and Urban combined Areas (Livestock Census),2,"S No.,District,Mules  Under 3 year,Mules  3 Year and Above,Mules  Total Mules,Donkeys  Male  Under 3 year,Donkeys  Male  3 Year and Above,Donkeys  Male  Total,Donkeys  Female  Under 3 year,Donkeys  Female  3 Year and Above,Donkeys  Female  Total,Donkeys  Total Donkeys",Details of mules and donkeys by age and sex in rural and urban combined areas for Uttarakhand - 2012 | Details of mules and donkeys by age and sex in rural and urban combined areas for West Bengal - 2012
106,Programme and category-wise male and female student enrolment at integrated level for all education institution,Ministry of Education,Study Programmes & Discipline (AISHE Survey),2,"Programme,Dicipline Group,Dicipline Name,CasteCategory  Total  Male,CasteCategory  Total  Female,CasteCategory  SC  Male,CasteCategory  SC  Female,CasteCategory  ST  Male,CasteCategory  ST  Female,CasteCategory  OBC  Male,CasteCategory  OBC  Female,Out of Total  PWD  Male,Out of Total  PWD  Female,Out of Total  Muslim  Male,Out of Total  Muslim  Female,Out of Total  Other Minority Communities  Male,Out of Total  Other Minority Communities  Female,Out of Total  Foreign Students  Male,Out of Total",Programme and category-wise male and female student enrolment at integrated level for all education institution - 2011-2012 | Programme and category-wise male and female student enrolment at integrated level for all education institution - 2012-2013
21,"Details of horses & ponies by age, sex and use in rural and urban combined"," Ministry of Fisheries, Animal Husbandry and Dairying,Department of Animal Husbandry and Dairying","Details of Horses & Ponies by Age, Sex and Use in Rural and Urban combined (Livestock Census)",2,"S No.,District,Male  Under 3 Year,Male  3 Year and Above  Used for Cart and Carriage,Male  3 Year and Above  Used for Sport,Male  Total,Female  Under 3 Year,Female  3 Year and Above,Female  Total,Total Horses and Ponies","Details of horses & ponies by age, sex and use in rural and urban combined for Uttarakhand - 2012 | Details of horses & ponies by age, sex and use in rural and urban combined for West Bengal - 2012"
25,Details of mithun by age and sex in urban and rural combined," Ministry of Fisheries, Animal Husbandry and Dairying,Department of Animal Husbandry and Dairying",Details of Mithun by Age and Sex in Urban and rural combined (Livestock Census),2,"S No.,District,Under 3 Years  Male,Under 3 Years  Female,Under 3 Years  Total,3 Years and Above  Male,3 Years and Above  Female,3 Years and Above  Total,Total Mithuns",Details of mithun by age and sex in urban and rural combined for Uttarakhand - 2012 | Details of mithun by age and sex in urban and rural combined for West Bengal - 2012
108,Programme and category-wise male and female student enrolment at integrated level for standalone institutions,Ministry of Education,Study Programmes & Discipline (AISHE Survey),2,"Programme,Dicipline Group,Dicipline Name,CasteCategory  Total  Male,CasteCategory  Total  Female,CasteCategory  SC  Male,CasteCategory  SC  Female,CasteCategory  ST  Male,CasteCategory  ST  Female,CasteCategory  OBC  Male,CasteCategory  OBC  Female,Out of Total  PWD  Male,Out of Total  PWD  Female,Out of Total  Muslim  Male,Out of Total  Muslim  Female,Out of Total  Other Minority Communities  Male,Out of Total  Other Minority Communities  Female,Out of Total  Foreign Students  Male,Out of Total",Programme and category-wise male and female student enrolment at integrated level for standalone institutions - 2011-2012 | Programme and category-wise male and female student enrolment at integrated level for standalone institutions - 2012-2013
134,Enrolment in school education of All categories students,"Ministry of Education, Department of Higher Education",Enrolment in school education,2,"States/Union Territories,PrePrimary  Boys,PrePrimary  Girls,PrePrimary  Total,Class I  Boys,Class I  Girls,Class I  Total,Class II  Boys,Class II  Girls,Class II  Total,Class III  Boys,Class III  Girls,Class III  Total,Class IV  Boys,Class IV  Girls,Class IV  Total,Class V  Boys,Class V  Girls,Class V  Total,TOTAL Class IV  Boys,TOTAL Class IV  Girls,TOTAL Class IV  Total,Class VI  Boys,Class VI  Girls,Class VI  Total,Class VII  Boys,Class VII  Girls,Class VII  Total,Class VIII  Boys,Class VIII ",Enrolment in school education of All categories students for 2008-09 | Enrolment in school education of All categories students for 2009-10
110,Programme and category-wise male and female student enrolment for all education institution,Ministry of Education,Study Programmes & Discipline (AISHE Survey),2,"Programme,CasteCategory  Total  Male,CasteCategory  Total  Female,CasteCategory  SC  Male,CasteCategory  SC  Female,CasteCategory  ST  Male,CasteCategory  ST  Female,CasteCategory  OBC  Male,CasteCategory  OBC  Female,Out of Total  PWD  Male,Out of Total  PWD  Female,Out of Total  Muslim  Male,Out of Total  Muslim  Female,Out of Total  Other Minority Communities  Male,Out of Total  Other Minority Communities  Female,Out of Total  Foreign Students  Male,Out of Total  Foreign Students  Female",Programme and category-wise male and female student enrolment for all education institution - 2011-2012 | Programme and category-wise male and female student enrolment for all education institution - 2012-2013
111,Programme and category-wise male and female student enrolment for college,Ministry of Education,Study Programmes & Discipline (AISHE Survey),2,"Programme,CasteCategory  Total  Male,CasteCategory  Total  Female,CasteCategory  SC  Male,CasteCategory  SC  Female,CasteCategory  ST  Male,CasteCategory  ST  Female,CasteCategory  OBC  Male,CasteCategory  OBC  Female,Out of Total  PWD  Male,Out of Total  PWD  Female,Out of Total  Muslim  Male,Out of Total  Muslim  Female,Out of Total  Other Minority Communities  Male,Out of Total  Other Minority Communities  Female,Out of Total  Foreign Students  Male,Out of Total  Foreign Students  Female",Programme and category-wise male and female student enrolment for college - 2011-2012 | Programme and category-wise male and female student enrolment for college - 2012-2013
112,Programme and category-wise male and female student enrolment for standalone,Ministry of Education,Study Programmes & Discipline (AISHE Survey),2,"Programme,CasteCategory  Total  Male,CasteCategory  Total  Female,CasteCategory  SC  Male,CasteCategory  SC  Female,CasteCategory  ST  Male,CasteCategory  ST  Female,CasteCategory  OBC  Male,CasteCategory  OBC  Female,Out of Total  PWD  Male,Out of Total  PWD  Female,Out of Total  Muslim  Male,Out of Total  Muslim  Female,Out of Total  Other Minority Communities  Male,Out of Total  Other Minority Communities  Female,Out of Total  Foreign Students  Male,Out of Total  Foreign Students  Female",Programme and category-wise male and female student enrolment for standalone - 2011-2012 | Programme and category-wise male and female student enrolment for standalone - 2012-2013
113,Programme and category-wise male and female student enrolment for university,Ministry of Education,Study Programmes & Discipline (AISHE Survey),2,"Programme,CasteCategory  Total  Male,CasteCategory  Total  Female,CasteCategory  SC  Male,CasteCategory  SC  Female,CasteCategory  ST  Male,CasteCategory  ST  Female,CasteCategory  OBC  Male,CasteCategory  OBC  Female,Out of Total  PWD  Male,Out of Total  PWD  Female,Out of Total  Muslim  Male,Out of Total  Muslim  Female,Out of Total  Other Minority Communities  Male,Out of Total  Other Minority Communities  Female,Out of Total  Foreign Students  Male,Out of Total  Foreign Students  Female",Programme and category-wise male and female student enrolment for university - 2011-2012 | Programme and category-wise male and female student enrolment for university - 2012-2013
114,Programme wise foreign students enrolment,Ministry of Education,Study Programmes & Discipline (AISHE Survey),2,"Country,Programme,UNIVERSITY  Male,UNIVERSITY  Female,COLLEGE  Male,COLLEGE  Female,STAND ALONE Polytechnic  Male,STAND ALONE Polytechnic  Female,STAND ALONE Teacher Training  Male,STAND ALONE Teacher Training  Female,STAND ALONE Nursing  Male,STAND ALONE Nursing  Female,STAND ALONE PGDM  Male,STAND ALONE PGDM  Female,STAND ALONE Institute under Ministry  Male,STAND ALONE Institute under Ministry  Female,STAND ALONE Total  Male,STAND ALONE Total  Female,Grand Total",Programme wise foreign students enrolment - 2011-2012 | Programme wise foreign students enrolment - 2012-2013
115,Discipline and level wise foreign students enrolment for all education institution,Ministry of Education,Study Programmes & Discipline (AISHE Survey),2,"Country,Discipline Group Name,Level  Ph.D  Male,Level  Ph.D  Female,Level  M.Phil  Male,Level  M.Phil  Female,Level  Post Graduate  Male,Level  Post Graduate  Female,Level  Under Graduate  Male,Level  Under Graduate  Female,Level  PG Diploma  Male,Level  PG Diploma  Female,Level  Diploma  Male,Level  Diploma  Female,Level  Certificate  Male,Level  Certificate  Female,Level  Integrated  Male,Level  Integrated  Female,Total  Male,Total  Female,Grand Total",Discipline and level wise foreign students enrolment for all education institution - 2011-2012 | Discipline and level wise foreign students enrolment for all education institution - 2012-2013
116,Discipline and level wise foreign students enrolment for college,Ministry of Education,Study Programmes & Discipline (AISHE Survey),2,"Country,Discipline Group Name,Level  Ph.D  Male,Level  Ph.D  Female,Level  M.Phil  Male,Level  M.Phil  Female,Level  Post Graduate  Male,Level  Post Graduate  Female,Level  Under Graduate  Male,Level  Under Graduate  Female,Level  PG Diploma  Male,Level  PG Diploma  Female,Level  Diploma  Male,Level  Diploma  Female,Level  Certificate  Male,Level  Certificate  Female,Level  Integrated  Male,Level  Integrated  Female,Total  Male,Total  Female,Grand Total",Discipline and level wise foreign students enrolment for college - 2011-2012 | Discipline and level wise foreign students enrolment for college - 2012-2013
117,Discipline and level wise foreign students enrolment for standalone,Ministry of Education,Study Programmes & Discipline (AISHE Survey),2,"Country,Discipline Group Name,Level  Ph.D  Male,Level  Ph.D  Female,Level  M.Phil  Male,Level  M.Phil  Female,Level  Post Graduate  Male,Level  Post Graduate  Female,Level  Under Graduate  Male,Level  Under Graduate  Female,Level  PG Diploma  Male,Level  PG Diploma  Female,Level  Diploma  Male,Level  Diploma  Female,Level  Certificate  Male,Level  Certificate  Female,Level  Integrated  Male,Level  Integrated  Female,Total  Male,Total  Female,Grand Total",Discipline and level wise foreign students enrolment for standalone - 2011-2012 | Discipline and level wise foreign students enrolment for standalone - 2012-2013
107,Programme and category-wise male and female student enrolment at integrated level for college,Ministry of Education,Study Programmes & Discipline (AISHE Survey),2,"Programme,Dicipline Group,Dicipline Name,CasteCategory  Total  Male,CasteCategory  Total  Female,CasteCategory  SC  Male,CasteCategory  SC  Female,CasteCategory  ST  Male,CasteCategory  ST  Female,CasteCategory  OBC  Male,CasteCategory  OBC  Female,Out of Total  PWD  Male,Out of Total  PWD  Female,Out of Total  Muslim  Male,Out of Total  Muslim  Female,Out of Total  Other Minority Communities  Male,Out of Total  Other Minority Communities  Female,Out of Total  Foreign Students  Male,Out of Total",Programme and category-wise male and female student enrolment at integrated level for college - 2011-2012 | Programme and category-wise male and female student enrolment at integrated level for college - 2012-2013
119,Discipline and level-wise male and female student enrolment for all education institution,Ministry of Education,Study Programmes & Discipline (AISHE Survey),2,"Discipline Group,Discipline Name,Level  Ph.D  Male,Level  Ph.D  Female,Level  M.Phil  Male,Level  M.Phil  Female,Level  Post Graduate  Male,Level  Post Graduate  Female,Level  Under Graduate  Male,Level  Under Graduate  Female,Level  PG Diploma  Male,Level  PG Diploma  Female,Level  Diploma  Male,Level  Diploma  Female,Level  Certificate  Male,Level  Certificate  Female,Level  Integrated  Male,Level  Integrated  Female,Level  Total  Male,Level  Total  Female,Grand Total",Discipline and level-wise male and female student enrolment for all education institution - 2011-2012 | Discipline and level-wise male and female student enrolment for all education institution - 2012-2013
120,Discipline and level-wise male and female student enrolment for college,Ministry of Education,Study Programmes & Discipline (AISHE Survey),2,"Discipline Group,Discipline Name,Level  Ph.D  Male,Level  Ph.D  Female,Level  M.Phil  Male,Level  M.Phil  Female,Level  Post Graduate  Male,Level  Post Graduate  Female,Level  Under Graduate  Male,Level  Under Graduate  Female,Level  PG Diploma  Male,Level  PG Diploma  Female,Level  Diploma  Male,Level  Diploma  Female,Level  Certificate  Male,Level  Certificate  Female,Level  Integrated  Male,Level  Integrated  Female,Level  Total  Male,Level  Total  Female,Grand Total",Discipline and level-wise male and female student enrolment for college - 2011-2012 | Discipline and level-wise male and female student enrolment for college - 2012-2013
121,Discipline and level-wise male and female student enrolment for standalone,Ministry of Education,Study Programmes & Discipline (AISHE Survey),2,"Discipline Group,Discipline Name,Level  Ph.D  Male,Level  Ph.D  Female,Level  M.Phil  Male,Level  M.Phil  Female,Level  Post Graduate  Male,Level  Post Graduate  Female,Level  Under Graduate  Male,Level  Under Graduate  Female,Level  PG Diploma  Male,Level  PG Diploma  Female,Level  Diploma  Male,Level  Diploma  Female,Level  Certificate  Male,Level  Certificate  Female,Level  Integrated  Male,Level  Integrated  Female,Level  Total  Male,Level  Total  Female,Grand Total",Discipline and level-wise male and female student enrolment for standalone - 2011-2012 | Discipline and level-wise male and female student enrolment for standalone - 2012-2013
122,Discipline and level-wise male and female student enrolment for university,Ministry of Education,Study Programmes & Discipline (AISHE Survey),2,"Discipline Group,Discipline Name,Level  Ph.D  Male,Level  Ph.D  Female,Level  M.Phil  Male,Level  M.Phil  Female,Level  Post Graduate  Male,Level  Post Graduate  Female,Level  Under Graduate  Male,Level  Under Graduate  Female,Level  PG Diploma  Male,Level  PG Diploma  Female,Level  Diploma  Male,Level  Diploma  Female,Level  Certificate  Male,Level  Certificate  Female,Level  Integrated  Male,Level  Integrated  Female,Level  Total  Male,Level  Total  Female,Grand Total",Discipline and level-wise male and female student enrolment for university - 2011-2012 | Discipline and level-wise male and female student enrolment for university - 2012-2013
123,Institution-wise list of programmes and discipline,Ministry of Education,Study Programmes & Discipline (AISHE Survey),2,"Name of Institution,Name of Faculty,Name of Department,Level,Programme,Name of Discipline,Intake,Examination System",Institution-wise list of programmes and discipline - 2011-2012 | Institution-wise list of programmes and discipline - 2012-2013
124,Class-wise number of girls per hundred boys of All categories students,"Ministry of Education, Department of Higher Education",Class-wise Girls per hundred boys,2,"States/Union Territories,Classes IV,Classes VIVIII,Classes IVIII,Classes IXX,Classes IX,Classes XIXII,Classes IXXII,Classes IXII",Class-wise number of girls per hundred boys of All categories students for 2008-09 | Class-wise number of girls per hundred boys of All categories students for 2009-10
125,Class-wise number of girls per hundred boys of Scheduled Caste,"Ministry of Education, Department of Higher Education",Class-wise Girls per hundred boys,2,"States/Union Territories,Classes IV,Classes VIVIII,Classes IVIII,Classes IXX,Classes IX,Classes XIXII,Classes IXXII,Classes IXII",Class-wise number of girls per hundred boys of Scheduled Caste for 2008-09 | Class-wise number of girls per hundred boys of Scheduled Caste for 2009-10
19,"Details of goats by age, sex and use in rural and urban combined"," Ministry of Fisheries, Animal Husbandry and Dairying,Department of Animal Husbandry and Dairying","Details of Goats by Age, Sex and Use in Rural and Urban combined (Livestock Census)",2,"SNo.,District,Male  Under 1 Year,Male  1 Year and Above,Male  Total,Female  Under 1 Year,Female  1 Year and Above  In Milk,Female  1 Year and Above  Dry,Female  1 Year and Above  Not Calved Once,Female  Total,Total Goats","Details of goats by age, sex and use in rural and urban combined for Uttarakhand - 2012 | Details of goats by age, sex and use in rural and urban combined for West Bengal - 2012"
126,Class-wise number of girls per hundred boys of Scheduled Tribe,"Ministry of Education, Department of Higher Education",Class-wise Girls per hundred boys,2,"States/Union Territories,Classes IV,Classes VIVIII,Classes IVIII,Classes IXX,Classes IX,Classes XIXII,Classes IXXII,Classes IXII",Class-wise number of girls per hundred boys of Scheduled Tribe for 2008-09 | Class-wise number of girls per hundred boys of Scheduled Tribe for 2009-10
127,Percentage distribution of schools by management,"Ministry of Education, Department of Higher Education",Distribution of schools by management,2,"Year,Intermediate/Senior Secondary Schools  Government,Intermediate/Senior Secondary Schools  Local Body,Intermediate/Senior Secondary Schools  Govt  Local Body,Intermediate/Senior Secondary Schools  Private Aided,Intermediate/Senior Secondary Schools  Private Unaided,High/Secondary Schools  Government,High/Secondary Schools  Local Body,High/Secondary Schools  Govt  Local Body,High/Secondary Schools  Private Aided,High/Secondary Schools  Private Unaided,Upper Primary Schools  Government,Upper Pr",Percentage distribution of schools by management from 1973-74 to 2009-10 | Percentage distribution of schools by management from 1973-74 to 2010-11
130,Institution wise number of students availing education loan,"Ministry of Education, Department of Higher Education",Education loan (AISHE Survey),2,"Name of Institution,Maintains education loans data,CasteCategory  Total  Male,CasteCategory  Total  Female,CasteCategory  SC  Male,CasteCategory  SC  Female,CasteCategory  ST  Male,CasteCategory  ST  Female,CasteCategory  OBC  Male,CasteCategory  OBC  Female,Out Of Total  PWD  Male,Out Of Total  PWD  Female,Out Of Total  Muslim  Male,Out Of Total  Muslim  Female,Out Of Total  Other Minority Communities  Male,Out Of Total  Other Minority Communities  Female",Institution wise number of students availing education loan - 2011-2012 | Institution wise number of students availing education loan - 2012-2013
131,State wise number of students availing education loan,"Ministry of Education, Department of Higher Education",Education loan (AISHE Survey),2,"State,CasteCategory  Total  Male,CasteCategory  Total  Female,CasteCategory  SC  Male,CasteCategory  SC  Female,CasteCategory  ST  Male,CasteCategory  ST  Female,CasteCategory  OBC  Male,CasteCategory  OBC  Female,Out Of Total  PWD  Male,Out Of Total  PWD  Female,Out Of Total  Muslim  Male,Out Of Total  Muslim  Female,Out Of Total  Other Minority  Male,Out Of Total  Other Minority  Female",State wise number of students availing education loan - 2011-2012 | State wise number of students availing education loan - 2012-2013
16,Details of camels by age and sex in rural and urban combined," Ministry of Fisheries, Animal Husbandry and Dairying,Department of Animal Husbandry and Dairying",Details of Camels by Age and Sex in Rural and Urban combined (Livestock Census),2,"S No.,District,Male  Under 4 Years,Male  4 Years and Above,Male  Total,Female  Under 4 Years,Female  4 Years and Above,Female  Total,Total Camel",Details of camels by age and sex in rural and urban combined for Uttarakhand - 2012 | Details of camels by age and sex in rural and urban combined for West Bengal - 2012
118,Discipline and level wise foreign students enrolment for university,Ministry of Education,Study Programmes & Discipline (AISHE Survey),2,"Country,Discipline Group Name,Level  Ph.D  Male,Level  Ph.D  Female,Level  M.Phil  Male,Level  M.Phil  Female,Level  Post Graduate  Male,Level  Post Graduate  Female,Level  Under Graduate  Male,Level  Under Graduate  Female,Level  PG Diploma  Male,Level  PG Diploma  Female,Level  Diploma  Male,Level  Diploma  Female,Level  Certificate  Male,Level  Certificate  Female,Level  Integrated  Male,Level  Integrated  Female,Total  Male,Total  Female,Grand Total",Discipline and level wise foreign students enrolment for university - 2011-2012 | Discipline and level wise foreign students enrolment for university - 2012-2013
143,Discipline group and level-wise gender ratio for student for all education institution,"Ministry of Education, Department of Higher Education",Gender Parity Index (GPI) in higher education (AISHE Survey),2,"Group,Discipline,Level  Ph.d,Level  M.Phil,Level  Post Graduate,Level  Under Graduate,Level  PG Diploma,Level  Diploma,Level  Certificate,Level  Integrated,Level  Total",Discipline group and level-wise gender ratio for student for all education institution india - 2011-2012 | Discipline group and level-wise gender ratio for student for all education institution india - 2012-2013
13,Details of bovines by sex," Ministry of Fisheries, Animal Husbandry and Dairying,Department of Animal Husbandry and Dairying",Details of Bovines by Sex (Livestock Census),2,"SNo.,District,Male  Rural,Male  Urban,Male  Total,Female  Rural,Female  Urban,Female  Total,Total Bovine  Rural,Total Bovine  Urban,Total Bovine  Total",Details of bovines by sex for Uttarakhand - 2012 | Details of bovines by sex for West Bengal - 2012
135,Enrolment in school education of Scheduled Caste,"Ministry of Education, Department of Higher Education",Enrolment in school education,2,"States/Union Territories,PrePrimary  Boys,PrePrimary  Girls,PrePrimary  Total,Class I  Boys,Class I  Girls,Class I  Total,Class II  Boys,Class II  Girls,Class II  Total,Class III  Boys,Class III  Girls,Class III  Total,Class IV  Boys,Class IV  Girls,Class IV  Total,Class V  Boys,Class V  Girls,Class V  Total,TOTAL Class IV  Boys,TOTAL Class IV  Girls,TOTAL Class IV  Total,Class VI  Boys,Class VI  Girls,Class VI  Total,Class VII  Boys,Class VII  Girls,Class VII  Total,Class VIII  Boys,Class VIII ",Enrolment in school education of Scheduled Caste for 2008-09 | Enrolment in school education of Scheduled Caste for 2009-10
136,Enrolment in school education of Scheduled Tribe,"Ministry of Education, Department of Higher Education",Enrolment in school education,2,"States/Union Territories,PrePrimary  Boys,PrePrimary  Girls,PrePrimary  Total,Class I  Boys,Class I  Girls,Class I  Total,Class II  Boys,Class II  Girls,Class II  Total,Class III  Boys,Class III  Girls,Class III  Total,Class IV  Boys,Class IV  Girls,Class IV  Total,Class V  Boys,Class V  Girls,Class V  Total,TOTAL Class IV  Boys,TOTAL Class IV  Girls,TOTAL Class IV  Total,Class VI  Boys,Class VI  Girls,Class VI  Total,Class VII  Boys,Class VII  Girls,Class VII  Total,Class VIII  Boys,Class VIII ",Enrolment in school education of Scheduled Tribe for 2008-09 | Enrolment in school education of Scheduled Tribe for 2009-10
12,Details of bovines by sex," Ministry of Fisheries, Animal Husbandry and Dairying,Department of Animal Husbandry and Dairying",Details of Bovines by Sex (Livestock Census),2,"SNo.,District,Bovines Male,Bovines Female,Total Bovines",Details of bovines by sex for Nagaland - 2012 | Details of bovines by sex for Rajasthan - 2012
137,Percentage of girls enrolment,"Ministry of Education, Department of Higher Education",Enrolment in school education,2,"Year,Class IV  All,Class IV  SC,Class IV  ST,Class VIVIII  All,Class VIVIII  SC,Class VIVIII  ST,Class IXX  All,Class IXX  SC,Class IXX  ST,Class XIXII  All,Class XIXII  SC,Class XIXII  ST",Percentage of girls enrolment from 1950-51 to 2009-10 | Percentage of girls enrolment from 1950-51 to 2010-11
138,Enrolment in various types of schools,"Ministry of Education, Department of Higher Education",Enrolment in school education,2,"States/Union Territories,Intermediate/Senior Secondary Schools  Boys,Intermediate/Senior Secondary Schools  Girls,Intermediate/Senior Secondary Schools  Total,High/Secondary Schools  Boys,High/Secondary Schools  Girls,High/Secondary Schools  Total,Upper Primary Schools  Boys,Upper Primary Schools  Girls,Upper Primary Schools  Total,Primary Schools  Boys,Primary Schools  Girls,Primary Schools  Total,PrePrimary Schools  Boys,PrePrimary Schools  Girls,PrePrimary Schools  Total",Enrolment in various types of schools for 2008-09 | Enrolment in various types of schools for 2009-10
140,Institution and category-wise gender ratio for student,"Ministry of Education, Department of Higher Education",Gender Parity Index (GPI) in higher education (AISHE Survey),2,"Institution,Category  ALL,Category  Scheduled CasteSC,Category  Scheduled Tribe ST,Category  Other Backward Classes OBC,Category  Person With Disability PWD,Category  Muslim,Category  Other Minority Communities,Category  Foreign Students",Institution and category-wise gender ratio for student - 2011-2012 | Institution and category-wise gender ratio for student - 2012-2013
141,State and category-wise gender ratio for student,"Ministry of Education, Department of Higher Education",Gender Parity Index (GPI) in higher education (AISHE Survey),2,"State,Category  All,Category  Scheduled CasteSC,Category  Scheduled TribeST,Category  Other Backward ClassesOBC,Category  Person with DisabilityPWD,Category  Muslim,Category  Other Minority Communities,Category  Foreign Students",State and category-wise gender ratio for student - 2011-2012 | State and category-wise gender ratio for student - 2012-2013
142,Gender ratio,"Ministry of Education, Department of Higher Education",Gender Parity Index (GPI) in higher education (AISHE Survey),2,"State,Central University,State Public University,State Private University,Deemed University  Government,Deemed University  Government Aided,Deemed University  Private,Institute of National Importance,Instiutes under State Legislature Act,Central Open University,State Open University,State Private Open University,Others,Total",Gender ratio - 2011-2012 | Gender ratio - 2012-2013
684,"State, UT & City-wise Distribution of Suicides","Ministry of Home Affairs, Department of States, National Crime Records Bureau (NCRB)",Accidental Deaths & Suicides in India (ADSI) - 1974,2,"Sl. No.,Category,State/UT/City,Number of Suicides  1973,Number of Suicides  1974,Percentage Change from 1973 to 1974","State, UT & City-wise Distribution of Suicides during 1973 and 1974 | State, UT & City-wise Distribution of Suicides during 1973 and 1974"
685,Age-group-wise victims of kidnapping and abduction,"Ministry of Home Affairs, Department of States, National Crime Records Bureau (NCRB)",Age-group-wise Victims of kidnapping and abduction,2,"STATE/UT,YEAR,Pupose,Total No. of cases reported,Male upto 10 years,Female upto 10 years,Male 1015 years,Female 1015 years,Male 1518 years,Female 1518 years,Male 1830 years,Female 1830 years,Male 3050 years,Female 3050 years,Male above 50 years,Female above 50 years,Total Male,Total Female,Grand Total",Age-group-wise victims of kidnapping and abduction during 2001-2012 | Age-group-wise victims of kidnapping and abduction during 2013
686,Age-group-wise Victims of murder,"Ministry of Home Affairs, Department of States, National Crime Records Bureau (NCRB)",Age-group-wise Victims of murder,2,"STATE/UT,YEAR,GENDER,Upto 10 years,1015 years,1518 years,1830 years,3050 years,Above 50 years,Total",Age-group-wise Victims of murder during 2001-2012 | Age-group-wise Victims of murder during 2013
687,Capacity of jails by inmates population at the end of the reference year,"Ministry of Home Affairs, Department of States, National Crime Records Bureau (NCRB)",Capacity of jails by inmates population,2,"STATE/UT,Year,TYPE OF JAIL,Numberof CentralJails,Total Capacity of male Inmates,Total Capacity of female Inmates,Total Capacity of Inmates,Male Inmate population,Female Inmate population,Total Inmate population",Capacity of jails by inmates population at the end of the reference year during 2001-2012 | Capacity of jails by inmates population at the end of the reference year during 2013
688,Cases against Police under Human rights violation,"Ministry of Home Affairs, Department of States, National Crime Records Bureau (NCRB)",Cases against Police under Human rights violation,2,"STATE/UT,YEAR,Disappearence Of PersonsCASES REGISTERED,Disappearence Of PersonsPOLICEMEN CHARGESHEETED,Disappearence Of PersonsPOLICEMEN CONVICTED,Illegal Detention / ArrestsCASES REGISTERED,Illegal Detention / ArrestsPOLICEMEN CHARGESHEETED,Illegal Detention / ArrestsPOLICEMEN CONVICTED,Fake Encounter KillingsCASES REGISTERED,Fake Encounter KillingsPOLICEMEN CHARGESHEETED,Fake Encounter KillingsPOLICEMEN CONVICTED,Violation Against Terrorists/ExtremistsCASES REGISTERED,Violation Against Terrori",Cases against Police under Human rights violation during 2010-2012 | Cases against Police under Human rights violation during 2013
689,Cases registered and their disposal under Human Trafficking,"Ministry of Home Affairs, Department of States, National Crime Records Bureau (NCRB)",Cases registered and their disposal under Human Trafficking,2,"STATE/UT,Crime Head,Cases Pending Investigation from Previous Year,Cases reported during the year,No. of cases withdrawn by the Govt. during investigation,Cases not investigated or in which investigation was refused,Cases declared false on account of mistake of fact or of law,Cases in which chargesheets were laid,Cases in which chargesheets were not laid but final report submitted during the year,Total cases Chargesheeted  Final Report submitted,Cases pending investigation at the end of the year",Cases registered and their disposal under Human Trafficking during 2012 | Cases registered and their disposal under Human Trafficking during 2013
690,Cases registered and their disposal under Indian Penal Code (IPC) crimes,"Ministry of Home Affairs, Department of States, National Crime Records Bureau (NCRB)",Cases registered and their disposal under Indian Penal Code (IPC) crimes,2,"STATE/UT,Crime Head,Cases Pending Investigation from Previous Year,Cases reported during the year,No. of cases withdrawn by the Govt. during investigation,Cases not investigated or in which investigation was refused,Cases declared false on account of mistake of fact or of law,Cases in which chargesheets were laid,Cases in which chargesheets were not laid but final report submitted during the year,Total cases Chargesheeted  Final Report submitted,Cases pending investigation at the end of the year",Cases registered and their disposal under Indian Penal Code (IPC) crimes during 2012 | Cases registered and their disposal under Indian Penal Code (IPC) crimes during 2013
691,Cases registered and their disposal under Special and Local Laws (SLL) crimes,"Ministry of Home Affairs, Department of States, National Crime Records Bureau (NCRB)",Cases registered and their disposal under Special and Local Laws (SLL) crimes,2,"STATE/UT,CRIME HEAD,Cases Pending Investigation from Previous Year,Cases reported during the year,No. of cases withdrawn by the Govt. during investigation,Cases not investigated or in which investigation was refused,Cases declared false on account of mistake of fact or of law,Cases in which chargesheets were laid,Cases in which chargesheets were not laid but final report submitted during the year,Total cases Chargesheeted  Final Report submitted,Cases pending investigation at the end of the year",Cases registered and their disposal under Special and Local Laws (SLL) crimes during 2012 | Cases registered and their disposal under Special and Local Laws (SLL) crimes during 2013
692,Cases registered and their disposal under crime against Children,"Ministry of Home Affairs, Department of States, National Crime Records Bureau (NCRB)",Cases registered and their disposal under crime against Children,2,"STATE/UT,CRIME HEAD,Cases Pending Investigation from Previous Year,Cases reported during the year,No. of cases withdrawn by the Govt. during investigation,Cases not investigated or in which investigation was refused,Cases declared false on account of mistake of fact or of law,Cases in which chargesheets were laid,Cases in which chargesheets were not laid but final report submitted during the year,Total cases Chargesheeted  Final Report submitted,Cases pending investigation at the end of the year",Cases registered and their disposal under crime against Children during 2012 | Cases registered and their disposal under crime against Children during 2013
693,Cases registered and their disposal under crime against Scheduled Castes,"Ministry of Home Affairs, Department of States, National Crime Records Bureau (NCRB)",Cases registered and their disposal under crime against Scheduled Castes,2,"STATE/UT,CRIME HEAD,Cases Pending Investigation from Previous Year,Cases reported during the year,No. of cases withdrawn by the Govt. during investigation,Cases not investigated or in which investigation was refused,Cases declared false on account of mistake of fact or of law,Cases in which chargesheets were laid,Cases in which chargesheets were not laid but final report submitted during the year,Total cases Chargesheeted  Final Report submitted,Cases pending investigation at the end of the year",Cases registered and their disposal under crime against Scheduled Castes during 2012 | Cases registered and their disposal under crime against Scheduled Castes during 2013
694,Cases registered and their disposal under crime against Scheduled Tribes,"Ministry of Home Affairs, Department of States, National Crime Records Bureau (NCRB)",Cases registered and their disposal under crime against Scheduled Tribes,2,"STATE/UT,CRIME HEAD,Cases Pending Investigation from Previous Year,Cases reported during the year,No. of cases withdrawn by the Govt. during investigation,Cases not investigated or in which investigation was refused,Cases declared false on account of mistake of fact or of law,Cases in which chargesheets were laid,Cases in which chargesheets were not laid but final report submitted during the year,Total cases Chargesheeted  Final Report submitted,Cases pending investigation at the end of the year",Cases registered and their disposal under crime against Scheduled Tribes during 2012 | Cases registered and their disposal under crime against Scheduled Tribes during 2013
695,Cases registered and their disposal under crime against Women,"Ministry of Home Affairs, Department of States, National Crime Records Bureau (NCRB)",Cases registered and their disposal under crime against Women,2,"STATE/UT,CRIME HEAD,Cases Pending Investigation from Previous Year,Cases reported during the year,No. of cases withdrawn by the Govt. during investigation,Cases not investigated or in which investigation was refused,Cases declared false on account of mistake of fact or of law,Cases in which chargesheets were laid,Cases in which chargesheets were not laid but final report submitted during the year,Total cases Chargesheeted  Final Report submitted,Cases pending investigation at the end of the year",Cases registered and their disposal under crime against Women during 2012 | Cases registered and their disposal under crime against Women during 2013
696,Cases registered under Special and Local Laws (SLL) crimes,"Ministry of Home Affairs, Department of States, National Crime Records Bureau (NCRB)",Cases registered under Special and Local Laws (SLL) crimes,2,"STATE,YEAR,Arms Act,NDPS ACT,Gambling Act,Excise Act,Prohibition Act,Explosives Substances Act,Immoral Traffic P Act,Indial Railways Act,Registration of Foreigners Act,Protection of Civil Rights Act,Indian Passport Act,Essential Commodities Act,Terrorist and Disruptive Activities Act,Antiquities and Art Treasures Act,Dowry Prohibition Act 1961,Prohibition of Child Marriage Act,Indecent Rep. of Women P Act,Copyright Act 1957,Commission of Sati P Act 1987,SC/ST Prev.of Attrocities Act,Forest Act 1",Cases registered under Special and Local Laws (SLL) crimes during 2001-2012 | Cases registered under Special and Local Laws (SLL) crimes during 2013
697,Cases registered under related sections of Indian Penal Code (IPC) of Cyber Crime,"Ministry of Home Affairs, Department of States, National Crime Records Bureau (NCRB)",Cases registered under related sections of Indian Penal Code (IPC) of Cyber Crime,2,"STATE/UT,Crime Head,Offences by / against Public Servant Section 167 172 173 175 IPC,False electronic evidence Section 193 IPC,Destruction of electronic evidence Section 204 477 IPC,Forgery Section 463 465 466 468 469 471 474 476 477A IPC,Criminal Breach of Trust Section 405 406 408 409 IPC,CounterfeitingProperty Mark Section 482 183 483 484 485 IPC,CounterfeitingTampering Section 489 IPC,CounterfeitingCurrency / Stamps Section 489A to 489E IPC,Total",Cases registered under related sections of Indian Penal Code (IPC) of Cyber Crime during 2012 | Cases registered under related sections of Indian Penal Code (IPC) of Cyber Crime during 2013
698,Caste of inmates at the end of the year,"Ministry of Home Affairs, Department of States, National Crime Records Bureau (NCRB)",Caste of inmates,2,"STATE/UT,YEAR,DEMOGRAPHIC PARTICULARS,Male Convicts,Female Convicts,Total Convicts,Male Under trial,Female Under trial,Total Under trial,Male Detenues,Female Detenues,Total Detenues,Male Others,Female Others,Total Others,Total Male,Total Female,Grand Total",Caste of inmates at the end of the year during 2001-2012 | Caste of inmates at the end of the year during 2013
699,Number of convicts by type of offences under Special and Local Laws at the end of year,"Ministry of Home Affairs, Department of States, National Crime Records Bureau (NCRB)",Convicts by type of offences under Special and Local Laws,2,"STATE/UT,YEAR,CRIME HEAD,Male 1618 years,Female 1618 years,Total 1618 years,Male 1830 years,Female 1830 years,Total 1830 years,Male 3050 years,Female 3050 years,Total 3050 years,Male Above 50 years,Female Above 50 years,Total Above 50 years,Total Male,Total Female,Grand Total",Number of convicts by type of offences under Special and Local Laws at the end of year during 2001-2012 | Number of convicts by type of offences under Special and Local Laws at the end of year during 2013
700,Incidence of crime committed against children under different crime heads,"Ministry of Home Affairs, Department of States, National Crime Records Bureau (NCRB)",Crime committed against children under different crime heads,2,"STATE/UT,Year,Infanticide,Murder,Rape,Kidnapping and Abduction,Foeticide,Abetment of Suicide,Exposure and Abandonment,Procuration of Minor Girls,Buying of girls for prostitu tion,Selling of girls for prostitution,Prohibition of Child Marriage Act 2006,Other Crimes,Total Crimes Against Children",Incidence of crime committed against children under different crime heads during 2001-2012 | Incidence of crime committed against children under different crime heads during 2013
150,State and management-wise gender ratio for student in standalone institutions,"Ministry of Education, Department of Higher Education",Gender Parity Index (GPI) in higher education (AISHE Survey),2,"State,Management  State Government,Management  Central Government,Management  Local Body,Management  Private Aided,Management  Private UnAided,Management  Total",State and management-wise gender ratio for student in standalone institutions - 2011-2012 | State and management-wise gender ratio for student in standalone institutions - 2012-2013
144,Programme-wise gender ratio for student for all education institution,"Ministry of Education, Department of Higher Education",Gender Parity Index (GPI) in higher education (AISHE Survey),2,"Programme,Gender Ratio",Programme-wise gender ratio for student for all education institution india - 2011-2012 | Programme-wise gender ratio for student for all education institution india - 2012-2013
703,"State & UT-wise Incidence (I), Rate (R) and Percentage Contribution to All India (P) of Crimes Committed Against Scheduled Castes","Ministry of Home Affairs, Department of States, National Crime Records Bureau (NCRB)",Crime in India - 1994,2,"SL. No.,State/UT,Estimated MidYear Population,Murder  I,Murder  R,Murder  P,Dacoity  I,Dacoity  R,Dacoity  P,Robbery  I,Robbery  R,Robbery  P,Arson  I,Arson  R,Arson  P,Kidnapping  Abduction  I,Kidnapping  Abduction  R,Kidnapping  Abduction  P,Rape  I,Rape  R,Rape  P,Protection of Civil Rights Act  I,Protection of Civil Rights Act  R,Protection of Civil Rights Act  P,Others  I,Others  R,Others  P,Total  I,Total  R,Total  P","State & UT-wise Incidence (I), Rate (R) and Percentage Contribution to All India (P) of Crimes Committed Against Scheduled Castes during 1992 | State & UT-wise Incidence (I), Rate (R) and Percentage Contribution to All India (P) of Crimes Committed Against Scheduled Castes during 1993"
704,"State & UT-wise Incidence (I), Rate (R) and Percentage Contribution to All India (P) of Crimes Committed Against Scheduled Tribes","Ministry of Home Affairs, Department of States, National Crime Records Bureau (NCRB)",Crime in India - 1994,2,"SL. No.,State/UT,Estimated MidYear Population In Lakhs,Murder  Incidence,Murder  Rate,Murder  Percentage Contribution to AllIndia,Dacoity  Incidence,Dacoity  Rate,Dacoity  Percentage Contribution to AllIndia,Robbery  Incidence,Robbery  Rate,Robbery  Percentage Contribution to AllIndia,Arson  Incidence,Arson  Rate,Arson  Percentage Contribution to AllIndia,Kidnapping  Abduction  Incidence,Kidnapping  Abduction  Rate,Kidnapping  Abduction  Percentage Contribution to AllIndia,Rape  Incidence,Rape  ","State & UT-wise Incidence (I), Rate (R) and Percentage Contribution to All India (P) of Crimes Committed Against Scheduled Tribes during 1992 | State & UT-wise Incidence (I), Rate (R) and Percentage Contribution to All India (P) of Crimes Committed Against Scheduled Tribes during 1993"
145,Level-wise gender ratio for student in university,"Ministry of Education, Department of Higher Education",Gender Parity Index (GPI) in higher education (AISHE Survey),2,"University,Level  Ph.D,Level  M.Phil,Level  Post Graduate,Level  Under Graduate,Level  PG Diploma,Level  Diploma,Level  Certificate,Level  Integrated,Level  All",Level-wise gender ratio for student in university - 2011-2012 | Level-wise gender ratio for student in university - 2012-2013
146,Level-wise gender ratio for student in various types of universities and its colleges,"Ministry of Education, Department of Higher Education",Gender Parity Index (GPI) in higher education (AISHE Survey),2,"University Type,Level  Ph.D,Level  M.Phil,Level  Post Graduate,Level  Under Graduate,Level  PG Diploma,Level  Diploma,Level  Certificate,Level  Integrated,Level  All",Level-wise gender ratio for student in various types of universities and its colleges - 2011-2012 | Level-wise gender ratio for student in various types of universities and its colleges - 2012-2013
220,State wise sanctioned strength and teaching staff in position,"Ministry of Education, Department of Higher Education",Teaching Staff (AISHE Survey),2,"State,ViceChancellor  SS,ViceChancellor  IP,Director  SS,Director  IP,Pro ViceChancellor  SS,Pro ViceChancellor  IP,Principal  SS,Principal  IP,Professor and Equivalent  SS,Professor and Equivalent  IP,Associate Professor  SS,Associate Professor  IP,Additional Professor  SS,Additional Professor  IP,Reader  SS,Reader  IP,Lecturer Selection Grade  SS,Lecturer Selection Grade  IP,Assistant Professor  SS,Assistant Professor  IP,Lecturer Senior Scale  SS,Lecturer Senior Scale  IP,Lecturer  SS,Lecture",State wise sanctioned strength and teaching staff in position - 2011-2012 | State wise sanctioned strength and teaching staff in position - 2012-2013
708,Complaints/Cases Registered Against Police Personnel,"Ministry of Home Affairs, Department of States, National Crime Records Bureau (NCRB)",Crime in India - 1996,2,"Category,SL. No.,State/UT/City,Complaints Received/ Cases Registered  No. of Complaints Received/ Alleged During the Year,Complaints Received/ Cases Registered  No. of Inquiry Instituted  Departmental,Complaints Received/ Cases Registered  No. of Inquiry Instituted  Magisterial,Complaints Received/ Cases Registered  No. of Inquiry Instituted  Judicial,Complaints Received/ Cases Registered  Complaints/ Cases Declared False/ Unsubstantiated,Complaints Received/ Cases Registered  No. of Cases Regis",Complaints/Cases Registered Against Police Personnel during 1995 | Complaints/Cases Registered Against Police Personnel during 1996
709,"Incidence (I), Rate (R) and Percentage Contribution to All-India (P) of Crimes Committed Against Women","Ministry of Home Affairs, Department of States, National Crime Records Bureau (NCRB)",Crime in India - 1996,2,"SL. No.,State/UT,Estimated Mid year Population In Lakhs,Rape  Incidence I,Rape  Rate R,Rape  Percentage Contribution to AllIndia P,Kidnapping  Abduction  Incidence I,Kidnapping  Abduction  Rate R,Kidnapping  Abduction  Percentage Contribution to AllIndia P,Dowry Deaths  Incidence I,Dowry Deaths  Rate R,Dowry Deaths  Percentage Contribution to AllIndia P,Torture Cruelty by Husband  His Relatives  Incidence I,Torture Cruelty by Husband  His Relatives  Rate R,Torture Cruelty by Husband  His Relativ","Incidence (I), Rate (R) and Percentage Contribution to All-India (P) of Crimes Committed Against Women during 1994 | Incidence (I), Rate (R) and Percentage Contribution to All-India (P) of Crimes Committed Against Women during 1996"
710,Incidence and Rate of Violent Crimes,"Ministry of Home Affairs, Department of States, National Crime Records Bureau (NCRB)",Crime in India - 1997,2,"SI.No.,State/UT,Murder,Attempt to Commit Murder,C.H. Not Amounting to Murder,Rape,Kidnapping and Abduction,Dacoity,Preparation and Assembly for Dacoity,Robbery,Riots,Arson,Dowry Deaths,Total Violent Crimes,Percentage Share to All India Crimes,Crime Rate of Violent Crime,Percentage to Total Cognizable Crimes Under IPC",Incidence and Rate of Violent Crimes during 1997 | Incidence and Rate of Violent Crimes during 1996
147,State and level-wise gender ratio for student,"Ministry of Education, Department of Higher Education",Gender Parity Index (GPI) in higher education (AISHE Survey),2,"State,Level  Ph.D,Level  M.Phil,Level  Post Graduate,Level  Under Graduate,Level  PG Diploma,Level  Diploma,Level  Certificate,Level  Integrated",State and level-wise gender ratio for student - 2011-2012 | State and level-wise gender ratio for student - 2012-2013
712,State/UT-wise Incidence of IPC Crimes Reported by GRP,"Ministry of Home Affairs, Department of States, National Crime Records Bureau (NCRB)",Crime in India - 2006,2,"Sr. No.,States/ UTs,Murder Sec 302 303 IPC,Attempt to Commit Murder Sec 307 IPC,CH. not Amounting to Murder Sec 304 308 IPC,Rape Sec 376 IPC,Kidnapping  Abduction Sec 363369 371373 IPC  Women  Girls,Kidnapping  Abduction Sec 363369 371373 IPC  Others,Kidnapping  Abduction Sec 363369 371373 IPC  Total,Dacoity Sec 395  398 IPC,Preparation  Assembly for Dacoity Sec 399  402 IPC,Robbery Sec 392 394 397 398 IPC,Burglary Sec 449 452 454 455 457 460 IPC,Theft Sec 379 382 IPC,Riots Sec 143145 147151 153",State/UT-wise Incidence of IPC Crimes Reported by GRP during 2005 | State/UT-wise Incidence of IPC Crimes Reported by GRP during 2006
713,State/UT-wise Incidence of IPC Crimes Reported by GRP,"Ministry of Home Affairs, Department of States, National Crime Records Bureau (NCRB)",Crime in India - 2007,2,"States/ UTs,Murder Sec 302 303 IPC,Attempt to Commit Murder Sec 307 IPC,C.H. not Amounting to Murder Sec 304 308 IPC,Rape Sec 376 IPC,Kidnapping  Abduction Sec 363  369 371  373 IPC  Total,Kidnapping  Abduction Sec 363  369 371  373 IPC  Women  Girls,Kidnapping  Abduction Sec 363  369 371  373 IPC  Others,Dacoity Sec 395398 IPC,Preparation  Assembly for Dacoity Sec 399  402 IPC,Robbery Sec 392394 397 398 IPC,Burglary Sec 449452 454 455 457  460 IPC,Theft Sec 379382 IPC,Riots Sec 143145 147151 15",State/UT-wise Incidence of IPC Crimes Reported by GRP during 2006 | State/UT-wise Incidence of IPC Crimes Reported by GRP during 2007
714,State/UT-wise Incidence of IPC Crimes reported by GRP,"Ministry of Home Affairs, Department of States, National Crime Records Bureau (NCRB)",Crime in India - 2008,2,"Sl. No.,States/ UTs,Murder Sec 302 303 IPC,Attempt to Commit Murder Sec 307 IPC,CH. not Amounting to Murder Sec 304 308 IPC,Rape Sec 376 IPC,Kidnapping  Abduction Sec 363369 371373 IPC  Total,Kidnapping  Abduction Sec 363369 371373 IPC  Women  Girls,Kidnapping  Abduction Sec 363369 371373 IPC  Others,Dacoity Sec 395398 IPC,Preparation  Assembly for Dacoity Sec 399402 IPC,Robbery Sec 392394 397398 IPC,Burglary Sec 449452 454 455 457460 IPC,Theft Sec 379382 IPC,Riots Sec 143145 147151 153 153A 153",State/UT-wise Incidence of IPC Crimes reported by GRP during 2007 | State/UT-wise Incidence of IPC Crimes reported by GRP during 2008
715,State/UT-wise Incidence of IPC Crimes reported by GRP,"Ministry of Home Affairs, Department of States, National Crime Records Bureau (NCRB)",Crime in India - 2009,2,"Sr. No.,States/ UTs,Murder Sec 302 IPC,Attempt to Commit Murder Sec 307 IPC,CH. not Amounting to Murder Sec 304 308 IPC,Rape Sec 376 IPC,Kidnapping  Abduction Sec 363369 371373 IPC  Total,Kidnapping  Abduction Sec 363369 371373 IPC  Women  Girls,Kidnapping  Abduction Sec 363369 371373 IPC  Others,Dacoity Sec 395398 IPC,Preparation  Assembly for Dacoity Sec 399402 IPC,Robbery Sec 392 394 397398 IPC,Burglary Sec 449 452 454 455 457460 IPC,Theft Sec 379382 IPC,Riots Sec 143145 147151 153 153A 153B ",State/UT-wise Incidence of IPC Crimes reported by GRP during 2008 | State/UT-wise Incidence of IPC Crimes reported by GRP during 2009
148,State and level-wise gender ratio in self-financing mode,"Ministry of Education, Department of Higher Education",Gender Parity Index (GPI) in higher education (AISHE Survey),2,"State,Level  Ph.D,Level  M.Phil,Level  Post Graduate,Level  Under Graduate,Level  PG Diploma,Level  Diploma,Level  Certificate,Level  Integrated",State and level-wise gender ratio in self-financing mode - 2011-2012 | State and level-wise gender ratio in self-financing mode - 2012-2013
149,State and management-wise gender ratio for student in colleges,"Ministry of Education, Department of Higher Education",Gender Parity Index (GPI) in higher education (AISHE Survey),2,"State,Management  State Government,Management  Central Government,Management  Local Body,Management  Private Aided,Management  Private UnAided,Management  Total",State and management-wise gender ratio for student in colleges - 2011-2012 | State and management-wise gender ratio for student in colleges - 2012-2013
718,Crime Head-wise Number of Disposal of Persons Arrested for Crime/Atrocities against Scheduled Tribe(s),"Ministry of Home Affairs, Department of States, National Crime Records Bureau (NCRB)",Crime in India - 2022,2,"Sl. No.,Crime Head,Persons Arrested  Male,Persons Arrested  Female,Persons Arrested  Transgender,Persons Arrested  Total,Persons Chargesheeted  Male,Persons Chargesheeted  Female,Persons Chargesheeted  Transgender,Persons Chargesheeted  Total,Persons Convicted  Male,Persons Convicted  Female,Persons Convicted  Transgender,Persons Convicted  Total,Persons Discharged  Male,Persons Discharged  Female,Persons Discharged  Transgender,Persons Discharged  Total,Persons Acquitted  Male,Persons Acquitted",Crime Head-wise Number of Disposal of Persons Arrested for Crime/Atrocities against Scheduled Tribe(s) during 2022 | Crime Head-wise Number of Disposal of Persons Arrested for Crime/Atrocities against Scheduled Tribe(s) during 2022
719,Crime Head-wise Number of Disposal of Persons Arrested for Cyber Crime Cases,"Ministry of Home Affairs, Department of States, National Crime Records Bureau (NCRB)",Crime in India - 2022,2,"Sl. No.,Crime Head,Persons Arrested  Male,Persons Arrested  Female,Persons Arrested  Transgender,Persons Arrested  Total,Persons Chargesheeted  Male,Persons Chargesheeted  Female,Persons Chargesheeted  Transgender,Persons Chargesheeted  Total,Persons Convicted  Male,Persons Convicted  Female,Persons Convicted  Transgender,Persons Convicted  Total,Persons Discharged  Male,Persons Discharged  Female,Persons Discharged  Transgender,Persons Discharged  Total,Persons Acquitted  Male,Persons Acquitted",Crime Head-wise Number of Disposal of Persons Arrested for Cyber Crime Cases during 2022 | Crime Head-wise Number of Disposal of Persons Arrested for Cyber Crime Cases during 2022
720,Crimes by Place of Occurrence,"Ministry of Home Affairs, Department of States, National Crime Records Bureau (NCRB)",Crimes by place of occurrence,2,"STATE/UT,YEAR,RESIDENTIAL PREMISES  Dacoity,RESIDENTIAL PREMISES  Robbery,RESIDENTIAL PREMISES  Burglary,RESIDENTIAL PREMISES  Theft,HIGHWAYS  Dacoity,HIGHWAYS  Robbery,HIGHWAYS  Burglary,HIGHWAYS  Theft,RIVER and SEA  Dacoity,RIVER and SEA  Robbery,RIVER and SEA  Burglary,RIVER and SEA  Theft,RAILWAYS  Dacoity,RAILWAYS  Robbery,RAILWAYS  Burglary,RAILWAYS  Theft,BANKS  Dacoity,BANKS  Robbery,BANKS  Burglary,BANKS  Theft,COMMERCIAL ESTABLISHMENTS  Dacoity,COMMERCIAL ESTABLISHMENTS  Robbery,COMME",Crimes by Place of Occurrence during 2001-2012 | Crimes by Place of Occurrence during 2013
721,Details of capital punishment and life imprisonment,"Ministry of Home Affairs, Department of States, National Crime Records Bureau (NCRB)",Details of capital punishment and life imprisonment,2,"STATE/UT,YEAR,Number of prisoners awarded Capital Punishment during the year,Number of prisoners whose sentence Commuted to Life Imprisonment during the year,Number of prisoners Executed during the year",Details of capital punishment and life imprisonment during 2001-2012 | Details of capital punishment and life imprisonment during 2013
722,Details of educational facilities provided to prisoners,"Ministry of Home Affairs, Department of States, National Crime Records Bureau (NCRB)",Details of educational facilities provided to prisoners,2,"STATE/UT,YEAR,No. of inmates benefitted by Elementary Education,No. of inmates benefitted by Adult Education,No. of inmates benefitted by Higher Education,No. of inmates benefitted by Computer Course",Details of educational facilities provided to prisoners during 2001-2012 | Details of educational facilities provided to prisoners during 2013
723,Details of prison inmates deaths,"Ministry of Home Affairs, Department of States, National Crime Records Bureau (NCRB)",Details of prison inmates deaths,2,"STATE/UT,YEAR,DETAILS,Male,Female,Total",Details of prison inmates deaths during 2001-2012 | Details of prison inmates deaths during 2013
724,Details of prison inmates escaped,"Ministry of Home Affairs, Department of States, National Crime Records Bureau (NCRB)",Details of prison inmates escaped,2,"STATE/UT,YEAR,DETAILS,Male,Female,Total",Details of prison inmates escaped during 2001-2012 | Details of prison inmates escaped during 2013
725,Details of prison inmates released,"Ministry of Home Affairs, Department of States, National Crime Records Bureau (NCRB)",Details of prison inmates released,2,"STATE/UT,YEAR,DETAILS,Male,Female,Total",Details of prison inmates released during 2001-2012 | Details of prison inmates released during 2013
726,Details of prison inmates released on parole,"Ministry of Home Affairs, Department of States, National Crime Records Bureau (NCRB)",Details of prison inmates released on parole,2,"STATE/UT,YEAR,DETAILS,Male,Female,Total",Details of prison inmates released on parole during 2001-2012 | Details of prison inmates released on parole during 2013
727,Details of wages payments of prisoners,"Ministry of Home Affairs, Department of States, National Crime Records Bureau (NCRB)",Details of wages payments of prisoners,2,"STATE/UT,YEAR,Wages paid per day to Skilled convicts in Rs.,Wages paid per day to Semi Skilled convicts in Rs.,Wages paid per day to Unskilled convicts in Rs.",Details of wages payments of prisoners during 2001-2012 | Details of wages payments of prisoners during 2013
728,Disposal Of Juveniles Apprehended (Under IPC And SLL Crimes) And Sent To Courts,"Ministry of Home Affairs, Department of States, National Crime Records Bureau (NCRB)",Disposal of juveniles apprehended (Under IPC And SLL Crimes) and sent To Courts,2,"STATE/UT,Year,Arrested  Sent To Courts,Sent To Home After Advice Or Admonition,Released On Probation And Placed Under Care Of Fit Instt.,Released On Probation And Placed Under Care Of Parents /Guardians,Sent To Special Homes,Dealt With Fine,Acquitted Or Otherwise Disposed Of,Pending Disposal",Disposal Of Juveniles Apprehended (Under IPC And SLL Crimes) And Sent To Courts During 2001-2012 | Disposal Of Juveniles Apprehended (Under IPC And SLL Crimes) And Sent To Courts during 2013
729,Distribution of different types of inmates suffering from mental illness at the end of year,"Ministry of Home Affairs, Department of States, National Crime Records Bureau (NCRB)",Distribution of different types of inmates suffering from mental illness,2,"STATE/UT,YEAR,Male Convicts,Female Convicts,Total Convicts,Male Under trial,Female Under trial,Total Under trial,Male Detenues,Female Detenues,Total Detenues,Male Others,Female Others,Total Others,Total Male,Total Female,Grand Total",Distribution of different types of inmates suffering from mental illness at the end of year during 2001-2012 | Distribution of different types of inmates suffering from mental illness at the end of year during 2013
730,Distribution of sentence periods of convicts in various jails by sex and age-groups at the end of the year,"Ministry of Home Affairs, Department of States, National Crime Records Bureau (NCRB)",Distribution of sentence periods of convicts in various jails by sex and age-groups,2,"STATE/UT,Year,TYPE,Male 1618 years,Female 1618 years,Total 1618 years,Male 1830 years,Female 1830 years,Total 1830 years,Male 3050 years,Female 3050 years,Total 3050 years,Male Above 50 years,Female Above 50 years,Total Above 50 years,Total Male,Total Female,Grand Total",Distribution of sentence periods of convicts in various jails by sex and age-groups at the end of the year during 2001-2012 | Distribution of sentence periods of convicts in various jails by sex and age-groups at the end of the year during 2013
731,District-wise crimes committed against Schedule Caste,"Ministry of Home Affairs, Department of States, National Crime Records Bureau (NCRB)",District-wise crimes committed against Schedule Caste,2,"STATE/UT,DISTRICT,Year,Murder,Rape,Kidnapping and Abduction,Dacoity,Robbery,Arson,Hurt,Prevention of atrocities POA Act,Protection of Civil Rights PCR Act,Other Crimes Against SCs",District-wise crimes committed against Schedule Caste during 2001-2012 | District-wise crimes committed against Schedule Caste during 2013
732,District-wise crimes committed against Schedule Tribe,"Ministry of Home Affairs, Department of States, National Crime Records Bureau (NCRB)",District-wise crimes committed against Schedule Tribe,2,"STATE/UT,DISTRICT,Year,Murder,Rape,Kidnapping Abduction,Dacoity,Robbery,Arson,Hurt,Protection of Civil Rights PCR Act,Prevention of atrocities POA Act,Other Crimes Against STs",District-wise crimes committed against Schedule Tribe during 2001-2012 | District-wise crimes committed against Schedule Tribe during 2013
733,District-wise crimes committed against Women,"Ministry of Home Affairs, Department of States, National Crime Records Bureau (NCRB)",District-wise crimes committed against Women,2,"STATE/UT,DISTRICT,Year,Rape,Kidnapping and Abduction,Dowry Deaths,Assault on women with intent to outrage her modesty,Insult to modesty of Women,Cruelty by Husband or his Relatives,Importation of Girls",District-wise crimes committed against Women during 2001-2012 | District-wise crimes committed against Women during 2013
734,District-wise crime under various sections of Indian Penal Code (IPC) crimes,"Ministry of Home Affairs, Department of States, National Crime Records Bureau (NCRB)",District-wise crimes under various sections of Indian Penal Code (IPC) crimes,2,"STATE/UT,DISTRICT,YEAR,MURDER,ATTEMPT TO MURDER,CULPABLE HOMICIDE NOT AMOUNTING TO MURDER,RAPE,CUSTODIAL RAPE,OTHER RAPE,KIDNAPPING  ABDUCTION,KIDNAPPING AND ABDUCTION OF WOMEN AND GIRLS,KIDNAPPING AND ABDUCTION OF OTHERS,DACOITY,PREPARATION AND ASSEMBLY FOR DACOITY,ROBBERY,BURGLARY,THEFT,AUTO THEFT,OTHER THEFT,RIOTS,CRIMINAL BREACH OF TRUST,CHEATING,COUNTERFIETING,ARSON,HURT/GREVIOUS HURT,DOWRY DEATHS,ASSAULT ON WOMEN WITH INTENT TO OUTRAGE HER MODESTY,INSULT TO MODESTY OF WOMEN,CRUELTY BY HUSB",District-wise crime under various sections of Indian Penal Code (IPC) crimes during 2001-2012 | District-wise crime under various sections of Indian Penal Code (IPC) crimes during 2013
735,Domicile of inmates at the end of the year,"Ministry of Home Affairs, Department of States, National Crime Records Bureau (NCRB)",Domicile of inmates,2,"STATE/UT,YEAR,DEMOGRAPHIC PARTICULARS,Male Convicts,Female Convicts,Total Convicts,Male Under trial,Female Under trial,Total Under trial,Male Detenues,Female Detenues,Total Detenues,Male Others,Female Others,Total Others,Total Male,Total Female,Grand Total",Domicile of inmates at the end of the year during 2001-2012 | Domicile of inmates at the end of the year during 2013
736,Educational standard of inmates at the end of the year,"Ministry of Home Affairs, Department of States, National Crime Records Bureau (NCRB)",Educational standard of inmates,2,"STATE/UT,YEAR,DEMOGRAPHIC PARTICULARS,Male Convicts,Female Convicts,Total Convicts,Male Under trial,Female Under trial,Total Under trial,Male Detenues,Female Detenues,Total Detenues,Male Others,Female Others,Total Others,Total Male,Total Female,Grand Total",Educational standard of inmates at the end of the year during 2001-2012 | Educational standard of inmates at the end of the year during 2013
737,Incidence of recidivism at the end of the year,"Ministry of Home Affairs, Department of States, National Crime Records Bureau (NCRB)",Incidence of recidivism,2,"STATE/UT,YEAR,Number of Convicts Admitted During the year,Number of Habitual Offenders",Incidence of recidivism at the end of the year during 2001-2012 | Incidence of recidivism at the end of the year during 2013
738,"Incidents of jail breaks, group clashes and firing in jail","Ministry of Home Affairs, Department of States, National Crime Records Bureau (NCRB)","Jail breaks, group clashes and firing in jail",2,"STATE/UT,YEAR,TYPE,Incidence,Inmate injured,Jail Personnel injured,Inmate Killed,Jail Personnel Killed","Incidents of jail breaks, group clashes and firing in jail during 2001-2012 | Incidents of jail breaks, group clashes and firing in jail during 2013"
739,Jails wise population of prison inmates at the end each of the reference year,"Ministry of Home Affairs, Department of States, National Crime Records Bureau (NCRB)",Jails wise population of prison inmates,2,"STATE/UT,Year,TYPE OF JAIL,Male Convicts,Female Convicts,Total Convicts,Male Under trial,Female Under trial,Total Under trial,Male Detenues,Female Detenues,Total Detenues,Male Others,Female Others,Total Others,Total Male,Total Female,Grand Total",Jails wise population of prison inmates at the end each of the reference year during 2001-2012 | Jails wise population of prison inmates at the end each of the reference year during 2013
740,Juveniles Apprehended Under IPC Crimes By Sex and age-group,"Ministry of Home Affairs, Department of States, National Crime Records Bureau (NCRB)",Juveniles apprehended under IPC Crimes by sex and age-group,2,"Year,CRIME HEAD,Boys 712 Years,Girls 712 Years,Boys 1216 Years,Girls 1216 Years,Boys 1618 Years,Girls 1618 Years,Total for boys all Age Groups,Total for girls all Age Groups,Grand total",Juveniles Apprehended Under IPC Crimes By Sex and age-group in India during 2001-2012 | Juveniles Apprehended Under IPC Crimes By Sex and age-group in India during 2013
741,Juveniles Apprehended Under SLL Crimes By Sex and age-group,"Ministry of Home Affairs, Department of States, National Crime Records Bureau (NCRB)",Juveniles apprehended under SLL Crimes By sex and age-group,2,"Year,CRIME HEAD,Boys 712 Years,Girls 712 Years,Boys 1216 Years,Girls 1216 Years,Boys 1618 Years,Girls 1618 Years,Total for boys all Age Groups,Total for girls all Age Groups,Grand total",Juveniles Apprehended Under SLL Crimes By Sex and age-group in India during 2001-2012 | Juveniles Apprehended Under SLL Crimes By Sex and age-group in India during 2013
742,Kinds of goods/vocational activities and gross value of goods produced by inmates,"Ministry of Home Affairs, Department of States, National Crime Records Bureau (NCRB)",Kinds of goods/vocational activities and gross value of goods produced by inmates,2,"STATE/UT,YEAR,Vocation/Activity,Gross Value of Sale Proceeds / Earning In Rs.",Kinds of goods/vocational activities and gross value of goods produced by inmates during 2001-2012 | Kinds of goods/vocational activities and gross value of goods produced by inmates during 2013
743,Motives of murder,"Ministry of Home Affairs, Department of States, National Crime Records Bureau (NCRB)",Motives of murder,2,"STATE,YEAR,Gain,Property Dispute,Personal Vendetta or Enemity,Love Affairs/ Sexual relations,Dowry,Lunacy,Witchcraft,Communalism,Casteism,Class Conflict,Political Reasons,Terrorists/ Extremists,Other Causes,Total",Motives of murder during 2001-2012 | Motives of murder during 2013
744,Offenders Relation And Proximity To Rape Victims,"Ministry of Home Affairs, Department of States, National Crime Records Bureau (NCRB)",Offenders Relation And Proximity To Rape Victims,2,"STATE/UT,YEAR,No. Of Cases In Which Offenders Were Known To The Victims,No. Of Cases In Which Offenders Were Parents / Close Family Members,No. Of Cases In Which Offenders Were Relatives,No. Of Cases In Which Offenders Were Neighbours,No. Of Cases In Which Offenders Were Other Known Persons",Offenders Relation And Proximity To Rape Victims 2001-2012 | Offenders Relation And Proximity To Rape Victims during 2013
745,Persons arrested and their disposal by police and court under Indian Penal Code (IPC) crimes,"Ministry of Home Affairs, Department of States, National Crime Records Bureau (NCRB)",Persons arrested and their disposal by police and court under Indian Penal Code (IPC) crimes,2,"STATE/UT,CRIME HEAD,Persons in custody or on bail during the stage of investigation at the beginning of the year,Persons arrested during the year,Persons released or freed by Police or Magistrate before trial for want of evidence or any other reason,Persons in custody or on bail during the stage of investigation at the end of the year,Persons in whose cases charge sheets were laid during the year,Persons under trial at the beginning of the year,Total number of persons under trial during the year",Persons arrested and their disposal by police and court under Indian Penal Code (IPC) crimes during 2012 | Persons arrested and their disposal by police and court under Indian Penal Code (IPC) crimes during 2013
746,Persons arrested and their disposal by police and court under Special and Local Laws (SLL) crimes,"Ministry of Home Affairs, Department of States, National Crime Records Bureau (NCRB)",Persons arrested and their disposal by police and court under Special and Local Laws (SLL) crimes,2,"STATE/UT,CRIME HEAD,Persons in custody or on bail during the stage of investigation at the beginning of the year,Persons arrested during the year,Persons released or freed by Police or Magistrate before trial for want of evidence or any other reason,Persons in custody or on bail during the stage of investigation at the end of the year,Persons in whose cases charge sheets were laid during the year,Persons under trial at the beginning of the year,Total number of persons under trial during the year",Persons arrested and their disposal by police and court under Special and Local Laws (SLL) crimes during 2012 | Persons arrested and their disposal by police and court under Special and Local Laws (SLL) crimes during 2013
747,Persons arrested and their disposal by police and court under crime against children,"Ministry of Home Affairs, Department of States, National Crime Records Bureau (NCRB)",Persons arrested and their disposal by police and court under crime against children,2,"STATE/UT,CRIME HEAD,Persons in custody or on bail during the stage of investigation at the beginning of the year,Persons arrested during the year,Persons released or freed by Police or Magistrate before trial for want of evidence or any other reason,Persons in custody or on bail during the stage of investigation at the end of the year,Persons in whose cases charge sheets were laid during the year,Persons under trial at the beginning of the year,Total number of persons under trial during the year",Persons arrested and their disposal by police and court under crime against children during 2012 | Persons arrested and their disposal by police and court under crime against children during 2013
748,Persons arrested and their disposal by police and court under crime against women,"Ministry of Home Affairs, Department of States, National Crime Records Bureau (NCRB)",Persons arrested and their disposal by police and court under crime against women,2,"STATE/UT,CRIME HEAD,Persons in custody or on bail during the stage of investigation at the beginning of the year,Persons arrested during the year,Persons released or freed by Police or Magistrate before trial for want of evidence or any other reason,Persons in custody or on bail during the stage of investigation at the end of the year,Persons in whose cases charge sheets were laid during the year,Persons under trial at the beginning of the year,Total number of persons under trial during the year",Persons arrested and their disposal by police and court under crime against women during 2012 | Persons arrested and their disposal by police and court under crime against women during 2013
749,Persons arrested and their disposal by police and court under crimes committed against Schedule Caste,"Ministry of Home Affairs, Department of States, National Crime Records Bureau (NCRB)",Persons arrested and their disposal by police and court under crimes committed against SC,2,"STATE/UT,CRIME HEAD,Persons in custody or on bail during the stage of investigation at the beginning of the year,Persons arrested during the year,Persons released or freed by Police or Magistrate before trial for want of evidence or any other reason,Persons in custody or on bail during the stage of investigation at the end of the year,Persons in whose cases charge sheets were laid during the year,Persons under trial at the beginning of the year,Total number of persons under trial during the year",Persons arrested and their disposal by police and court under crimes committed against Schedule Caste during 2012 | Persons arrested and their disposal by police and court under crimes committed against Schedule Caste during 2013
750,Persons arrested and their disposal by police and court under crimes committed against Schedule Tribe,"Ministry of Home Affairs, Department of States, National Crime Records Bureau (NCRB)",Persons arrested and their disposal by police and court under crimes committed against ST,2,"STATE/UT,CRIME HEAD,Persons in custody or on bail during the stage of investigation at the beginning of the year,Persons arrested during the year,Persons released or freed by Police or Magistrate before trial for want of evidence or any other reason,Persons in custody or on bail during the stage of investigation at the end of the year,Persons in whose cases charge sheets were laid during the year,Persons under trial at the beginning of the year,Total number of persons under trial during the year",Persons arrested and their disposal by police and court under crimes committed against Schedule Tribe during 2012 | Persons arrested and their disposal by police and court under crimes committed against Schedule Tribe during 2013
751,Persons arrested and their disposal by police and court under human trafficking,"Ministry of Home Affairs, Department of States, National Crime Records Bureau (NCRB)",Persons arrested and their disposal by police and court under human trafficking,2,"STATE/UT,CRIME HEAD,Persons in custody or on bail during the stage of investigation at the beginning of the year,Persons arrested during the year,Persons released or freed by Police or Magistrate before trial for want of evidence or any other reason,Persons in custody or on bail during the stage of investigation at the end of the year,Persons in whose cases charge sheets were laid during the year,Persons under trial at the beginning of the year,Total number of persons under trial during the year",Persons arrested and their disposal by police and court under human trafficking during 2012 | Persons arrested and their disposal by police and court under human trafficking during 2013
752,Persons arrested by sex and age-group under Indian Penal Code (IPC) crimes,"Ministry of Home Affairs, Department of States, National Crime Records Bureau (NCRB)",Persons arrested by sex and age-group under Indian Penal Code (IPC) crimes,2,"STATE/UT,CRIME HEAD,Male Below 18 Years,Female Below 18 Years,Male Between 1830 Years,Female Between 1830 Years,Male Between 3045 Years,Female Between 3045 Years,Male Between 4560 Years,Female Between 4560 Years,Male Above 60 Years,Female Above 60 Years,Male Total,Female Total,Grand Total",Persons arrested by sex and age-group under Indian Penal Code (IPC) crimes during 2012 | Persons arrested by sex and age-group under Indian Penal Code (IPC) crimes during 2013
753,Persons arrested by sex and age-group under Special and Local Laws (SLL) crimes,"Ministry of Home Affairs, Department of States, National Crime Records Bureau (NCRB)",Persons arrested by sex and age-group under Special and Local Laws (SLL) crimes,2,"STATE/UT,CRIME HEAD,Male Below 18 Years,Female Below 18 Years,Male Between 1830 Years,Female Between 1830 Years,Male Between 3045 Years,Female Between 3045 Years,Male Between 4560 Years,Female Between 4560 Years,Male Above 60 Years,Female Above 60 Years,Male Total,Female Total,Grand Total",Persons arrested by sex and age-group under Special and Local Laws (SLL) crimes during 2012 | Persons arrested by sex and age-group under Special and Local Laws (SLL) crimes during 2013
754,Number of prison inmates trained under different vocational trainings,"Ministry of Home Affairs, Department of States, National Crime Records Bureau (NCRB)",Prison inmates trained under different vocational trainings,2,"STATE/UT,YEAR,Vocational trainings program,Number of Prison inmates trained",Number of prison inmates trained under different vocational trainings during 2001-2012 | Number of prison inmates trained under different vocational trainings during 2013
755,Purpose-wise details of Kidnapping and Abduction,"Ministry of Home Affairs, Department of States, National Crime Records Bureau (NCRB)",Purpose-wise details of Kidnapping and Abduction,2,"STATE,YEAR,For Adoption,For Begging,For Camel Racing,For illicit intercourse,For Marriage,For Prosititution,For Ransom,For Revenge,For Sale,For Selling BodyParts,For Slavery,For Unlawful Activity,Other Purposes,Total",Purpose-wise details of Kidnapping and Abduction during 2010-2012 | Purpose-wise details of Kidnapping and Abduction during 2013
756,Rank-wise Police strength,"Ministry of Home Affairs, Department of States, National Crime Records Bureau (NCRB)",Rank-wise Police strength,2,"STATE/UT,YEAR,DG/ ADG,IG,DIG,SSP/SP/ Ad.SP,ASP/ DySP,Insepctor,Sub Inspector,Asst. Sub Inspector,Head Constable,Below HC above Constable,Constables,TOTAL",Rank-wise Police strength during 2001-2012 | Rank-wise Police strength during 2013
757,Rank-wise women police strength,"Ministry of Home Affairs, Department of States, National Crime Records Bureau (NCRB)",Rank-wise women Police strength,2,"STATE/UT,YEAR,DG/ ADG,IG,DIG,SSP/SP/ Ad.SP,ASP/ DySP,Insepctor,Sub Inspector,Asst. Sub Inspector,Head Constable,Below HC above Constable,Constables,TOTAL",Rank-wise women police strength during 2001-2012 | Rank-wise women police strength during 2013
758,Recidivism Amongst Persons Arrested Under IPC Crimes,"Ministry of Home Affairs, Department of States, National Crime Records Bureau (NCRB)",Recidivism Amongst Persons Arrested Under IPC Crimes,2,"STATE/UT,YEAR,Total No. Of Persons Arrested,New Offenders,Old Offenders Convicted In The Past  ONCE,Old Offenders Convicted In The Past  TWICE,Old Offenders Convicted In The Past  THRICE",Recidivism Amongst Persons Arrested Under IPC Crimes During 2001-2012 | Recidivism Amongst Persons Arrested Under IPC Crimes during 2013
759,Rehabilitation of prisoners,"Ministry of Home Affairs, Department of States, National Crime Records Bureau (NCRB)",Rehabilitation of prisoners,2,"STATE/UT,YEAR,No. of prisoners to whom financial assistance provided on release,No. of convicts  rehabilitated,No. of prisoners to whom legal aid provided",Rehabilitation of prisoners during 2001-2012 | Rehabilitation of prisoners during 2013
760,Religion of inmates at the end of the year,"Ministry of Home Affairs, Department of States, National Crime Records Bureau (NCRB)",Religion of inmates,2,"STATE/UT,YEAR,DEMOGRAPHIC PARTICULARS,Male Convicts,Female Convicts,Total Convicts,Male Under trial,Female Under trial,Total Under trial,Male Detenues,Female Detenues,Total Detenues,Male Others,Female Others,Total Others,Total Male,Total Female,Grand Total",Religion of inmates at the end of the year during 2001-2012 | Religion of inmates at the end of the year during 2013
761,State/UT-wise details of road accident deaths by mode of transport,"Ministry of Home Affairs, Department of States, National Crime Records Bureau (NCRB)",State/UT-wise details of road accident deaths by mode of transport,2,"STATE/UT,Year,CAUSE,Male,Female,Total",State/UT-wise details of road accident deaths by mode of transport during 2001-2012 | State/UT-wise details of road accident deaths by mode of transport during 2013
762,Number of under trial prisoners by period of detention at the end of year,"Ministry of Home Affairs, Department of States, National Crime Records Bureau (NCRB)",Under trial prisoners by period of detention,2,"STATE/UT,YEAR,PERIOD OF DETENTION,Male,Female,Total",Number of under trial prisoners by period of detention at the end of year during 2001-2012 | Number of under trial prisoners by period of detention at the end of year during 2013
763,Number of under trial prisoners by the type of IPC offences at the end of the year,"Ministry of Home Affairs, Department of States, National Crime Records Bureau (NCRB)",Under trial prisoners by the type of IPC offences,2,"STATE/UT,YEAR,CRIME HEAD,Male 1618 years,Female 1618 years,Total 1618 years,Male 1830 years,Female 1830 years,Total 1830 years,Male 3050 years,Female 3050 years,Total 3050 years,Male Above 50 years,Female Above 50 years,Total Above 50 years,Total Male,Total Female,Grand Total",Number of under trial prisoners by the type of IPC offences at the end of the year during 2001-2012 | Number of under trial prisoners by the type of IPC offences at the end of the year during 2013
764,Number of under trial prisoners by type of offences under Special and Local Laws at the end of the year,"Ministry of Home Affairs, Department of States, National Crime Records Bureau (NCRB)",Under trial prisoners by type of offences under Special and Local Laws,2,"STATE/UT,Year,CRIME HEAD,Male 1618 years,Female 1618 years,Total 1618 years,Male 1830 years,Female 1830 years,Total 1830 years,Male 3050 years,Female 3050 years,Total 3050 years,Male Above 50 years,Female Above 50 years,Total Above 50 years,Total Male,Total Female,Grand Total",Number of under trial prisoners by type of offences under Special and Local Laws at the end of the year during 2001-2012 | Number of under trial prisoners by type of offences under Special and Local Laws at the end of the year during 2013
765,Number of women prisoners with children at the end of the year,"Ministry of Home Affairs, Department of States, National Crime Records Bureau (NCRB)",Women prisoners with children,2,"STATE/UT,YEAR,No. of Convict Women Prisoners with Children,No. of Children of Convict Women Prisoners,No. of Under trial Women Prisoners with Children,No. of children of Under trial Women Prisoners,No. of Detenues Women Prisoners with Children,No. of children of Detenues Women Prisoners,No. of Other Women Prisoners with Children,No. of children of  Other Women Prisoners,Total No. of Women Prisoners with Children,Total No. of children of  Women Prisoners",Number of women prisoners with children at the end of the year during 2001-2012 | Number of women prisoners with children at the end of the year during 2013
766,VAT and GST Collection FY 2015 to 2018: Patna,"Ministry of Housing and Urban Affairs, Smart Cities Mission, Bihar, Patna",VAT and GST: Patna,2,"City Name,Year,Total VAT/GST collection during the year in INR",VAT and GST Collection FY 2015 to 2018: Patna | VAT and GST Collection FY 2015 to 2018: Patna
157,Class-wise Gross enrolment ratio (GER),"Ministry of Education, Department of Higher Education",Gross enrolment ratio (GER),2,"Year,All Categories  Classes IV610 Years  Boys,All Categories  Classes IV610 Years  Girls,All Categories  Classes IV610 Years  Total,All Categories  Classes VIVIII1113 Years  Boys,All Categories  Classes VIVIII1113 Years  Girls,All Categories  Classes VIVIII1113 Years  Total,All Categories  Classes IVIII613 Years  Boys,All Categories  Classes IVIII613 Years  Girls,All Categories  Classes IVIII613 Years  Total,Scheduled Caste Category  Classes IV610 Years  Boys,Scheduled Caste Category  Classes I",Class-wise Gross enrolment ratio (GER) from 1950-51 to 2009-10 | Class-wise Gross enrolment ratio (GER) from 1950-51 to 2010-11
151,Class-wise Gender parity index (GPI) of All categories students,"Ministry of Education, Department of Higher Education",Gender parity index (GPI),2,"States/Union Territories,Classes IV,Classes VIVIII,Classes IVIII,Classes IXX,Classes IX,Classes XIXII,Classes IXXII,Classes IXII",Class-wise Gender parity index (GPI) of All categories students for 2008-09 | Class-wise Gender parity index (GPI) of All categories students for 2009-10
769,Clone of Rajkot Death Cause,"Ministry of Housing and Urban Affairs, Smart Cities Mission, Gujarat, Rajkot",Rajkot Municipal Corporation : Birth and Death,2,"City,Cause of Death,Gender,Less than 1 year,1  4 years,5  14 years,15  24 years,25  34 years,35  44 years,45  54 years,55  64 years,65  69 years,above 70 years ,Total",Clone of Rajkot Death Cause 2013 | Clone of Rajkot Death Cause 2014
152,Class-wise Gender parity index (GPI) of Scheduled Caste,"Ministry of Education, Department of Higher Education",Gender parity index (GPI),2,"States/Union Territories,Classes IV,Classes VIVIII,Classes IVIII,Classes IXX,Classes IX,Classes XIXII,Classes IXXII,Classes IXII",Class-wise Gender parity index (GPI) of Scheduled Caste for 2008-09 | Class-wise Gender parity index (GPI) of Scheduled Caste for 2009-10
153,Class-wise Gender parity index (GPI) of Scheduled Tribe,"Ministry of Education, Department of Higher Education",Gender parity index (GPI),2,"States/Union Territories,Classes IV,Classes VIVIII,Classes IVIII,Classes IXX,Classes IX,Classes XIXII,Classes IXXII,Classes IXII",Class-wise Gender parity index (GPI) of Scheduled Tribe for 2008-09 | Class-wise Gender parity index (GPI) of Scheduled Tribe for 2009-10
154,Class-wise Gender parity index (GPI),"Ministry of Education, Department of Higher Education",Gender parity index (GPI),2,"Year,Classes IV610 Years  All,Classes IV610 Years  SC,Classes IV610 Years  ST,Classes VIVIII1113 Years  All,Classes VIVIII1113 Years  SC,Classes VIVIII1113 Years  ST,Classes IVIII613 Years  All,Classes IVIII613 Years  SC,Classes IVIII613 Years  ST",Class-wise Gender parity index (GPI) from 1950-51 to 2009-10 | Class-wise Gender parity index (GPI) from 1950-51 to 2010-11
773,Surat: Digital Payment Details,"Ministry of Housing and Urban Affairs, Smart Cities Mission, Gujarat, Surat",Digital Payments: Surat,2,"City_Name,Year,Month,Total_Tax_Collection,Total_Digital_Tax_Collection,Total_Water_Charge_Collection,Total_Water_Charge_Collection_Digital,Total_Bus_Ticket_Collection,Total_Bus_Ticket_Collection_Digital",Surat: Digital Payment Details 2017-18 | Surat: Digital Payment Details 2018-19
155,Gender parity index (GPI) for higher classes,"Ministry of Education, Department of Higher Education",Gender parity index (GPI),2,"Year,Classes IXX1415 Years  All,Classes IXX1415 Years  SC,Classes IXX1415 Years  ST,Classes IX615 Years  All,Classes IX615 Years  SC,Classes IX615 Years  ST,Classes XIXII1617 Years  All,Classes XIXII1617 Years  SC,Classes XIXII1617 Years  ST,Classes IXXII1417 Years  All,Classes IXXII1417 Years  SC,Classes IXXII1417 Years  ST,Classes IXII617 Years  All,Classes IXII617 Years  SC,Classes IXII617 Years  ST",Gender parity index (GPI) for higher classes from 2001-02 to 2009-10 | Gender parity index (GPI) for higher classes from 2001-02 to 2010-11
156,Class-wise Gross enrolment ratio (GER) of All categories of students,"Ministry of Education, Department of Higher Education",Gross enrolment ratio (GER),2,"States / Union Territories,All Categories  Classes IV610 Years  Boys,All Categories  Classes IV610 Years  Girls,All Categories  Classes IV610 Years  Total,All Categories  Classes VIVIII1113 Years  Boys,All Categories  Classes VIVIII1113 Years  Girls,All Categories  Classes VIVIII1113 Years  Total,All Categories  Classes IVIII613 Years  Boys,All Categories  Classes IVIII613 Years  Girls,All Categories  Classes IVIII613 Years  Total,All Categories  Classes IXX1415 Years  Boys,All Categories  Class",Class-wise Gross enrolment ratio (GER) of All categories of students for 2010-11 | Class-wise Gross enrolment ratio (GER) of All categories of students for 2011-12
170,State-wise list of stand-alone institutions,"Ministry of Education, Department of Higher Education",Institutions (AISHE Survey),2,"State,District,Degree awarded by University,Management,Name of the Institution,Location Rural / Urban,Womens Institution Yes/No",State-wise list of stand-alone institutions - 2011-2012 | State-wise list of stand-alone institutions - 2012-2013
160,Class-wise Gross enrolment ratio (GER) of Scheduled Caste,"Ministry of Education, Department of Higher Education",Gross enrolment ratio (GER),2,"States/Union Territories,Classes IV610 Years  Boys,Classes IV610 Years  Girls,Classes IV610 Years  Total,Classes VIVIII1113 Years  Boys,Classes VIVIII1113 Years  Girls,Classes VIVIII1113 Years  Total,Classes IVIII613 Years  Boys,Classes IVIII613 Years  Girls,Classes IVIII613 Years  Total,Classes IXX1415 Years  Boys,Classes IXX1415 Years  Girls,Classes IXX1415 Years  Total,Classes IX615 Years  Boys,Classes IX615 Years  Girls,Classes IX615 Years  Total,Classes XIXII1617 Years  Boys,Classes XIXII16",Class-wise Gross enrolment ratio (GER) of Scheduled Caste for 2008-09 | Class-wise Gross enrolment ratio (GER) of Scheduled Caste for 2009-10
161,Class-wise Gross enrolment ratio (GER) of Scheduled Tribe,"Ministry of Education, Department of Higher Education",Gross enrolment ratio (GER),2,"States/Union Territories,Classes IV610 Years  Boys,Classes IV610 Years  Girls,Classes IV610 Years  Total,Classes VIVIII1113 Years  Boys,Classes VIVIII1113 Years  Girls,Classes VIVIII1113 Years  Total,Classes IVIII613 Years  Boys,Classes IVIII613 Years  Girls,Classes IVIII613 Years  Total,Classes IXX1415 Years  Boys,Classes IXX1415 Years  Girls,Classes IXX1415 Years  Total,Classes IX615 Years  Boys,Classes IX615 Years  Girls,Classes IX615 Years  Total,Classes XIXII1617 Years  Boys,Classes XIXII16",Class-wise Gross enrolment ratio (GER) of Scheduled Tribe for 2008-09 | Class-wise Gross enrolment ratio (GER) of Scheduled Tribe for 2009-10
162,High school examination pass percentage,"Ministry of Education, Department of Higher Education",High school examination pass percentage,2,"Year,All Categories  Boys,All Categories  Girls,All Categories  Total,Scheduled Caste  Boys,Scheduled Caste  Girls,Scheduled Caste  Total,Scheduled Tribe  Boys,Scheduled Tribe  Girls,Scheduled Tribe  Total",High school examination pass percentage during 2005-2009 | High school examination pass percentage during 2005-2010
780,Water Revenue Data Bengaluru,"Ministry of Housing and Urban Affairs, Smart Cities Mission, Karnataka, Bengaluru",Water Tax: Bengaluru,2,"City Name,Zone Name,Ward Name,Ward No.,Water tax billed in INR lakhsTotal201314,Water tax billed in INR lakhsCommercial201314,Water tax billed in INR lakhsResidential201314,Water tax billed in INR lakhsTotal201415,Water tax billed in INR lakhsCommercial201415,Water tax billed in INR lakhsResidential201415,Water tax billed in INR lakhsTotal201516,Water tax billed in INR lakhsCommercial201516,Water tax billed in INR lakhsResidential201516,Water tax billed in INR lakhsTotal201617,Water tax billed i",Water Revenue Data Bengaluru from 2013-14 to 2017-18 | Water Revenue Data Bengaluru from 2013-14 to 2017-18
781,Education Data : Mangaluru,"Ministry of Housing and Urban Affairs, Smart Cities Mission, Karnataka, Mangaluru",Education Data : Mangaluru,2,"City Name,Zone Name,Ward Name,201516  Total No. of Schools within corporation city limits,201617  Total No. of Schools within corporation city limits,201718  Total No. of Schools within corporation city limits,201516  Total No. of School Aged population age 5  Total,201617  Total No. of School Aged population age 5  Total,201718  Total No. of School Aged population age 5  Total,201516  Total No. of School Aged population age 5  Male,201617  Total No. of School Aged population age 5  Male,201718 ",Education Data : Mangaluru: 2015-16 to 2017-18 | Education Data : Mangaluru from 2015-16 to 2017-18
782,Community Facilities : Shivamogga,"Ministry of Housing and Urban Affairs, Smart Cities Mission, Karnataka, Shivamogga",Community Facilities : Shivamogga,2,"City Name,Zone Name,Ward Name,Ward  No ,Type Community Hall / Auditorium / Convention Center / Swimming Pools / Sports Ground / Theatre,Facility Name,Capacity wherever applicable,,,,,,,,,,,",Community Facilities : Shivamogga 2018-19 | Community Facilities : Shivamogga : 2018-19
783,Services through ICCC,"Ministry of Housing and Urban Affairs, Smart Cities Mission, Karnataka, Shivamogga",Services through ICCC :Shivamogga  ,2,"City Name,ListofCitizenCentricServices,AvailableOnline_YesorNo,IntegratedwithICCC_YesorNo",Services through ICCC: 2021  | Services through ICCC-2021
784,Cultural Heritage Data: Thiruvananthapuram,"Ministry of Housing and Urban Affairs, Smart Cities Mission, Kerala, Tiruvanantapuram",Cultural Heritage: Thiruvananthapuram,2,"City Name,Zone Name,Name of heritage,Nature of heritage open space monuments street etc.,Heritage use,Age of heritage in Years",Cultural Heritage Data: Thiruvananthapuram | Cultural Heritage Data: Thiruvananthapuram 2021
785,City Profile of Ujjain : As on,"Ministry of Housing and Urban Affairs, Smart Cities Mission, Madhya Pradesh, Ujjain",City Profile of Ujjain,2,"City Name,Zone Name,Ward Name,Ward No.,Area _in_sq_km,Total Population_in_thousands,Population  Male_in thousands,Population  female_in_thousands,population  children aged 014_in_thousands,Population  youth aged 1524_in thousands,Population  adults aged 2560_in_thousands,percentage_of_age_population  Senior citizens aged 60_above_in_thousands",City Profile of Ujjain : As on 2018 | City Profile of Ujjain : As on 2018
786,Recovery Ujjain,"Ministry of Housing and Urban Affairs, Smart Cities Mission, Madhya Pradesh, Ujjain",Covid 19 Ujjain,2,"Date,Sample,Datewise Recovery,Recovery, Recovery Rate ",Recovery Ujjain 2021 | Recovery Ujjain 2022
787,Property Tax Data : Nagpur,"Ministry of Housing and Urban Affairs, Smart Cities Mission, Maharashtra, Nagpur",Property Tax: Nagpur,2,"City Name,Zone Name,Ward Name,Ward No.,201314  Property Tax Collection in crores  Residential,201415  Property Tax Collection in crores  Residential,201516  Property Tax Collection in crores  Residential,201617  Property Tax Collection in crores  Residential,201718  Property Tax Collection in crores  Residential,201314  Property Tax Demand in crores  Residential,201415  Property Tax Demand in crores  Residential,201516  Property Tax Demand in crores  Residential,201617  Property Tax Demand in cr",Property Tax Data : Nagpur 2013-18 | Property Tax Data : Nagpur : 2013-18
788,Digital Payments : Pimpri Chinchwad,"Ministry of Housing and Urban Affairs, Smart Cities Mission, Maharashtra, Pimpri Chinchwad",Digital Payments : Pimpri Chinchwad,2,"City Name,Month,Amount collected from citizens by Municipal Corporation / smart city for various services such as Property Tax etc.  Total Collection,Amount collected from citizens by Municipal Corporation / smart city for various services such as Property Tax etc.  Amount Collected as digital payment noncash non cheque,Domestic Water charges by water utilities/Water authority/ Local body  Total Collection,Domestic Water charges by water utilities/Water authority/ Local body  Amount Collected as",Digital Payments : Pimpri Chinchwad : 2017-18 | Digital Payments : Pimpri Chinchwad - 2022
789,Admitted Patient Status : Pimpri Chinchwad,"Ministry of Housing and Urban Affairs, Smart Cities Mission, Maharashtra, Pimpri Chinchwad",Health-Infrastructure : Pimpri-Chinchwad,2,"code200,message,caseDailyStatusPIDP2459148,patientCurrentSituationModerate Symptomatic,PIDP2481308,patientCurrentSituationMild Symptomatic,PIDP2478209,patientCurrentSituationMild Symptomatic,PIDP2478268,patientCurrentSituationMild Symptomatic,PIDP2478872,patientCurrentSituationMild Symptomatic,PIDP2480741,patientCurrentSituationMild Symptomatic,PIDP2480633,patientCurrentSituationMild Symptomatic,PIDP2480934,patientCurrentSituationMild Symptomatic,PIDP2481753,patientCurrentSituationMild Symptomat",Admitted Patient  Status : Pimpri Chinchwad - 2022 | Admitted Patient  Status : Pimpri Chinchwad - 2022
790,Property Tax Shillong,"Ministry of Housing and Urban Affairs, Smart Cities Mission, Meghalaya, Shillong",Property Tax Shillong,2,"City Name,Zone Name,Ward Name,Ward No.,201314  Property Tax Collection in crores  Residential,201415  Property Tax Collection in crores  Residential,201516  Property Tax Collection in crores  Residential,201617  Property Tax Collection in crores  Residential,201718  Property Tax Collection in crores  Residential,201314  Property Tax Demand in crores  Residential,201415  Property Tax Demand in crores  Residential,201516  Property Tax Demand in crores  Residential,201617  Property Tax Demand in cr",Property Tax Shillong 2018 | Property Tax Shillong 2018
791,Households : Aizawl,"Ministry of Housing and Urban Affairs, Smart Cities Mission, Mizoram, Aizawl",City Profile : Aizawl,2,"City Name,Zone Name,Ward Name,Ward No.,Total no. of Households",Households : Aizawl : 2018 | Households : Aizawl : 2018
792,Education 2019 : Aizawl,"Ministry of Housing and Urban Affairs, Smart Cities Mission, Mizoram, Aizawl",Education : Aizawl,2,"City Name,Zone Name,Ward Name,Total No. of Schools within corporation city limits,,,Total No. of School Aged population age 5  Total,Total No. of School Aged population age 5  Total,Total No. of School Aged population age 5  Total,Total No. of School Aged population age 5  Male,Total No. of School Aged population age 5  Male,Total No. of School Aged population age 5  Male,Total No. of School Aged population5  Female,Total No. of School Aged population5  Female,Total No. of School Aged population",Education 2019 : Aizawl | Education 2019 : Aizawl
793,Mortality : Aizawl,"Ministry of Housing and Urban Affairs, Smart Cities Mission, Mizoram, Aizawl",Mortality Rate : Aizawl,2,"City Name,Total No. of Live Births in Thousands 201314,Total No. of Live Births in Thousands 201415,Total No. of Live Births in Thousands201516,Total No. of Live Births in Thousands201617,Total No. of Live Births in Thousands201718,No. of Deaths  Total in Thousands 201314,No. of Deaths  Total in Thousands201415,No. of Deaths  Total in Thousands 201516,No. of Deaths  Total in Thousands 201617,No. of Deaths  Total in Thousands201718,No. of Deaths  Male in Thousands201314,No. of Deaths  Male in Tho",Mortality : Aizawl : 2018 | Mortality : Aizawl : 2018
794,Public Amenities : Aizawl,"Ministry of Housing and Urban Affairs, Smart Cities Mission, Mizoram, Aizawl",Public Amenities : Aizawl,2,"City Name,Zone Name,Ward Name,Ward No,No. of Public Primary Schools,No. of Public Secondary Schools,No. of Public Higher Secondary Schools,No. of kindergartens,No of Schools for Specially Abled Blind / Deaf / Autistic ,No. of Graduation Colleges,No. of Post Graduation Colleges,No. of Public Toilets,No. of Dispensaries / Primary Hospitals,No. of Public Hospitals,No. of Libraries,No. of Community Centers,No. of Parks and Gardens,No. of Aadhar Enrollment centers,No. of Licensed Hawkers",Public Amenities : Aizawl : 2018 | Public Amenities : Aizawl : 2018
795,Dogs Vaccinated Kohima,"Ministry of Housing and Urban Affairs, Smart Cities Mission, Nagaland, Kohima",Dogs Vaccinated Kohima,2,"City,Ward Number,Total Dogs Vaccinated 201819,Total Dogs Vaccinated 201920",Dogs Vaccinated Kohima 2018-2019 | Dogs Vaccinated Kohima 2019-2020
796,unemployment rate Amritsar,"Ministry of Housing and Urban Affairs, Smart Cities Mission, Punjab, Amritsar",Unemployment Rate Amritsar ,2,"City Name,Zone Name,Ward Name,Ward No.,No. of unemployed persons seeking or available for work,No. of employed persons,Total labour force in the city age 1559 Employed  Unemployed Persons",unemployment rate Amritsar 2018 - 2019 | unemployment rate Amritsar 2018 to 2019
797,Electricity Consumption Jaipur,"Ministry of Housing and Urban Affairs, Smart Cities Mission, Rajasthan, Jaipur",Electricity Consumption Jaipur,2,"City Name,Consumption of Electricity in lakh unitsDomestic purpose,Consumption of Electricity in lakh unitsCommercial purpose,Consumption of Electricity in lakh unitsIndustry purpose,Consumption of Electricity in lakh unitsPublic Water Work  Street Light,Consumption of Electricity in lakh unitsOthers,Consumption of Electricity in lakh unitsTotal Consumption",Electricity Consumption Jaipur - 2018 | Electricity Consumption Jaipur 2018
798,Electricity Consumption: Udaipur,"Ministry of Housing and Urban Affairs, Smart Cities Mission, Rajasthan, Udaipur",Electricity Consumption: Udaipur ,2,"City Name,Consumption of Electricity in lakh units Domestic purpose,Consumption of Electricity in lakh units Commercial purpose,Consumption of Electricity in lakh units Industry purpose,Consumption of Electricity in lakh units Public Water Work  Street Light,Consumption of Electricity in lakh units Others,Consumption of Electricity in lakh units Total Consumption",Electricity Consumption: Udaipur 2018	  | Electricity Consumption: Udaipur 2018
799,"Solid Waste Generated, Collected, Processed Data :udaipur","Ministry of Housing and Urban Affairs, Smart Cities Mission, Rajasthan, Udaipur","Solid Waste Generated, Collected, Processed Data : Udaipur	",2,"City Name,Zone Name,Ward Name,Ward No.,Total Population in thousands,Total quantum of MSW generated in the city in Metric tonnes 201516,Total quantum of MSW generated in the city in Metric tonnes 201617,Total quantum of MSW generated in the city in Metric tonnes 201718,Total quantum of MSW collected by the ULB or private operator in Metric tonnes 201516,Total quantum of MSW collected by the ULB or private operator in Metric tonnes 201617,Total quantum of MSW collected by the ULB or private opera","Solid Waste Generated, Collected, Processed Data :udaipur 2015 to 2018	 | Solid Waste Generated, Collected, Processed Data :udaipur 2015 to 2018	"
800,Solid Waste Ward wise Seggeration Data : Coimbatore,"Ministry of Housing and Urban Affairs, Smart Cities Mission, Tamil Nadu, Coimbatore",Solid Waste Management : Coimbatore,2,"City Name,Zone Name,Ward name,Number of HH,Waste quantity Tonnes Per Day,No. of Households with waste segregation",Solid Waste Ward wise Seggeration Data : Coimbatore : as on jan 2019 | Solid Waste Ward wise Seggeration Data : Coimbatore : 2018
801,Signalized Intersections : Coimbatore,"Ministry of Housing and Urban Affairs, Smart Cities Mission, Tamil Nadu, Coimbatore",Traffic : Coimbatore,2,"City Name,Zone Name,Ward Name,Ward No.,No. of intersections / junctions,Total number of operational signalized intersections,,,,,,,",Signalized Intersections : Coimbatore : 2018 2019 | Signalized Intersections : Coimbatore as on jan 2019
802,Buses : Warangal,"Ministry of Housing and Urban Affairs, Smart Cities Mission, Telangana, Greater Warangal",Buses : Warangal,2,"City Name,Population 2011,Year,Presence of organized bus transport system Y/N,No. of Bus Service Providers,Total No. of Buses plying within the city,No. of Bus Stops that are disable friendly",Buses : Warangal : 2015 to 2018 | Buses : Warangal : 2015 : 2016 : 2017 : 2018
803,Citizen Facilitation Centers : Warangal,"Ministry of Housing and Urban Affairs, Smart Cities Mission, Telangana, Greater Warangal",Citizen Facilitation Centers : Warangal,2,"City Name,Zone Name,Ward Name,Ward No,Name and Address,Staff Count  Deployed,Total No. Citizen Services available,Facilities for Specially Abled Person available Yes / No,Drinking Water available Yes / No,Digital Payments Modes and Channels available Yes / No,Average Monthly Footfall,Self Service Kiosk Available Yes / No,WiFi Availability Yes / No,Queue Management System available Yes / No,HelpDesk Services available Yes / No",Citizen Facilitation Centers : Warangal : As On Jan 2019 | Citizen Facilitation Centers : Warangal : 2019
804,City Profile : Warangal,"Ministry of Housing and Urban Affairs, Smart Cities Mission, Telangana, Greater Warangal",City Profile : Warangal,2,"City Name,Zone Name,Ward Name,Ward No.,Area in sq km,Total Population in thousands,Population  Male in thousands,Population  female in thousands,population  children aged 014 in thousands,Population  youth aged 1524 in thousands,Population  adults aged 2560 in thousands,Population  Senior citizens aged 60 in thousands",City Profile : Warangal : As on Jan 2019 | City Profile : Warangal : 2019
805,Children Facilities Provision: lucknow,"Ministry of Housing and Urban Affairs, Smart Cities Mission, Uttar Pradesh, Lucknow",ITC Neighbourhood : Lucknow,2,"City Name,Zone Name,Ward name,Ward No.,Population in the age group of 06 years in thousands,Whether city level master plan standards for housing include facilities for children at the neighbourhood level Y/N,No. of parks with free basic facilties like public drinking water toilets and other facilities for families in neighbourhood,No. of properties having access to toilets within walking distance,Number of anganwadi centres in the city",Children Facilities Provision: lucknow : As on Jan 2019 | Children Facilities Provision: lucknow : As on Jan 2019
806,Public Toilets Data: Lucknow,"Ministry of Housing and Urban Affairs, Smart Cities Mission, Uttar Pradesh, Lucknow",Water & Sanitation: Lucknow,2,"City Name,Zone Name,Ward Name,Ward No.,Total number of households HH,HH part of the city sewerage network,Number of Households with toilets,Number of free public toilets  Female,Number of free public toilets  Male,Number of paid public toilets  Female,Number of paid public toilets  Male",Public Toilets Data: Lucknow : As on Jan 2019 | Public Toilets Data: Lucknow : As on Jan 2019
163,Higher secondary examination pass percentage,"Ministry of Education, Department of Higher Education",Higher secondary examination pass percentage,2,"Year,All Categories  Boys,All Categories  Girls,All Categories  Total,Scheduled Caste  Boys,Scheduled Caste  Girls,Scheduled Caste  Total,Scheduled Tribe  Boys,Scheduled Tribe  Girls,Scheduled Tribe  Total",Higher secondary examination pass percentage during 2005 - 2009 | Higher secondary examination pass percentage during 2005-2010
808,Environment of Varanasi,"Ministry of Housing and Urban Affairs, Smart Cities Mission, Uttar Pradesh, Varanasi",Environment:Varanasi City,2,"City Name,Month Year,Monthly mean/average concentration  PM2.5,Monthly mean concentration  PM10,Monthly mean concentration  NO2,Monthly mean concentration  SO2,Monthly mean concentration  O3,No of AQM Sensors / Environmental sensors deployed,,,,,,,,,,,,,,,,,",Environment of Varanasi 2017-18 | Environment of Varanasi 2017-18
809,Mortality Rate of Varanasi,"Ministry of Housing and Urban Affairs, Smart Cities Mission, Uttar Pradesh, Varanasi",Mortality Rate:Varanasi City,2,"City Name,Total No. of Live Births in Thousands201314,Total No. of Live Births in Thousands201415,Total No. of Live Births in Thousands201516,Total No. of Live Births in Thousands201617,Total No. of Live Births in Thousands201718,No. of Deaths  Total in Thousands201314,No. of Deaths  Total in Thousands201415,No. of Deaths  Total in Thousands201516,No. of Deaths  Total in Thousands201617,No. of Deaths  Total in Thousands201718,No. of Deaths  Male in Thousands201314,No. of Deaths  Male in Thousand",Mortality Rate of Varanasi 2013-18 | Mortality Rate of Varanasi 2013-18
164,State-wise number of colleges by recognition,"Ministry of Education, Department of Higher Education",Institutions (AISHE Survey),2,"State,University Grants Commission,Indian Nursing Council,National Council of Teacher Education,Rehabilitation Council of India,Medical Council of India,All India Council for Technical Education,Dental Council of India,Council of Architecture,Pharmacy Council of India,Bar Council of India,Central Council of Indian Medicin,Central Council of Homeopathy,Others,Total",State-wise number of colleges by recognition - 2011-2012 | State-wise number of colleges by recognition - 2012-2013
165,State-wise number of university offering education through distance mode,"Ministry of Education, Department of Higher Education",Institutions (AISHE Survey),2,"State,Central Open University,State Open University,State Private Open University,University Offering Education Through Distance Mode,Total",State-wise number of university offering education through distance mode - 2011-2012 | State-wise number of university offering education through distance mode - 2012-2013
166,Number of institutions by specialization,"Ministry of Education, Department of Higher Education",Institutions (AISHE Survey),2,"State,University  General,University  Agriculture,University  Medical,University  Law,University  Technical,University  Veterinary,University  Others,University  Total,University  Women Out of Total,College/Recognised Institution  General,College/Recognised Institution  Agriculture,College/Recognised Institution  Medical,College/Recognised Institution  Law,College/Recognised Institution  Technical,College/Recognised Institution  Veterinary,College/Recognised Institution  Others,College/Recognise",Number of institutions by specialization - 2011-2012 | Number of institutions by specialization - 2012-2013
167,State-wise number of institutions,"Ministry of Education, Department of Higher Education",Institutions (AISHE Survey),2,"State,University  Central University,University  State Public University,University  State Private University,University  Deemed University Government,University  Deemed University Government Aided,University  Deemed UniversityPrivate,University  Institute of National Importance,University  Institute under State Legislature Act,University  Central Open University,University  State Open University,University  State Private Open University,University  Others,University  Total,College/Recognised In",State-wise number of institutions - 2011-2012 | State-wise number of institutions - 2012-2013
168,State-wise number of institutions for rural,"Ministry of Education, Department of Higher Education",Institutions (AISHE Survey),2,"State,University  Central University,University  State Public University,University  State Private University,University  Deemed University Government,University  Deemed University Government Aided,University  Deemed UniversityPrivate,University  Institute of National Importance,University  Institute under State Legislature Act,University  Central Open University,University  State Open University,University  State Private Open University,University  Others,University  Total,College/Recognised In",State-wise number of institutions for rural - 2011-2012 | State-wise number of institutions for rural - 2012-2013
815,Evapotranspiration Andaman & Nicobar,Ministry of Jal Shakti,Daily Data of Evapotranspiration,2,"Date,State Name,DistrictName,Evapotranspiration Level mm,Evapotranspiration Volume one thousand million cubic feet,Aggregate Evapotranspiration Level mm,Aggregate Evapotranspiration Volume one thousand million cubic feet",Evapotranspiration Andaman & Nicobar-2018 | Evapotranspiration Andaman & Nicobar-2019
816,Evapotranspiration Lakshdweep,Ministry of Jal Shakti,Daily Data of Evapotranspiration,2,"Date,State Name,DistrictName,Evapotranspiration Level mm,Evapotranspiration Volume one thousand million cubic feet,Aggregate Evapotranspiration Level mm,Aggregate Evapotranspiration Volume one thousand million cubic feet",Evapotranspiration Lakshdweep-2019 | Evapotranspiration Lakshdweep-2020
817,Evapotranspiration Tamilnadu,Ministry of Jal Shakti,Daily Data of Evapotranspiration,2,"Date,State Name,DistrictName,Evapotranspiration Level mm,Evapotranspiration Volume one thousand million cubic feet,Aggregate Evapotranspiration Level mm,Aggregate Evapotranspiration Volume one thousand million cubic feet",Evapotranspiration Tamilnadu-2018 | Evapotranspiration Tamilnadu-2019
169,State-wise number of institutions for urban,"Ministry of Education, Department of Higher Education",Institutions (AISHE Survey),2,"State,University  Central University,University  State Public University,University  State Private University,University  Deemed University Government,University  Deemed University Government Aided,University  Deemed UniversityPrivate,University  Institute of National Importance,University  Institute under State Legislature Act,University  Central Open University,University  State Open University,University  State Private Open University,University  Others,University  Total,College/Recognised In",State-wise number of institutions for urban - 2011-2012 | State-wise number of institutions for urban - 2012-2013
819,Soil Moisture Andaman and Nicobar,Ministry of Jal Shakti,Daily Data of Soil Moisture,2,"Date,State Name,DistrictName,Average Soilmoisture Level at 15cm,Average SoilMoisture Volume at 15cm,Aggregate Soilmoisture Percentage at 15cm,Volume Soilmoisture percentage at 15cm",Soil Moisture Andaman and Nicobar-2018 | Soil Moisture Andaman and Nicobar -2020
820,Soil Moisture Lakshdweep,Ministry of Jal Shakti,Daily Data of Soil Moisture,2,"Date,State Name,DistrictName,Average Soilmoisture Level at 15cm,Average SoilMoisture Volume at 15cm,Aggregate Soilmoisture Percentage at 15cm,Volume Soilmoisture percentage at 15cm",Soil Moisture Lakshdweep -2018 | Soil Moisture Lakshdweep -2020
821,Soil Moisture Tamilnadu,Ministry of Jal Shakti,Daily Data of Soil Moisture,2,"Date,State Name,DistrictName,Average Soilmoisture Level at 15cm,Average SoilMoisture Volume at 15cm,Aggregate Soilmoisture Percentage at 15cm,Volume Soilmoisture percentage at 15cm",Soil Moisture Tamilnadu -2018 | Soil Moisture Tamilnadu -2020
182,Higher secondary examination results,"Ministry of Education, Department of Higher Education",Results of higher secondary examination,2,"Year,Number of Students  All Categories  Appeared  Boys,Number of Students  All Categories  Appeared  Girls,Number of Students  All Categories  Appeared  Total,Number of Students  All Categories  Passed  Boys,Number of Students  All Categories  Passed  Girls,Number of Students  All Categories  Passed  Total,Number of Students  Scheduled Caste  Appeared  Boys,Number of Students  Scheduled Caste  Appeared  Girls,Number of Students  Scheduled Caste  Appeared  Total,Number of Students  Scheduled Cas",Higher secondary examination results during 2005-2009 | Higher secondary examination results during 2005-2010
171,State-wise list of universities and attached institutions,"Ministry of Education, Department of Higher Education",Institutions (AISHE Survey),2,"State,District,University Type,Name of the University,Location Rural/ Urban,Womens University Yes/No,List of Attached Colleges and Institutions  State,List of Attached Colleges and Institutions  District,List of Attached Colleges and Institutions  Type,List of Attached Colleges and Institutions  Management,List of Attached Colleges and Institutions  Name,List of Attached Colleges and Institutions  Location Rural/Urban,List of Attached Colleges and Institutions  Womens College Yes/No,List of Atta",State-wise list of universities and attached institutions - 2011-2012 | State-wise list of universities and attached institutions - 2012-2013
172,List of standalone institutions,"Ministry of Education, Department of Higher Education",Institutions (AISHE Survey),2,"Sl.No,State Name,Institution Name,Institution Type",List of standalone institutions - 2011-2012 | List of standalone institutions - 2012-2013
173,Type-wise number of institutions attached with university,"Ministry of Education, Department of Higher Education",Institutions (AISHE Survey),2,"Name of Affiliating University,Number of College/Recognised Institution  Constituent/ University Colleges,Number of College/Recognised Institution  Affiliating Colleges,Number of College/Recognised Institution  Recognised Institutions,Number of College/Recognised Institution  PG Centers/ Off Campus Centers,Number of College/Recognised Institution  Total,Number of College/Recognised Institution  Regional Centers for Distance Mode,Number of College/Recognised Institution  Study Centers for Distanc",Type-wise number of institutions attached with university - 2011-2012 | Type-wise number of institutions attached with university - 2012-2013
826,Import / Export of Crude Oil and Petroleum Products,Ministry of Petroleum and Natural Gas,Indian Petroleum and Natural Gas Statistics - 2020-21,2,"Category,Import/Export,201415,201516,201617,201718,201819,201920,202021,% Growth",Import / Export of Crude Oil and Petroleum Products from 2014-15 to 2020-21 | Import / Export of Crude Oil and Petroleum Products from 2014-15 to 2020-21
174,Management-wise number of institutions attached with university,"Ministry of Education, Department of Higher Education",Institutions (AISHE Survey),2,"Name of Affiliating University,Number of College/Recognised Institution  Central Government,Number of College/Recognised Institution  State Government,Number of College/Recognised Institution  Local Body,Number of College/Recognised Institution  University,Number of College/Recognised Institution  Private Aided,Number of College/Recognised Institution  Private UnAided,Number of College/Recognised Institution  Total",Management-wise number of institutions attached with university - 2011-2012 | Management-wise number of institutions attached with university - 2012-2013
175,Remarks recorded by the institutions,"Ministry of Education, Department of Higher Education",Institutions (AISHE Survey),2,"Name of Institution,Remarks Recorded",Remarks recorded by the institutions - 2011-2012 | Remarks recorded by the institutions - 2012-2013
176,List of all universities,"Ministry of Education, Department of Higher Education",Institutions (AISHE Survey),2,"Sl.No,State Name,University Name,University Type",List of all universities - 2011-2012 | List of all universities - 2012-2013
177,Number of institutions: school education,"Ministry of Education, Department of Higher Education",Institutions - School education,2,"States/ Uts,Board of Intermediate Secondary Education,ISCED3  PreDegree Junior Colleges/ Higher Sec. Schools,ISCED3  High/Post Basic Schools,ISCED2  Middle / Sr Basic Schools,ISCED1  Primary/Jr Basic Schools,ISCED1  EGS Centers,ISCED0  PrePrimary/ Pre Basic Schools,ISCED0  Institutions imparting preschool education under ICDS",Number of institutions: school education for 2007-08 | Number of institutions: school education for 2007-08
178,Number of institutions by management,"Ministry of Education, Department of Higher Education",Institutions - School education,2,"States/Union Territories,Intermediate/Senior Secondary Schools  Government  Number,Intermediate/Senior Secondary Schools  Government  %age,Intermediate/Senior Secondary Schools  Local Bodies  Number,Intermediate/Senior Secondary Schools  Local Bodies  %age,Intermediate/Senior Secondary Schools  Private Aided  Number,Intermediate/Senior Secondary Schools  Private Aided  %age,Intermediate/Senior Secondary Schools  Private Unaided  Number,Intermediate/Senior Secondary Schools  Private Unaided  %age",Number of institutions by management for 2008-09 | Number of institutions by management for 2009-10
181,High school examination results,"Ministry of Education, Department of Higher Education",Results of high school examination,2,"Year,Number of Students  All Categories  Appeared  Boys,Number of Students  All Categories  Appeared  Girls,Number of Students  All Categories  Appeared  Total,Number of Students  All Categories  Passed  Boys,Number of Students  All Categories  Passed  Girls,Number of Students  All Categories  Passed  Total,Number of Students  Scheduled Caste  Appeared  Boys,Number of Students  Scheduled Caste  Appeared  Girls,Number of Students  Scheduled Caste  Appeared  Total,Number of Students  Scheduled Cas",High school examination results during 2005-2009 | High school examination results during 2005-2010
159,Class-wise Gross enrolment ratio (GER) of All categories of students,"Ministry of Education, Department of Higher Education",Gross enrolment ratio (GER),2,"States/Union Territories,Classes IV610 Years  Boys,Classes IV610 Years  Girls,Classes IV610 Years  Total,Classes VIVIII1113 Years  Boys,Classes VIVIII1113 Years  Girls,Classes VIVIII1113 Years  Total,Classes IVIII613 Years  Boys,Classes IVIII613 Years  Girls,Classes IVIII613 Years  Total,Classes IXX1415 Years  Boys,Classes IXX1415 Years  Girls,Classes IXX1415 Years  Total,Classes IX615 Years  Boys,Classes IX615 Years  Girls,Classes IX615 Years  Total,Classes XIXII1617 Years  Boys,Classes XIXII16",Class-wise Gross enrolment ratio (GER) of All categories of students for 2008-09 | Class-wise Gross enrolment ratio (GER) of All categories of students for 2009-10
183,State/UT-wise number of school education institutions,"Ministry of Education, Department of Higher Education",School education institutions,2,"States / Union Territories,Number of Senior Secondary / Secondary Education Board,Intermediate / Senior Secondary Schools,High / Secondary Schools,Upper Primary Schools,Primary Schools,Total,PrePrimary Schools",State/UT-wise number of school education institutions - 2010-11 | State/UT-wise number of school education institutions - 2011-12
380,"Ever Married and Currently Married Women belonging to Scheduled Castes by Present Age, Parity and Total Children Ever Born by Sex","Ministry of Home Affairs, Department of Home, Registrar General and Census Commissioner, India","Ever Married and Currently Married Women by Present Age, Parity and Total Children Ever Born by Sex, Census 1991 - India and States",2,"Country/State/UT Name,Caste Category,Total/Rural/Urban,Currently Married,Present Age,Total Ever/Currently Married Women,Ever/Currently Married Women of Parity  0,Ever/Currently Married Women of Parity  1,Ever/Currently Married Women of Parity  2,Ever/Currently Married Women of Parity  3,Ever/Currently Married Women of Parity  4,Ever/Currently Married Women of Parity  5,Total Children Ever Born  Persons,Total Children Ever Born  Males,Total Children Ever Born  Females","Ever Married and Currently Married Women belonging to Scheduled Castes by Present Age, Parity and Total Children Ever Born by Sex, 1991 - Tripura | Ever Married and Currently Married Women belonging to Scheduled Castes by Present Age, Parity and Total Children Ever Born by Sex, 1991 - Uttar Pradesh"
184,State/UT-wise number of school education institutions,"Ministry of Education, Department of Higher Education",School education institutions,2,"States/Union Territories,Number of Senior Secondary/ Secondary Education Board,Intermediate/ Senior Secondary Schools,High/ Secondary Schools,Upper Primary Schools,Primary Schools,Total Number of Schools Primary and above,PrePrimary Schools",State/UT-wise number of school education institutions - 2008-09 | State/UT-wise number of school education institutions - 2009-10
186,District and category-wise male and female student enrolment for all education institution,"Ministry of Education, Department of Higher Education",Student Enrolment (AISHE Survey),2,"State,District,CasteCategory  Total  Male,CasteCategory  Total  Female,CasteCategory  SC  Male,CasteCategory  SC  Female,CasteCategory  ST  Male,CasteCategory  ST  Female,CasteCategory  OBC  Male,CasteCategory  OBC  Female,Out of Total  PWD  Male,Out of Total  PWD  Female,Out of Total  Muslim  Male,Out of Total  Muslim  Female,Out of Total  Other Minority Communities  Male,Out of Total  Other Minority Communities  Female,Out of Total  Foreign Students  Male,Out of Total  Foreign Students  Female",District and category-wise male and female student enrolment for all education institution - 2011-2012 | District and category-wise male and female student enrolment for all education institution - 2012-2013
187,District and category-wise male and female student enrolment for college,"Ministry of Education, Department of Higher Education",Student Enrolment (AISHE Survey),2,"State,District,CasteCategory  Total  Male,CasteCategory  Total  Female,CasteCategory  SC  Male,CasteCategory  SC  Female,CasteCategory  ST  Male,CasteCategory  ST  Female,CasteCategory  OBC  Male,CasteCategory  OBC  Female,Out of Total  PWD  Male,Out of Total  PWD  Female,Out of Total  Muslim  Male,Out of Total  Muslim  Female,Out of Total  Other Minority Communities  Male,Out of Total  Other Minority Communities  Female,Out of Total  Foreign Students  Male,Out of Total  Foreign Students  Female",District and category-wise male and female student enrolment for college - 2011-2012 | District and category-wise male and female student enrolment for college - 2012-2013
195,State and management-wise male and female student enrolment in colleges,"Ministry of Education, Department of Higher Education",Student Enrolment (AISHE Survey),2,"State,State Government  Male,State Government  Female,Central Government  Male,Central Government  Female,Local Body  Male,Local Body  Female,University  Male,University  Female,Private Aided  Male,Private Aided  Female,PrivateUnAided  Male,PrivateUnAided  Female,Total  Male,Total  Female",State and management-wise male and female student enrolment in colleges - 2011-2012 | State and management-wise male and female student enrolment in colleges - 2012-2013
189,District and category-wise male and female student enrolment for university,"Ministry of Education, Department of Higher Education",Student Enrolment (AISHE Survey),2,"State,District,CasteCategory  Total  Male,CasteCategory  Total  Female,CasteCategory  SC  Male,CasteCategory  SC  Female,CasteCategory  ST  Male,CasteCategory  ST  Female,CasteCategory  OBC  Male,CasteCategory  OBC  Female,Out of Total  PWD  Male,Out of Total  PWD  Female,Out of Total  Muslim  Male,Out of Total  Muslim  Female,Out of Total  Other Minority Communities  Male,Out of Total  Other Minority Communities  Female,Out of Total  Foreign Students  Male,Out of Total  Foreign Students  Female",District and category-wise male and female student enrolment for university - 2011-2012 | District and category-wise male and female student enrolment for university - 2012-2013
190,Institution and category-wise male and female student enrolment,"Ministry of Education, Department of Higher Education",Student Enrolment (AISHE Survey),2,"Institution,CasteCategory  Total  Male,CasteCategory  Total  Female,CasteCategory  SC  Male,CasteCategory  SC  Female,CasteCategory  ST  Male,CasteCategory  ST  Female,CasteCategory  OBC  Male,CasteCategory  OBC  Female,Out of Total  PWD  Male,Out of Total  PWD  Female,Out of Total  Muslim  Male,Out of Total  Muslim  Female,Out of Total  Other Minority Communities  Male,Out of Total  Other Minority Communities  Female,Out of Total  Foreign Students  Male,Out of Total  Foreign Students  Female",Institution and category-wise male and female student enrolment - 2011-2012 | Institution and category-wise male and female student enrolment - 2012-2013
191,State and category-wise male and female student enrolment,"Ministry of Education, Department of Higher Education",Student Enrolment (AISHE Survey),2,"State,CasteCategory  Total  Male,CasteCategory  Total  Female,CasteCategory  SC  Male,CasteCategory  SC  Female,CasteCategory  ST  Male,CasteCategory  ST  Female,CasteCategory  OBC  Male,CasteCategory  OBC  Female,Out of Total  PWD  Male,Out of Total  PWD  Female,Out of Total  Muslim  Male,Out of Total  Muslim  Female,Out of Total  Other Minority Communities  Male,Out of Total  Other Minority Communities  Female,Out of Total  Foreign Students  Male,Out of Total  Foreign Students  Female",State and category-wise male and female student enrolment - 2011-2012 | State and category-wise male and female student enrolment - 2012-2013
192,Category-wise male and female student enrolment in university and its colleges,"Ministry of Education, Department of Higher Education",Student Enrolment (AISHE Survey),2,"University,CasteCategory  Total  Male,CasteCategory  Total  Female,CasteCategory  SC  Male,CasteCategory  SC  Female,CasteCategory  ST  Male,CasteCategory  ST  Female,CasteCategory  OBC  Male,CasteCategory  OBC  Female,Out of Total  PWD  Male,Out of Total  PWD  Female,Out of Total  Muslim  Male,Out of Total  Muslim  Female,Out of Total  Other Minority Communities  Male,Out of Total  Other Minority Communities  Female,Out of Total  Foreign Students  Male,Out of Total  Foreign Students  Female",Category-wise male and female student enrolment in university and its colleges - 2011-2012 | Category-wise male and female student enrolment in university and its colleges - 2012-2013
193,Category-wise male and female student enrolment in various types of universities,"Ministry of Education, Department of Higher Education",Student Enrolment (AISHE Survey),2,"University Type,CasteCategory  Total  Male,CasteCategory  Total  Female,CasteCategory  SC  Male,CasteCategory  SC  Female,CasteCategory  ST  Male,CasteCategory  ST  Female,CasteCategory  OBC  Male,CasteCategory  OBC  Female,Out of Total  PWD  Male,Out of Total  PWD  Female,Out of Total  Muslim  Male,Out of Total  Muslim  Female,Out of Total  Other Minority Communities  Male,Out of Total  Other Minority Communities  Female,Out of Total  Foreign Students  Male,Out of Total  Foreign Students  Femal",Category-wise male and female student enrolment in various types of universities - 2011-2012 | Category-wise male and female student enrolment in various types of universities - 2012-2013
845,Monthly Power Generation - February,"Ministry of Power, Central Electricity Authority",Power Generation,2,"REGION_NM,MON_YR,REGION,STATE,SECTOR,CATEGORY,FUEL,UTILITY,STATION,INST_CAP,PROGRAM_GENERATION,ACTUAL GENERATION",Monthly Power Generation - February 2016 | Monthly Power Generation - February 2017
846,Monthly Power Generation – December,"Ministry of Power, Central Electricity Authority",Power Generation,2,"REGION_NM,MON_YR,REGION,STATE,SECTOR,CATEGORY,FUEL,UTILITY,STATION,INST_CAP,PROGRAM_GENERATION,ACTUAL GENERATION",Monthly Power Generation – December 2015 | Monthly Power Generation – December 2016
847,Monthly Power Generation – January,"Ministry of Power, Central Electricity Authority",Power Generation,2,"REGION_NM,MON_YR,REGION,STATE,SECTOR,CATEGORY,FUEL,UTILITY,STATION,INST_CAP,PROGRAM_GENERATION,ACTUAL GENERATION",Monthly Power Generation – January 2016 | Monthly Power Generation – January 2017
848,Compound Annual Growth Rates in Vehicles and Road Length till,Ministry of Road Transport and Highways, Compound Annual Growth Rates in Vehicles and Road Length,2,"Period,VehiclesTwo Wheelers,VehiclesCars and Jeeps and Taxis,VehiclesBuses,VehiclesGoods Vehicles,VehiclesOthers,VehiclesTotal,RoadsNHs,RoadsSHs and OPWD,RoadsRural,RoadsUrban,RoadsProject,RoadsTotal", Compound Annual Growth Rates in Vehicles and Road Length till 2011 |  Compound Annual Growth Rates in Vehicles and Road Length till 2012
849,"State-wise and Sector-wise Approved Outlay, Revised Outlay & Expenditure Annual Plan",Ministry of Road Transport and Highways,Basic Road Statistics of India : 2013-14 and 2014-15,2,"Sl. No.,Category,Major Heads of Development,Anhdra Pradesh  Approved Outlay,Anhdra Pradesh  Revised Outlay,Anhdra Pradesh  Expenditure,Arunachal Pradesh  Approved Outlay,Arunachal Pradesh  Revised Outlay,Arunachal Pradesh  Expenditure,Assam  Approved Outlay,Assam  Revised Outlay,Assam  Expenditure,Bihar  Approved Outlay,Bihar  Revised Outlay,Bihar  Expenditure,Chhatisgarh  Approved Outlay,Chhatisgarh  Revised Outlay,Chhatisgarh  Expenditure,Goa  Approved Outlay,Goa  Revised Outlay,Goa  Expenditu","State-wise and Sector-wise Approved Outlay, Revised Outlay & Expenditure Annual Plan during 2009-10 | State-wise and Sector-wise Approved Outlay, Revised Outlay & Expenditure Annual Plan during 2008-09"
850,State/Ut-wise Surfaced Length of Other Pwd Roads by Width,Ministry of Road Transport and Highways,Basic Road Statistics of India : 2013-14 and 2014-15,2,"States/UTs,Grand Total,Water Bound Macadum  Total,Water Bound Macadum  BSSL/SSL,Water Bound Macadum  SDL,Water Bound Macadum  SML,Black Top/Cement Concrete  Total,Black Top/Cement Concrete  BSSL/SSL,Black Top/Cement Concrete  SDL,Black Top/Cement Concrete  SML",State/Ut-wise Surfaced Length of Other Pwd Roads by Width in India as on 31st March 2014 | State/Ut-wise Surfaced Length of Other Pwd Roads by Width in India as on 31st March 2015
851,State/Ut-wise Surfaced Length of State Highways by Width,Ministry of Road Transport and Highways,Basic Road Statistics of India : 2013-14 and 2014-15,2,"States/UTs,Grand Total,Water Bound Macadum  Total,Water Bound Macadum  BSSL/SSL,Water Bound Macadum  SDL,Water Bound Macadum  SML,Black Top/Cement Concrete  Total,Black Top/Cement Concrete  BSSL/SSL,Black Top/Cement Concrete  SDL,Black Top/Cement Concrete  SML",State/Ut-wise Surfaced Length of State Highways by Width in India as on 31st March 2014 | State/Ut-wise Surfaced Length of State Highways by Width in India as on 31st March 2015
852,Road Length by Categories and by Type of Surface,Ministry of Road Transport and Highways,Basic Road Statistics of India : 2013-14 and 2014-15,2,"S.No.,India/Category,Category,Total,Surfaced  Total A,Surfaced  W.B.M.,Surfaced  B.T./C.C,Unsurfaced  Total B",Road Length by Categories and by Type of Surface in India as on 31st March 2014 | Road Length by Categories and by Type of Surface in India as on 31st March 2015
194,State and management wise student enrolment for stand alone,"Ministry of Education, Department of Higher Education",Student Enrolment (AISHE Survey),2,"State,State Government  Male,State Government  Female,Central Government  Male,Central Government  Female,Local Body  Male,Local Body  Female,Private Aided  Male,Private Aided  Female,PrivateUnAided  Male,PrivateUnAided  Female,Total  Male,Total  Female",State and management wise student enrolment for stand alone - 2011-2012 | State and management wise student enrolment for stand alone - 2012-2013
854,State/Ut-wise Length of National Highways,Ministry of Road Transport and Highways,Basic Road Statistics of India : 2013-14 and 2014-15,2,"States/UTs,Length of NH",State/Ut-wise Length of National Highways in India as on 31st March 2014 | State/Ut-wise Length of National Highways in India as on 31st March 2015
855,State/Ut-wise Total and Surfaced Length of Other Pwd Roads,Ministry of Road Transport and Highways,Basic Road Statistics of India : 2013-14 and 2014-15,2,"States/UTs,Total,Surfaced",State/Ut-wise Total and Surfaced Length of Other Pwd Roads in India as on 31st March 2014 | State/Ut-wise Total and Surfaced Length of Other Pwd Roads in India as on 31st March 2015
856,State/Ut-wise Total and Surfaced Length of Project Roads,Ministry of Road Transport and Highways,Basic Road Statistics of India : 2013-14 and 2014-15,2,"States/UTs,Total,Surfaced",State/Ut-wise Total and Surfaced Length of Project Roads in India as on 31st March 2014 | State/Ut-wise Total and Surfaced Length of Project Roads in India as on 31st March 2015
857,State/Ut-wise Total and Surfaced Length of Roads,Ministry of Road Transport and Highways,Basic Road Statistics of India : 2013-14 and 2014-15,2,"States/UTs,Total,Surfaced",State/Ut-wise Total and Surfaced Length of Roads in India as on 31st March 2014 | State/Ut-wise Total and Surfaced Length of Roads in India as on 31st March 2015
858,State/Ut-wise Total and Surfaced Length of State Highways,Ministry of Road Transport and Highways,Basic Road Statistics of India : 2013-14 and 2014-15,2,"States/UTs,Total,Surfaced",State/Ut-wise Total and Surfaced Length of State Highways in India as on 31st March 2014 | State/Ut-wise Total and Surfaced Length of State Highways in India as on 31st March 2015
859,State/Ut-wise Total and Surfaced Length of Urban Roads,Ministry of Road Transport and Highways,Basic Road Statistics of India : 2013-14 and 2014-15,2,"States/UTs,Total,Surfaced",State/Ut-wise Total and Surfaced Length of Urban Roads in India as on 31st March 2014 | State/Ut-wise Total and Surfaced Length of Urban Roads in India as on 31st March 2015
860,Length of Roads Under Irrigation Department by Type of Surface,Ministry of Road Transport and Highways,Basic Road Statistics of India : 2013-14 and 2014-15,2,"States/UTs,Total AB,Surfaced  Total A,Surfaced  W.B.M.,Surfaced  B.T./C.C,Unsurfaced  Total B",Length of Roads Under Irrigation Department by Type of Surface in India as on 31st March 2014 | Length of Roads Under Irrigation Department by Type of Surface in India as on 31st March 2015
861,State-wise Length of Major Port Roads by Type of Surface,Ministry of Road Transport and Highways,Basic Road Statistics of India : 2013-14 and 2014-15,2,"States/UTs,Total AB,Surfaced  Total A,Surfaced  W.B.M.,Surfaced  B.T./C.C,Unsurfaced  Total B",State-wise Length of Major Port Roads by Type of Surface in India as on 31st March 2014 | State-wise Length of Major Port Roads by Type of Surface in India as on 31st March 2015
862,State-wise Length of Roads Under Coal Mines Department by Type of Surface,Ministry of Road Transport and Highways,Basic Road Statistics of India : 2013-14 and 2014-15,2,"States/UTs,Total AB,Surfaced  Total A,Surfaced  W.B.M.,Surfaced  B.T./C.C,Unsurfaced  Total B",State-wise Length of Roads Under Coal Mines Department by Type of Surface in India as on 31st March 2014 | State-wise Length of Roads Under Coal Mines Department by Type of Surface in India as on 31st March 2015
863,State-wise Length of Roads Under Electricity Department by Type of Surface,Ministry of Road Transport and Highways,Basic Road Statistics of India : 2013-14 and 2014-15,2,"States/UTs,Total AB,Surfaced  Total A,Surfaced  W.B.M.,Surfaced  B.T./C.C,Unsurfaced  Total B",State-wise Length of Roads Under Electricity Department by Type of Surface in India as on 31st March 2014 | State-wise Length of Roads Under Electricity Department by Type of Surface in India as on 31st March 2015
864,State-wise Length of Roads Under Sail & NDMC by Type of Surface,Ministry of Road Transport and Highways,Basic Road Statistics of India : 2013-14 and 2014-15,2,"States/UTs,Total AB,Surfaced  Total A,Surfaced  W.B.M.,Surfaced  B.T./C.C,Unsurfaced  Total B",State-wise Length of Roads Under Sail & NDMC by Type of Surface in India as on 31st March 2014 | State-wise Length of Roads Under Sail & NDMC by Type of Surface in India as on 31st March 2015
865,State/Ut-wise Length of Military Engineering Service Roads by Type of Surface,Ministry of Road Transport and Highways,Basic Road Statistics of India : 2013-14 and 2014-15,2,"States/UTs,Total AB,Surfaced  Total A,Surfaced  W.B.M.,Surfaced  B.T./C.C,Unsurfaced  Total B",State/Ut-wise Length of Military Engineering Service Roads by Type of Surface in India as on 31st March 2014 | State/Ut-wise Length of Military Engineering Service Roads by Type of Surface in India as on 31st March 2015
866,State/Ut-wise Length of Minor Port Roads by Type of Surface,Ministry of Road Transport and Highways,Basic Road Statistics of India : 2013-14 and 2014-15,2,"States/UTs,Total AB,Surfaced  Total A,Surfaced  W.B.M.,Surfaced  B.T./C.C,Unsurfaced  Total B",State/Ut-wise Length of Minor Port Roads by Type of Surface in India as on 31st March 2014 | State/Ut-wise Length of Minor Port Roads by Type of Surface in India as on 31st March 2015
867,State/Ut-wise Length of Municipal Roads by Type of Surface,Ministry of Road Transport and Highways,Basic Road Statistics of India : 2013-14 and 2014-15,2,"States/UTs,Total AB,Surfaced  Total A,Surfaced  W.B.M.,Surfaced  B.T./C.C.,Unsurfaced  Total B",State/Ut-wise Length of Municipal Roads by Type of Surface in India as on 31st March 2014 | State/Ut-wise Length of Municipal Roads by Type of Surface in India as on 31st March 2015
868,State/Ut-wise Length of Other Pwd Roads by Type of Surface,Ministry of Road Transport and Highways,Basic Road Statistics of India : 2013-14 and 2014-15,2,"States/UTs,Total AB,Surfaced  Total A,Surfaced  W.B.M.,Surfaced  B.T./C.C.,Unsurfaced  Total B",State/Ut-wise Length of Other Pwd Roads by Type of Surface in India as on 31st March 2014 | State/Ut-wise Length of Other Pwd Roads by Type of Surface in India as on 31st March 2015
869,"State/Ut-wise Length of Panchayati Raj Roads (Zilla Parishad, Village Panchayat & CD/Panchayat Samiti Roads) by Type of Surface",Ministry of Road Transport and Highways,Basic Road Statistics of India : 2013-14 and 2014-15,2,"States/UTs,Total AB,Surfaced  Total A,Surfaced  W.B.M.,Surfaced  B.T./C.C,Unsurfaced  Total B","State/Ut-wise Length of Panchayati Raj Roads (Zilla Parishad, Village Panchayat & CD/Panchayat Samiti Roads) by Type of Surface in India as on 31st March 2014 | State/Ut-wise Length of Panchayati Raj Roads (Zilla Parishad, Village Panchayat & CD/Panchayat Samiti Roads) by Type of Surface in India as on 31st March 2015"
870,State/Ut-wise Length of Pradhan Mantri Gram Sadak Yojana Roads,Ministry of Road Transport and Highways,Basic Road Statistics of India : 2013-14 and 2014-15,2,"States/UTs,Total AB,Surfaced  Total A,Surfaced  W.B.M.,Surfaced  B.T./C.C,Unsurfaced  Total B",State/Ut-wise Length of Pradhan Mantri Gram Sadak Yojana Roads as on 31st March 2014 | State/Ut-wise Length of Pradhan Mantri Gram Sadak Yojana Roads as on 31st March 2015
871,State/Ut-wise Length of Project Roads by Type of Surface,Ministry of Road Transport and Highways,Basic Road Statistics of India : 2013-14 and 2014-15,2,"States/UTs,Total AB,Surfaced  Total A,Surfaced  W.B.M.,Surfaced  B.T./C.C,Unsurfaced  Total B",State/Ut-wise Length of Project Roads by Type of Surface in India as on 31st March 2014 | State/Ut-wise Length of Project Roads by Type of Surface in India as on 31st March 2015
872,State/Ut-wise Length of Railway Roads by Type of Surface,Ministry of Road Transport and Highways,Basic Road Statistics of India : 2013-14 and 2014-15,2,"States/UTs,Total AB,Surfaced  Total A,Surfaced  W.B.M.,Surfaced  B.T./C.C,Unsurfaced  Total B",State/Ut-wise Length of Railway Roads by Type of Surface in India as on 31st March 2014 | State/Ut-wise Length of Railway Roads by Type of Surface in India as on 31st March 2015
873,State/Ut-wise Length of Roads Under Border Roads Organisation by Type of Surface,Ministry of Road Transport and Highways,Basic Road Statistics of India : 2013-14 and 2014-15,2,"States/UTs,Total AB,Surfaced  Total A,Surfaced  W.B.M.,Surfaced  B.T./C.C,Unsurfaced  Total B",State/Ut-wise Length of Roads Under Border Roads Organisation by Type of Surface in India as on 31st March 2014 | State/Ut-wise Length of Roads Under Border Roads Organisation by Type of Surface in India as on 31st March 2015
874,State/Ut-wise Length of Roads Under Forest Department by Type of Surface,Ministry of Road Transport and Highways,Basic Road Statistics of India : 2013-14 and 2014-15,2,"States/UTs,Total AB,Surfaced  Total A,Surfaced  W.B.M.,Surfaced  B.T./C.C,Unsurfaced  Total B",State/Ut-wise Length of Roads Under Forest Department by Type of Surface in India as on 31st March 2014 | State/Ut-wise Length of Roads Under Forest Department by Type of Surface in India as on 31st March 2015
875,State/Ut-wise Length of Roads Under Sugarcane Authority by Type of Surface,Ministry of Road Transport and Highways,Basic Road Statistics of India : 2013-14 and 2014-15,2,"States/UTs,Total AB,Surfaced  Total A,Surfaced  W.B.M.,Surfaced  B.T./C.C,Unsurfaced  Total B",State/Ut-wise Length of Roads Under Sugarcane Authority by Type of Surface in India as on 31st March 2014 | State/Ut-wise Length of Roads Under Sugarcane Authority by Type of Surface in India as on 31st March 2015
876,State/Ut-wise Length of State Highways by Type of Surface,Ministry of Road Transport and Highways,Basic Road Statistics of India : 2013-14 and 2014-15,2,"States/UTs,Total AB,Surfaced  Total A,Surfaced  W.B.M.,Surfaced  B.T./C.C,Unsurfaced  Total B",State/Ut-wise Length of State Highways by Type of Surface in India as on 31st March 2014 | State/Ut-wise Length of State Highways by Type of Surface in India as on 31st March 2015
877,State/Ut-wise Length of Urban Roads by Type of Surface,Ministry of Road Transport and Highways,Basic Road Statistics of India : 2013-14 and 2014-15,2,"States/UTs,Total AB,Surfaced  Total A,Surfaced  W.B.M.,Surfaced  B.T./C.C.,Unsurfaced  Total B",State/Ut-wise Length of Urban Roads by Type of Surface in India as on 31st March 2014 | State/Ut-wise Length of Urban Roads by Type of Surface in India as on 31st March 2015
878,State/UT-wise Length of National Highways,Ministry of Road Transport and Highways,Basic Road Statistics of India : 2015-16 and 2016-17,2,"Sl.No.,Name of State/UT,Length of NH","State/UT-wise Length of National Highways in India as on 31 March, 2017 | State/UT-wise Length of National Highways in India as on 31 March, 2016"
879,State/UT-wise Length of Roads in Major Ports by Type of Surface,Ministry of Road Transport and Highways,Basic Road Statistics of India : 2015-16 and 2016-17,2,"States/UTs Col. 1,Major Port Trusts Col. 2,Total Length Col. 367,Surfaced  W.B.M. Col. 4,Surfaced  B.T./C.C Col.5,Surfaced  Total Col. 6 45,Unsurfaced Col. 7","State/UT-wise Length of Roads in Major Ports by Type of Surface as on 31 March, 2017 | State/UT-wise Length of Roads in Major Ports by Type of Surface as on 31 March, 2016"
880,State/UT-wise Total and Surfaced Length of District Roads,Ministry of Road Transport and Highways,Basic Road Statistics of India : 2015-16 and 2016-17,2,"S.No.,Name of State/UT,Total,Surfaced","State/UT-wise Total and Surfaced Length of District Roads as on 31 March, 2017 | State/UT-wise Total and Surfaced Length of District Roads as on 31 March, 2016"
881,State/UT-wise Total and Surfaced Length of Roads,Ministry of Road Transport and Highways,Basic Road Statistics of India : 2015-16 and 2016-17,2,"S.No.,Name of State/UT,Total,Surfaced","State/UT-wise Total and Surfaced Length of Roads in India as on 31 March, 2017 | State/UT-wise Total and Surfaced Length of Roads in India as on 31 March, 2016"
882,State/UT-wise Total and Surfaced Length of Rural Roads,Ministry of Road Transport and Highways,Basic Road Statistics of India : 2015-16 and 2016-17,2,"S.No.,Name of State/UT,Total,Surfaced","State/UT-wise Total and Surfaced Length of Rural Roads as on 31 March, 2017 | State/UT-wise Total and Surfaced Length of Rural Roads as on 31 March, 2016"
883,State/UT-wise Total and Surfaced Length of State Highways,Ministry of Road Transport and Highways,Basic Road Statistics of India : 2015-16 and 2016-17,2,"S.No.,Name of State/UT,Total,Surfaced","State/UT-wise Total and Surfaced Length of State Highways in India as on 31 March, 2017 | State/UT-wise Total and Surfaced Length of State Highways in India as on 31 March, 2016"
884,State/UT-wise Total and Surfaced Length of Urban Roads,Ministry of Road Transport and Highways,Basic Road Statistics of India : 2015-16 and 2016-17,2,"S.No.,Name of State/UT,Total,Surfaced","State/UT-wise Total and Surfaced Length of Urban Roads as on 31 March, 2017 | State/UT-wise Total and Surfaced Length of Urban Roads as on 31 March, 2016"
885,State/UT-wise Length of Military Engineering Service Roads by Type of Surface,Ministry of Road Transport and Highways,Basic Road Statistics of India : 2015-16 and 2016-17,2,"Sl. No. Col. 1,Name of State/UT Col. 2,Total Length Col. 367,Surfaced  W.B.M. Col. 4,Surfaced  B.T./C.C Col. 5,Surfaced  Total Col. 645,Unsurfaced Col. 7","State/UT-wise Length of Military Engineering Service Roads by Type of Surface as on 31 March, 2017 | State/UT-wise Length of Military Engineering Service Roads by Type of Surface as on 31 March, 2016"
886,State/UT-wise Length of Panchayati Raj Roads by Type of Surface,Ministry of Road Transport and Highways,Basic Road Statistics of India : 2015-16 and 2016-17,2,"Sl. No. Col. 1,Name of State/UT Col. 2,Total Length Col. 3 67,Surfaced  W.B.M. Col. 4,Surfaced  BT/CC Col. 5,Surfaced  Total Col. 6 45,Unsurfaced Col. 7","State/UT-wise Length of Panchayati Raj Roads by Type of Surface as on 31 March, 2017 | State/UT-wise Length of Panchayati Raj Roads by Type of Surface as on 31 March, 2016"
887,State/UT-wise Length of Roads in Railway Zones by Type of Surface,Ministry of Road Transport and Highways,Basic Road Statistics of India : 2015-16 and 2016-17,2,"Sl. No. Col. 1,Name of State/UT Col. 2,Total Length Col. 3 67,Surfaced  W.B.M. Col. 4,Surfaced  B.T./C.C Col. 5,Surfaced  Total Col. 6 45,Unsurfaced Col. 7","State/UT-wise Length of Roads in Railway Zones by Type of Surface in India as on 31 March, 2017 | State/UT-wise Length of Roads in Railway Zones by Type of Surface in India as on 31 March, 2016"
33,Details of sheep by age and sex in rural and urban combined for exotic crossbred and indigenous," Ministry of Fisheries, Animal Husbandry and Dairying,Department of Animal Husbandry and Dairying",Details of Sheep by Age and Sex in Rural and Urban combined for Exotic Crossbred and Indigenous (Livestock Census),2,"SNo.,District,Sheep  Indigenous  Male Under 1 year,Sheep  Indigenous  Male 1 Year and Above,Sheep  Indigenous  Male Total,Sheep  Indigenous  Female Under 1 year,Sheep  Indigenous  Female 1 Year and Above,Sheep  Indigenous  Female Total,Sheep  Indigenous  Total,Sheep  Total,District,Sheep  Exotic / Crossbred  Male Under 1 year,Sheep  Exotic / Crossbred  Male 1 Year and Above,Sheep  Exotic / Crossbred  Male Total,Sheep  Exotic / Crossbred  Female Under 1 year,Sheep  Exotic / Crossbred  Female 1 Ye",Details of sheep by age and sex in rural and urban combined for exotic crossbred and indigenous for Andhra Pradesh - 2012 | Details of sheep by age and sex in rural and urban combined for exotic crossbred and indigenous for Karnataka - 2012
889,State/UT-wise Length of Roads under Border Roads Organisation by Type of Surface,Ministry of Road Transport and Highways,Basic Road Statistics of India : 2015-16 and 2016-17,2,"S.No Col. 1,Name of State/UT Col. 2,Total Length Col. 367,Surfaced  W.B.M. Col. 4,Surfaced  B.T./C.C Col. 5,Surfaced  Total Col. 645,Unsurfaced Col. 7","State/UT-wise Length of Roads under Border Roads Organisation by Type of Surface in India as on 31 March, 2017 | State/UT-wise Length of Roads under Border Roads Organisation by Type of Surface in India as on 31 March, 2016"
890,State/UT-wise Length of Roads under Electricity Departments by Type of Surface,Ministry of Road Transport and Highways,Basic Road Statistics of India : 2015-16 and 2016-17,2,"S.No Col. 1,Name of State/UT Col. 2,Total Length Col. 367,Surfaced  W.B.M. Col. 4,Surfaced  B.T./C.C Col. 5,Surfaced  Total Col. 645,Unsurfaced Col. 7","State/UT-wise Length of Roads under Electricity Departments by Type of Surface in India as on 31 March, 2017 | State/UT-wise Length of Roads under Electricity Departments by Type of Surface in India as on 31 March, 2016"
891,State/UT-wise Length of Roads under Forest Departments by Type of Surface,Ministry of Road Transport and Highways,Basic Road Statistics of India : 2015-16 and 2016-17,2,"S.No Col. 1,Name of State/UT Col. 2,Total Length Col. 3 67,Surfaced  W.B.M. Col. 4,Surfaced  B.T./C.C Col. 5,Surfaced  Total Col. 645,Unsurfaced Col. 7","State/UT-wise Length of Roads under Forest Departments by Type of Surface in India as on 31 March, 2017 | State/UT-wise Length of Roads under Forest Departments by Type of Surface in India as on 31 March, 2016"
892,State/UT-wise Length of Roads under SAIL and NMDC by Type of Surface,Ministry of Road Transport and Highways,Basic Road Statistics of India : 2015-16 and 2016-17,2,"S.No Col. 1,Name of State/UT Col. 2,Total Length Col. 367,Surfaced  W.B.M. Col. 4,Surfaced  B.T./C.C Col. 5,Surfaced  Total Col. 645,Unsurfaced Col. 7","State/UT-wise Length of Roads under SAIL and NMDC by Type of Surface in India as on 31 March, 2017 | State/UT-wise Length of Roads under SAIL and NMDC by Type of Surface in India as on 31 March, 2016"
893,State/UT-wise Length of Roads under Irrigation Departments by Type of Surface,Ministry of Road Transport and Highways,Basic Road Statistics of India : 2015-16 and 2016-17,2,"S.No Col. 1,Name of State/UT Col. 2,Total Length Col. 367,Surfaced  W.B.M. Col. 4,Surfaced  B.T./C.C Col. 5,Surfaced  Total Col. 645,Unsurfaced  Total Col. 7","State/UT-wise Length of Roads under Irrigation Departments by Type of Surface in India as on 31 March, 2017 | State/UT-wise Length of Roads under Irrigation Departments by Type of Surface in India as on 31 March, 2016"
894,State/UT-wise Length of District Roads by Type of Surface,Ministry of Road Transport and Highways,Basic Road Statistics of India : 2015-16 and 2016-17,2,"S.No. Col. 1,Name of State/UT Col. 2,Total Length Col. 3 67,Surfaced  WBM/WMM Col. 4,Surfaced  BT/CC Col. 5,Surfaced  Total Col. 6  45,UnSurfaced Col. 7","State/UT-wise Length of District Roads by Type of Surface as on 31 March, 2017 | State/UT-wise Length of District Roads by Type of Surface as on 31 March, 2016"
895,State/UT-wise Length of Rural Roads built by State PWD/RWD by Type of Surface,Ministry of Road Transport and Highways,Basic Road Statistics of India : 2015-16 and 2016-17,2,"S.No. Col. 1,Name of State/UT Col. 2,Total Length Col. 3  67,Surfaced  WBM/WMM Col. 4,Surfaced  BT/CC Col. 5,Surfaced  Total Col. 6  45,Unsurfaced Col. 7","State/UT-wise Length of Rural Roads built by State PWD/RWD by Type of Surface as on 31 March, 2017 | State/UT-wise Length of Rural Roads built by State PWD/RWD by Type of Surface as on 31 March, 2016"
896,State/UT-wise Length of State Highways in India by Type of Surface,Ministry of Road Transport and Highways,Basic Road Statistics of India : 2015-16 and 2016-17,2,"S.No. Col.1,Name of State/UT Col.2,Total Length Col.3 67,Surfaced  WBM/WMM Col.4,Surfaced  BT/CC Col.5,Surfaced  Total Col.6  45,UnSurfaced Col.7","State/UT-wise Length of State Highways in India by Type of Surface as on 31 March, 2017 | State/UT-wise Length of State Highways in India by Type of Surface as on 31 March, 2016"
206,State-wise male and female student enrolment in regional centers of university offering education through distance mode,"Ministry of Education, Department of Higher Education",Student Enrolment (AISHE Survey),2,"State of University,Name of University,State of Regional Center,District of Regional Center,Level,Total Enrolment  Male,Total Enrolment  Female,Total Enrolment  Total",State-wise male and female student enrolment in regional centers of university offering education through distance mode - 2011-2012 | State-wise male and female student enrolment in regional centers of university offering education through distance mode - 2012-2013
196,State and management wise student enrolment in university,"Ministry of Education, Department of Higher Education",Student Enrolment (AISHE Survey),2,"State,Central University  Male,Central University  Female,State Public University  Male,State Public University  Female,State Private University  Male,State Private University  Female,Deemed University  Government  Male,Deemed University  Government  Female,Deemed University  Government Aided  Male,Deemed University  Government Aided  Female,Deemed University  Private  Male,Deemed University  Private  Female,Institute of National Importance  Male,Institute of National Importance  Female,Instiute",State and management wise student enrolment in university - 2011-2012 | State and management wise student enrolment in university - 2012-2013
899,Freight and Passenger Movement by Road Transport and Railways,Ministry of Road Transport and Highways,Freight and Passenger Movement by Road Transport and Railways,2,"Year,Road TransportFreight Movement Numbers in Billion Tonnes Kilometres,Road TransportFreight Movement Percentage of Total Freight Movement,RailwaysFreight Movement Numbers in Billion Tonnes Kilometres,RailwaysFreight Movement Percentage of Total Freight Movement,Road TransportPassenger Movement Numbers in Billion Passenger Kilometres,Road TransportPassenger Movement Percentage of Total Passenger Movement,RailwaysPassenger Movement Numbers in Billion Passenger Kilometres,RailwaysPassenger Movem",Freight and Passenger Movement by Road Transport  and  Railways during 1999-2000 to 2011-12 | Freight and Passenger Movement by Road Transport  and  Railways during 1950-51 to 2006-07
900,State/ UT-wise Rates of Accidents by Class of Motor Vehicles on Road,Ministry of Road Transport and Highways,Motor Transport Statistics: 1970-71,2,"Category Col. 1,State/ Union Territory Col. 2,All types of vehicles Col. 3,Motor Cycles Col. 4,Autorickshaws Col. 5,Jeeps Col. 6,Motor Cars Col. 7,Motor Cabs Col. 8,Buses Col. 9,Goods Vehicles Col. 10,Misc. vehicles Col. 11",State/ UT-wise Rates of Accidents by Class of Motor Vehicles on Road during 1969 | State/ UT-wise Rates of Accidents by Class of Motor Vehicles on Road during 1971
901,Month wise Motor Vehicle Accidents,Ministry of Road Transport and Highways,Motor Transport Statistics: 1970-71,2,"Category Col.  1,State/ Union Territory Col.  2,Total Col.  3,January Col.  4,February Col.  5,March Col.  6,April Col.  7,May Col.  8,June Col.  9,July Col.  10,August Col.  11,September Col.  12,October Col.  13,November Col.  14,December Col.  15",Month wise Motor Vehicle Accidents during 1970 | Month wise Motor Vehicle Accidents during 1971
902,Registration of New Trucks in India for reporting areas,Ministry of Road Transport and Highways,Motor Transport Statistics: 1970-71,2,"Category,State/ Union Territory,No. of RTOs 2,Year,January No. of Trucks Col. 1,January For in complete report RTOs which have reported Col. 2,February No. of Trucks Col. 3,February For in complete report RTOs which have reported Col. 4,March No. of Trucks Col. 5,March For in complete report RTOs which have reported Col. 6,April No. of Trucks Col. 7,April For in complete report RTOs which have reported Col. 8,May No. of Trucks Col. 9,May For in complete report RTOs which have reported Col. 10,Ju",Registration of New Trucks in India for reporting areas from 1970 to 1972 | Registration of New Trucks in India for reporting areas from 1970 to 1972
903,Motor Vehicle Accidents by (Class of Motor Vehicles involved),Ministry of Road Transport and Highways,Motor Transport Statistics: 1970-71,2,"Category Col.1,State/ Union Territory Col.2,Total Col.3,Motor Cycles Col.4,Autorickshaws Col.5,Jeeps Col.6,Motor Cars Col.7,Motor Cabs Col.8,Buses Col.9,Goods Vehicles Col.10,Misc. Vehicles Col.11,Class not known Col.12",Motor Vehicle Accidents by (Class of Motor Vehicles involved) during 1969 | Motor Vehicle Accidents by (Class of Motor Vehicles involved) during 1971
904,Motor Vehicle Accidents by Primary Cause of Accidents,Ministry of Road Transport and Highways,Motor Transport Statistics: 1970-71,2,"Category Col. 1,State/ Union Territory Col. 2,Total Col. 3,Fault of driver of M.V. Col. 4,Fault of driver of Veh. Other than a M.V. Col. 5,Fault of cyclist Col. 6,Fault of Pedestrians Col. 7,Fault of Passengers Col. 8,Defect in mechanical condition of M.V. Col. 9,Defective road surface Col. 10,Bad weather conditions Col. 11,Other causes Col. 12,Causes not known Col. 13",Motor Vehicle Accidents by Primary Cause of Accidents during 1970 | Motor Vehicle Accidents by Primary Cause of Accidents during 1971
905,Buses Goods and Miscellaneous Vehicles in India by Classification of fuel,Ministry of Road Transport and Highways,Motor Transport Statistics: 1970-71,2,"Category Col. 1,State/ Union Territory Col. 2,Buses  Petrol Driven Col. 3,Buses  Diesel Driven Col. 4,Buses  Total Col. 5,Goods Vehicles  Petrol Driven Col. 6,Goods Vehicles  Diesel Driven Col. 7,Goods Vehicles  Total Col. 8,Misc. Vehicles  Petrol Driven Col. 9,Misc. Vehicles  Diesel Driven Col. 10,Misc. Vehicles  Total Col. 11",Buses Goods and Miscellaneous Vehicles in India by Classification of fuel as on 31st March 1970 | Buses Goods and Miscellaneous Vehicles in India by Classification of fuel as on 31st March 1971
197,Institution-wise and level-wise intake and student enrolment in 1st year for standalone,"Ministry of Education, Department of Higher Education",Student Enrolment (AISHE Survey),2,"Institution,Post Graduate  Intake,Post Graduate  1st Year Enrolment  Male,Post Graduate  1st Year Enrolment  Female,Under Graduate  Intake,Under Graduate  1st Year Enrolment  Male,Under Graduate  1st Year Enrolment  Female,PG Diploma  Intake,PG Diploma  1st Year Enrolment  Male,PG Diploma  1st Year Enrolment  Female,Diploma  Intake,Diploma  1st Year Enrolment  Male,Diploma  1st Year Enrolment  Female,Certificate  Intake,Certificate  1st Year Enrolment  Male,Certificate  1st Year Enrolment  Femal",Institution-wise and level-wise intake and student enrolment in 1st year for standalone - 2011-2012 | Institution-wise and level-wise intake and student enrolment in 1st year for standalone - 2012-2013
907,Motor Vehicle Accidents in which Commercial Vehicles were involved,Ministry of Road Transport and Highways,Motor Transport Statistics: 1970-71,2,"Category Col. 1,State/ Union Territory Col. 2,Total Col. 3,Certificate of fitness in force Col. 4,Certificate of fitness not in force Col. 5,Particulars of certificate of fitness not known Col. 6",Motor Vehicle Accidents in which Commercial Vehicles were involved during 1970 | Motor Vehicle Accidents in which Commercial Vehicles were involved during 1971
198,Institution-wise and level-wise intake and student enrolment in 1st year for university,"Ministry of Education, Department of Higher Education",Student Enrolment (AISHE Survey),2,"Institution,Post Graduate  Intake,Post Graduate  1st Year Enrolment  Male,Post Graduate  1st Year Enrolment  Female,Under Graduate  Intake,Under Graduate  1st Year Enrolment  Male,Under Graduate  1st Year Enrolment  Female,PG Diploma  Intake,PG Diploma  1st Year Enrolment  Male,PG Diploma  1st Year Enrolment  Female,Diploma  Intake,Diploma  1st Year Enrolment  Male,Diploma  1st Year Enrolment  Female,Certificate  Intake,Certificate  1st Year Enrolment  Male,Certificate  1st Year Enrolment  Femal",Institution-wise and level-wise intake and student enrolment in 1st year for university - 2011-2012 | Institution-wise and level-wise intake and student enrolment in 1st year for university - 2012-2013
199,Institution-wise and level-wise intake and student enrolment in 1st year- all,"Ministry of Education, Department of Higher Education",Student Enrolment (AISHE Survey),2,"Institution,Post Graduate  Intake,Post Graduate  1st Year Enrolment  Male,Post Graduate  1st Year Enrolment  Female,Under Graduate  Intake,Under Graduate  1st Year Enrolment  Male,Under Graduate  1st Year Enrolment  Female,PG Diploma  Intake,PG Diploma  1st Year Enrolment  Male,PG Diploma  1st Year Enrolment  Female,Diploma  Intake,Diploma  1st Year Enrolment  Male,Diploma  1st Year Enrolment  Female,Certificate  Intake,Certificate  1st Year Enrolment  Male,Certificate  1st Year Enrolment  Femal",Institution-wise and level-wise intake and student enrolment in 1st year- all - 2011-2012 | Institution-wise and level-wise intake and student enrolment in 1st year- all - 2012-2013
910,Motor Vehicle Accidents by Condition of Motor Vehicles Involved,Ministry of Road Transport and Highways,Motor Transport Statistics: 1970-71,2,"Category Col.1,State/ Union Territory Col.2,Total Col.3,Over loaded Col.4,Defective brakes Col.5,Defective Steering Col.6,In sufficient or nor lights Col.7,Puncture or burst Col.8,Other serious mechanical defects Col.9,Left hand steering Col.10",Motor Vehicle Accidents by Condition of Motor Vehicles Involved during 1969 | Motor Vehicle Accidents by Condition of Motor Vehicles Involved during 1970
911,Production New Registration and Total Registered Vehicles in use by Government and others,Ministry of Road Transport and Highways,Motor Transport Statistics: 1974-75,2,"Year Col. 1,Category Col. 2,Sub Category Col. 3,All Vehicles Col. 4,Trucks Col. 5,Buses Col. 6,Jeeps Col. 7,Cars Col. 8,Taxis Col. 9,Three Wheelers Col. 10,Two Wheelers Col. 11,Tractors Col. 12,Trailers Col. 13,Others Col. 14",Production New Registration and Total Registered Vehicles in use by Government and others during 1973-74 and 1974-75 | Production New Registration and Total Registered Vehicles in use by Government and others during 1973-74 and 1974-75
912,State/ UT-wise Total Registered Vehicles (Taxed/ Tax-Exempted),Ministry of Road Transport and Highways,Motor Transport Statistics: 1976-77 and 1977-78,2,"Category,State/UT,All Vehicles,Two Wheeler,Three Wheeler  Pass,Three Wheeler  Goods,Car,Jeep,Taxi,Bus,Truck,Tractor,Trailer,Others",State/ UT-wise Total Registered Vehicles (Taxed/ Tax-Exempted) in India As on 31 March 1977 | State/ UT-wise Total Registered Vehicles (Taxed/ Tax-Exempted) As on 31 March 1978
913,State/ UT-wise Vehicles Newly Registered,Ministry of Road Transport and Highways,Motor Transport Statistics: 1976-77 and 1977-78,2,"Category,State/ UT,All Vehicles,Two Wheeler,Three Wheeler  Pass,Three Wheeler  Goods,Car,Jeep,Taxi,Bus,Truck,Tractor,Trailer,Others",State/ UT-wise Vehicles Newly Registered in India during 1976-77 | State/ UT-wise Vehicles Newly Registered in India during 1977-78
914,State/ UT-wise Total Tax-exempted Registered Motor Vehicles,Ministry of Road Transport and Highways,Motor Transport Statistics: 1983-84 and 1984-85,2,"Category,State/ UTwise,All Vehicles,Two Wheelers,Three Wheelers  Passenger,Three Wheelers  Goods,Cars,Jeeps,Taxis,Buses,Trucks,Tractors,Trailers,Others,Note of All Vehicles,Note of Two Wheelers,Note of Three Wheelers  Passenger,Note of Three Wheelers  Goods,Note of Cars,Note of Jeeps,Note of Taxis,Note of Buses,Note of Trucks,Note of Tractors,Note of Trailers,Note of Others",State/ UT-wise Total Tax-exempted Registered Motor Vehicles in India as on 31st March 1984 | State/ UT-wise Total Tax-exempted Registered Motor Vehicles in India as on 31st March 1985
915,State/ UT-wise Newly Registered Motor Vehicles,Ministry of Road Transport and Highways,Motor Transport Statistics: 1983-84 and 1984-85,2,"Category,State/ UTwise,All Vehicles,Two Wheelers,Three Wheelers  Passenger,Three Wheelers  Goods,Cars,Jeeps,Taxis,Buses,Trucks,Tractors,Trailers,Others,Note of Cars",State/ UT-wise Newly Registered Motor Vehicles in India during 1983-84 | State/ UT-wise Newly Registered Motor Vehicles in India during 1984-85
916,Metropolitan City-wise and Category Registered Motor Vehicles,Ministry of Road Transport and Highways,Motor Transport Statistics: 1983-84 and 1984-85,2,"Category,Year As on 31st March 1984,All Vehicles,Two Wheelers,Three Wheelers  Passenger,Three Wheelers  Goods,Cars,Jeeps,Taxis,Buses,Trucks,Tractors,Trailers,Others,Note of Three Wheelers  Goods,Note of Jeeps,Note of Trailers,Note of Others",Metropolitan City-wise and Category Registered Motor Vehicles in India As on 31st March 1984 | Metropolitan City-wise and Category Registered Motor Vehicles in India As on 31st March 1985
917,State-wise Newly Registered Motor Vehicles,Ministry of Road Transport and Highways,Motor Transport Statistics: 1983-84 and 1984-85,2,"Category,States/ Uts,All Vehicles,Two Wheelers,Three Wheelers  Passengers,Three Wheelers  Goods,Cars,Jeeps,Taxis,Buses,Trucks,Tractors,Trailers,Others",State-wise Newly Registered Motor Vehicles in India during 1983-84 | State-wise Newly Registered Motor Vehicles in India during 1984-85
918,State-wise Total Registered Taxed and Tax-Exempted Motor Vehicles,Ministry of Road Transport and Highways,Motor Transport Statistics: 1983-84 and 1984-85,2,"Category,States/ Uts,All Vehicles,Two Wheelers,Three Wheelers  Passengers,Three Wheelers  Goods,Cars,Jeeps,Taxis,Buses,Trucks,Tractors,Trailers,Others",State-wise Total Registered Taxed and Tax-Exempted Motor Vehicles in India as on 31st March 1984 | State-wise Total Registered Taxed and Tax-Exempted Motor Vehicles in India as on 31st March 1985
919,State-wise Total Tax Exempted Registered Motor Vehicles,Ministry of Road Transport and Highways,Motor Transport Statistics: 1983-84 and 1984-85,2,"Category,States/ Uts,All Vehicles,Two Wheelers,Three Wheelers  Passengers,Three Wheelers  Goods,Cars,Jeeps,Taxis,Buses,Trucks,Tractors,Trailers,Others",State-wise Total Tax Exempted Registered Motor Vehicles in India as on 31st March 1984 | State-wise Total Tax Exempted Registered Motor Vehicles in India as on 31st March 1985
920,State-wise Total Taxed Registered Motor Vehicles,Ministry of Road Transport and Highways,Motor Transport Statistics: 1983-84 and 1984-85,2,"Category,States/ Uts,All Vehicles,Two Wheelers,Three Wheelers  Passengers,Three Wheelers  Goods,Cars,Jeeps,Taxis,Buses,Trucks,Tractors,Trailers,Others",State-wise Total Taxed Registered Motor Vehicles in India as on 31st March 1984 | State-wise Total Taxed Registered Motor Vehicles in India as on 31st March 1985
921,Category-wise Registered Motor Vehicles in Metropolitan Cities,Ministry of Road Transport and Highways,Motor Transport Statistics: 1983-84 and 1984-85,2,"Metropolitan Cities,All Vehicles,Two Wheelers,Three Wheelers  Passengers,Three Wheelers  Goods,Cars,Jeeps,Taxis,Buses,Trucks,Tractors,Trailers,Others",Category-wise Registered Motor Vehicles in Metropolitan Cities of India as on 31st March 1984 | Category-wise Registered Motor Vehicles in Metropolitan Cities of India as on 31st March 1985
922,Public Sector Road Transport Undertakings Passenger Services Physical Performance Aggregates,Ministry of Road Transport and Highways,Motor Transport Statistics: 1983-84 and 1984-85,2,"Category,Undertakings,AV. No. of Vehicles Held,Total Effective kms. Operated in Lakhs,Total Passenger kms. Performed in Lakhs,Total No. of Passengers Carried in Lakhs,Staff Strength  Asmin  Others,Staff Strength  Traffic,Staff Strength  Work Shop  Main Tenance,Staff Strength  Total",Public Sector Road Transport Undertakings Passenger Services Physical Performance Aggregates during 1983-84 | Public Sector Road Transport Undertakings Passenger Services Physical Performance Aggregates during 1984-85
923,State-wise Revenue from Motor Vehicles Taxes and Fees,Ministry of Road Transport and Highways,Motor Transport Statistics: 1983-84 and 1984-85,2,"Category,States/ Uts,Total All Taxes  Fees,Motor Vehicle Tax Road Tax,Drivers  Conductors Licence Fees,Vehicle Registarion Fees and others,Passenger Tax  Good Tax",State-wise Revenue from Motor Vehicles Taxes and Fees during 1983-84 | State-wise Revenue from Motor Vehicles Taxes and Fees during 1984-85
924,Public Sector Road Transport Undertakings Passenger Servies Financial Performance Aggregates,Ministry of Road Transport and Highways,Motor Transport Statistics: 1983-84 and 1984-85,2,"Category,Undertakings,Revenue  Traffic Earning,Revenue  Others,Revenue  Total,Expenditure  Operational Cost,Expenditure  Taxes,Expenditure  Others,Expenditure  Total,Profit/Loss",Public Sector Road Transport Undertakings Passenger Servies Financial Performance Aggregates during 1983-84 | Public Sector Road Transport Undertakings Passenger Servies Financial Performance Aggregates during 1984-85
925,Public Sector Road Transport Undertakings Passenger Servies Physical and Financial Performance Ratios,Ministry of Road Transport and Highways,Motor Transport Statistics: 1983-84 and 1984-85,2,"Category,Undertakings,Physical  AV. Fleet Utilization,Physical  AV. Vehicle kms. Performed per Bus per day km.,Physical  Load Factor %,Physical  Labour Productivity per Worker per day,Financial  Revenue per km. Paise,Financial  Cost per km Paise,Profit/ Loss per km Paise",Public Sector Road Transport Undertakings Passenger Servies Physical and Financial Performance Ratios during 1983-84 | Public Sector Road Transport Undertakings Passenger Servies Physical and Financial Performance Ratios during 1984-85
926,State-wise Passenger Motor Vehicles with Permits for Interstate Commercial Operation,Ministry of Road Transport and Highways,Motor Transport Statistics: 1983-84 and 1984-85,2,"Category Col. 1,States/ Uts Col. 2,Motor Vehicles with Regular Permits  Stage Carriage Col. 3,Motor Vehicles with Regular Permits  Contract Carriage Col. 4,Motor Vehicles with Regular Permits  Taxis Col. 5,Motor Vehicles with Regular Permits  Total Col. 6  Col. 3 to 5,Motor Vehicles with Temporary Permits  Stage Carriage Col. 7,Motor Vehicles with Temporary Permits  Contract Carriage Col. 8,Motor Vehicles with Temporary Permits  Taxis Col. 9,Motor Vehicles with Temporary Permits  Total Col. 10  ",State-wise Passenger Motor Vehicles with Permits for Interstate Commercial Operation in India as on 31st March 1984 | State-wise Passenger Motor Vehicles with Permits for Interstate Commercial Operation in India as on 31st March 1985
927,State-wise Goods Motor Vehicles with Permits for Interstate Commercial Operation,Ministry of Road Transport and Highways,Motor Transport Statistics: 1983-84 and 1984-85,2,"Category Col. 1,States/ Uts Col. 2,Motor Vehicles with Regular Permits  Public Carrier Col. 3,Motor Vehicles with Regular Permits  Private Carrier Col. 4,Motor Vehicles with Regular Permits  Total Col. 5  Col. 3  4,Motor Vehicles with Temporary Permits  Public Carrier Col. 6,Motor Vehicles with Temporary Permits  Private Carriar Col. 7,Motor Vehicles with Temporary Permits  Total Col. 8  Col. 6  7",State-wise Goods Motor Vehicles with Permits for Interstate Commercial Operation in India as on 31st March 1984 | State-wise Goods Motor Vehicles with Permits for Interstate Commercial Operation in India as on 31st March 1985
928,State-wise Motor Vehicles with Regular Commercial Permits,Ministry of Road Transport and Highways,Motor Transport Statistics: 1983-84 and 1984-85,2,"Category Col. 1,States/ Uts Col. 2,Vehicles with Regular Permits  Goods Vehicles  Trucks Three Wheeler  Tempos Col. 3,Vehicles with Regular Permits  Passenger Buses  Stage Carriages Col. 4,Vehicles with Regular Permits  Passnger Buses  Contract Carriages Col. 5,Vehicles with Regular Permits  Taxis Col. 6,Vehicles with Regular Permits  Three Wheeler Passenger Col. 7,Vehicles with Regular Permits  Total Col. 8  Col. 3 to 7",State-wise Motor Vehicles with Regular Commercial Permits in India as on 31st March 1984 | State-wise Motor Vehicles with Regular Commercial Permits in India as on 31st March 1985
929,State-wise Motor Vehicles with Temporary Commercial Permits,Ministry of Road Transport and Highways,Motor Transport Statistics: 1983-84 and 1984-85,2,"Category Col. 1,States/ Uts Col. 2,Vehicles with Temporary Permits  Goods Vehicles  Trucks Three Wheeler  Tempos Col. 3,Vehicles with Temporary Permits  Passenger Buses  Stage Carriages Col. 4,Vehicles with Temporary Permits  Passnger Buses  Contract Carriages Col. 5,Vehicles with Temporary Permits  Taxis Col. 6,Vehicles with Temporary Permits  Three Wheeler Passenger Col. 7,Vehicles with Temporary Permits  Total Col. 8  Col. 3 to 7",State-wise Motor Vehicles with Temporary Commercial Permits in India as on 31st March 1984 | State-wise Motor Vehicles with Temporary Commercial Permits in India as on 31st March 1985
930,State/ UT-wise Passenger Motor Vehicles with Permits for Inter-State Commercial Operation,Ministry of Road Transport and Highways,Motor Transport Statistics: 1983-84 and 1984-85,2,"Category Cols.1,State/ UTwise Cols.2,Motor Vehicles with Regular Permits  Stage Carriage Cols.3,Motor Vehicles with Regular Permits  Contract Carriage Cols.4,Motor Vehicles with Regular Permits  Taxis Cols.5,Motor Vehicles with Regular Permits  Total Cols.6  Cols. 3 to 5,Motor Vehicles with Temporary Permits  Stage Carriage Cols.7,Motor Vehicles with Temporary Permits  Contract Carriage Cols.8,Motor Vehicles with Temporary Permits  Taxis Cols.9,Motor Vehicles with Temporary Permits  Total Cols.1",State/ UT-wise Passenger Motor Vehicles with Permits for Inter-State Commercial Operation in India as on 31st March 1984 | State/ UT-wise Passenger Motor Vehicles with Permits for Inter-State Commercial Operation in India as on 31st March 1985
931,State/ UT-wise Goods Motor Vehicles with Permits for Inter-State Commercial Operation,Ministry of Road Transport and Highways,Motor Transport Statistics: 1983-84 and 1984-85,2,"Category Cols.1,State/ UTwise Cols.2,Motor Vehicles with Regular Permits  Public Carrier Cols.3,Motor Vehicles with Regular Permits  Private Carrier Cols.4,Motor Vehicles with Regular Permits  Total Cols.5  Cols. 3 to 4,Motor Vehicles with Temporary Permits  Public Carrier Cols.6,Motor Vehicles with Temporary Permits  Private Carrier Cols.7,Motor Vehicles with Temporary Permits  Total Cols.8  Cols. 6 to 7,Note of Motor Vehicles with Regular Permits  Public Carrier",State/ UT-wise Goods Motor Vehicles with Permits for Inter-State Commercial Operation in India as on 31st March 1984 | State/ UT-wise Goods Motor Vehicles with Permits for Inter-State Commercial Operation in India as on 31st March 1985
932,State-wise Newly Resistred Motor Vehicles,Ministry of Road Transport and Highways,Motor Transport Statistics: 1985-86 and 1986-87,2,"Category,States/ Uts,All Vehicles,Two Wheelers,Three Wheelers  Passengers,Three Wheelers  Goods,Cars,Jeeps,Taxis,Buses,Trucks,Tractors,Trailers,Others",State-wise Newly Resistred Motor Vehicles in India during 1985-86 | State-wise Newly Resistred Motor Vehicles in India during 1986-87
933,State-wise Total Registered (Taxed and Tax Exempted) Motor Vehicles,Ministry of Road Transport and Highways,Motor Transport Statistics: 1985-86 and 1986-87,2,"Category,States/ Uts,All Vehicles,Two Wheelers,Three Wheelers  Passengers,Three Wheelers  Goods,Cars,Jeeps,Taxis,Buses,Trucks,Tractors,Trailers,Others",State-wise Total Registered (Taxed and Tax Exempted) Motor Vehicles in India as on 31st March 1986 | State-wise Total Registered (Taxed and Tax Exempted) Motor Vehicles in India as on 31st March 1987
934,Category-wise Registered Motor Vehicles in Metropolitan Cities,Ministry of Road Transport and Highways,Motor Transport Statistics: 1985-86 and 1986-87,2,"Metropolitan Cities,All Vehicles,Two Wheelers,Three Wheelers  Passengers,Three Wheelers  Goods,Cars,Jeeps,Taxis,Buses,Trucks,Tractors,Trailers,Others",Category-wise Registered Motor Vehicles in Metropolitan Cities of India as on 31st March 1986 | Category-wise Registered Motor Vehicles in Metropolitan Cities of India as on 31st March 1987
200,Institution-wise and level-wise intake and student enrolment in 1st year- college,"Ministry of Education, Department of Higher Education",Student Enrolment (AISHE Survey),2,"Institution,Post Graduate  Intake,Post Graduate  1st Year Enrolment  Male,Post Graduate  1st Year Enrolment  Female,Under Graduate  Intake,Under Graduate  1st Year Enrolment  Male,Under Graduate  1st Year Enrolment  Female,PG Diploma  Intake,PG Diploma  1st Year Enrolment  Male,PG Diploma  1st Year Enrolment  Female,Diploma  Intake,Diploma  1st Year Enrolment  Male,Diploma  1st Year Enrolment  Female,Certificate  Intake,Certificate  1st Year Enrolment  Male,Certificate  1st Year Enrolment  Femal",Institution-wise and level-wise intake and student enrolment in 1st year- college - 2011-2012 | Institution-wise and level-wise intake and student enrolment in 1st year- college - 2012-2013
201,Discipline group and level-wise male and female student enrolment,"Ministry of Education, Department of Higher Education",Student Enrolment (AISHE Survey),2,"Group,Discipline,Level  Ph.D  Male,Level  Ph.D  Female,Level  M.Phil  Male,Level  M.Phil  Female,Level  Post Graduate  Male,Level  Post Graduate  Female,Level  Under Graduate  Male,Level  Under Graduate  Female,Level  PG Diploma  Male,Level  PG Diploma  Female,Level  Diploma  Male,Level  Diploma  Female,Level  Certificate  Male,Level  Certificate  Female,Level  Integrated  Male,Level  Integrated  Female,Level  Total  Male,Level  Total  Female,Grand Total",Discipline group and level-wise male and female student enrolment - 2011-2012 | Discipline group and level-wise male and female student enrolment - 2012-2013
202,District and level-wise male and female student enrolment for all education institution,"Ministry of Education, Department of Higher Education",Student Enrolment (AISHE Survey),2,"State,District,Level  Ph.D  Male,Level  Ph.D  Female,Level  M.Phil  Male,Level  M.Phil  Female,Level  Post Graduate  Male,Level  Post Graduate  Female,Level  Under Graduate  Male,Level  Under Graduate  Female,Level  PG Diploma  Male,Level  PG Diploma  Female,Level  Diploma  Male,Level  Diploma  Female,Level  Certificate  Male,Level  Certificate  Female,Level  Integrated  Male,Level  Integrated  Female,Level  Total  Male,Level  Total  Female,Grand Total",District and level-wise male and female student enrolment for all education institution  - 2011-2012 | District and level-wise male and female student enrolment for all education institution - 2012-2013
332,"Disabled Population by type of Disability, Age and Sex for Scheduled Tribes","Ministry of Home Affairs, Department of Home, Registrar General and Census Commissioner, India","Disabled Population by type of Disability, Age and Sex, Census 2011 - India and States",2,"Table Name 1,State Code 2,Distt.Code 3,Area Name  4,Total/Rural/Urban 5,Agegroup 6,Total number of disabled persons Persons 7,Total number of disabled persons Males 8,Total number of disabled persons females 9,In seeing Persons Persons 10,In seeing Persons Males 11,In seeing Persons Females 12,In Hearing Persons Persons 13,In Hearing Persons Males 14,In Hearing Persons Females 15,In Speech Persons  Persons 16,In Speech Males 17,In Speech Females 18,In Movement Persons Persons 19,In Movement Male","Disabled Population by type of Disability, Age and Sex for Scheduled Tribes, 2011 - INDIA | Disabled Population by type of Disability, Age and Sex for Scheduled Tribes, 2011 - MANIPUR"
939,Newly Registered Motor Vehicles in India (State-Wise),Ministry of Road Transport and Highways,Motor Transport Statistics: 1991-1993,2,"STATE/Uts,Note of States /Uts,All Vehicles,Note of All Vehicles,Transport VehiclesThree Wheelers Passengers ,Transport VehiclesThree Wheelers  Goods,Note of Transport VehiclesThree Wheelers  Goods,Transport VehiclesTaxis,Transport VehiclesBuses,Transport VehiclesTrucks,NonTransport VehicleTwo Wheelers,NonTransport VehicleCars,NonTransport VehicleJeeps,Note of NonTransport VehicleJeeps,NonTransport VehicleTractors,NonTransport VehicleTrailers,NonTransport VehicleOther",Newly Registered Motor Vehicles in India (State-Wise) During 1991-92 | Newly Registered Motor Vehicles in India (State-Wise) During 1991-93
940,Total Registered (Taxed and Tax-Exempted) Motor Vehicles in India (State-wise),Ministry of Road Transport and Highways,Motor Transport Statistics: 1995,2,"STATE/Uts,Note of States /Uts,All Vehicles,Transport VehiclesThree Wheelers Passengers ,Transport VehiclesThree Wheelers  Goods,Note of Transport VehiclesThree Wheelers  Goods,Transport VehiclesTaxis,Transport VehiclesBuses,Transport VehiclesTrucks,NonTransport VehicleTwo Wheelers,NonTransport VehicleCars,NonTransport VehicleJeeps,Note of NonTransport VehicleJeeps,NonTransport VehicleTractors,NonTransport VehicleTrailers,NonTransport VehicleOther",Total Registered (Taxed and Tax-Exempted) Motor Vehicles in India (State-wise) as on 31st March 1992 | Total Registered (Taxed and Tax-Exempted) Motor Vehicles in India (State-wise) as on 31st March 1993
331,"Disabled Population by type of Disability, Age and Sex for Scheduled Castes","Ministry of Home Affairs, Department of Home, Registrar General and Census Commissioner, India","Disabled Population by type of Disability, Age and Sex, Census 2011 - India and States",2,"Table Name 1,State Code 2,Distt.Code 3,Area Name  4,Total/Rural/Urban 5,Agegroup 6,Total number of disabled persons Persons 7,Total number of disabled persons Males 8,Total number of disabled persons females 9,In seeing Persons Persons 10,In seeing Persons Males 11,In seeing Persons Females 12,In Hearing Persons Persons 13,In Hearing Persons Males 14,In Hearing Persons Females 15,In Speech Persons  Persons 16,In Speech Males 17,In Speech Females 18,In Movement Persons Persons 19,In Movement Male","Disabled Population by type of Disability, Age and Sex for Scheduled Castes, 2011 - INDIA | Disabled Population by type of Disability, Age and Sex for Scheduled Castes, 2011 - MANIPUR"
203,District and level-wise male and female student enrolment for college,"Ministry of Education, Department of Higher Education",Student Enrolment (AISHE Survey),2,"State,District,Level  Ph.D  Male,Level  Ph.D  Female,Level  M.Phil  Male,Level  M.Phil  Female,Level  Post Graduate  Male,Level  Post Graduate  Female,Level  Under Graduate  Male,Level  Under Graduate  Female,Level  PG Diploma  Male,Level  PG Diploma  Female,Level  Diploma  Male,Level  Diploma  Female,Level  Certificate  Male,Level  Certificate  Female,Level  Integrated  Male,Level  Integrated  Female,Level  Total  Male,Level  Total  Female,Grand Total",District and level-wise male and female student enrolment for college - 2011-2012 | District and level-wise male and female student enrolment for college - 2012-2013
943,Revenue Realized from motor Vehicles Taxes fees etc,Ministry of Road Transport and Highways,Motor Transport Statistics: 1997-1998,2,"STATE/Uts,Note of States /Uts,Total,Motor vehicle tax,Note of Motor vehicle tax,Commercial vehicle and other fees,Note of Commercial vehicle and other fees,Passenger tax,Note of Passenger tax,Goods tax,Fines ",Revenue Realized from motor Vehicles Taxes fees etc for 1997-98 | Revenue Realized from motor Vehicles Taxes fees etc for 1996-97
329,"Disabled Population by type of Disability, Age and Sex for Scheduled Tribes","Ministry of Home Affairs, Department of Home, Registrar General and Census Commissioner, India","Disabled Population by type of Disability, Age and Sex, Census 2011 - India and States",2,"Table Name 1,State Code 2,Distt.Code 3,Area Name  4,Total/Rural/Urban 5,Agegroup 6,Total number of disabled persons Persons 7,Total number of disabled persons Males 8,Total number of disabled persons females 9,In seeing Persons Persons 10,In seeing Persons Males 11,In seeing Persons Females 12,In Hearing Persons Persons 13,In Hearing Persons Males 14,In Hearing Persons Females 15,In Speech Persons  Persons 16,In Speech Males 17,In Speech Females 18,In Movement Persons Persons 19,In Movement Male","Disabled Population by type of Disability, Age and Sex for Scheduled Tribes, 2011 - TRIPURA | Disabled Population by type of Disability, Age and Sex for Scheduled Tribes, 2011 - KERALA"
204,District and level-wise male and female student enrolment for standalone,"Ministry of Education, Department of Higher Education",Student Enrolment (AISHE Survey),2,"State,District,Level  Ph.D  Male,Level  Ph.D  Female,Level  M.Phil  Male,Level  M.Phil  Female,Level  Post Graduate  Male,Level  Post Graduate  Female,Level  Under Graduate  Male,Level  Under Graduate  Female,Level  PG Diploma  Male,Level  PG Diploma  Female,Level  Diploma  Male,Level  Diploma  Female,Level  Certificate  Male,Level  Certificate  Female,Level  Integrated  Male,Level  Integrated  Female,Level  Total  Male,Level  Total  Female,Grand Total",District and level-wise male and female student enrolment for standalone - 2011-2012 | District and level-wise male and female student enrolment for standalone - 2012-2013
946,Number of Registered Motor Vehicles (Transport & Non-Transport),Ministry of Road Transport and Highways,Motor Transport Statistics: 1997-1998,2,"Type,Vehicles Category,Type of Vehicles,Newly registered199697,Newly registered199798,Total registered 199697,Total registered 199798,Note of Total registered 199798",Number of Registered Motor Vehicles (Transport & Non-Transport) Madhya Pradesh from 1996-97 to 1997-1998 | Number of Registered Motor Vehicles (Transport & Non-Transport) Daman and Diu from 1996-97 to 1997-1998
205,District and level-wise male and female student enrolment for university,"Ministry of Education, Department of Higher Education",Student Enrolment (AISHE Survey),2,"State,District,Level  Ph.D  Male,Level  Ph.D  Female,Level  M.Phil  Male,Level  M.Phil  Female,Level  Post Graduate  Male,Level  Post Graduate  Female,Level  Under Graduate  Male,Level  Under Graduate  Female,Level  PG Diploma  Male,Level  PG Diploma  Female,Level  Diploma  Male,Level  Diploma  Female,Level  Certificate  Male,Level  Certificate  Female,Level  Integrated  Male,Level  Integrated  Female,Level  Total  Male,Level  Total  Female,Grand Total",District and level-wise male and female student enrolment for university - 2011-2012 | District and level-wise male and female student enrolment for university - 2012-2013
948,Number of Conductors Licenses Issued As On 31-3,Ministry of Road Transport and Highways,Motor Transport Statistics: 1999-2000,2,"STATE/Uts,Note of States /Uts,Licences vaild at the end of the yearMale2,Licences vaild at the end of the yearfemale3,Licences vaild at the end of the yearTotal4,New Licences issued during the Year Male5,New Licences issued during the Year Female6,New Licences issued during the Year Total 7",Number of Conductors Licenses Issued As On 31-3-1999 | Number of Conductors Licenses Issued As On 31-3-2000
949,Total Registered Motor Vehicles in Metropolitan Cities,Ministry of Road Transport and Highways,Motor Transport Statistics: 1999-2000,2,"Metro Cities,TransportMultiaxled/Articulated Vehicles/Trucks  Lorries1,TransportLight Motor Vehicles Goods2,TransportBuses3,TransportTaxies4,TransportLight Motor Vehicles PassengersAuto5,TransportTotal Transport6,NonTransportTwo Wheelers7,NonTransportCars8,NonTransportJeeps9,NonTransportOmni Buses10,NonTransportTractors11,NonTransportTrailors12,NonTransportOthers13,NonTransportTotal NonTpt.14,NonTransportGrand Total TransportNonTpt.Col.6col1415","Total Registered Motor Vehicles in Metropolitan Cities of India (As on 31st March,2000) | Total Registered Motor Vehicles in Metropolitan Cities of India (As on 31st March,1999)"
216,Students movement from class x onwards,"Ministry of Education, Department of Higher Education",Students movement from class X onwards,2,"Year,Number of Students  Passed in Class X  Boys,Number of Students  Passed in Class X  Girls,Number of Students  Passed in Class X  Total,Number of Students  Enrolled in Class XI  Boys,Number of Students  Enrolled in Class XI  Girls,Number of Students  Enrolled in Class XI  Total,Number of Students  Enrolled in Class XII  Boys,Number of Students  Enrolled in Class XII  Girls,Number of Students  Enrolled in Class XII  Total,Number of Students  Appeared in Class XII  Boys,Number of Students  Appe",Students movement from class x onwards during 2005-2009 | Students movement from class x onwards during 2006-2010
951,Number of Registered Motor Vehicles (Transport) &( Non-Transport),Ministry of Road Transport and Highways,Motor Transport Statistics: 1999-2000,2,"Type,Vehicles Category,Type of Vehicles,Newly registered199899,Newly registered 19992000,Total registered 199899,Total registered 19992000",Number of Registered Motor Vehicles (Transport) &( Non-Transport) - Andhra Pradesh from 1998-99 to 1999-2000 | Number of Registered Motor Vehicles (Transport) &( Non-Transport) - Arunachal Pradesh from 1998-99 to 1999-2000
207,Institution and level-wise male and female student enrolment,"Ministry of Education, Department of Higher Education",Student Enrolment (AISHE Survey),2,"Institution,Level  Ph.d  Male,Level  Ph.d  Female,Level  M.Phil  Male,Level  M.Phil  Female,Level  Post Graduate  Male,Level  Post Graduate  Female,Level  Under Graduate  Male,Level  Under Graduate  Female,Level  PG Diploma  Male,Level  PG Diploma  Female,Level  Diploma  Male,Level  Diploma  Female,Level  Certificate  Male,Level  Certificate  Female,Level  Integrated  Male,Level  Integrated  Female,Level  Total  Male,Level  Total  Female,Grand Total",Institution and level-wise male and female student enrolment - 2011-2012 | Institution and level-wise male and female student enrolment - 2012-2013
208,State and level-wise male and female student enrolment,"Ministry of Education, Department of Higher Education",Student Enrolment (AISHE Survey),2,"State,Level  Ph.D  Male,Level  Ph.D  Female,Level  M.Phil  Male,Level  M.Phil  Female,Level  Post Graduate  Male,Level  Post Graduate  Female,Level  Under Graduate  Male,Level  Under Graduate  Female,Level  PG Diploma  Male,Level  PG Diploma  Female,Level  Diploma  Male,Level  Diploma  Female,Level  Certificate  Male,Level  Certificate  Female,Level  Integrated  Male,Level  Integrated  Female,Level  Total  Male,Level  Total  Female,Grand Total",State and level-wise male and female student enrolment - 2011-2012 | State and level-wise male and female student enrolment - 2012-2013
954,Number of Drivers' Licenses Issued During the Year,Ministry of Road Transport and Highways,Motor Transport Statistics: 1999-2000,2,"STATE/Uts,Note of States /Uts,ProfessionalAuthorised to drive public Service VehiclesMale1,ProfessionalAuthorised to drive public Service VehiclesFemale2,ProfessionalAuthorised to drive public Service VehiclesTotal123,ProfessionalOtherMale4,ProfessionalOtherFemale5,ProfessionalOtherTotal456,NonProfessionalMale7,NonProfessionalFemale8,NonProfessionalTotal789,TotalMale 147,TotalFemale258,TotalTotal 369",Number of Drivers' Licenses Issued During the Year 1998-99 | Number of Drivers' Licenses Issued During the Year 1999-2000
955,Total Number of Valid Drivers' Licenses Issued As on 31-3,Ministry of Road Transport and Highways,Motor Transport Statistics: 1999-2000,2,"STATE/Uts,Note of States /Uts,ProfessionalAuthorised to drive public Service VehiclesMale1,ProfessionalAuthorised to drive public Service VehiclesFemale2,ProfessionalAuthorised to drive public Service VehiclesTotal123,ProfessionalOtherMale4,ProfessionalOtherFemale5,ProfessionalOtherTotal456,NonProfessionalMale7,NonProfessionalFemale8,NonProfessionalTotal789,TotalMale 147,TotalFemale258,TotalTotal 369",Total Number of Valid Drivers' Licenses Issued As on 31-3-1999 | Total Number of Valid Drivers' Licenses Issued As on 31-3-2000
956,Number of Conductors Licenses Issued As On 31-3,Ministry of Road Transport and Highways,Motor Transport Statistics: 2001-2002,2,"STATE/Uts,Note of States /Uts,Licences vaild at the end of the yearMale2,Licences vaild at the end of the yearfemale3,Licences vaild at the end of the yearTotal4,New Licences issued during the Year Male5,New Licences issued during the Year Female6,New Licences issued during the Year Total 7",Number of Conductors Licenses Issued As On 31-3-2001 | Number of Conductors Licenses Issued As On 31-3-2002
209,State and level-wise male and female student enrolment in self-financing mode,"Ministry of Education, Department of Higher Education",Student Enrolment (AISHE Survey),2,"State,Level  Ph.D  Male,Level  Ph.D  Female,Level  M.Phil  Male,Level  M.Phil  Female,Level  Post Graduate  Male,Level  Post Graduate  Female,Level  Under Graduate  Male,Level  Under Graduate  Female,Level  PG Diploma  Male,Level  PG Diploma  Female,Level  Diploma  Male,Level  Diploma  Female,Level  Certificate  Male,Level  Certificate  Female,Level  Integrated  Male,Level  Integrated  Female,Level  Total  Male,Level  Total  Female,Grand Total",State and level-wise male and female student enrolment in self-financing mode - 2011-2012 | State and level-wise male and female student enrolment in self-financing mode - 2012-2013
210,State and level-wise male and female student enrolment on roll in distance mode of education,"Ministry of Education, Department of Higher Education",Student Enrolment (AISHE Survey),2,"State,Level  Ph.D  Male,Level  Ph.D  Female,Level  M.Phil  Male,Level  M.Phil  Female,Level  Post Graduate  Male,Level  Post Graduate  Female,Level  Under Graduate  Male,Level  Under Graduate  Female,Level  PG Diploma  Male,Level  PG Diploma  Female,Level  Diploma  Male,Level  Diploma  Female,Level  Certificate  Male,Level  Certificate  Female,Level  Integrated  Male,Level  Integrated  Female,Level  Total  Male,Level  Total  Female,Grand Total",State and level-wise male and female student enrolment on roll in distance mode of education - 2011-2012 | State and level-wise male and female student enrolment on roll in distance mode of education - 2012-2013
959,Number of Registered Motor Vehicles (Transport & Non-Transport) UT,Ministry of Road Transport and Highways,Motor Transport Statistics: 2001-2002,2,"Type,Vehicles Category1,Type of Vehicles1,Newly registered2000012 ,Newly registered2001023,Total registered 200001 4,Total registered 2001025",Number of Registered Motor Vehicles (Transport & Non-Transport) UT: Andaman and Nicobar Islands from 2000-01 to 2001-02 | Number of Registered Motor Vehicles (Transport & Non-Transport) UT: Lakshadweep from 2000-01 to 2001-02
960,Number of Registered Motor Vehicles (Transport& Non-Transport),Ministry of Road Transport and Highways,Motor Transport Statistics: 2001-2002,2,"Type,Vehicles Category1,Type of Vehicles1,Newly registered2000012,Newly registered2001023,Total registered 200001 4,Total registered 2001025",Number of Registered Motor Vehicles (Transport& Non-Transport) Assam from 2000-01 to 2001-02 | Number of Registered Motor Vehicles (Transport& Non-Transport) Karnataka from 2000-01 to 2001-02
961,Number of Drivers' License Issued during the year,Ministry of Road Transport and Highways,Motor Transport Statistics: 2001-2002,2,"STATE/Uts,Note of States /Uts,ProfessionalAuthorised to drive public Service VehiclesMale1,ProfessionalAuthorised to drive public Service VehiclesFemale2,ProfessionalAuthorised to drive public Service VehiclesTotal123,ProfessionalOtherMale4,ProfessionalOtherFemale5,ProfessionalOtherTotal456,NonProfessionalMale7,NonProfessionalFemale8,NonProfessionalTotal789,TotalMale 14710,TotalFemale25811,TotalTotal 36912",Number of Drivers' License Issued during the year 2000-01 | Number of Drivers' License Issued during the year 2000-02
962,Number of Newly Registered Motor Vehicles in 2009-10 and 2010-11 and Number of Registered Motor Vehicles,Ministry of Road Transport and Highways,Number of Newly Registered Motor Vehicles and Number of Registered Motor Vehicles in Odisha,2,"Type,Vehicles Category,Type of Vehicles,Newly registered200910,Newly registered201011,Total registered as on 31st March2010,Total registered as on 31st March2011",Number of Newly Registered Motor Vehicles in 2009-10 and 2010-11 and Number of Registered Motor Vehicles as on 31st March 2010 and as on 31st March 2011 in Odisha | Number of Newly Registered Motor Vehicles in 2009-10 and 2010-11 and Number of Registered Motor Vehicles as on 31st March 2010 and as on 31st March 2011 in Odisha
963,Number of Newly Registered Motor Vehicles in 2011-12 and Number of Registered Motor Vehicles,Ministry of Road Transport and Highways,Number of Newly Registered Motor Vehicles and Number of Registered Motor Vehicles in Odisha,2,"Type,Vehicles Category,Type of Vehicles,Newly registered201112,Total registered as on 31st March 2012","Number of Newly Registered Motor Vehicles in 2011-12 and Number of Registered Motor Vehicles as on 31st March, 2012 in Odisha | Number of Newly Registered Motor Vehicles in 2011-12 and Number of Registered Motor Vehicles as on 31st March, 2012 in Odisha"
211,State and level-wise male and female student enrolment through distance mode of education,"Ministry of Education, Department of Higher Education",Student Enrolment (AISHE Survey),2,"State,Level  Ph.D  Male,Level  Ph.D  Female,Level  M.Phil  Male,Level  M.Phil  Female,Level  Post Graduate  Male,Level  Post Graduate  Female,Level  Under Graduate  Male,Level  Under Graduate  Female,Level  PG Diploma  Male,Level  PG Diploma  Female,Level  Diploma  Male,Level  Diploma  Female,Level  Certificate  Male,Level  Certificate  Female,Level  Integrated  Male,Level  Integrated  Female,Level  Total  Male,Level  Total  Female,Grand Total",State and level-wise male and female student enrolment through distance mode of education - 2011-2012 | State and level-wise male and female student enrolment through distance mode of education - 2012-2013
212,Level-wise male and female student enrolment in university and its colleges,"Ministry of Education, Department of Higher Education",Student Enrolment (AISHE Survey),2,"University,Level  Ph.d  Male,Level  Ph.d  Female,Level  M.Phil  Male,Level  M.Phil  Female,Level  Post Graduate  Male,Level  Post Graduate  Female,Level  Under Graduate  Male,Level  Under Graduate  Female,Level  PG Diploma  Male,Level  PG Diploma  Female,Level  Diploma  Male,Level  Diploma  Female,Level  Certificate  Male,Level  Certificate  Female,Level  Integrated  Male,Level  Integrated  Female,Level  Total  Male,Level  Total  Female,Grand Total",Level-wise male and female student enrolment in university and its colleges - 2011-2012 | Level-wise male and female student enrolment in university and its colleges - 2012-2013
966,Physical Performance of SRTUs,Ministry of Road Transport and Highways,Physical Performance of SRTUs,2,"S.No.,Name of SRTU ,Avg. Fleet Held Number,Avg Fleet Operated Number,Avg Age of Fleet Yrs,% of Overage vehicles to total Fleet,Revenue Earning KMS Lakhs,Staff Strength Number,Fuel Efficiency Km/litre of HSD,Passenger KMS Offered Lakhs,Passenger KMS Performed Lakhs,Passenger Carried Lakhs,No.of Accidents  ,No. of Fatal Accidents",Physical Performance of SRTUs for the year 2002-03 | Physical Performance of SRTUs for the year 2003-04
213,Level-wise male and female student enrolment in various types of university and its colleges,"Ministry of Education, Department of Higher Education",Student Enrolment (AISHE Survey),2,"University Type,Level  Ph.d  Male,Level  Ph.d  Female,Level  M.Phil  Male,Level  M.Phil  Female,Level  Post Graduate  Male,Level  Post Graduate  Female,Level  Under Graduate  Male,Level  Under Graduate  Female,Level  PG Diploma  Male,Level  PG Diploma  Female,Level  Diploma  Male,Level  Diploma  Female,Level  Certificate  Male,Level  Certificate  Female,Level  Integrated  Male,Level  Integrated  Female,Level  Total  Male,Level  Total  Female,Grand Total",Level-wise male and female student enrolment in various types of university and its colleges - 2011-2012 | Level-wise male and female student enrolment in various types of university and its colleges - 2012-2013
188,District and category-wise male and female student enrolment for standalone,"Ministry of Education, Department of Higher Education",Student Enrolment (AISHE Survey),2,"State,District,CasteCategory  Total  Male,CasteCategory  Total  Female,CasteCategory  SC  Male,CasteCategory  SC  Female,CasteCategory  ST  Male,CasteCategory  ST  Female,CasteCategory  OBC  Male,CasteCategory  OBC  Female,Out of Total  PWD  Male,Out of Total  PWD  Female,Out of Total  Muslim  Male,Out of Total  Muslim  Female,Out of Total  Other Minority Communities  Male,Out of Total  Other Minority Communities  Female,Out of Total  Foreign Students  Male,Out of Total  Foreign Students  Female",District and category-wise male and female student enrolment for standalone - 2011-2012 | District and category-wise male and female student enrolment for standalone - 2012-2013
969,Best and worst performing SRTUs in Terms of Select Parameters,Ministry of Road Transport and Highways,Review of the Performance of State Road Transport Undertakings (SRTUs) for 2017-18 and 2018-19,2,"S.No,Best performing SRTUs  Average Fleet Held Numbers,Best performing SRTUs  Average Age of Fleet Years,Best performing SRTUs  Overaged vehicles %,Best performing SRTUs  Number of Accidents per Lakh Revenue Earning Kilometres,Best performing SRTUs  Number of Fatal Accidents per Lakh Revenue Earning Kilometres,Best performing SRTUs  Revenue Earning Kilometres Lakhs,Best performing SRTUs  Staff Strength Number,Best performing SRTUs  Fuel Efficiency Km/litre of HSD or Km/KG of CNG,Best performing ",Best and worst performing SRTUs in Terms of Select Parameters during 2017-18 | Best and worst performing SRTUs in Terms of Select Parameters during 2018-19
970,Road Accidents Profile of Selected Cities,Ministry of Road Transport and Highways,Road Accidents Profile of Selected Cities,2,"Name of City,Total number of Fatal Accidents,All Accidents,Persons Killed,Persons Injured",Road Accidents Profile of Selected Cities in 2011 | Road Accidents Profile of Selected Cities in 2012
971,Accidents classified according to responsibility of driver,Ministry of Road Transport and Highways,Road Accidents in India classified according to various parameters,2,"S.No,States/UTs,Intake of AlcohalNumber of Accident  2014,Intake of AlcohalPersons  Killed   2014,Intake of AlcohalPersons Injured  2014,Exceeding lawful speedNumber of Accident  2014,Exceeding lawful speedPersons  Killed   2014,Exceeding lawful speedPersons Injured  2014,Did not give right of way to vehNumber of Accident  2014,Did not give right of way to vehPersons  Killed   2014,Did not give right of way to vehPersons Injured  2014,Did not give right of way to PedestrianNumber of Accident  20",Accidents classified according to responsibility of driver during 2014 | Accidents classified according to responsibility of driver during 2014
972,States/UTs-wise Number of Drivers' Licences Issued,Ministry of Road Transport and Highways,Road Transport Year Book 2017-18 & 2018-19,2,"STATES / UTs ,Professional  Authorised to drive public Service Vehicles  Male,Professional  Authorised to drive public Service Vehicles  Female,Professional  Authorised to drive public Service Vehicles  Total,Professional  Others  Male,Professional  Others  Female,Professional  Others  Total,Non professional  Male,Non professional  Female,Non professional  Total,Total  Male,Total  Male,Total  Total,%age Share of total  Male Driver Licences,%age Share of Total Female Driver Licences",States/UTs-wise Number of Drivers' Licences Issued during 2017-18 | States/UTs-wise Number of Drivers' Licences Issued during 2018-19
973,States/UTs-wise and category wise number of Newly Registered Transport Motor Vehicles,Ministry of Road Transport and Highways,Road Transport Year Book 2017-18 & 2018-19,2,"States/Union Territories,Multiaxled/Articulated Vehicles I,Trucks and Lorries II,Light Motor Vehicles Goods II  Four Wheelers,Light Motor Vehicles Goods II  Three Wheelers,Buses IV  Stage carriages,Buses IV  Contract carriages,Buses IV  Private service vehicles,Buses IV  Other buses,Taxis V  Motor cabs,Taxis V  Maxi cabs,Taxis V  Other taxis,Light Motor Vehicles Passengers VI  Three seaters,Light Motor Vehicles Passengers VI  Four to six seaters,Motor cycles on hire VII,Other vehicles not includ",States/UTs-wise and category wise number of Newly Registered Transport Motor Vehicles during 2017-18 | States/UTs-wise and category wise number of Newly Registered Transport Motor Vehicles during  2018-19
974,States/UTs-wise and category wise number of Newly Registered Non-Transport Motor Vehicles,Ministry of Road Transport and Highways,Road Transport Year Book 2017-18 & 2018-19,2,"States/Union Territories,Two wheelers I  Scooters,Two wheelers I  Mopeds,Two wheelers I  Motor cycles,Cars II,Jeeps III,Omni buses IV,Tractors V,Trailers VI,Other vehicles not covered VII,Total NonTransport I TO VII,Grand Total Transport  Non Transport",States/UTs-wise and category wise number of Newly Registered Non-Transport Motor Vehicles during 2017-18 | States/UTs-wise and category wise number of Newly Registered Non-Transport Motor Vehicles during 2018-19
975,Revenue Realised from Motor Vehicles Taxes Fees etc.,Ministry of Road Transport and Highways,Road Transport Year Book : 2013-14 and 2014-15,2,"Category,STATES / UTs,Motor Vehicle Tax,Commercial Vehicle and other fees,Passenger Tax,Goods Tax,Fines,Total",Revenue Realised from Motor Vehicles Taxes Fees etc. for 2013-14 | Revenue Realised from Motor Vehicles Taxes Fees etc. for 2014-15
976,Category-wise Number of Newly Registered and Total Registered Motor Vehicles,Ministry of Road Transport and Highways,Road Transport Year Book : 2013-14 and 2014-15,2,"Category,Type of Vehicles,Newly registered  201112,Total registered as on 31st March  2012",Category-wise Number of Newly Registered and Total Registered Motor Vehicles in Arunachal Pradesh during 2013-14 and 2014-15 | Category-wise Number of Newly Registered and Total Registered Motor Vehicles in Punjab during 2013-14 and 2014-15
304,Coverage under Aam Aadmi Bima Yojana,"Ministry of Finance, Department of Financial Services",Coverage under Aam Aadmi Bima Yojana,2,"States/UTs,New Lives Covered,Claims Settled  Numbers,Claims Settled  Amount Rupees in thousands,Scholarship paid  Numbers,Scholarship paid  Amount Rupees in thousands","Coverage under Aam Aadmi Bima Yojana as on 30 September, 2013 | Coverage under Aam Aadmi Bima Yojana as on 31st December 2013"
978,Category-wise Total Registered Motor Vehicles,Ministry of Road Transport and Highways,Road Transport Year Book : 2013-14 and 2014-15,2,"Category Col. 1,States/Uts Col. 2,Transport  MultiAxled/ Articulated Vehicles/ Trucks and Lorries Col. 3,Transport  Light Motor Vehicle Goods Col. 4,Transport  Buses Col. 5,Transport  Taxis Col. 6,Transport  Light Motor Vehicle Passenger Col. 7,Transport  Total Transport Col. 8,NonTransport  Two Wheelers Col. 9,NonTransport  Cars Col. 10,NonTransport  Jeeps Col. 11,NonTransport  Omni Buses Col. 12,NonTransport  Tractors Col. 13,NonTransport  Trailers Col. 14,NonTransport  Others Col. 15,NonTrans","Category-wise Total Registered Motor Vehicles in India as on 31st March, 2014 | Category-wise Total Registered Motor Vehicles in India as on 31st March, 2015"
979,Number of Drivers' Licences Issued,Ministry of Road Transport and Highways,Road Transport Year Book : 2013-14 and 2014-15,2,"Category Col. 1,STATES / UTs Col. 2,Professional  Authorised to drive public Service Vehicles  Male Col. 3,Professional  Authorised to drive public Service Vehicles  Female Col. 4,Professional  Authorised to drive public Service Vehicles  Total 34 Col. 5,Professional  Others  Male Col. 6,Professional  Others  Female Col. 7,Professional  Others  Total 67 Col. 8,Non professional  Male Col. 9,Non professional  Female Col. 10,Non professional  Total 910 Col. 11,Total  Male 369 Col. 12,Total  Female ",Number of Drivers' Licences Issued during 2013-14 | Number of Drivers' Licences Issued During 2014-15
215,Programme-wise male and female student enrolment,"Ministry of Education, Department of Higher Education",Student Enrolment (AISHE Survey),2,"Programme,Students Enrolled  Male,Students Enrolled  Female",Programme-wise male and female student enrolment - 2011-2012 | Programme-wise male and female student enrolment - 2012-2013
267,State/UT-wise Number of Schools - Private Unaided Recognized by Management and School Category,"Ministry of Education, Department of School Education and Literacy",Unified District Information System for Education Plus (UDISE Plus),2,"India/State /UT,Number of Schools  Private Unaided Recognized  Total,Number of Schools  Private Unaided Recognized  Primary  1 to 5,Number of Schools  Private Unaided Recognized  Upper Primary  18,Number of Schools  Private Unaided Recognized  Upper Primary  68,Number of Schools  Private Unaided Recognized  Secondary  110,Number of Schools  Private Unaided Recognized  Secondary  610,Number of Schools  Private Unaided Recognized  Secondary  910,Number of Schools  Private Unaided Recognized  Highe",State/UT-wise Number of Schools - Private Unaided Recognized by Management and School Category during 2020-21 | State/UT-wise Number of Schools - Private Unaided Recognized by Management and School Category during 2021-22
214,State and level-wise intake and student enrolment in 1st year,"Ministry of Education, Department of Higher Education",Student Enrolment (AISHE Survey),2,"State,Level  Post Graduate  Intake,Level  Post Graduate  1st Year Enrolment  Male,Level  Post Graduate  1st Year Enrolment  Female,Level  Under Graduate  Intake,Level  Under Graduate  1st Year Enrolment  Male,Level  Under Graduate  1st Year Enrolment  Female,Level  PG Diploma  Intake,Level  PG Diploma  1st Year Enrolment  Male,Level  PG Diploma  1st Year Enrolment  Female,Level  Diploma  Intake,Level  Diploma  1st Year Enrolment  Male,Level  Diploma  1st Year Enrolment  Female,Level  Certificate",State and level-wise intake and student enrolment in 1st year - 2011-2012 | State and level-wise intake and student enrolment in 1st year - 2012-2013
288,Ambient Air Quality with respect to Sulfur Dioxide under National Air Quality Monitoring Programme (NAMP)in the year,"Ministry of Environment, Forest and Climate Change, Central Pollution Control Board",Ambient Air Quality with respect to Sulfur Dioxide under National Air Quality Monitoring Programme (NAMP),2,"State ,City,Location,Type,Category of ES,No. of mon. days n,Min,Max,SO2 Annual average g/m3,10 percentile,90 percentile,Standard Deviation,Percentage exceedence24 hourly,Air Quality",Ambient Air Quality with respect to Sulfur Dioxide under National Air Quality Monitoring Programme (NAMP)in the year 2011 | Ambient Air Quality with respect to Sulfur Dioxide under National Air Quality Monitoring Programme (NAMP)in the year 2012
286,Ambient Air Quality with respect to Nitrogen Dioxide under National Air Quality Monitoring Programme (NAMP)in the year,"Ministry of Environment, Forest and Climate Change, Central Pollution Control Board",Ambient Air Quality with respect to Nitrogen Dioxide under National Air Quality Monitoring Programme (NAMP),2,"State,City,Location,Station code,Type,Category of ES,No. of mon. days n,Min,Max,NO2 Annual average g/m3,10 percentile,90 percentile,Std. Dev.,Percentage exceedence24 hourly,Air Quality",Ambient Air Quality with respect to Nitrogen Dioxide under National Air Quality Monitoring Programme (NAMP)in the year 2011 | Ambient Air Quality with respect to Nitrogen Dioxide under National Air Quality Monitoring Programme (NAMP)in the year 2012
284,Air Quality with respect to Suspended Particulate Matter in air quality stations under National Air Quality Monitoring Programme (NAMP)in the year,"Ministry of Environment, Forest and Climate Change, Central Pollution Control Board",Air Quality with respect to Suspended Particulate Matter under National Air Quality Monitoring Programme (NAMP),2,"State,City,Location,Type,Numbers of  monitoring days n,Suspended Particulate MatterSPM Annual average g/m3,Standard Deviation,Percentage exceedence24 hourly,Air Quality",Air Quality with respect to Suspended Particulate Matter in air quality stations under National Air Quality Monitoring Programme (NAMP)in the year 2006 | Air Quality with respect to Suspended Particulate Matter in air quality stations under National Air Quality Monitoring Programme (NAMP)in the year 2007
283,Air Quality with respect to Respirable Suspended Particulate Matter(RSPM) in air quality stations under National Air Quality Monitoring Programme (NAMP)in the year,"Ministry of Environment, Forest and Climate Change, Central Pollution Control Board",Air Quality with respect to Respirable Suspended Particulate Matter(RSPM) in air quality stations under National Air Quality Monitoring Programme (NAMP),2,"State,City,Location,Type,Numbers of  monitoring days n,Respirable Suspended Particulate MatterRSPM Annual average g/m3,Standard Deviation,Percentage exceedence24 hourly,Air Quality",Air Quality with respect to Respirable Suspended Particulate Matter(RSPM) in air quality stations under National Air Quality Monitoring Programme (NAMP)in the year 2007 | Air Quality with respect to Respirable Suspended Particulate Matter(RSPM) in air quality stations under National Air Quality Monitoring Programme (NAMP)in the year 2006
282,State/UT-wise Transition Rate by Level of Education and Gender,"Ministry of Education, Department of School Education and Literacy",Unified District Information System for Education Plus (UDISE Plus),2,"India/State/ UT,Transition Rate  Primary to Upper Primary 5 to 6  Boys,Transition Rate  Primary to Upper Primary 5 to 6  Girls,Transition Rate  Primary to Upper Primary 5 to 6  Total,Transition Rate  Upper Primary to Secondary 8 to 9  Boys,Transition Rate  Upper Primary to Secondary 8 to 9  Girls,Transition Rate  Upper Primary to Secondary 8 to 9  Total,Transition Rate  Secondary to Higher Secondary 10 to 11  Boys,Transition Rate  Secondary to Higher Secondary 10 to 11  Girls,Transition Rate  Se",State/UT-wise Transition Rate by Level of Education and Gender during 2021-22 | State/UT-wise Transition Rate by Level of Education and Gender during 2020-21
281,State/UT-wise Retention Rate by Level of Education and Gender,"Ministry of Education, Department of School Education and Literacy",Unified District Information System for Education Plus (UDISE Plus),2,"India/State/ UT,Retention Rate  Primary 1 to 5  Boys,Retention Rate  Primary 1 to 5  Girls,Retention Rate  Primary 1 to 5  Total,Retention Rate  Elementary 1 to 8  Boys,Retention Rate  Elementary 1 to 8  Girls,Retention Rate  Elementary 1 to 8  Total,Retention Rate  Secondary 1 to 10  Boys,Retention Rate  Secondary 1 to 10  Girls,Retention Rate  Secondary 1 to 10  Total,Retention Rate  Higher Secondary 1 to 12  Boys,Retention Rate  Higher Secondary 1 to 12  Girls,Retention Rate  Higher Secondary",State/UT-wise Retention Rate by Level of Education and Gender during 2021-22 | State/UT-wise Retention Rate by Level of Education and Gender during 2020-21
280,State/UT-wise Repetition Rate by Level of Education and Gender,"Ministry of Education, Department of School Education and Literacy",Unified District Information System for Education Plus (UDISE Plus),2,"India/State /UT,Repetition Rate  Primary 1 to 5  Boys,Repetition Rate  Primary 1 to 5  Girls,Repetition Rate  Primary 1 to 5  Total,Repetition Rate  Upper Primary 68  Boys,Repetition Rate  Upper Primary 68  Girls,Repetition Rate  Upper Primary 68  Total,Repetition Rate  Secondary 910  Boys,Repetition Rate  Secondary 910  Girls,Repetition Rate  Secondary 910  Total",State/UT-wise Repetition Rate by Level of Education and Gender during 2021-22 | State/UT-wise Repetition Rate by Level of Education and Gender during 2020-21
990,State/UT wise length of Municipal Roads by type of surface,Ministry of Road Transport and Highways,State/UT wise length of Municipal Roads by type of surface in India,2,"States/UTs,Total AB,SurfacedTotal A,SurfacedW.B.M.,SurfacedB.T./C.C,UnsurfacedTotal B,UnsurfacedMotorable,UnsurfacedNonMotorable",State/UT wise length of Municipal Roads by type of surface in India as on 31st March 2009 | State/UT wise length of Municipal Roads by type of surface in India as on 31st March 2011
279,State/UT-wise Pupil Teacher Ratio (PTR) by level of School Education,"Ministry of Education, Department of School Education and Literacy",Unified District Information System for Education Plus (UDISE Plus),2,"India/State /UT,Pupil Teacher Ratio PTR  Primary 1 to 5,Pupil Teacher Ratio PTR  Upper Primary 68,Pupil Teacher Ratio PTR  Secondary 910,Pupil Teacher Ratio PTR  Higher Secondary 1112",State/UT-wise Pupil Teacher Ratio (PTR) by level of School Education during 2021-22 | State/UT-wise Pupil Teacher Ratio (PTR) by level of School Education during 2020-21
278,State/UT-wise Promotion Rate by Level of Education and Gender,"Ministry of Education, Department of School Education and Literacy",Unified District Information System for Education Plus (UDISE Plus),2,"India/State /UT,Promotion Rate  Primary 1 to 5  Boys,Promotion Rate  Primary 1 to 5  Girls,Promotion Rate  Primary 1 to 5  Total,Promotion Rate  Upper Primary 68  Boys,Promotion Rate  Upper Primary 68  Girls,Promotion Rate  Upper Primary 68  Total,Promotion Rate  Secondary 910  Boys,Promotion Rate  Secondary 910  Girls,Promotion Rate  Secondary 910  Total",State/UT-wise Promotion Rate by Level of Education and Gender during 2021-22 | State/UT-wise Promotion Rate by Level of Education and Gender during 2020-21
277,State/UT-wise Percentage of Muslim Minority Enrolment to Total Enrolment by Gender and Level of School Education,"Ministry of Education, Department of School Education and Literacy",Unified District Information System for Education Plus (UDISE Plus),2,"India/State/ UT,Percentage of Muslim Minority Enrolment to Total Enrolment  Primary 1 to 5  Boys,Percentage of Muslim Minority Enrolment to Total Enrolment  Primary 1 to 5  Girls,Percentage of Muslim Minority Enrolment to Total Enrolment  Primary 1 to 5  Total,Percentage of Muslim Minority Enrolment to Total Enrolment  Upper Primary 6 to 8  Boys,Percentage of Muslim Minority Enrolment to Total Enrolment  Upper Primary 6 to 8  Girls,Percentage of Muslim Minority Enrolment to Total Enrolment  Uppe",State/UT-wise Percentage of Muslim Minority Enrolment to Total Enrolment by Gender and Level of School Education during 2021-22 | State/UT-wise Percentage of Muslim Minority Enrolment to Total Enrolment by Gender and Level of School Education during 2020-21
276,State/UT-wise Percentage of All Minority Groups Enrolment to Total Enrolment by Gender and Level of School Education,"Ministry of Education, Department of School Education and Literacy",Unified District Information System for Education Plus (UDISE Plus),2,"India/State/ UT,Percentage of All Minority Groups Enrolment to Total Enrolment  Primary 1 to 5  Boys,Percentage of All Minority Groups Enrolment to Total Enrolment  Primary 1 to 5  Girls,Percentage of All Minority Groups Enrolment to Total Enrolment  Primary 1 to 5  Total,Percentage of All Minority Groups Enrolment to Total Enrolment  Upper Primary 6 to 8  Boys,Percentage of All Minority Groups Enrolment to Total Enrolment  Upper Primary 6 to 8  Girls,Percentage of All Minority Groups Enrolment ",State/UT-wise Percentage of All Minority Groups Enrolment to Total Enrolment by Gender and Level of School Education during 2021-22 | State/UT-wise Percentage of All Minority Groups Enrolment to Total Enrolment by Gender and Level of School Education during 2020-21
275,State/UT-wise Number of Teachers in Others Schools by Management and School Category,"Ministry of Education, Department of School Education and Literacy",Unified District Information System for Education Plus (UDISE Plus),2,"India/State /UT,Number of Teachers in Others Schools  Total,Number of Teachers in Others Schools  Primary  1 to 5,Number of Teachers in Others Schools  Upper Primary  18,Number of Teachers in Others Schools  Upper Primary  68,Number of Teachers in Others Schools  Secondary  110,Number of Teachers in Others Schools  Secondary  610,Number of Teachers in Others Schools  Secondary  910,Number of Teachers in Others Schools  Higher Secondary  112,Number of Teachers in Others Schools  Higher Secondary ",State/UT-wise Number of Teachers in Others Schools by Management and School Category during 2021-22 | State/UT-wise Number of Teachers in Others Schools by Management and School Category during 2020-21
996,State/UT wise length of Urban roads by type of surface,Ministry of Road Transport and Highways,State/UT wise length of Urban Roads by type of surface in India,2,"States/UTs,Total AB,SurfacedTotal A,SurfacedW.B.M.,SurfacedB.T./C.C,UnsurfacedTotal B,UnsurfacedMotorable,UnsurfacedNonMotorable",State/UT wise length of Urban roads by type of surface in India as on 31st March 2010 | State/UT wise length of Urban roads by type of surface in India as on 31st March 2011
274,State/UT-wise Number of Teachers in Government Aided Schools by Management and School Category,"Ministry of Education, Department of School Education and Literacy",Unified District Information System for Education Plus (UDISE Plus),2,"India/State /UT,Number of Teachers in Government Aided Schools  Total,Number of Teachers in Government Aided Schools  Primary  1 to 5,Number of Teachers in Government Aided Schools  Upper Primary  18,Number of Teachers in Government Aided Schools  Upper Primary  68,Number of Teachers in Government Aided Schools  Secondary  110,Number of Teachers in Government Aided Schools  Secondary  610,Number of Teachers in Government Aided Schools  Secondary  910,Number of Teachers in Government Aided School",State/UT-wise Number of Teachers in Government Aided Schools by Management and School Category during 2021-22 | State/UT-wise Number of Teachers in Government Aided Schools by Management and School Category during 2020-21
273,"State/UT-wise Number of Teachers - Private Unaided Recognized by Management, Gender and Classes Taught","Ministry of Education, Department of School Education and Literacy",Unified District Information System for Education Plus (UDISE Plus),2,"India/State /UT,Number of Teachers by Gender and Classes Taught  Private Unaided Recognized  Total  Male,Number of Teachers by Gender and Classes Taught  Private Unaided Recognized  Total  Female,Number of Teachers by Gender and Classes Taught  Private Unaided Recognized  Total  Total,Number of Teachers by Gender and Classes Taught  Private Unaided Recognized  PrePrimary Only  Male,Number of Teachers by Gender and Classes Taught  Private Unaided Recognized  PrePrimary Only  Female,Number of Teac","State/UT-wise Number of Teachers - Private Unaided Recognized by Management, Gender and Classes Taught during 2021-22 | State/UT-wise Number of Teachers - Private Unaided Recognized by Management, Gender and Classes Taught during 2020-21"
999,State/UT wise length of roads under Electricity Department by type of surface,Ministry of Road Transport and Highways,State/UT wise length of roads under Electricity Department by type of surface in India,2,"States/UTs,Total AB,SurfacedTotal A,SurfacedW.B.M.,SurfacedB.T./C.C,UnsurfacedTotal B,UnsurfacedMotorable,UnsurfacedNonMotorable",State/UT wise length of roads under Electricity Department by type of surface in India as on 31st March 2009 | State/UT wise length of roads under Electricity Department by type of surface in India as on 31st March 2010
1000,State/UT wise length of roads under Forest Department by type of surface,Ministry of Road Transport and Highways,State/UT wise length of roads under Forest Department by type of surface in India,2,"States/UTs,Total AB,SurfacedTotal A,SurfacedW.B.M.,SurfacedB.T./C.C,UnsurfacedTotal B,UnsurfacedMotorable,UnsurfacedNonMotorable",State/UT wise length of roads under Forest Department by type of surface in India as on 31st March 2009 | State/UT wise length of roads under Forest Department by type of surface in India as on 31st March 2010
272,"State/UT-wise Number of Teachers - Government by Management, Gender and Classes Taught","Ministry of Education, Department of School Education and Literacy",Unified District Information System for Education Plus (UDISE Plus),2,"India/State /UT,Number of Teachers by Gender and Classes Taught  Government  Total  Male,Number of Teachers by Gender and Classes Taught  Government  Total  Female,Number of Teachers by Gender and Classes Taught  Government  Total  Total,Number of Teachers by Gender and Classes Taught  Government  PrePrimary Only  Male,Number of Teachers by Gender and Classes Taught  Government  PrePrimary Only  Female,Number of Teachers by Gender and Classes Taught  Government  PrePrimary Only  Total,Number of ","State/UT-wise Number of Teachers - Government by Management, Gender and Classes Taught during 2021-22 | State/UT-wise Number of Teachers - Government by Management, Gender and Classes Taught during 2020-21"
271,"State/UT-wise Number of Teachers - Government Aided by Management, Gender and Classes Taught","Ministry of Education, Department of School Education and Literacy",Unified District Information System for Education Plus (UDISE Plus),2,"India/State /UT,Number of Teachers by Gender and Classes Taught  Government Aided  Total  Male,Number of Teachers by Gender and Classes Taught  Government Aided  Total  Female,Number of Teachers by Gender and Classes Taught  Government Aided  Total  Total,Number of Teachers by Gender and Classes Taught  Government Aided  PrePrimary Only  Male,Number of Teachers by Gender and Classes Taught  Government Aided  PrePrimary Only  Female,Number of Teachers by Gender and Classes Taught  Government Aide","State/UT-wise Number of Teachers - Government Aided by Management, Gender and Classes Taught during 2021-22 | State/UT-wise Number of Teachers - Government Aided by Management, Gender and Classes Taught during 2020-21"
270,"State/UT-wise Number of Teachers - All Types of Management, Gender and Classes Taught","Ministry of Education, Department of School Education and Literacy",Unified District Information System for Education Plus (UDISE Plus),2,"India/State /UT,Number of Teachers by Gender and Classes Taught  All Types of Management  Total  Male,Number of Teachers by Gender and Classes Taught  All Types of Management  Total  Female,Number of Teachers by Gender and Classes Taught  All Types of Management  Total  Total,Number of Teachers by Gender and Classes Taught  All Types of Management  PrePrimary Only  Male,Number of Teachers by Gender and Classes Taught  All Types of Management  PrePrimary Only  Female,Number of Teachers by Gender ","State/UT-wise Number of Teachers - All Types of Management, Gender and Classes Taught during 2021-22 | State/UT-wise Number of Teachers - All Types of Management, Gender and Classes Taught during 2020-21"
269,State/UT-wise Number of Teachers - Private Unaided Recognized by Management and Classes Taught,"Ministry of Education, Department of School Education and Literacy",Unified District Information System for Education Plus (UDISE Plus),2,"India/State /UT,Number of Teachers by Classes Taught  Private Unaided Recognized  Total,Number of Teachers by Classes Taught  Private Unaided Recognized  PrePrimary Only,Number of Teachers by Classes Taught  Private Unaided Recognized  PrePrimary and Primary,Number of Teachers by Classes Taught  Private Unaided Recognized  Primary Only,Number of Teachers by Classes Taught  Private Unaided Recognized  Primary and Upper Primary,Number of Teachers by Classes Taught  Private Unaided Recognized  Uppe",State/UT-wise Number of Teachers - Private Unaided Recognized by Management and Classes Taught during 2021-22 | State/UT-wise Number of Teachers - Private Unaided Recognized by Management and Classes Taught during 2020-21
268,State/UT-wise Number of Teachers - Government Aided by Management and Classes Taught,"Ministry of Education, Department of School Education and Literacy",Unified District Information System for Education Plus (UDISE Plus),2,"India/State /UT,Number of Teachers by Classes Taught  Government Aided  Total,Number of Teachers by Classes Taught  Government Aided  PrePrimary Only,Number of Teachers by Classes Taught  Government Aided  PrePrimary and Primary,Number of Teachers by Classes Taught  Government Aided  Primary Only,Number of Teachers by Classes Taught  Government Aided  Primary and Upper Primary,Number of Teachers by Classes Taught  Government Aided  Upper Primary Only,Number of Teachers by Classes Taught  Governm",State/UT-wise Number of Teachers - Government Aided by Management and Classes Taught during 2021-22 | State/UT-wise Number of Teachers - Government Aided by Management and Classes Taught during 2020-21
1006,Total Number of Registered Motor Vehicles,Ministry of Road Transport and Highways,Total Number of Registered Motor Vehicles in India,2,"Year As on 31st March,All Vehicles,Two Wheelers,Cars Jeeps and Taxis,Buses ,Goods Vehicles,Others",Total Number of Registered Motor Vehicles in India during 1951-2012 | Total Number of Registered Motor Vehicles in India during 1951-2013
1007,State/ UT-wise Length of National Highways by Type of Surface,Ministry of Road Transport and Highways,Transport Statistics in India: 1997,2,"Category,State/ UTwise,Total,Surfaced  Total,Surfaced  W.B.M.,Surfaced  B.T.,Surfaced  C.C.,Unsurfaced  Total,Unsurfaced  Motorable,Unsurfaced  Nonmotorable",State/ UT-wise Length of National Highways by Type of Surface in India As on 31st March 1994 | State/ UT-wise Length of National Highways by Type of Surface in India As on 31st March 1995
1008,Vehicular Population per 1000 Population and per 100 kms of Road Length,Ministry of Road Transport and Highways,Vehicular Population per 1000 Population and per 100 kms of Road Length,2,"Year,Population of India in thousands,Total Number of Registered Motor Vehicles in thousands ,Road Length in kms,Total Registered Motor Vehicles per 1000 Population,Total Registered Motor Vehicle per 100 Kms of Road Length",Vehicular Population per 1000 Population and per 100 kms of Road Length during 2001-2012 | Vehicular Population per 1000 Population and per 100 kms of Road Length during 1970-2011
1009,All India Consumer Price Index (Rural /Urban) up to December,Ministry of Statistics and Programme Implementation,All India Consumer Price Index (Rural/Urban),2,"Sector,Year,Month,Cereal and Products,Pulses and Pulse Products,Oils and Fats,Meat  Fish etc,Milk and Milk Products,Spices and Condiments,Vegetables,Fruits,Sugar  Honey etc,Non Alcoholic Beverages,Prepared Meals,Pan  Supari etc,Food  beverages and tobacco ,Fuel and Lighting,Housing,Clothing and Bedding,Footwear,Clothing  bedding and footwear,Medical Care,Education,Recreation and Amusement,Transport and Communication,Personal Care Items,Household Requisites,Others,Miscellaneous,General index,",All India Consumer Price Index (Rural /Urban) up to December 2014 | All India Consumer Price Index (Rural /Urban) up to December 2015
1010,All India Consumer Price Index (Rural /Urban) up to February,Ministry of Statistics and Programme Implementation,All India Consumer Price Index (Rural/Urban),2,"Sector,Year,Month,Cereal and Products,Pulses and Pulse Products,Oils and Fats,Meat  Fish etc,Milk and Milk Products,Spices and Condiments,Vegetables,Fruits,Sugar  Honey etc,Non Alcoholic Beverages,Prepared Meals,Pan  Supari etc,Food  beverages and tobacco ,Fuel and Lighting,Housing,Clothing and Bedding,Footwear,Clothing  bedding and footwear,Medical Care,Education,Recreation and Amusement,Transport and Communication,Personal Care Items,Household Requisites,Others,Miscellaneous,General index",All India Consumer Price Index (Rural /Urban) up to February 2015 | All India Consumer Price Index (Rural /Urban) up to February 2016
1011,All India Consumer Price Index (Rural /Urban) up to January,Ministry of Statistics and Programme Implementation,All India Consumer Price Index (Rural/Urban),2,"Sector,Year,Month,Cereal and Products,Pulses and Pulse Products,Oils and Fats,Meat  Fish etc,Milk and Milk Products,Spices and Condiments,Vegetables,Fruits,Sugar  Honey etc,Non Alcoholic Beverages,Prepared Meals,Pan  Supari etc,Food  beverages and tobacco ,Fuel and Lighting,Housing,Clothing and Bedding,Footwear,Clothing  bedding and footwear,Medical Care,Education,Recreation and Amusement,Transport and Communication,Personal Care Items,Household Requisites,Others,Miscellaneous,General index,",All India Consumer Price Index (Rural /Urban) up to January 2015 | All India Consumer Price Index (Rural /Urban) up to January 2016
1012,All India Consumer Price Index (Rural /Urban) up to June,Ministry of Statistics and Programme Implementation,All India Consumer Price Index (Rural/Urban),2,"Sector,Year,Month,Cereal and Products,Pulses and Pulse Products,Oils and Fats,Meat  Fish etc,Milk and Milk Products,Spices and Condiments,Vegetables,Fruits,Sugar  Honey etc,Non Alcoholic Beverages,Prepared Meals,Pan  Supari etc,Food  beverages and tobacco ,Fuel and Lighting,Housing,Clothing and Bedding,Footwear,Clothing  bedding and footwear,Medical Care,Education,Recreation and Amusement,Transport and Communication,Personal Care Items,Household Requisites,Others,Miscellaneous,General index", All India Consumer Price Index (Rural /Urban) up to June 2014 | All India Consumer Price Index (Rural /Urban) up to June 2015
1013,All India Consumer Price Index (Rural /Urban) up to May,Ministry of Statistics and Programme Implementation,All India Consumer Price Index (Rural/Urban),2,"Sector,Year,Month,Cereal and Products,Pulses and Pulse Products,Oils and Fats,Meat  Fish etc,Milk and Milk Products,Spices and Condiments,Vegetables,Fruits,Sugar  Honey etc,Non Alcoholic Beverages,Prepared Meals,Pan  Supari etc,Food  beverages and tobacco ,Fuel and Lighting,Housing,Clothing and Bedding,Footwear,Clothing  bedding and footwear,Medical Care,Education,Recreation and Amusement,Transport and Communication,Personal Care Items,Household Requisites,Others,Miscellaneous,General index,",All India Consumer Price Index (Rural /Urban) up to May 2014 | All India Consumer Price Index (Rural /Urban) up to May 2015
248,State/UT-wise Number of Enrolments (Girls) by Management,"Ministry of Education, Department of School Education and Literacy",Unified District Information System for Education Plus (UDISE Plus),2,"India/ State/ UT,All Management,Government  Total,Government  KVS,Government  NVS,Government  Other Central Government,Government  State Government,Government Aided,Private Unaided Recognized,Others",State/UT-wise Number of Enrolments (Girls) by Management during 2021-22 | State/UT-wise Number of Enrolments (Girls) by Management during 2022-23
266,State/UT-wise Number of Schools - Government by Management and School Category,"Ministry of Education, Department of School Education and Literacy",Unified District Information System for Education Plus (UDISE Plus),2,"India/State /UT,Number of Schools  Government  Total,Number of Schools  Government  Primary  1 to 5,Number of Schools  Government  Upper Primary  18,Number of Schools  Government  Upper Primary  68,Number of Schools  Government  Secondary  110,Number of Schools  Government  Secondary  610,Number of Schools  Government  Secondary  910,Number of Schools  Government  Higher Secondary  112,Number of Schools  Government  Higher Secondary  612,Number of Schools  Government  Higher Secondary  912,Numbe",State/UT-wise Number of Schools - Government by Management and School Category during 2020-21 | State/UT-wise Number of Schools - Government by Management and School Category during 2021-22
1016,Liabilities And Assets,Ministry of Statistics and Programme Implementation,All India and State Wise Liabilities and Assets of State Financial Corporation,2,"Year,Liabilities  No. of Corporations,Liabilities  Capital and reserves,Liabilities  Bonds and debentures,Liabilities  Other liabilities 1,Total liabilities or assets,Assets  Cash in hand and balances with banks,Assets  Investments,Assets  Loans and advances,Assets  Other assets 2",Liabilities And Assets Of State Financial Corporations (All india) upto 2011-12 | Liabilities And Assets Of State Financial Corporations (All India) upto 2012-13
1017,Annual Survey Of Industries (Factory Sector)-Selected Characteristics By Industry Group,Ministry of Statistics and Programme Implementation,All India and State-Wise - Annual Survey of Industries (Factory Sector),2,"Industry Group,Industry Code,Industry description,No of factories,Productive capital,No. of Employees,Total output,Net value added",Annual Survey Of Industries (Factory Sector)-Selected Characteristics By Industry Group for 2008-09 | Annual Survey Of Industries (Factory Sector)-Selected Characteristics By Industry Group for 2009-10
1018,Principal Characterstics by major industry group in ASI,Ministry of Statistics and Programme Implementation,Annual Survey of Industries,2,"NIC2008,Description,Factories,Fixed Capital,Productive Capital,Invested Capital,Workers,Total Persons Engaged,Wages to Workers,Total Emoluments,Total Input,Total Output,Depreciation,Net Value Added,Rent Paid,Interest Paid",Principal Characterstics by major industry group in ASI during 2012-13 | Principal Characterstics by major industry group in ASI during 2011-12
1019,Principal Characterstics by major states in ASI,Ministry of Statistics and Programme Implementation,Annual Survey of Industries,2,"States,Factories,Fixed Capital,Productive Capital,Invested Capital,Workers,Total Persons Engaged,Wages to Workers,Total Emoluments,Total Input,Total Output,Depreciation,Net Value Added,Rent Paid,Interest Paid",Principal Characterstics by major states in ASI during 2012-13 | Principal Characterstics by major states in ASI during 2011-12
1020,Principal Characterstics by type of organisation in ASI,Ministry of Statistics and Programme Implementation,Annual Survey of Industries,2,"Sl No,Type of Organisation,Factories,Fixed Capital,Productive Capital,Invested Capital,Workers,Total Persons Engaged,Wages to Workers,Total Emoluments,Total Input,Total Output,Depreciation,Net Value Added,Rent Paid,Interest Paid",Principal Characterstics by type of organisation in ASI during 2012-2013 | Principal Characterstics by type of organisation in ASI during 2010-2011
1021,Commodity-wise Cargo Traffic Handled At Non-Major Ports,Ministry of Statistics and Programme Implementation,Cargo Traffic Handled / Carried,2,"YEAR,POLCrude Product,Iron Ore,BuildingMaterial,Coal,Fertiliser  FRM,Others,Total",Commodity-wise Cargo Traffic Handled At Non-Major Ports from 2000-01 to 2014-15 | Commodity-wise Cargo Traffic Handled At Non-Major Ports from 2000-01 to 2015-16
1022,Commodity-wise Cargo Traffic Handled at Major Ports,Ministry of Statistics and Programme Implementation,Cargo Traffic Handled / Carried,2,"YEAR,POLCrude Product,Fertiliser,FertiliserRaw Material,Iron Ore,Coal,Foodgrains,Others,Total",Commodity-wise Cargo Traffic Handled at Major Ports from 2000-01 to 2014-15 | Commodity-wise Cargo Traffic Handled at Major Ports from 2000-01 to 2015-16
1023,Cash Deposit Ratio By Class Of Banks,Ministry of Statistics and Programme Implementation,Cash Deposit Ratio By Class of Banks,2,"Year,Scheduled Banks  State Bank of India,Scheduled Banks  Foreign banks,Other Scheduled Banks,NonScheduled Banks",Cash Deposit Ratio By Class Of Banks upto 2011-12 | Cash Deposit Ratio By Class Of Banks upto 2012-13
1024,Cash Deposit Ratio by Class of Banks,Ministry of Statistics and Programme Implementation,Cash Deposit Ratio By Class of Banks,2,"Year,Scheduled Banks  State Bank of India,Scheduled Banks  Foreign banks,Other Scheduled Banks,NonScheduled Banks",Cash Deposit Ratio by Class of Banks from 2001 to 2016 | Cash Deposit Ratio by Class of Banks from 2001 to 2017
265,State/UT-wise Number of Schools - Government Aided by Management and School Category,"Ministry of Education, Department of School Education and Literacy",Unified District Information System for Education Plus (UDISE Plus),2,"India/State /UT,Number of Schools  Government Aided  Total,Number of Schools  Government Aided  Primary  1 to 5,Number of Schools  Government Aided  Upper Primary  18,Number of Schools  Government Aided  Upper Primary  68,Number of Schools  Government Aided  Secondary  110,Number of Schools  Government Aided  Secondary  610,Number of Schools  Government Aided  Secondary  910,Number of Schools  Government Aided  Higher Secondary  112,Number of Schools  Government Aided  Higher Secondary  612,Numb",State/UT-wise Number of Schools - Government Aided by Management and School Category during 2020-21 | State/UT-wise Number of Schools - Government Aided by Management and School Category during 2021-22
1026,All India Consumer Price Index,Ministry of Statistics and Programme Implementation,Catalogue of Micro Data from National Sample Survey (NSS),2,"Sector,Year,Month,Cereals and products,Meat and fish,Egg,Milk and products,Oils and fats,Fruits,Vegetables,Pulses and products,Sugar and Confectionery,Spices,Nonalcoholic beverages,Prepared meals snacks sweets etc.,Food and beverages,Pan tobacco and intoxicants,Clothing,Footwear,Clothing and footwear,Housing,Fuel and light,Household goods and services,Health,Transport and communication,Recreation and amusement,Education,Personal care and effects,Miscellaneous,General index",All India Consumer Price Index upto July 2024 | All India Consumer Price Index upto August 2024
264,State/UT-wise Number of Schools - All Types of Management and School Category,"Ministry of Education, Department of School Education and Literacy",Unified District Information System for Education Plus (UDISE Plus),2,"India/State /UT,Number of Schools  All Types of Management  Total,Number of Schools  All Types of Management  Primary  1 to 5,Number of Schools  All Types of Management  Upper Primary  18,Number of Schools  All Types of Management  Upper Primary  68,Number of Schools  All Types of Management  Secondary  110,Number of Schools  All Types of Management  Secondary  610,Number of Schools  All Types of Management  Secondary  910,Number of Schools  All Types of Management  Higher Secondary  112,Number ",State/UT-wise Number of Schools - All Types of Management and School Category during 2020-21 | State/UT-wise Number of Schools - All Types of Management and School Category during 2021-22
1028,Revenue Realisation from Direct Taxes,Ministry of Statistics and Programme Implementation,Direct  and Indirect Taxes,2,"Financial Year,Revenue Realization From  Corporation Tax,Revenue Realization From  Income Tax,Revenue Realization From  Other Direct Taxes,Revenue Realization From  Total,% Annual Growth  Corporation Tax,% Annual Growth  Income Tax,% Share in Total Direct Taxes  Corporation Tax ,% Share in Total Direct Taxes  Income Tax ",Revenue Realisation from Direct Taxes from 2000-01 to 2014-15 | Revenue Realisation from Direct Taxes from 2000-01 to 2015-16
1029,Cost of Collection of Direct Taxes,Ministry of Statistics and Programme Implementation,Direct  and Indirect Taxes,2,"Financial year,Total Direct Tax Collection,Total Cost of Collection,% Annual growth in Total Cost of Collection,% Share of Total Cost of Collection in Total Direct Tax Collection",Cost of Collection of Direct Taxes from 2000-01 to 2014-15 | Cost of Collection of Direct Taxes from 2000-01 to 2015-16
1030,Number of Effective Assessees,Ministry of Statistics and Programme Implementation,Direct  and Indirect Taxes,2,"Financial year,Company,Individual,H.U.F.,Firms,Trusts,Others,Total",Number of Effective Assessees from 2000-01 to 2014-15 | Number of Effective Assessees from 2000-01 to 2015-16
1031,Revenue Realisation from Indirect Taxes,Ministry of Statistics and Programme Implementation,Direct  and Indirect Taxes,2,"Financial year,Revenue Realization From  Customs duties,Revenue Realization From  Excise Duties,Revenue Realization From  Service Tax,Revenue Realization From  FTT/ IATT,Revenue Realization From  Total,% Share in Total Indirect Taxes  Customs Duties,% Share in Total Indirect Taxes  Excise Duties,% Share in Total Indirect Taxes  Service Tax",Revenue Realisation from Indirect Taxes from 2000-01 to 2014-15 | Revenue Realisation from Indirect Taxes from 2000-01 to 2015-16
1032,Employment in banks,Ministry of Statistics and Programme Implementation,Employment In Banks,2,"Year,Scheduled banks  No. of banks  Indian,Scheduled banks  No. of banks  Foreign,Scheduled banks  No. of employees  Indian,Scheduled banks  No. of employees  Foreign,Nonscheduled Banks  No. of banks,Nonscheduled Banks  No. of employees,Regional Rural Banks  No. of banks,Regional Rural Banks  No. of employees,Reserve Bank of India  No. of employees,Grand Total  No. of employees",Employment in banks upto 2009-10 | Employment in banks upto 2013
1033,"Employment in factories-adults, adolescents and children according to sex",Ministry of Statistics and Programme Implementation,Employment In Factories-Adults Adolescents And Children According To Sex,2,"Year,No. of working factories submitting returns,Average daily number of workers  Adults  Men,Average daily number of workers  Adults  Women,Average daily number of workers  Adolescents  Males,Average daily number of workers  Adolescents  Females,Average daily number of workers  Children  Boys,Average daily number of workers  Children  Girls,Average daily number of workers  Total","Employment in factories-adults, adolescents and children according to sex - India upto 2010 | Employment in factories-adults, adolescents and children according to sex - India upto 2011"
262,State/UT-wise Gender Parity Index (GPI) of Gross Enrolment Ratio (GER) by Level of School Education,"Ministry of Education, Department of School Education and Literacy",Unified District Information System for Education Plus (UDISE Plus),2,"India/State/UT,Gender Parity Index GPI of GER  Primary 1 to 5,Gender Parity Index GPI of GER  Upper Primary 68,Gender Parity Index GPI of GER  Elementary 18,Gender Parity Index GPI of GER  Secondary 910,Gender Parity Index GPI of GER  Higher Secondary 1112","State/UT-wise Gender Parity Index (GPI) of Gross Enrolment Ratio (GER) by Level of School Education during 2021-22 | State/UT-wise Gender Parity Index (GPI) of Gross Enrolment Ratio (GER) by Level of School Education, 2020-21"
1035,Employment In Mines,Ministry of Statistics and Programme Implementation,Employment in Mines,2,"Year,Coal,Copper,Chromite,Diamond,Gold,Gypsum,Iron ore,Limestone,Magnesite,Manganese,Mica,Stone1,Other Minerals,Total",Employment In Mines - India upto 2010 | Employment In Mines - India upto 2011
1036,All India level Estimated Average Daily Employment and Working Factories,Ministry of Statistics and Programme Implementation,Estimated Average Daily Employment And number of working factories,2,"Year,Section 2miNumber of working factories,Section 2miEstimated average daily employment 000, ,,,,,, , , ",All India level Estimated Average Daily Employment and Working Factories from 2000 to 2013 | All India level Estimated Average Daily Employment and Working Factories from 2000 to 2014
1037,Estimated employment in the public and private sectors,Ministry of Statistics and Programme Implementation,Estimated Employment In The Public And Private Sectors,2,"Year,Central Govt.,State Govt.,Quasi Govt.  Central,Quasi Govt.  State,Local Bodies,Act Estts.,Non Act. Estts.,Grand total",Estimated employment in the public and private sectors - India upto 2010-11 | Estimated employment in the public and private sectors - India upto 2011-12
1038,Exchange Rate of Rupee Vis-a-Vis Selected Currencies of the World,Ministry of Statistics and Programme Implementation,Exchange Rate of Rupee vis-a-vis Selected Currencies of the World,2,"Year,US Dollar,Pound Sterling,Euro,Yen,Canadian Dollar,Brazillian Real,Special Drawing Rights SDR",Exchange Rate of Rupee Vis-a-Vis Selected Currencies of the World from 2000-01 to 2015-16 | Exchange Rate of Rupee Vis-a-Vis Selected Currencies of the World from 2000-01 to 2016-17
1039,Exchange rate of rupee vis-a vis selected currencies of the world,Ministry of Statistics and Programme Implementation,Exchange Rate of Rupee vis-a-vis Selected Currencies of the World,2,"Year,US Dollar,Pound Sterling,Euro,Yen,Canadian Dollar,Brazillian Real,Special Drawing Rights SDR",Exchange rate of rupee vis-a vis selected currencies of the world upto 2012-13 | Exchange rate of rupee vis-a vis selected currencies of the world upto 2013-14
1040,Expenditure and beneficiaries under NSAP,Ministry of Statistics and Programme Implementation,Expenditure and beneficiaries under NSAP,2,"Year,Expenditurein  crore,Number of beneficiaries reported  NOAPS/IGNOAPS,Number of beneficiaries reported  IGNWPS,Number of beneficiaries reported  IGNDPS,Number of beneficiaries reported  NFBS,Number of beneficiaries reported  Annapurna",Expenditure and beneficiaries under NSAP upto 2012-13 | Expenditure and beneficiaries under NSAP upto 2013-14
1041,Financial Outcomes Under NREGA.(All India),Ministry of Statistics and Programme Implementation,Financial Outcomes Under Mahatma Gandhi National Rural Employment Guarantee Act (NREGA),2,"Year,Central Release  In lakhs,Total Funds Available including O.B  In lakhs,Expenditure on  In lakhs  Total,Expenditure on  In lakhs  Wages,Expenditure on  In lakhs  Material,Expenditure on  In lakhs  Administration,% Age of Expenditure Against Total Available Fund,% age of Expenditure on  Wages,% age of Expenditure on  Material,% age of Expenditure on  Administration",Financial Outcomes Under NREGA.(All India) upto 2012-13 | Financial Outcomes Under NREGA.(All India) upto 2013-14
1042,All India level Gross Area under Irrigation by Crops,Ministry of Statistics and Programme Implementation,Gross Area Under Irrigation by Crops,2,"Year,Rice,Jowar,Bajra,Maize,Ragi/ Marua,Wheat,Barley,Other Cereals  Millets,Total Cereals  Millets,Total Pulses,Total Foodgrains,Sugarcane,Condiments  Spices,Fruits  Vegetables including root crops,Total Food Crops,Total Oilseeds,Cotton,Tobacco,Fodder crops,Other NonFood Crops,Total NonFood Crops,Total Irrigated Area under all crops",All India level Gross Area under Irrigation by Crops from 2001-02 to 2013-14 | All India level Gross Area under Irrigation by Crops from 2001-02 to 2014-15
1043,Gross Direct Premium Income (GDP)OF Public Sector General Insurance Companies,Ministry of Statistics and Programme Implementation,Gross Direct Premium Income of Public Sector General Insurance Companies,2,"Year,Premium income included in Revenue Account  Fire  In India,Premium income included in Revenue Account  Fire  Outside India,Premium income included in Revenue Account  Marine  In India,Premium income included in Revenue Account  Marine  Outside India,Premium income included in Revenue Account  Miscellaneous  In India,Premium income included in Revenue Account  Miscellaneous  Outside India,Premium income included in Revenue Account  Total  In India,Premium income included in Revenue Account  ",Gross Direct Premium Income (GDP)OF Public Sector General Insurance Companies upto 2011-12 | Gross Direct Premium Income (GDP)OF Public Sector General Insurance Companies upto 2012-13
1044,All India level Implementation Report under MGNREGA,Ministry of Statistics and Programme Implementation,Implementation Report Under Mahatma Gandhi National Rural Employment Guarantee Act (MNREGA),2,"Year,Cumulative number of households issued jobcards,No.of households who have demanded employment,No.of households provided employment,Persondays In Lakhs  Total,Persondays In Lakhs  SCs,Persondays In Lakhs  STs,Persondays In Lakhs  Others,Persondays In Lakhs  Women,Average Person days per Household,Number of Households who availed 100 days of Employment",All India level Implementation Report under MGNREGA from 2006-07 to 2015-16 | All India level Implementation Report under MGNREGA from 2006-07 to 2017-18
1045,All India level Industrial Disputes,Ministry of Statistics and Programme Implementation,Industrial Disputes,2,"Year,No. of disputes,No. of workers involved,No. of mandays lost",All India level Industrial Disputes from 2001 to 2015 | All India level Industrial Disputes from 2002 to 2016
1046,All India level Industrial Injuries in Factories,Ministry of Statistics and Programme Implementation,Industrial Injuries in Factories,2,"Year,Fatal  Number,Fatal  Incidence rate,NonFatal  Number,NonFatal  Incidence rate,Total  Number,Total  Incidence rate",All India level Industrial Injuries in Factories from 2000 to 2013 | All India level Industrial Injuries in Factories from 2000 to 2014
1047,Industrial injuries in factories,Ministry of Statistics and Programme Implementation,Industrial Injuries in Factories,2,"Year,Fatal  Number,Fatal  Incidence rate,NonFatal  Number,NonFatal  Incidence rate,Total  Number,Total  Incidence rate",Industrial injuries in factories - India upto 2010 | Industrial injuries in factories - India upto 2011
1048,Liabilities and Assets of Scheduled Commercial Banks (State Bank of India),Ministry of Statistics and Programme Implementation,Liabilities and Assets of different classes of Scheduled Commercial Banks,2,"Year,Capital and Reserves  Paidup capital,Capital and Reserves  Reserves ,Capital and Reserves  Total,Deposits,Cash in hand and Balance with RBI,Investments,Loans  advances including bills discounted  purchased",Liabilities and Assets of Scheduled Commercial Banks (State Bank of India) from 2001 to 2016 | Liabilities and Assets of Scheduled Commercial Banks (State Bank of India) from 2001 to 2017
1049,Liabilities and assets of different classes of banks - scheduled commercial banks as on 31st March - State Bank,Ministry of Statistics and Programme Implementation,Liabilities and Assets of different classes of Scheduled Commercial Banks,2,"Year,Capital and Reserves  Paidup capital,Capital and Reserves  Reserves,Capital and Reserves  Total,Deposits,Cash in hand and Balance with RBI,Investments,Loans  advances including bills discounted  purchased",Liabilities and assets of different classes of banks - scheduled commercial banks as on 31st March - State Bank of India from 2001 to 2013 | Liabilities and assets of different classes of banks - scheduled commercial banks as on 31st March - State Bank of India from 2001 to 2014
1050,Liabilities and Assets of Scheduled Commercial Banks (Foreign Banks),Ministry of Statistics and Programme Implementation,Liabilities and Assets of different classes of Scheduled Commercial Banks,2,"Year,No. of banks,Deposits in India,Cash in hand and Balance with RBI,Investments,Loans and advances including billspurchased  discounted",Liabilities and Assets of Scheduled Commercial Banks (Foreign Banks) from 2001 to 2016 | Liabilities and Assets of Scheduled Commercial Banks (Foreign Banks) from 2001 to 2017
1051,Liabilities and assets of different classes of banks - Scheduled Commercial Banks as on 31st March - Foreign Banks,Ministry of Statistics and Programme Implementation,Liabilities and Assets of different classes of Scheduled Commercial Banks,2,"Year,No. of banks,Deposits in India ,Cash in hand and Balance with RBI,Investments,Loans and advances including billspurchased  discounted",Liabilities and assets of different classes of banks - Scheduled Commercial Banks as on 31st March - Foreign Banks from 2001 to 2013 | Liabilities and assets of different classes of banks - Scheduled Commercial Banks as on 31st March - Foreign Banks from 2001 to 2014
261,State/UT-wise Number of Enrolment of Students - Private Unaided Recognized Schools Management and Level of School Education,"Ministry of Education, Department of School Education and Literacy",Unified District Information System for Education Plus (UDISE Plus),2,"India/ State /UT,Enrolment  Private Unaided Recognized Schools  Total Preprimary to 12,Enrolment  Private Unaided Recognized Schools  Pre Primary,Enrolment  Private Unaided Recognized Schools  Primary 1 to 5,Enrolment  Private Unaided Recognized Schools  Upper Primary 68,Enrolment  Private Unaided Recognized Schools  Elementary 18,Enrolment  Private Unaided Recognized Schools  Secondary 910,Enrolment  Private Unaided Recognized Schools  Higher Secondary 1112",State/UT-wise Number of Enrolment of Students - Private Unaided Recognized Schools Management and Level of School Education during 2021-22 | State/UT-wise Number of Enrolment of Students - Private Unaided Recognized Schools Management and Level of School Education during 2020-21
260,State/UT-wise Number of Enrolment of Students - Government Aided Schools Management and Level of School Education,"Ministry of Education, Department of School Education and Literacy",Unified District Information System for Education Plus (UDISE Plus),2,"India/ State /UT,Enrolment  Government Aided Schools  Total Preprimary to 12,Enrolment  Government Aided Schools  Pre Primary,Enrolment  Government Aided Schools  Primary 1 to 5,Enrolment  Government Aided Schools  Upper Primary 68,Enrolment  Government Aided Schools  Elementary 18,Enrolment  Government Aided Schools  Secondary 910,Enrolment  Government Aided Schools  Higher Secondary 1112",State/UT-wise Number of Enrolment of Students - Government Aided Schools Management and Level of School Education during 2021-22 | State/UT-wise Number of Enrolment of Students - Government Aided Schools Management and Level of School Education during 2020-21
259,State/UT-wise Number of Enrolment of Students - All Types of School Management and Level of School Education,"Ministry of Education, Department of School Education and Literacy",Unified District Information System for Education Plus (UDISE Plus),2,"India/State /UT,Enrolment  All Types of Management  Total Preprimary to 12,Enrolment  All Types of Management  Pre Primary,Enrolment  All Types of Management  Primary 1 to 5,Enrolment  All Types of Management  Upper Primary 68,Enrolment  All Types of Management  Elementary 18,Enrolment  All Types of Management  Secondary 910,Enrolment  All Types of Management  Higher Secondary 1112",State/UT-wise Number of Enrolment of Students - All Types of School Management and Level of School Education during 2021-22 | State/UT-wise Number of Enrolment of Students - All Types of School Management and Level of School Education during 2020-21
258,State/UT-wise Enrolment of Children with Special Needs (CWSN) by Gender and Level of School Education,"Ministry of Education, Department of School Education and Literacy",Unified District Information System for Education Plus (UDISE Plus),2,"India/ State/ UT,Children with Special Needs CWSN Enrolment  Primary 1 to 5  Boys,Children with Special Needs CWSN Enrolment  Primary 1 to 5  Girls,Children with Special Needs CWSN Enrolment  Primary 1 to 5  Total,Children with Special Needs CWSN Enrolment  Upper Primary 6 to 8  Boys,Children with Special Needs CWSN Enrolment  Upper Primary 6 to 8  Girls,Children with Special Needs CWSN Enrolment  Upper Primary 6 to 8  Total,Children with Special Needs CWSN Enrolment  Elementary 1 to 8  Boys,Chi",State/UT-wise Enrolment of Children with Special Needs (CWSN) by Gender and Level of School Education during 2021-22 | State/UT-wise Enrolment of Children with Special Needs (CWSN) by Gender and Level of School Education during 2020-21
257,State/UT-wise Percentage of Schools having Solar Panels by Management,"Ministry of Education, Department of School Education and Literacy",Unified District Information System for Education Plus (UDISE Plus),2,"India/ State/ UT,All Management,Government  Total,Government  KVS,Government  NVS,Government  Other Central Government,Government  State Government,Government Aided,Private Unaided Recognized,Others",State/UT-wise Percentage of Schools having Solar Panels by Management during 2021-22 | State/UT-wise Percentage of Schools having Solar Panels by Management during 2022-23
256,State/UT-wise Percentage of Schools having Functional Toilets by Management,"Ministry of Education, Department of School Education and Literacy",Unified District Information System for Education Plus (UDISE Plus),2,"India/ State/ UT,All Management,Government  Total,Government  KVS,Government  NVS,Government  Other Central Government,Government  State Government,Government Aided,Private Unaided Recognized,Others",State/UT-wise Percentage of Schools having Functional Toilets by Management during 2021-22 | State/UT-wise Percentage of Schools having Functional Toilets by Management during 2022-23
255,State/UT-wise Percentage of Schools having Functional Electricity by Management,"Ministry of Education, Department of School Education and Literacy",Unified District Information System for Education Plus (UDISE Plus),2,"India/ State/ UT,All Management,Government  Total,Government  KVS,Government  NVS,Government  Other Central Government,Government  State Government,Government Aided,Private Unaided Recognized,Others",State/UT-wise Percentage of Schools having Functional Electricity by Management during 2021-22 | State/UT-wise Percentage of Schools having Functional Electricity by Management during 2022-23
1059,All India level Number of Registered Trade Unions,Ministry of Statistics and Programme Implementation,Number of Registered Trade Unions,2,"Year,Workers Unions  On register,Workers Unions  Submitting returns,Employers Unions  On register,Employers Unions  Submitting returns,All Unions  On register,All Unions  Submitting returns",All India level Number of Registered Trade Unions from 2000 to 2013 | All India level Number of Registered Trade Unions from 2000 to 2014
1060,Number of registered trade unions,Ministry of Statistics and Programme Implementation,Number of Registered Trade Unions,2,"Year,Workers Unions  On register,Workers Unions  Submitting returns,Employers Unions  On register,Employers Unions  Submitting returns,All Unions  On register,All Unions  Submitting returns",Number of registered trade unions - India upto 2010 | Number of registered trade unions - India upto 2011
1061,All India level Number of Telephones,Ministry of Statistics and Programme Implementation,Number of Telephones In India,2,"Year,Wireline PhonesFixed DELs,Wireless Phones GSM  CDMA,Total Telephones",All India level Number of Telephones from 2004 to 2016 | All India level Number of Telephones from 2004 to 2017
1062,Performance Of Employment Exchanges,Ministry of Statistics and Programme Implementation,Performance Of Employment Exchanges,2,"Year,No of Employment Exchanges,Registrations,Vacancies notified,Submissions,Placements,Live Register",Performance Of Employment Exchanges - India upto 2011 | Performance Of Employment Exchanges - India upto 2012
1063,Postal Life Insurance (PLI) & Rural Postal Life Insurance (RPLI) Policies issued,Ministry of Statistics and Programme Implementation,Postal Life Insurance And Rural Postal Life Insurance Polices Issued,2,"Year,Postal Life Insurance PLI  No. of Polices in Force,Postal Life Insurance PLI  No. of Polices in Force  % growth,Postal Life Insurance PLI  Sum Assured Amount,Postal Life Insurance PLI  Sum Assured Amount  % growth,Postal Life Insurance PLI  Corpus of Fund,Postal Life Insurance PLI  Corpus of Fund  % growth,Rural Postal Life Insurance RPLI  No. of Polices in Force,Rural Postal Life Insurance RPLI  No. of Polices in Force  % growth,Rural Postal Life Insurance RPLI  Sum Assured Amount,Rural Po",Postal Life Insurance (PLI) & Rural Postal Life Insurance (RPLI) Policies issued from 2001-02 to 2015-16 | Postal Life Insurance (PLI) & Rural Postal Life Insurance (RPLI) Policies issued from 2001-02 to 2016-17
1064,All India level Production of Milk,Ministry of Statistics and Programme Implementation,Production of Milk,2,"Year,Cow Milk,Buffalo Milk,Goat Milk,Total",All India level Production of Milk from 2000-01 to 2015-16 | All India level Production of Milk from 2000-01 to 2016-17
1065,All India level Production of Raw Silk and Silk Yarn,Ministry of Statistics and Programme Implementation,Production of Raw Silk and Silk Yarn,2,"Year,Mulberry Silk,Vanya NonMulberry SilkTasar,Vanya NonMulberry SilkEri,Vanya NonMulberry SilkMuga,Total Mulberry Vanya,Silk YarnSpun Silk Yarn,Silk YarnNoil Yarn,Silk YarnTotal",All India level Production of Raw Silk and Silk Yarn from 2002-03 to 2015-16 | All India level Production of Raw Silk and Silk Yarn from 2002-03 to 2016-17
1066,Progress of Afforestation through successive Plans,Ministry of Statistics and Programme Implementation,Progress of Afforestation through successive Plans,2,"Five Year Plan Period,Area Afforested In Plan Period 000 hectares.,Cummulative 000 hectares.,Afforestation Expenditure In Plan Period  Ten Million,Cummulative  Ten Million",Progress of Afforestation through successive Plans | Progress of Afforestation through successive Plans upto 2012-13
254,State/UT-wise Percentage of Schools having Functional CWSN Friendly Toilets by Management,"Ministry of Education, Department of School Education and Literacy",Unified District Information System for Education Plus (UDISE Plus),2,"India/ State/ UT,All Management,Government  Total,Government  KVS,Government  NVS,Government  Other Central Government,Government  State Government,Government Aided,Private Unaided Recognized,Others",State/UT-wise Percentage of Schools having Functional CWSN Friendly Toilets by Management during 2021-22 | State/UT-wise Percentage of Schools having Functional CWSN Friendly Toilets by Management during 2022-23
253,State/UT-wise Percentage of Schools having Functional Boys Toilets by Management,"Ministry of Education, Department of School Education and Literacy",Unified District Information System for Education Plus (UDISE Plus),2,"India/ State/ UT,All Management,Government  Total,Government  KVS,Government  NVS,Government  Other Central Government,Government  State Government,Government Aided,Private Unaided Recognized,Others",State/UT-wise Percentage of Schools having Functional Boys Toilets by Management during 2021-22 | State/UT-wise Percentage of Schools having Functional Boys Toilets by Management during 2022-23
252,State/UT-wise Percentage of Schools having Digital Library by Management,"Ministry of Education, Department of School Education and Literacy",Unified District Information System for Education Plus (UDISE Plus),2,"India/ State/ UT,All Management,Government  Total,Government  KVS,Government  NVS,Government  Other Central Government,Government  State Government,Government Aided,Private Unaided Recognized,Others",State/UT-wise Percentage of Schools having Digital Library by Management during 2021-22 | State/UT-wise Percentage of Schools having Digital Library by Management during 2022-23
1070,State Level Consumer Price Index (Rural/Urban) Up to February,Ministry of Statistics and Programme Implementation,State Level Consumer Price Index (Rural/Urban),2,"Sector,Year,Name,Jammu and Kashmir,Himachal Pradesh,Punjab,Chandigarh,Uttaranchal,Haryana,Delhi,Rajasthan,Uttar Pradesh,Bihar,Sikkim,Arunachal Pradesh,Nagaland,Manipur,Mizoram,Tripura,Meghalaya,Assam,West Bengal,Jharkhand,Orissa,Chattisgarh,Madhya Pradesh,Gujarat,Daman and Diu,Dadra and Nagar Haveli,Maharashtra,Andhra Pradesh,Karnataka,Goa,Lakshwadeep,Kerala,Tamil Nadu,Pondicherry,Andaman and Nicobar,Telangana,",State Level Consumer Price Index (Rural/Urban) Up to February 2016 | State Level Consumer Price Index (Rural/Urban) Up to February 2017
251,State/UT-wise Number of Teachers by Management,"Ministry of Education, Department of School Education and Literacy",Unified District Information System for Education Plus (UDISE Plus),2,"India/ State/ UT,All Management,Government  Total,Government  KVS,Government  NVS,Government  Other Central Government,Government  State Government,Government Aided,Private Unaided Recognized,Others",State/UT-wise Number of Teachers by Management during 2021-22 | State/UT-wise Number of Teachers by Management during 2022-23
1072,State Level Consumer Price Index (Rural/Urban) Up to November,Ministry of Statistics and Programme Implementation,State Level Consumer Price Index (Rural/Urban),2,"Sector,Year,Name,Jammu and Kashmir,Himachal Pradesh,Punjab,Chandigarh,Uttaranchal,Haryana,Delhi,Rajasthan,Uttar Pradesh,Bihar,Sikkim,Arunachal Pradesh,Nagaland,Manipur,Mizoram,Tripura,Meghalaya,Assam,West Bengal,Jharkhand,Orissa,Chattisgarh,Madhya Pradesh,Gujarat,Daman and Diu,Dadra and Nagar Haveli,Maharashtra,Andhra Pradesh,Karnataka,Goa,Lakshwadeep,Kerala,Tamil Nadu,Pondicherry,Andaman and Nicobar,Telangana,",State Level Consumer Price Index (Rural/Urban) Up to November 2015 | State Level Consumer Price Index (Rural/Urban) Up to November 2016
1073,State Level Consumer Price Index (Rural/Urban) Up to October,Ministry of Statistics and Programme Implementation,State Level Consumer Price Index (Rural/Urban),2,"Sector,Year,Name,Jammu and Kashmir,Himachal Pradesh,Punjab,Chandigarh,Uttaranchal,Haryana,Delhi,Rajasthan,Uttar Pradesh,Bihar,Sikkim,Arunachal Pradesh,Nagaland,Manipur,Mizoram,Tripura,Meghalaya,Assam,West Bengal,Jharkhand,Orissa,Chattisgarh,Madhya Pradesh,Gujarat,Daman and Diu,Dadra and Nagar Haveli,Maharashtra,Andhra Pradesh,Karnataka,Goa,Lakshwadeep,Kerala,Tamil Nadu,Pondicherry,Andaman and Nicobar,Telangana,",State Level Consumer Price Index (Rural/Urban) Up to October 2015 | State Level Consumer Price Index (Rural/Urban) Up to October 2016
250,State/UT-wise Number of Schools by Management,"Ministry of Education, Department of School Education and Literacy",Unified District Information System for Education Plus (UDISE Plus),2,"India/ State/ UT,All Management,Government  Total,Government  KVS,Government  NVS,Government  Other Central Government,Government  State Government,Government Aided,Private Unaided Recognized,Others",State/UT-wise Number of Schools by Management during 2021-22 | State/UT-wise Number of Schools by Management during 2022-23
1075,State Level Consumer Price Index (Rural/Urban) Up to July,Ministry of Statistics and Programme Implementation,State Level Consumer Price Index (Rural/Urban),2,"Sector,Year, Name ,Jammu and Kashmir,Himachal Pradesh,Punjab,Chandigarh,Uttaranchal,Haryana,Delhi,Rajasthan,Uttar Pradesh,Bihar,Sikkim,Arunachal Pradesh,Nagaland,Manipur,Mizoram,Tripura,Meghalaya,Assam,West Bengal,Jharkhand,Orissa,Chattisgarh,Madhya Pradesh,Gujarat,Daman and Diu,Dadra and Nagar Haveli,Maharashtra,Andhra Pradesh,Karnataka,Goa,Lakshwadeep,Kerala,Tamil Nadu,Pondicherry,Andaman and Nicobar",State Level Consumer Price Index (Rural/Urban) Up to July 2014 |  State Level Consumer Price Index (Rural/Urban) Up to July 2014 
249,State/UT-wise Number of Enrolments (Overall) by Management,"Ministry of Education, Department of School Education and Literacy",Unified District Information System for Education Plus (UDISE Plus),2,"India/ State/ UT,All Management,Government  Total,Government  KVS,Government  NVS,Government  Other Central Government,Government  State Government,Government Aided,Private Unaided Recognized,Others",State/UT-wise Number of Enrolments (Overall) by Management during 2021-22 | State/UT-wise Number of Enrolments (Overall) by Management during 2022-23
222,State and post-wise number of male and female teachers for all education institution,"Ministry of Education, Department of Higher Education",Teaching Staff (AISHE Survey),2,"State,ViceChancellor  Male,ViceChancellor  Female,Director  Male,Director  Female,Pro ViceChancellor  Male,Pro ViceChancellor  Female,Principal  Male,Principal  Female,Professor  Equivalent  Male,Professor  Equivalent  Female,Associate Professor  Male,Associate Professor  Female,Reader  Male,Reader  Female,Lecturer Selection Grade  Male,Lecturer Selection Grade  Female,Assistant Professor  Male,Assistant Professor  Female,Lecturer Senior Scale  Male,Lecturer Senior Scale  Female,Lecturer  Male,L",State and post-wise number of male and female teachers for all education institution - 2011-2012 | State and post-wise number of male and female teachers for all education institution - 2012-2013
1078,Trends in CPI Based Nominal and Real Effective Exchange Rate of Rupee (Trade Based Weights),Ministry of Statistics and Programme Implementation,Trends In Nominal And Real Effective Exchange Rate of Rupee - Trade Based Weights,2,"Year,Nominal Effective Exchange Rate NEER  6Currency Index,Real Effective Exchange Rate REER  6Currency Index,Nominal Effective Exchange Rate NEER  36Currency Index,Real Effective Exchange Rate REER  36Currency Index",Trends in CPI Based Nominal and Real Effective Exchange Rate of Rupee (Trade Based Weights) from 2004-05 to 2015-16 | Trends in CPI Based Nominal and Real Effective Exchange Rate of Rupee (Trade Based Weights) from 2004-05 to 2016-17
1079,Trends in nominal and real effective exchange rate of rupee,Ministry of Statistics and Programme Implementation,Trends In Nominal And Real Effective Exchange Rate of Rupee - Trade Based Weights,2,"Year,Nominal Effective Exchange Rate NEER 6Currency Index,Real Effective Exchange Rate REER 6Currency Index,Nominal Effective Exchange Rate NEER 36Currency Index,Real Effective Exchange Rate REER 36Currency Index",Trends in nominal and real effective exchange rate of rupee upto 2012-13 | Trends in nominal and real effective exchange rate of rupee upto 2013-14
1080,Women's Participation In Election To The Lok Sabha (House of people),Ministry of Statistics and Programme Implementation,Women Participation In Election To The Lok Sabha - House of People,2," Year,Number of constituencies  Total constituencies,Number of constituencies  Elected Women,Number of electors  Total,Number of electors  Women Electors,Number of votes polled  Total,Number of votes polled  Women,Percentage of Elected women over total seats,Percentage of Women electors over total electors,Percentage of Womens votes over total votes polled,Percentage of Women voters over women electors",Women's Participation In Election To The Lok Sabha (House of people) upto 2009 - India | Women's Participation In Election To The Lok Sabha (House of people) upto 2014 - India
1081,Workmen's compensation,Ministry of Statistics and Programme Implementation,Workmens Compensation,2,"Year,Number of compensated injuries  Death,Number of compensated injuries  Disability  Permanent,Number of compensated injuries  Disability  Temporary,Number of compensated injuries  Total,Amount of compensation paid Rs.lakh  Death,Amount of compensation paid Rs.lakh  Disability  Permanent,Amount of compensation paid Rs.lakh  Disability  Temporary,Amount of compensation paid Rs.lakh  Total",Workmen's compensation upto 2010 | Workmen's compensation upto 2011
1082,Region-wise Details of International Tourist Arrivals Worldwide,Ministry of Tourism,India Tourism Statistics,2,"Sl. No.,Region,Arrivals,2019,2020,2021",Region-wise Details of International Tourist Arrivals Worldwide from 2019 to 2021 | Region-wise Details of International Tourist Arrivals Worldwide from 2019 to 2021
1083,Year-wise Details of Domestic and Foreign Tourist Visits to States/UTs,Ministry of Tourism,India Tourism Statistics,2,"Year,Tourist Visits  Domestic,Tourist Visits  Foreign,Annual Growth Rate  Domestic,Annual Growth Rate  Foreign","Year-wise Details of Domestic and Foreign Tourist Visits to States/UTs during 1991, 2001 and 2011 to 2021 | Year-wise Details of Domestic and Foreign Tourist Visits to States/UTs during 1991, 2001 and 2011 to 2022"
1084,Rank-wise Share of Major Countries of the World in International Tourist Arrivals,Ministry of Tourism,India Tourism Statistics,2,"Rank,Country,International Tourist Arrivals  2020 in Million,International Tourist Arrivals  2021 in Million,Percentage Share  2020,Percentage Share  2021",Rank-wise Share of Major Countries of the World in International Tourist Arrivals during 2020 and 2021 | Rank-wise Share of Major Countries of the World in International Tourist Arrivals during 2020 and 2021
1085,Month-wise Details of Fee from Tourism (US dollar billion),Ministry of Tourism,India Tourism Statistics,2,"Sl. No.,Month,FEE from tourism In US Dollar Billon  2019,FEE from tourism In US Dollar Billon  2020,FEE from tourism In US Dollar Billon  2021,Percentage Change  2020/2019,Percentage Change  2021/2020",Month-wise Details of Fee from Tourism (US dollar billion) in india from 2019 to 2021 | Month-wise Details of Fee from Tourism (US dollar billion) in india from 2019 to 2021
1086,Rank-wise Details of 10 Most Popular Centrally Protected Ticketed Monuments for Domestic Visitors,Ministry of Tourism,India Tourism Statistics,2,"Rank,Name of Monument,No. of Domestic visitors,Percentage share",Rank-wise Details of 10 Most Popular Centrally Protected Ticketed Monuments for Domestic Visitors during 2021-22 | Rank-wise Details of 10 Most Popular Centrally Protected Ticketed Monuments for Domestic Visitors during 2021-22
1087,Projects Sanctioned & Funds Released Under Swadesh Darshan Scheme,Ministry of Tourism,Tourism Statistics of India,2,"Sl. No.,State/UT,Name of the Circuit,Name of the Project,Amt. Sanctioned,Amount released",Projects Sanctioned & Funds Released Under Swadesh Darshan Scheme during 2014-15 | Projects Sanctioned & Funds Released Under Swadesh Darshan Scheme during 2015-16
1088,Visitors to Centrally Protected Ticketed Monuments,Ministry of Tourism,Tourism Statistics of India,2,"Year,No. of Centrally Protected Ticketed ASI Monuments,Number of Visitors  Domestic,Number of Visitors  Foreign,Number of Visitors  Total,Annual Growth Rate%  Domestic,Annual Growth Rate%  Foreign,Annual Growth Rate%  Total",Visitors to Centrally Protected Ticketed Monuments from 1996 to 2018-19 | Visitors to Centrally Protected Ticketed Monuments
247,State/UT-wise Age Specific Enrolment Rate (ASER) by Gender and Level of School Education,"Ministry of Education, Department of School Education and Literacy",Unified District Information System for Education Plus (UDISE Plus),2,"India/State/ UT,AgeSpecific Enrolment Rate ASER  Age 610 years  Boys,AgeSpecific Enrolment Rate ASER  Age 610 years  Girls,AgeSpecific Enrolment Rate ASER  Age 610 years  Total,AgeSpecific Enrolment Rate ASER  Age 1113 years  Boys,AgeSpecific Enrolment Rate ASER  Age 1113 years  Girls,AgeSpecific Enrolment Rate ASER  Age 1113 years  Total,AgeSpecific Enrolment Rate ASER  Age 613 years  Boys,AgeSpecific Enrolment Rate ASER  Age 613 years  Girls,AgeSpecific Enrolment Rate ASER  Age 613 years  Tota",State/UT-wise Age Specific Enrolment Rate (ASER) by Gender and Level of School Education during 2021-22 | State/UT-wise Age Specific Enrolment Rate (ASER) by Gender and Level of School Education during 2020-21
1090,Quarter-wise Foreign Tourist Arrivals (FTAs),Ministry of Tourism,Tourism Statistics of India,2,"Year,Arrivals,% distribution by quarter  1st Quarter  JanMar,% distribution by quarter  2nd Quarter  AprJune,% distribution by quarter  3rd Quarter  JulySep,% distribution by quarter  4th Quarter  OctDec",Quarter-wise Foreign Tourist Arrivals (FTAs) in india from 2001 to 2018 | Quarter-wise Foreign Tourist Arrivals (FTAs) in India from 2001 to 2019
1091,Quarter wise Indian Nationals Departures,Ministry of Tourism,Tourism Statistics of India,2,"Year,INDs,% Distribution by quarter  Ist Quarter  JanMar,% Distribution by quarter 2nd Quarter  AprilJune,% Distribution by quarter 3rd Quarter  JulySep,% Distribution by quarter  4th Quarter  OctDec",Quarter wise Indian Nationals Departures from 2012 TO 2020 | Quarter wise Indian Nationals Departures during 2012-2021
246,State/UT-wise Adjusted Net Enrolment Rate (ANER) by Gender and Level of School Education,"Ministry of Education, Department of School Education and Literacy",Unified District Information System for Education Plus (UDISE Plus),2,"India/State/ UT,Adjusted Net Enrolment Rate ANER  Primary 1 to 5  Boys,Adjusted Net Enrolment Rate ANER  Primary 1 to 5  Girls,Adjusted Net Enrolment Rate ANER  Primary 1 to 5  Total,Adjusted Net Enrolment Rate ANER  Upper Primary 6 to 8  Boys,Adjusted Net Enrolment Rate ANER  Upper Primary 6 to 8  Girls,Adjusted Net Enrolment Rate ANER  Upper Primary 6 to 8  Total,Adjusted Net Enrolment Rate ANER  Elementary 1 to 8  Boys,Adjusted Net Enrolment Rate ANER  Elementary 1 to 8  Girls,Adjusted Net En",State/UT-wise Adjusted Net Enrolment Rate (ANER) by Gender and Level of School Education during 2021-22 | State/UT-wise Adjusted Net Enrolment Rate (ANER) by Gender and Level of School Education during 2020-21
1093,Countries above India in terms of tourism receipts,Ministry of Tourism,Tourism Statistics of India,2,"Year,Rank,Nationality,Tourism Receipts USD billion",Countries above India in terms of tourism receipts from 2015 to 2017 | Countries above India in terms of tourism receipts from 2015 to 2017
1094,Number of approved travel trade service provider in the country,Ministry of Tourism,Tourism Statistics of India,2,"S.No.,Operator,Nos.,",Number of approved travel trade service provider in the country during 2019 | Number of approved travel trade service provider in the country during 2021-22 as on 30th june 2022
241,State/UT-wise Scores and Grades Attained in PGI 2.0,"Ministry of Education, Department of School Education and Literacy",Performance Grading Index (PGI),2,"State/UT,Score  Domain 1240,Score  Domain 280,Score  Domain 3190,Score  Domain 4260,Score  Domain 5130,Score  Domain 6100,Grade  Domain 1,Grade  Domain 2,Grade  Domain 3,Grade  Domain 4,Grade  Domain 5,Grade  Domain 6", State/UT-wise Scores and Grades Attained in PGI 2.0 during 2022-23 | State/UT-wise Scores and Grades Attained in PGI 2.0 during 2023-24
80,District and category-wise male and female staff for standalone,Ministry of Education,Non Teaching Staff (AISHE Survey),2,"State,District,CasteCategory  Total  Male,CasteCategory  Total  Female,CasteCategory  SC  Male,CasteCategory  SC  Female,CasteCategory  ST  Male,CasteCategory  ST  Female,CasteCategory  OBC  Male,CasteCategory  OBC  Female,Out of Total  PWD Person with Disability  Male,Out of Total  PWD Person with Disability  Female,Out of Total  Muslim  Male,Out of Total  Muslim  Female,Out of Total  Other Minority Communities  Male,Out of Total  Other Minority Communities  Female",District and category-wise male and female staff for standalone - 2011-2012 | District and category-wise male and female staff for standalone - 2012-2013
240,State/UT-wise District Score,"Ministry of Education, Department of School Education and Literacy",Performance Grading Index (PGI),2,"State,District,Grade,Overall,Categories  1.Outcome 290,Categories  2. ECT 90,Categories  3. IFSE 51,Categories  4. SSCP 35,Categories  5. DL50,Categories  6. GP84",State/UT-wise District Score during 2022-23 | State/UT-wise District Score during 2023-24
86,State and post-wise number of male and female non-teaching staff for all education institution,Ministry of Education,Non Teaching Staff (AISHE Survey),2,"State,GroupA  Male,GroupA  Female,GroupB  Male,GroupB  Female,GroupC  Male,GroupC  Female,GroupD  Male,GroupD  Female,Total  Male,Total  Female,Grand Total",State and post-wise number of male and female non-teaching staff for all education institution - 2011-2012 | State and post-wise number of male and female non-teaching staff for all education institution - 2012-2013
67,Standalone institution-wise availability of infrastructure,Ministry of Education,Availability of Infrastructure in College/Institution (AISHE Survey),2,"Institution,Playground,Auditorium,Theatre,Library,Laboratory,Conference Hall,Health Center,Gymnasium/ Fitness Center,Indoor Stadium,Common Room,Computer Center,Cafeteria,Guest House",Standalone institution-wise availability of infrastructure - 2011-2012 | Standalone institution-wise availability of infrastructure - 2012-2013
68,University-wise availability of infrastructure,Ministry of Education,Availability of Infrastructure in College/Institution (AISHE Survey),2,"University,Playground,Auditorium,Theatre,Library,Laboratory,Conference Hall,Health Center,Gymnasium/ Fitness Center,Indoor Stadium,Common Room,Computer Center,Cafeteria,Guest House",University-wise availability of infrastructure - 2011-2012 | University-wise availability of infrastructure - 2012-2013
69,"Institution-wise number of Hostels, Intake Capacity and number of students residing in hostels for all education institution",Ministry of Education,Availability of Infrastructure in College/Institution (AISHE Survey),2,"SI. No.,Name of Institution,Number of Hostels  Boys,Number of Hostels  Girls,Number of Hostels  Others,Number of Hostels  Total,Intake Capacity  Boys,Intake Capacity  Girls,Intake Capacity  Others,Intake Capacity  Total,Number of Students Residing  Boys,Number of Students Residing  Girls,Number of Students Residing  Others,Number of Students Residing  Total","Institution-wise number of Hostels, Intake Capacity and number of students residing in hostels for all education institution - 2011-2012 | Institution-wise number of Hostels, Intake Capacity and number of students residing in hostels for all education institution - 2012-2013"
234,Faculty and department-wise number of male and female teacher in each institution,"Ministry of Education, Department of Higher Education",Teaching Staff (AISHE Survey),2,"Name Of Faculty,Name Of Department,Number Of Teacher  Total,Number Of Teacher  CasteCategory  General  Male,Number Of Teacher  CasteCategory  General  Female,Number Of Teacher  CasteCategory  SC  Male,Number Of Teacher  CasteCategory  SC  Female,Number Of Teacher  CasteCategory  ST  Male,Number Of Teacher  CasteCategory  ST  Female,Number Of Teacher  CasteCategory  OBC  Male,Number Of Teacher  CasteCategory  OBC  Female,Number Of Teacher  Out of Total  PWD  Male,Number Of Teacher  Out of Total  ",Faculty and department-wise number of male and female teacher in each institution - 2011-2012 | Faculty and department-wise number of male and female teacher in each institution - 2012-2013
81,District and category-wise male and female staff for university,Ministry of Education,Non Teaching Staff (AISHE Survey),2,"State,District,CasteCategory  Total  Male,CasteCategory  Total  Female,CasteCategory  SC  Male,CasteCategory  SC  Female,CasteCategory  ST  Male,CasteCategory  ST  Female,CasteCategory  OBC  Male,CasteCategory  OBC  Female,Out of Total  PWD Person with Disability  Male,Out of Total  PWD Person with Disability  Female,Out of Total  Muslim  Male,Out of Total  Muslim  Female,Out of Total  Other Minority Communities  Male,Out of Total  Other Minority Communities  Female",District and category-wise male and female staff for university - 2011-2012 | District and category-wise male and female staff for university - 2012-2013
98,Institution wise pupil-teacher ratio,Ministry of Education,Pupil Teacher Ratio (AISHE Survey),2,"Sr. No.,State Name,University District,Univesity Name / Body Type,Institution District,College/Stand Alone Institution,Student Enrolment  Male,Student Enrolment  Female,Student Enrolment  Total,Teaching Staff Excluding  Male,Teaching Staff Excluding  Female,Teaching Staff Excluding  Total,PTR Equal to 9/12",Institution wise pupil-teacher ratio - 2011-2012 | Institution wise pupil-teacher ratio - 2012-2013
92,Institution wise out-turn,Ministry of Education,Out Turn (AISHE Survey),2,"Sr. No.,State Name,Univesity Name / Body Type,College/Stand Alone Institution,Appeared  Male,Appeared  Female,Passed  Male,Passed  Female,Passed with 60% or more  Male,Passed with 60% or more  Female",Institution wise out-turn - 2011-2012 | Institution wise out-turn - 2012-2013
87,Institution and post-wise number of male and female non-teaching staff,Ministry of Education,Non Teaching Staff (AISHE Survey),2,"University,GroupA  Male,GroupA  Female,GroupB  Male,GroupB  Female,GroupC  Male,GroupC  Female,GroupD  Male,GroupD  Female,Total  Male,Total  Female,Grand Total",Institution and post-wise number of male and female non-teaching staff - 2011-2012 | Institution and post-wise number of male and female non-teaching staff - 2012-2013
82,Category-wise number of male and female non-teaching staff in various types of universities and its colleges,Ministry of Education,Non Teaching Staff (AISHE Survey),2,"Institution,CasteCategory  Total  Male,CasteCategory  Total  Female,CasteCategory  SC  Male,CasteCategory  SC  Female,CasteCategory  ST  Male,CasteCategory  ST  Female,CasteCategory  OBC  Male,CasteCategory  OBC  Female,Out of Total  PWD  Male,Out of Total  PWD  Female,Out of Total  Muslim  Male,Out of Total  Muslim  Female,Out of Total  Other Minority Communities  Male,Out of Total  Other Minority Communities  Female",Category-wise number of male and female non-teaching staff in various types of universities and its colleges - 2011-2012 | Category-wise number of male and female non-teaching staff in various types of universities and its colleges - 2012-2013
73,"Number of Hostels, Intake Capacity and number of students residing in hostels in university and its colleges for all education institution",Ministry of Education,Availability of Infrastructure in College/Institution (AISHE Survey),2,"SI. No.,Name of University,Number of Hostels  Boys,Number of Hostels  Girls,Number of Hostels  Others,Number of Hostels  Total,Intake Capacity  Boys,Intake Capacity  Girls,Intake Capacity  Others,Intake Capacity  Total,Number of Students Residing  Boys,Number of Students Residing  Girls,Number of Students Residing  Others,Number of Students Residing  Total","Number of Hostels, Intake Capacity and number of students residing in hostels in university and its colleges for all education institution - 2011-2012 | Number of Hostels, Intake Capacity and number of students residing in hostels in university and its colleges for all education institution - 2012-2013"
93,Discipline group and level-wise out-turn,Ministry of Education,Out Turn (AISHE Survey),2,"Group,Discipline,Level  Ph.d  Male,Level  Ph.d  Female,Level  M.Phil  Male,Level  M.Phil  Female,Level  Post Graduate  Male,Level  Post Graduate  Female,Level  Under Graduate  Male,Level  Under Graduate  Female,Level  PG Diploma  Male,Level  PG Diploma  Female,Level  Diploma  Male,Level  Diploma  Female,Level  Certificate  Male,Level  Certificate  Female,Level  Integrated  Male,Level  Integrated  Female,Level  Grand Total  Male,Level  Grand Total  Female",Discipline group and level-wise out-turn - 2011-2012 | Discipline group and level-wise out-turn - 2012-2013
233,Level-wise out-turn in institutions,"Ministry of Education, Department of Higher Education",Teaching Staff (AISHE Survey),2,"Institution,Level  Ph.D  Male,Level  Ph.D  Female,Level  M.Phil  Male,Level  M.Phil  Female,Level  Post Graduate  Male,Level  Post Graduate  Female,Level  Under Graduate  Male,Level  Under Graduate  Female,Level  PG Diploma  Male,Level  PG Diploma  Female,Level  Diploma  Male,Level  Diploma  Female,Level  Certificate  Male,Level  Certificate  Female,Level  Integrated  Male,Level  Integrated  Female,Level  Total  Male,Level  Total  Female,Grand Total",Level-wise out-turn in institutions - 2011-2012 | Level-wise out-turn in institutions - 2012-2013
232,Category-wise number of male and female teacher in various types of universities and its colleges,"Ministry of Education, Department of Higher Education",Teaching Staff (AISHE Survey),2,"University Type,CasteCategory  Total  Male,CasteCategory  Total  Female,CasteCategory  SC  Male,CasteCategory  SC  Female,CasteCategory  ST  Male,CasteCategory  ST  Female,CasteCategory  OBC  Male,CasteCategory  OBC  Female,Out of Total  PWD  Male,Out of Total  PWD  Female,Out of Total  Muslim  Male,Out of Total  Muslim  Female,Out of Total  Other Minority Communities  Male,Out of Total  Other Minority Communities  Female",Category-wise number of male and female teacher in various types of universities and its colleges - 2011-2012 | Category-wise number of male and female teacher in various types of universities and its colleges - 2012-2013
231,Category-wise number of male and female teacher in university and its colleges,"Ministry of Education, Department of Higher Education",Teaching Staff (AISHE Survey),2,"University,CasteCategory  Total  Male,CasteCategory  Total  Female,CasteCategory  SC  Male,CasteCategory  SC  Female,CasteCategory  ST  Male,CasteCategory  ST  Female,CasteCategory  OBC  Male,CasteCategory  OBC  Female,Out of Total  PWD  Male,Out of Total  PWD  Female,Out of Total  Muslim  Male,Out of Total  Muslim  Female,Out of Total  Other Minority Communities  Male,Out of Total  Other Minority Communities  Female",Category-wise number of male and female teacher in university and its colleges - 2011-2012 | Category-wise number of male and female teacher in university and its colleges - 2012-2013
94,State and level-wise out turn,Ministry of Education,Out Turn (AISHE Survey),2,"State,Level  Ph.D  Male,Level  Ph.D  Female,Level  M.Phil  Male,Level  M.Phil  Female,Level  Post Graduate  Male,Level  Post Graduate  Female,Level  Under Graduate  Male,Level  Under Graduate  Female,Level  PG Diploma  Male,Level  PG Diploma  Female,Level  Diploma  Male,Level  Diploma  Female,Level  Certificate  Male,Level  Certificate  Female,Level  Integrated  Male,Level  Integrated  Female,Level  Total  Male,Level  Total  Female,Grand Total",State and level-wise out turn - 2011-2012 | State and level-wise out turn - 2012-2013
74,Institution wise number of staff quarters,Ministry of Education,Availability of Infrastructure in College/Institution (AISHE Survey),2,"Sl. No.,Name of Institution,Number of Quarters Available for  Teaching Staff,Number of Quarters Available for  NonTeaching Staff,Number of Quarters Available for  All",Institution wise number of staff quarters - 2011-2012 | Institution wise number of staff quarters - 2012-2013
83,Institution and category-wise number of male and female non-teaching staff,Ministry of Education,Non Teaching Staff (AISHE Survey),2,"Institution,CasteCategory  Total  Male,CasteCategory  Total  Female,CasteCategory  SC  Male,CasteCategory  SC  Female,CasteCategory  ST  Male,CasteCategory  ST  Female,CasteCategory  OBC  Male,CasteCategory  OBC  Female,Out of Total  PWD  Male,Out of Total  PWD  Female,Out of Total  Muslim  Male,Out of Total  Muslim  Female,Out of Total  Other Minority Communities  Male,Out of Total  Other Minority Communities  Female",Institution and category-wise number of male and female non-teaching staff - 2011-2012 | Institution and category-wise number of male and female non-teaching staff - 2012-2013
84,State and category-wise number of male and female non-teaching staff for all education institution,Ministry of Education,Non Teaching Staff (AISHE Survey),2,"State,CasteCategory  Total  Male,CasteCategory  Total  Female,CasteCategory  SC  Male,CasteCategory  SC  Female,CasteCategory  ST  Male,CasteCategory  ST  Female,CasteCategory  OBC  Male,CasteCategory  OBC  Female,Out of Total  PWD  Male,Out of Total  PWD  Female,Out of Total  Muslim  Male,Out of Total  Muslim  Female,Out of Total  Other Minority Communities  Male,Out of Total  Other Minority Communities  Female",State and category-wise number of male and female non-teaching staff for all education institution - 2011-2012 | State and category-wise number of male and female non-teaching staff for all education institution - 2012-2013
71,"Institution-wise number of Hostels, Intake Capacity and number of students residing in hostels for standalone",Ministry of Education,Availability of Infrastructure in College/Institution (AISHE Survey),2,"SI. No.,Name of Institution,Number of Hostels  Boys,Number of Hostels  Girls,Number of Hostels  Others,Number of Hostels  Total,Intake Capacity  Boys,Intake Capacity  Girls,Intake Capacity  Others,Intake Capacity  Total,Number of Students Residing  Boys,Number of Students Residing  Girls,Number of Students Residing  Others,Number of Students Residing  Total","Institution-wise number of Hostels, Intake Capacity and number of students residing in hostels for standalone - 2011-2012 | Institution-wise number of Hostels, Intake Capacity and number of students residing in hostels for standalone - 2012-2013"
70,"Institution-wise number of Hostels, Intake Capacity and number of students residing in hostels for college",Ministry of Education,Availability of Infrastructure in College/Institution (AISHE Survey),2,"SI. No.,Name of Institution,Number of Hostels  Boys,Number of Hostels  Girls,Number of Hostels  Others,Number of Hostels  Total,Intake Capacity  Boys,Intake Capacity  Girls,Intake Capacity  Others,Intake Capacity  Total,Number of Students Residing  Boys,Number of Students Residing  Girls,Number of Students Residing  Others,Number of Students Residing  Total","Institution-wise number of Hostels, Intake Capacity and number of students residing in hostels for college - 2011-2012 | Institution-wise number of Hostels, Intake Capacity and number of students residing in hostels for college - 2012-2013"
72,"Institution-wise number of Hostels, Intake Capacity and number of students residing in hostels for university",Ministry of Education,Availability of Infrastructure in College/Institution (AISHE Survey),2,"SI. No.,Name of Institution,Number of Hostels  Boys,Number of Hostels  Girls,Number of Hostels  Others,Number of Hostels  Total,Intake Capacity  Boys,Intake Capacity  Girls,Intake Capacity  Others,Intake Capacity  Total,Number of Students Residing  Boys,Number of Students Residing  Girls,Number of Students Residing  Others,Number of Students Residing  Total","Institution-wise number of Hostels, Intake Capacity and number of students residing in hostels for university - 2011-2012 | Institution-wise number of Hostels, Intake Capacity and number of students residing in hostels for university - 2012-2013"
230,State and category-wise number of male and female teachers for all education institution,"Ministry of Education, Department of Higher Education",Teaching Staff (AISHE Survey),2,"State,CasteCategory  Total  Male,CasteCategory  Total  Female,CasteCategory  SC  Male,CasteCategory  SC  Female,CasteCategory  ST  Male,CasteCategory  ST  Female,CasteCategory  OBC  Male,CasteCategory  OBC  Female,Out of Total  PWD  Male,Out of Total  PWD  Female,Out of Total  Muslim  Male,Out of Total  Muslim  Female,Out of Total  Other Minority Communities  Male,Out of Total  Other Minority Communities  Female",State and category-wise number of male and female teachers for all education institution - 2011-2012 | State and category-wise number of male and female teachers for all education institution - 2012-2013
229,Category-wise number of male and female teacher in institution,"Ministry of Education, Department of Higher Education",Teaching Staff (AISHE Survey),2,"Institution,CasteCategory  Total  Male,CasteCategory  Total  Female,CasteCategory  SC  Male,CasteCategory  SC  Female,CasteCategory  ST  Male,CasteCategory  ST  Female,CasteCategory  OBC  Male,CasteCategory  OBC  Female,Out of Total  PWD  Male,Out of Total  PWD  Female,Out of Total  Muslim  Male,Out of Total  Muslim  Female,Out of Total  Other Minority Communities  Male,Out of Total  Other Minority Communities  Female",Category-wise number of male and female teacher in institution - 2011-2012 | Category-wise number of male and female teacher in institution - 2012-2013
228,District and category-wise male and female teacher for university,"Ministry of Education, Department of Higher Education",Teaching Staff (AISHE Survey),2,"State,District,CasteCategory  Total  Male,CasteCategory  Total  Female,CasteCategory  SC  Male,CasteCategory  SC  Female,CasteCategory  ST  Male,CasteCategory  ST  Female,CasteCategory  OBC  Male,CasteCategory  OBC  Female,Out of Total  PWD Person with Disability  Male,Out of Total  PWD Person with Disability  Female,Out of Total  Muslim  Male,Out of Total  Muslim  Female,Out of Total  Other Minority Communities  Male,Out of Total  Other Minority Communities  Female",District and category-wise male and female teacher for university - 2011-2012 | District and category-wise male and female teacher for university - 2012-2013
66,College-wise availability of infrastructure,Ministry of Education,Availability of Infrastructure in College/Institution (AISHE Survey),2,"College,Playground,Auditorium,Theatre,Library,Laboratory,Conference Hall,Health Center,Gymnasium/ Fitness Center,Indoor Stadium,Common Room,Computer Center,Cafeteria,Guest House",College-wise availability of infrastructure - 2011-2012 | College-wise availability of infrastructure - 2012-2013
227,District and category-wise male and female teacher for standalone,"Ministry of Education, Department of Higher Education",Teaching Staff (AISHE Survey),2,"State,District,CasteCategory  Total  Male,CasteCategory  Total  Female,CasteCategory  SC  Male,CasteCategory  SC  Female,CasteCategory  ST  Male,CasteCategory  ST  Female,CasteCategory  OBC  Male,CasteCategory  OBC  Female,Out of Total  PWD Person with Disability  Male,Out of Total  PWD Person with Disability  Female,Out of Total  Muslim  Male,Out of Total  Muslim  Female,Out of Total  Other Minority Communities  Male,Out of Total  Other Minority Communities  Female",District and category-wise male and female teacher for standalone - 2011-2012 | District and category-wise male and female teacher for standalone - 2012-2013
226,District and category-wise male and female teacher for college,"Ministry of Education, Department of Higher Education",Teaching Staff (AISHE Survey),2,"State,District,CasteCategory  Total  Male,CasteCategory  Total  Female,CasteCategory  SC  Male,CasteCategory  SC  Female,CasteCategory  ST  Male,CasteCategory  ST  Female,CasteCategory  OBC  Male,CasteCategory  OBC  Female,Out of Total  PWD Person with Disability  Male,Out of Total  PWD Person with Disability  Female,Out of Total  Muslim  Male,Out of Total  Muslim  Female,Out of Total  Other Minority Communities  Male,Out of Total  Other Minority Communities  Female",District and category-wise male and female teacher for college - 2011-2012 | District and category-wise male and female teacher for college - 2012-2013
78,District and category-wise male and female staff for all education institution,Ministry of Education,Non Teaching Staff (AISHE Survey),2,"State,District,CasteCategory  Total  Male,CasteCategory  Total  Female,CasteCategory  SC  Male,CasteCategory  SC  Female,CasteCategory  ST  Male,CasteCategory  ST  Female,CasteCategory  OBC  Male,CasteCategory  OBC  Female,Out of Total  PWD Person with Disability  Male,Out of Total  PWD Person with Disability  Female,Out of Total  Muslim  Male,Out of Total  Muslim  Female,Out of Total  Other Minority Communities  Male,Out of Total  Other Minority Communities  Female",District and category-wise male and female staff for all education institution - 2011-2012 | District and category-wise male and female staff for all education institution - 2012-2013
95,Level-wise out-turn in university and its colleges,Ministry of Education,Out Turn (AISHE Survey),2,"University,Level  Ph.D  Male,Level  Ph.D  Female,Level  M.Phil  Male,Level  M.Phil  Female,Level  Post Graduate  Male,Level  Post Graduate  Female,Level  Under Graduate  Male,Level  Under Graduate  Female,Level  PG Diploma  Male,Level  PG Diploma  Female,Level  Diploma  Male,Level  Diploma  Female,Level  Certificate  Male,Level  Certificate  Female,Level  Integrated  Male,Level  Integrated  Female,Level  Total  Male,Level  Total  Female,Grand Total",Level-wise out-turn in university and its colleges - 2011-2012 | Level-wise out-turn in university and its colleges - 2012-2013
96,Level-wise out-turn in various types of universities and its colleges,Ministry of Education,Out Turn (AISHE Survey),2,"University Type,Level  Ph.D  Male,Level  Ph.D  Female,Level  M.Phil  Male,Level  M.Phil  Female,Level  Post Graduate  Male,Level  Post Graduate  Female,Level  Under Graduate  Male,Level  Under Graduate  Female,Level  PG Diploma  Male,Level  PG Diploma  Female,Level  Diploma  Male,Level  Diploma  Female,Level  Certificate  Male,Level  Certificate  Female,Level  Integrated  Male,Level  Integrated  Female,Level  Total  Male,Level  Total  Female,Grand Total",Level-wise out-turn in various types of universities and its colleges - 2011-2012 | Level-wise out-turn in various types of universities and its colleges - 2012-2013
88,Post-wise number of male and female non-teaching staff in university and its colleges,Ministry of Education,Non Teaching Staff (AISHE Survey),2,"University,GroupA  Male,GroupA  Female,GroupB  Male,GroupB  Female,GroupC  Male,GroupC  Female,GroupD  Male,GroupD  Female,Total  Male,Total  Female,Grand Total",Post-wise number of male and female non-teaching staff in university and its colleges - 2011-2012 | Post-wise number of male and female non-teaching staff in university and its colleges - 2012-2013
225,District and category-wise male and female teacher for all education institution,"Ministry of Education, Department of Higher Education",Teaching Staff (AISHE Survey),2,"State,District,CasteCategory  Total  Male,CasteCategory  Total  Female,CasteCategory  SC  Male,CasteCategory  SC  Female,CasteCategory  ST  Male,CasteCategory  ST  Female,CasteCategory  OBC  Male,CasteCategory  OBC  Female,Out of Total  PWD Person with Disability  Male,Out of Total  PWD Person with Disability  Female,Out of Total  Muslim  Male,Out of Total  Muslim  Female,Out of Total  Other Minority Communities  Male,Out of Total  Other Minority Communities  Female",District and category-wise male and female teacher for all education institution - 2011-2012 | District and category-wise male and female teacher for all education institution - 2012-2013
79,District and category-wise male and female staff for college,Ministry of Education,Non Teaching Staff (AISHE Survey),2,"State,District,CasteCategory  Total  Male,CasteCategory  Total  Female,CasteCategory  SC  Male,CasteCategory  SC  Female,CasteCategory  ST  Male,CasteCategory  ST  Female,CasteCategory  OBC  Male,CasteCategory  OBC  Female,Out of Total  PWD Person with Disability  Male,Out of Total  PWD Person with Disability  Female,Out of Total  Muslim  Male,Out of Total  Muslim  Female,Out of Total  Other Minority Communities  Male,Out of Total  Other Minority Communities  Female",District and category-wise male and female staff for college - 2011-2012 | District and category-wise male and female staff for college - 2012-2013
89,Post-wise number of male and female non-teaching staff in various types of universities and its colleges,Ministry of Education,Non Teaching Staff (AISHE Survey),2,"University Type,GroupA  Male,GroupA  Female,GroupB  Male,GroupB  Female,GroupC  Male,GroupC  Female,GroupD  Male,GroupD  Female,Total  Male,Total  Female,Grand Total",Post-wise number of male and female non-teaching staff in various types of universities and its colleges - 2011-2012 | Post-wise number of male and female non-teaching staff in various types of universities and its colleges - 2012-2013
90,Post wise sanctioned strength and non-teaching staff in position,Ministry of Education,Non Teaching Staff (AISHE Survey),2,"Name of Institution,Group A  SS,Group A  IP,Group B  SS,Group B  IP,Group C  SS,Group C  IP,Group D  SS,Group D  IP,Total  SS,Total  IP",Post wise sanctioned strength and non-teaching staff in position - 2011-2012 | Post wise sanctioned strength and non-teaching staff in position - 2012-2013
75,Number of staff quarters in university and its colleges,Ministry of Education,Availability of Infrastructure in College/Institution (AISHE Survey),2,"Sl. No.,Name of University,Number of Quarters Available for  Teaching Staff,Number of Quarters Available for  NonTeaching Staff,Number of Quarters Available for  All",Number of staff quarters in university and its colleges - 2011-2012 | Number of staff quarters in university and its colleges - 2012-2013
224,Post-wise number of male and female teacher in various types of universities and its colleges,"Ministry of Education, Department of Higher Education",Teaching Staff (AISHE Survey),2,"University Type,ViceChancellor  Male,ViceChancellor  Female,Director  Male,Director  Female,Pro ViceChancellor  Male,Pro ViceChancellor  Female,Principal  Male,Principal  Female,Professor  Equivalent  Male,Professor  Equivalent  Female,Associate Professor  Male,Associate Professor  Female,Reader  Male,Reader  Female,Lecturer Selection Grade  Male,Lecturer Selection Grade  Female,Assistant Professor  Male,Assistant Professor  Female,Lecturer Senior Scale  Male,Lecturer Senior Scale  Female,Lectur",Post-wise number of male and female teacher in various types of universities and its colleges - 2011-2012 | Post-wise number of male and female teacher in various types of universities and its colleges - 2012-2013
223,Post-wise number of male and female teacher in university and its colleges,"Ministry of Education, Department of Higher Education",Teaching Staff (AISHE Survey),2,"University,ViceChancellor  Male,ViceChancellor  Female,Director  Male,Director  Female,Pro ViceChancellor  Male,Pro ViceChancellor  Female,Principal  Male,Principal  Female,Professor  Equivalent  Male,Professor  Equivalent  Female,Associate Professor  Male,Associate Professor  Female,Reader  Male,Reader  Female,Lecturer Selection Grade  Male,Lecturer Selection Grade  Female,Assistant Professor  Male,Assistant Professor  Female,Lecturer Senior Scale  Male,Lecturer Senior Scale  Female,Lecturer  M",Post-wise number of male and female teacher in university and its colleges - 2011-2012 | Post-wise number of male and female teacher in university and its colleges - 2012-2013
91,State wise sanctioned strength and non-teaching staff in position,Ministry of Education,Non Teaching Staff (AISHE Survey),2,"State,Group A  SS,Group A  IP,Group B  SS,Group B  IP,Group C  SS,Group C  IP,Group D  SS,Group D  IP,Total  SS,Total  IP",State wise sanctioned strength and non-teaching staff in position - 2011-2012 | State wise sanctioned strength and non-teaching staff in position - 2012-2013
97,Programmes-wise out turn in institutions,Ministry of Education,Out Turn (AISHE Survey),2,"Programme,Out  Turn  Appeared  Male,Out  Turn  Appeared  Female,Out  Turn  Passed  Male,Out  Turn  Passed  Female,Out  Turn  Pass %  Male,Out  Turn  Pass %  Female",Programmes-wise out turn in institutions - 2011-2012 | Programmes-wise out turn in institutions - 2012-2013
76,Valid accreditation of the institution,Ministry of Education,Educational Accreditation (AISHE Survey),2,"Name of Institution,Accreditation Body,Score",Valid accreditation of the institution - 2011-2012 | Valid accreditation of the institution - 2012-2013
85,Category-wise number of male and female non-teaching staff in university and its colleges,Ministry of Education,Non Teaching Staff (AISHE Survey),2,"University,CasteCategory  Total  Male,CasteCategory  Total  Female,CasteCategory  SC  Male,CasteCategory  SC  Female,CasteCategory  ST  Male,CasteCategory  ST  Female,CasteCategory  OBC  Male,CasteCategory  OBC  Female,Out of Total  PWD  Male,Out of Total  PWD  Female,Out of Total  Muslim  Male,Out of Total  Muslim  Female,Out of Total  Other Minority Communities  Male,Out of Total  Other Minority Communities  Female",Category-wise number of male and female non-teaching staff in university and its colleges - 2011-2012 | Category-wise number of male and female non-teaching staff in university and its colleges - 2012-2013
221,Post-wise number of male and female teacher in institution,"Ministry of Education, Department of Higher Education",Teaching Staff (AISHE Survey),2,"Institution,ViceChancellor  Male,ViceChancellor  Female,Director  Male,Director  Female,Pro ViceChancellor  Male,Pro ViceChancellor  Female,Principal  Male,Principal  Female,Professor  Equivalent  Male,Professor  Equivalent  Female,Associate Professor  Male,Associate Professor  Female,Reader  Male,Reader  Female,Lecturer Selection Grade  Male,Lecturer Selection Grade  Female,Assistant Professor  Male,Assistant Professor  Female,Lecturer Senior Scale  Male,Lecturer Senior Scale  Female,Lecturer  ",Post-wise number of male and female teacher in institution - 2011-2012 | Post-wise number of male and female teacher in institution - 2012-2013
77,List of all colleges,Ministry of Education,List of colleges (AISHE Survey),2,"S. No.,University Name,College Name,College Type,State Name,District Name",List of all colleges - 2011-2012 | List of all colleges - 2012-2013
705,State & UT-wise Incidence (I) and Percentage Contribution to All-India (P) of Crimes Committed Against Children,"Ministry of Home Affairs, Department of States, National Crime Records Bureau (NCRB)",Crime in India - 1995,2,"SL. No. ,Category, State/UT                 ,Rape Below 16 Years  Incidence I ,Rape Below 16 Years  Percentage Contribution to All  India P,Infanticide  Incidence I ,Infanticide  Percentage Contribution to All  India P,Foeticide  Incidence I ,Foeticide  Percentage Contribution to All  India P,Abetment of Suicide  Incidence I ,Abetment of Suicide  Percentage Contribution to All  India P,Exposure  Abandonment  Incidence I ,Exposure  Abandonment  Percentage Contribution to All  India P,Kidnapping  ",State & UT-wise Incidence (I) and Percentage Contribution to All-India (P) of Crimes Committed Against Children during 1995 | State & UT-wise Incidence (I) and Percentage Contribution to All-India (P) of Crimes Committed Against Children during 1994
888,State/UT-wise Length of Municipal Roads by Type of Surface,Ministry of Road Transport and Highways,Basic Road Statistics of India : 2015-16 and 2016-17,2,"Sl. No. Col. 1,Name of State/UT Col. 2,Total Length Col. 367,Surfaced  WBM/WMM Col. 4,Surfaced  BT/CC Col. 5,Surfaced  Total Col. 645,Unsurfaced  Total Col. 7","State/UT-wise Length of Municipal Roads by Type of Surface as on 31 March, 2017 | State/UT-wise Length of Municipal Roads by Type of Surface as on 31 March, 2016"
